uuid,省,市,区县,网点名称,地址,开办业务,邮编,页面URL,抓取状态
50000,浙江省,金华市,金东区,金华市曹宅邮政支局,金华市金东区曹宅镇双河路138号,信件、印刷品、包裹、邮政汇兑、报刊订阅,321031,https://zwfw.spb.gov.cn/gjj/pfyycsml/pfyycsmlDetail?uuid=50000,OK
50001,浙江省,金华市,金东区,金华市塘雅邮政所,金华市金东区塘雅镇塘一村,信件、印刷品、包裹、邮政汇兑、报刊订阅,321032,https://zwfw.spb.gov.cn/gjj/pfyycsml/pfyycsmlDetail?uuid=50001,OK
50002,浙江省,金华市,金东区,金华市含香邮政所,金华市金东区塘雅镇含香村金义东路100号,信件、印刷品、包裹、邮政汇兑、报刊订阅,321032,https://zwfw.spb.gov.cn/gjj/pfyycsml/pfyycsmlDetail?uuid=50002,OK
50003,浙江省,金华市,金东区,金华市孝顺邮政支局,金华市金东区孝顺镇金山大道聚鑫商城,信件、印刷品、包裹、邮政汇兑、报刊订阅,321035,https://zwfw.spb.gov.cn/gjj/pfyycsml/pfyycsmlDetail?uuid=50003,OK
50004,浙江省,金华市,金东区,金华市鞋塘邮政支局,金华市金东区鞋塘镇金钟路36号,信件、印刷品、包裹、邮政汇兑、报刊订阅,321036,https://zwfw.spb.gov.cn/gjj/pfyycsml/pfyycsmlDetail?uuid=50004,OK
50005,浙江省,金华市,金东区,金华市傅村邮政支局,金华市金东区傅村镇清坊街1号,信件、印刷品、包裹、邮政汇兑、报刊订阅,321037,https://zwfw.spb.gov.cn/gjj/pfyycsml/pfyycsmlDetail?uuid=50005,OK
50006,浙江省,金华市,金东区,金华市澧浦邮政支局,金华市金东区澧浦镇和谐南街149号,信件、印刷品、包裹、邮政汇兑、报刊订阅,321041,https://zwfw.spb.gov.cn/gjj/pfyycsml/pfyycsmlDetail?uuid=50006,OK
50007,浙江省,金华市,金东区,金华市岭下朱邮政所,金华市金东区岭下朱镇岭四村文昌街,信件、印刷品、包裹、邮政汇兑、报刊订阅,321042,https://zwfw.spb.gov.cn/gjj/pfyycsml/pfyycsmlDetail?uuid=50007,OK
50008,浙江省,金华市,金东区,金华市江东邮政所,浙江省金华市金东区江东镇横店村与上王村村口,信件、印刷品、包裹、邮政汇兑、报刊订阅,321042,https://zwfw.spb.gov.cn/gjj/pfyycsml/pfyycsmlDetail?uuid=50008,OK
50009,浙江省,金华市,婺城区,金华市雅畈邮政支局,金华市婺城区雅畈镇雅兴路73号,信件、印刷品、包裹、邮政汇兑、报刊订阅,321051,https://zwfw.spb.gov.cn/gjj/pfyycsml/pfyycsmlDetail?uuid=50009,OK
50010,浙江省,金华市,婺城区,金华市安地邮政所,金华市婺城区安地镇邮电街1-2号,信件、印刷品、包裹、邮政汇兑、报刊订阅,321052,https://zwfw.spb.gov.cn/gjj/pfyycsml/pfyycsmlDetail?uuid=50010,OK
50011,浙江省,金华市,婺城区,金华市箬阳邮政所,金华市婺城区箬阳乡政府门口,信件、印刷品、包裹、邮政汇兑、报刊订阅,321052,https://zwfw.spb.gov.cn/gjj/pfyycsml/pfyycsmlDetail?uuid=50011,OK
50012,浙江省,金华市,婺城区,金华市琅琊邮政支局,金华市婺城区琅琊镇新华街1号,信件、印刷品、包裹、邮政汇兑、报刊订阅,321061,https://zwfw.spb.gov.cn/gjj/pfyycsml/pfyycsmlDetail?uuid=50012,OK
50013,浙江省,金华市,婺城区,金华市沙畈邮政所,金华市婺城区沙畈乡周村,信件、印刷品、包裹、邮政汇兑、报刊订阅,321061,https://zwfw.spb.gov.cn/gjj/pfyycsml/pfyycsmlDetail?uuid=50013,OK
50014,浙江省,金华市,婺城区,金华市蒋堂邮政支局,金华市婺城区蒋堂镇八一北街8号,信件、印刷品、包裹、邮政汇兑、报刊订阅,321071,https://zwfw.spb.gov.cn/gjj/pfyycsml/pfyycsmlDetail?uuid=50014,OK
50015,浙江省,金华市,婺城区,金华市汤溪邮政支局,金华市婺城区汤溪镇仙舟大街31号,信件、印刷品、包裹、邮政汇兑、报刊订阅,321075,https://zwfw.spb.gov.cn/gjj/pfyycsml/pfyycsmlDetail?uuid=50015,OK
50016,浙江省,金华市,婺城区,金华市莘畈邮政所,金华市婺城区莘畈乡祝村,信件、印刷品、包裹、邮政汇兑、报刊订阅,321075,https://zwfw.spb.gov.cn/gjj/pfyycsml/pfyycsmlDetail?uuid=50016,OK
50017,浙江省,金华市,婺城区,金华市塔石邮政所,金华市婺城区塔石乡下塔石村,信件、印刷品、包裹、邮政汇兑、报刊订阅,321075,https://zwfw.spb.gov.cn/gjj/pfyycsml/pfyycsmlDetail?uuid=50017,OK
50018,浙江省,金华市,婺城区,金华市罗埠邮政支局,金华市婺城区罗埠镇商贸街18号,信件、印刷品、包裹、邮政汇兑、报刊订阅,321081,https://zwfw.spb.gov.cn/gjj/pfyycsml/pfyycsmlDetail?uuid=50018,OK
50019,浙江省,金华市,婺城区,金华市洋埠邮政所,金华市婺城区洋埠镇邮电路12号,信件、印刷品、包裹、邮政汇兑、报刊订阅,321083,https://zwfw.spb.gov.cn/gjj/pfyycsml/pfyycsmlDetail?uuid=50019,OK
50020,浙江省,衢州市,柯城区,衢州市南街邮政支局,浙江省衢州市柯城区南街21号,信件、印刷品、包裹、邮政汇兑、国际业务、港澳台业务、报刊订阅,324000,https://zwfw.spb.gov.cn/gjj/pfyycsml/pfyycsmlDetail?uuid=50020,OK
50021,浙江省,衢州市,柯城区,衢州市荷一路邮政支局,浙江省衢州市柯城区荷一路16号,信件、印刷品、包裹、邮政汇兑、国际业务、港澳台业务、报刊订阅,324002,https://zwfw.spb.gov.cn/gjj/pfyycsml/pfyycsmlDetail?uuid=50021,OK
50022,浙江省,衢州市,柯城区,衢州市荷花邮政支局,浙江省衢州市柯城区荷四路239、241号,信件、印刷品、包裹、邮政汇兑、国际业务、港澳台业务、报刊订阅,324002,https://zwfw.spb.gov.cn/gjj/pfyycsml/pfyycsmlDetail?uuid=50022,OK
50023,浙江省,衢州市,柯城区,衢州市亭川邮政所,浙江省衢州市柯城区花园东大道108号,信件、印刷品、包裹、邮政汇兑、国际业务、港澳台业务、报刊订阅,324003,https://zwfw.spb.gov.cn/gjj/pfyycsml/pfyycsmlDetail?uuid=50023,OK
50024,浙江省,衢州市,柯城区,衢州市孔家邮政所,浙江省衢州市柯城区衢化北苑4幢,信件、印刷品、包裹、邮政汇兑、国际业务、港澳台业务、报刊订阅,324004,https://zwfw.spb.gov.cn/gjj/pfyycsml/pfyycsmlDetail?uuid=50024,OK
50025,浙江省,衢州市,衢江区,衢州市衢江邮政支局,浙江省衢州市衢江区振兴西路132号,信件、印刷品、包裹、邮政汇兑、国际业务、港澳台业务、报刊订阅,324022,https://zwfw.spb.gov.cn/gjj/pfyycsml/pfyycsmlDetail?uuid=50025,OK
50026,浙江省,衢州市,衢江区,衢州市大洲邮政支局,浙江省衢州市衢江区大洲镇沧清路55号,信件、印刷品、包裹、邮政汇兑、报刊订阅,324007,https://zwfw.spb.gov.cn/gjj/pfyycsml/pfyycsmlDetail?uuid=50026,OK
50027,浙江省,衢州市,衢江区,衢州市廿里邮政支局,浙江衢州衢江区廿里镇中兴路48号,信件、印刷品、包裹、邮政汇兑、报刊订阅,324012,https://zwfw.spb.gov.cn/gjj/pfyycsml/pfyycsmlDetail?uuid=50027,OK
50028,浙江省,衢州市,衢江区,衢州市小湖南邮政支局,浙江省衢州市衢江区湖南镇湖南路45号,信件、印刷品、包裹、邮政汇兑、报刊订阅,324009,https://zwfw.spb.gov.cn/gjj/pfyycsml/pfyycsmlDetail?uuid=50028,OK
50029,浙江省,衢州市,柯城区,衢州市航埠邮政支局,浙江省衢州市柯城区航埠镇大桥路75号,信件、印刷品、包裹、邮政汇兑、报刊订阅,324014,https://zwfw.spb.gov.cn/gjj/pfyycsml/pfyycsmlDetail?uuid=50029,OK
50030,浙江省,衢州市,柯城区,衢州市石梁邮政支局,浙江省衢州市柯城区石梁镇白云街33号,信件、印刷品、包裹、邮政汇兑、报刊订阅,324015,https://zwfw.spb.gov.cn/gjj/pfyycsml/pfyycsmlDetail?uuid=50030,OK
50031,浙江省,衢州市,衢江区,衢州市杜泽邮政支局,浙江衢州衢江区杜泽镇铜山溪西路58号,信件、印刷品、包裹、邮政汇兑、报刊订阅,324017,https://zwfw.spb.gov.cn/gjj/pfyycsml/pfyycsmlDetail?uuid=50031,OK
50032,浙江省,衢州市,衢江区,衢州市莲花邮政支局,浙江省衢州市衢江区莲花镇芝溪路,信件、印刷品、包裹、邮政汇兑、报刊订阅,324019,https://zwfw.spb.gov.cn/gjj/pfyycsml/pfyycsmlDetail?uuid=50032,OK
50033,浙江省,衢州市,衢江区,衢州市上方邮政支局,浙江省衢州市衢江区上方镇振兴北路21号,信件、印刷品、包裹、邮政汇兑、报刊订阅,324021,https://zwfw.spb.gov.cn/gjj/pfyycsml/pfyycsmlDetail?uuid=50033,OK
50034,浙江省,衢州市,衢江区,衢州市闹桥邮政所,浙江省衢州市衢江区闹桥村五一路22号,信件、印刷品、包裹、邮政汇兑、报刊订阅,324022,https://zwfw.spb.gov.cn/gjj/pfyycsml/pfyycsmlDetail?uuid=50034,OK
50035,浙江省,衢州市,衢江区,衢州市高家邮政所,浙江衢州衢江区高家镇大桥北路176号,信件、印刷品、包裹、邮政汇兑、报刊订阅,324024,https://zwfw.spb.gov.cn/gjj/pfyycsml/pfyycsmlDetail?uuid=50035,OK
50036,浙江省,衢州市,衢江区,衢州市十里丰邮政所,浙江省衢州市衢江区云溪乡塔山（十里丰监狱委员会内）,信件、印刷品、包裹、邮政汇兑、报刊订阅,324016,https://zwfw.spb.gov.cn/gjj/pfyycsml/pfyycsmlDetail?uuid=50036,OK
50037,浙江省,衢州市,衢江区,衢州市云溪邮政所,浙江省衢州市衢江区云溪乡云溪村788号,信件、印刷品、包裹、邮政汇兑、报刊订阅,324016,https://zwfw.spb.gov.cn/gjj/pfyycsml/pfyycsmlDetail?uuid=50037,OK
50038,浙江省,衢州市,柯城区,衢州市沟溪邮政所,浙江省衢州市柯城区沟溪乡沟溪村,信件、印刷品、包裹、邮政汇兑、报刊订阅,324014,https://zwfw.spb.gov.cn/gjj/pfyycsml/pfyycsmlDetail?uuid=50038,OK
50039,浙江省,衢州市,柯城区,衢州市石室邮政所,浙江省衢州市柯城区石室乡石室村石室三村256号,信件、印刷品、包裹、邮政汇兑、报刊订阅,324004,https://zwfw.spb.gov.cn/gjj/pfyycsml/pfyycsmlDetail?uuid=50039,OK
50040,浙江省,衢州市,衢江区,衢州市灰坪邮政所,浙江省衢州市衢江区灰坪乡龙山村下龙坪1号（乡政府）,信件、印刷品、包裹、邮政汇兑、报刊订阅,324021,https://zwfw.spb.gov.cn/gjj/pfyycsml/pfyycsmlDetail?uuid=50040,OK
50041,浙江省,衢州市,衢江区,衢州市太真邮政所,浙江省衢州市衢江区太真乡下槽坞村下槽桥65号,信件、印刷品、包裹、邮政汇兑、报刊订阅,324026,https://zwfw.spb.gov.cn/gjj/pfyycsml/pfyycsmlDetail?uuid=50041,OK
50042,浙江省,衢州市,柯城区,衢州市华墅邮政所,浙江衢州柯城区华墅乡华墅村141号,信件、印刷品、包裹、邮政汇兑、报刊订阅,324014,https://zwfw.spb.gov.cn/gjj/pfyycsml/pfyycsmlDetail?uuid=50042,OK
50043,浙江省,衢州市,衢江区,衢州市岭洋邮政所,浙江省衢州市衢江区岭洋乡抱珠龙村100号,信件、印刷品、包裹、邮政汇兑、报刊订阅,324009,https://zwfw.spb.gov.cn/gjj/pfyycsml/pfyycsmlDetail?uuid=50043,OK
50044,浙江省,衢州市,柯城区,衢州市黄家邮政所,浙江省衢州市柯城区黄家街道下庐村,信件、印刷品、包裹、邮政汇兑、报刊订阅,324012,https://zwfw.spb.gov.cn/gjj/pfyycsml/pfyycsmlDetail?uuid=50044,OK
50045,浙江省,衢州市,衢江区,衢州市举村邮政所,浙江省衢州市衢江区举村乡茶山村,信件、印刷品、包裹、邮政汇兑、报刊订阅,324009,https://zwfw.spb.gov.cn/gjj/pfyycsml/pfyycsmlDetail?uuid=50045,OK
50046,浙江省,衢州市,衢江区,衢州市黄坛口邮政所,浙江省衢州市衢江区黄坛口乡文化中心大楼（摇篮小区）,信件、印刷品、包裹、邮政汇兑、报刊订阅,324005,https://zwfw.spb.gov.cn/gjj/pfyycsml/pfyycsmlDetail?uuid=50046,OK
50047,浙江省,衢州市,衢江区,衢州市全旺邮政所,浙江省衢州市衢江区全旺镇四季青路72号,信件、印刷品、包裹、邮政汇兑、报刊订阅,324007,https://zwfw.spb.gov.cn/gjj/pfyycsml/pfyycsmlDetail?uuid=50047,OK
50048,浙江省,衢州市,衢江区,衢州市后溪邮政所,浙江衢州衢江区后溪镇后溪街5号,信件、印刷品、包裹、邮政汇兑、报刊订阅,324013,https://zwfw.spb.gov.cn/gjj/pfyycsml/pfyycsmlDetail?uuid=50048,OK
50049,浙江省,衢州市,衢江区,衢州市周家邮政所,浙江省衢州市衢江区周家乡周家村26号,信件、印刷品、包裹、邮政汇兑、报刊订阅,324017,https://zwfw.spb.gov.cn/gjj/pfyycsml/pfyycsmlDetail?uuid=50049,OK
50050,浙江省,衢州市,柯城区,衢州市万田邮政所,浙江衢州柯城万田弈园村,信件、印刷品、包裹、邮政汇兑、报刊订阅,324003,https://zwfw.spb.gov.cn/gjj/pfyycsml/pfyycsmlDetail?uuid=50050,OK
50051,浙江省,衢州市,柯城区,衢州市七里邮政所,浙江省衢州市柯城区七里乡大头村,信件、印刷品、包裹、邮政汇兑、报刊订阅,324015,https://zwfw.spb.gov.cn/gjj/pfyycsml/pfyycsmlDetail?uuid=50051,OK
50052,浙江省,衢州市,衢江区,衢州市峡川邮政所,浙江省衢州市衢江区峡川镇峡口村镇政府旁,信件、印刷品、包裹、邮政汇兑、报刊订阅,324018,https://zwfw.spb.gov.cn/gjj/pfyycsml/pfyycsmlDetail?uuid=50052,OK
50053,浙江省,衢州市,柯城区,衢州市姜家山邮政所,浙江省衢州市柯城区姜家山乡姜家山村便民服务站,信件、印刷品、包裹、邮政汇兑、报刊订阅,324003,https://zwfw.spb.gov.cn/gjj/pfyycsml/pfyycsmlDetail?uuid=50053,OK
50054,浙江省,衢州市,柯城区,衢州市九华邮政所,浙江省衢州市柯城区九华乡下郑村131号,信件、印刷品、包裹、邮政汇兑、报刊订阅,324028,https://zwfw.spb.gov.cn/gjj/pfyycsml/pfyycsmlDetail?uuid=50054,OK
50055,浙江省,衢州市,衢江区,衢州市双桥邮政所,浙江衢州衢江区双桥乡双桥村西26号,信件、印刷品、包裹、邮政汇兑、报刊订阅,324017,https://zwfw.spb.gov.cn/gjj/pfyycsml/pfyycsmlDetail?uuid=50055,OK
50056,浙江省,舟山市,定海区,舟山市人民北路邮政支局,浙江省舟山市定海区人民北路199号,信件、印刷品、包裹、邮政汇兑、国际业务、港澳台业务、报刊订阅,316004,https://zwfw.spb.gov.cn/gjj/pfyycsml/pfyycsmlDetail?uuid=50056,OK
50057,浙江省,舟山市,定海区,舟山市东园邮政支局,浙江省舟山市定海区解放东路224-226号,信件、印刷品、包裹、邮政汇兑、国际业务、港澳台业务、报刊订阅,316000,https://zwfw.spb.gov.cn/gjj/pfyycsml/pfyycsmlDetail?uuid=50057,OK
50058,浙江省,舟山市,定海区,舟山市塔山邮政所,浙江省舟山市定海区盐仓街道91991部队内,信件、印刷品、包裹、邮政汇兑、报刊订阅,316001,https://zwfw.spb.gov.cn/gjj/pfyycsml/pfyycsmlDetail?uuid=50058,OK
50059,浙江省,舟山市,定海区,舟山市外洋螺邮政所,浙江省舟山市定海区双桥街道外洋螺91257部队内,信件、印刷品、包裹、邮政汇兑、报刊订阅,316045,https://zwfw.spb.gov.cn/gjj/pfyycsml/pfyycsmlDetail?uuid=50059,OK
50060,浙江省,舟山市,定海区,舟山市西园邮政支局,浙江省舟山市定海区环南街道解放西路239号,信件、印刷品、包裹、邮政汇兑、国际业务、港澳台业务、报刊订阅,316003,https://zwfw.spb.gov.cn/gjj/pfyycsml/pfyycsmlDetail?uuid=50060,OK
50061,浙江省,舟山市,定海区,舟山市白泉邮政支局,浙江省舟山市定海区白泉镇万金湖路9号,信件、印刷品、包裹、邮政汇兑、国际业务、港澳台业务、报刊订阅,316012,https://zwfw.spb.gov.cn/gjj/pfyycsml/pfyycsmlDetail?uuid=50061,OK
50062,浙江省,舟山市,定海区,舟山市北蝉邮政所,浙江省舟山市定海区白泉镇北蝉新街3-1号,信件、印刷品、包裹、邮政汇兑、国际业务、港澳台业务、报刊订阅,316013,https://zwfw.spb.gov.cn/gjj/pfyycsml/pfyycsmlDetail?uuid=50062,OK
50063,浙江省,舟山市,定海区,舟山市干榄邮政所,浙江省舟山市定海区干榄镇西码头振兴路6-8号,信件、印刷品、包裹、邮政汇兑、国际业务、港澳台业务、报刊订阅,316014,https://zwfw.spb.gov.cn/gjj/pfyycsml/pfyycsmlDetail?uuid=50063,OK
50064,浙江省,舟山市,定海区,舟山市马岙邮政所,浙江省舟山市定海区马岙街道白马街85号东面,信件、印刷品、包裹、邮政汇兑、国际业务、港澳台业务、报刊订阅,316015,https://zwfw.spb.gov.cn/gjj/pfyycsml/pfyycsmlDetail?uuid=50064,OK
50065,浙江省,舟山市,定海区,舟山市临城邮政支局,舟山市定海区临城街道翁山路311号,信件、印刷品、包裹、邮政汇兑、国际业务、港澳台业务、报刊订阅,316021,https://zwfw.spb.gov.cn/gjj/pfyycsml/pfyycsmlDetail?uuid=50065,OK
50066,浙江省,舟山市,定海区,舟山市行政中心邮政所,浙江省舟山市定海区临城街道海天大道681号行政中心内,信件、印刷品、包裹、邮政汇兑、报刊订阅,316021,https://zwfw.spb.gov.cn/gjj/pfyycsml/pfyycsmlDetail?uuid=50066,OK
50067,浙江省,舟山市,定海区,舟山市沥港邮政支局,浙江省舟山市定海区金塘镇沥平村欣港路25号东边,信件、印刷品、包裹、邮政汇兑、国际业务、港澳台业务、报刊订阅,316032,https://zwfw.spb.gov.cn/gjj/pfyycsml/pfyycsmlDetail?uuid=50067,OK
50068,浙江省,舟山市,定海区,舟山市金塘邮政支局,浙江省舟山市定海区金塘镇新道西路43号,信件、印刷品、包裹、邮政汇兑、国际业务、港澳台业务、报刊订阅,316033,https://zwfw.spb.gov.cn/gjj/pfyycsml/pfyycsmlDetail?uuid=50068,OK
50069,浙江省,舟山市,定海区,舟山市桥头施邮政所,浙江省舟山市定海区双桥街道桥头施街17号B 区,信件、印刷品、包裹、邮政汇兑、国际业务、港澳台业务、报刊订阅,316042,https://zwfw.spb.gov.cn/gjj/pfyycsml/pfyycsmlDetail?uuid=50069,OK
50070,浙江省,舟山市,定海区,舟山市小沙邮政所,浙江省舟山市定海区小沙街道小沙中路81号,信件、印刷品、包裹、邮政汇兑、国际业务、港澳台业务、报刊订阅,316051,https://zwfw.spb.gov.cn/gjj/pfyycsml/pfyycsmlDetail?uuid=50070,OK
50071,浙江省,舟山市,定海区,舟山市岑港邮政支局,浙江省舟山市定海区岑港街道镇府路44号,信件、印刷品、包裹、邮政汇兑、国际业务、港澳台业务、报刊订阅,316053,https://zwfw.spb.gov.cn/gjj/pfyycsml/pfyycsmlDetail?uuid=50071,OK
50072,,,,,北京市西城区北礼士路甲8号,,,https://zwfw.spb.gov.cn/gjj/pfyycsml/pfyycsmlDetail?uuid=50072,OK
50073,浙江省,舟山市,定海区,舟山市长白邮政所,浙江省舟山市定海区小沙街道长白街1号,信件、印刷品、包裹、邮政汇兑、国际业务、港澳台业务、报刊订阅,316057,https://zwfw.spb.gov.cn/gjj/pfyycsml/pfyycsmlDetail?uuid=50073,OK
50074,云南省,昆明市,西山区,昆明马街邮政支局,云南省昆明市西山区马街中路22号,信件、印刷品、包裹、邮政汇兑、报刊订阅,650100,https://zwfw.spb.gov.cn/gjj/pfyycsml/pfyycsmlDetail?uuid=50074,OK
50075,云南省,昆明市,五华区,虹山邮政所,昆明市五华（区）虹山北路30号,信件、印刷品、包裹、邮政汇兑、报刊订阅,650033,https://zwfw.spb.gov.cn/gjj/pfyycsml/pfyycsmlDetail?uuid=50075,OK
50076,云南省,昆明市,五华区,昆明昆瑞路邮政支局,云南省昆明市五华区昆瑞路273号云安阳光城小区18幢商铺,信件、印刷品、包裹、邮政汇兑、报刊订阅,650033,https://zwfw.spb.gov.cn/gjj/pfyycsml/pfyycsmlDetail?uuid=50076,OK
50077,云南省,昆明市,五华区,昆明国际榕苑邮政所,云南省昆明市五华区国际榕苑滇缅大道4285-7号,信件、印刷品、包裹、邮政汇兑、报刊订阅,650101,https://zwfw.spb.gov.cn/gjj/pfyycsml/pfyycsmlDetail?uuid=50077,OK
50078,云南省,昆明市,五华区,百大国际邮政所,昆明市五华（区）科园路616号,信件、印刷品、包裹、邮政汇兑、报刊订阅,650106,https://zwfw.spb.gov.cn/gjj/pfyycsml/pfyycsmlDetail?uuid=50078,OK
50079,云南省,昆明市,五华区,昆明王家桥邮政所,云南省昆明市五华区王家桥63号,信件、印刷品、包裹、邮政汇兑、报刊订阅,650102,https://zwfw.spb.gov.cn/gjj/pfyycsml/pfyycsmlDetail?uuid=50079,OK
50080,云南省,昆明市,五华区,昆明普吉邮政支局,昆明市五华（区）陈家营路与金川路交叉口绿地香树花街商业街E31楼119号商铺,信件、印刷品、包裹、邮政汇兑、报刊订阅,650102,https://zwfw.spb.gov.cn/gjj/pfyycsml/pfyycsmlDetail?uuid=50080,OK
50081,云南省,昆明市,五华区,昆明沙朗邮政所,云南省昆明市五华区沙朗街道办事处顺丰村20号,信件、印刷品、包裹、邮政汇兑、报刊订阅,650103,https://zwfw.spb.gov.cn/gjj/pfyycsml/pfyycsmlDetail?uuid=50081,OK
50082,云南省,昆明市,五华区,昆明厂口邮政所,云南省昆明市五华区厂口街道办事处上会144号,信件、印刷品、包裹、邮政汇兑、报刊订阅,650104,https://zwfw.spb.gov.cn/gjj/pfyycsml/pfyycsmlDetail?uuid=50082,OK
50083,云南省,昆明市,五华区,昆明黑林铺邮政支局,云南省昆明市五华区滇缅大道2628号,信件、印刷品、包裹、邮政汇兑、报刊订阅,650108,https://zwfw.spb.gov.cn/gjj/pfyycsml/pfyycsmlDetail?uuid=50083,OK
50084,云南省,昆明市,五华区,昆明高新邮政支局,云南省昆明市高新开发区科医路86号,信件、印刷品、包裹、邮政汇兑、报刊订阅,650106,https://zwfw.spb.gov.cn/gjj/pfyycsml/pfyycsmlDetail?uuid=50084,OK
50085,云南省,昆明市,西山区,昆明梁源邮政支局,云南省昆明市西山区丽苑路57号,信件、印刷品、包裹、邮政汇兑、国际业务、港澳台业务、报刊订阅,650118,https://zwfw.spb.gov.cn/gjj/pfyycsml/pfyycsmlDetail?uuid=50085,OK
50086,云南省,昆明市,五华区,云南经济管理学院邮政所,昆明市五华（区）海屯路296号云南经济管理学院内,信件、印刷品、包裹、邮政汇兑、报刊订阅,650101,https://zwfw.spb.gov.cn/gjj/pfyycsml/pfyycsmlDetail?uuid=50086,OK
50087,云南省,昆明市,五华区,中联社区邮政所,昆明市五华区滇缅大道2743号景秀西苑小区3栋1层,信件、印刷品、包裹、邮政汇兑、报刊订阅,650106,https://zwfw.spb.gov.cn/gjj/pfyycsml/pfyycsmlDetail?uuid=50087,OK
50088,,,,,北京市西城区北礼士路甲8号,,,https://zwfw.spb.gov.cn/gjj/pfyycsml/pfyycsmlDetail?uuid=50088,OK
50089,,,,,北京市西城区北礼士路甲8号,,,https://zwfw.spb.gov.cn/gjj/pfyycsml/pfyycsmlDetail?uuid=50089,OK
50090,,,,,北京市西城区北礼士路甲8号,,,https://zwfw.spb.gov.cn/gjj/pfyycsml/pfyycsmlDetail?uuid=50090,OK
50091,云南省,昆明市,五华区,昆明丰宁邮政所,云南省昆明市五华区二环西路365号丰宁小区,信件、印刷品、包裹、邮政汇兑、报刊订阅,650106,https://zwfw.spb.gov.cn/gjj/pfyycsml/pfyycsmlDetail?uuid=50091,OK
50092,云南省,昆明市,五华区,昆明春晖邮政支局,云南省昆明市西园北路24号附27号商铺,信件、印刷品、包裹、邮政汇兑、报刊订阅,650106,https://zwfw.spb.gov.cn/gjj/pfyycsml/pfyycsmlDetail?uuid=50092,OK
50093,云南省,昆明市,西山区,昆明秋苑邮政所,昆明市西山区昆州路72号,信件、印刷品、包裹、邮政汇兑、报刊订阅,650118,https://zwfw.spb.gov.cn/gjj/pfyycsml/pfyycsmlDetail?uuid=50093,OK
50094,云南省,昆明市,五华区,菱角塘邮政所,昆明市五华（区）菱角塘路344-346号,信件、印刷品、包裹、邮政汇兑、报刊订阅,650106,https://zwfw.spb.gov.cn/gjj/pfyycsml/pfyycsmlDetail?uuid=50094,OK
50095,云南省,昆明市,西山区,昆明兴苑路邮政支局,云南省昆明市西山区兴苑路千禧龙庭1301号,信件、印刷品、包裹、邮政汇兑、国际业务、港澳台业务、报刊订阅,650118,https://zwfw.spb.gov.cn/gjj/pfyycsml/pfyycsmlDetail?uuid=50095,OK
50096,云南省,昆明市,五华区,昆明海源中路邮政支局,云南省昆明市五华区海源中路1629号,信件、印刷品、包裹、邮政汇兑、国际业务、港澳台业务、报刊订阅,650101,https://zwfw.spb.gov.cn/gjj/pfyycsml/pfyycsmlDetail?uuid=50096,OK
50097,云南省,昆明市,官渡区,昆明世纪城邮政所,云南省昆明市官渡区广福路悦满欣城1栋2号门A-16,信件、印刷品、包裹、邮政汇兑、港澳台业务、报刊订阅,650226,https://zwfw.spb.gov.cn/gjj/pfyycsml/pfyycsmlDetail?uuid=50097,OK
50098,黑龙江省,伊春市,丰林县,新青邮政支局,伊春市丰林县光明大街5号,信件、印刷品、包裹、邮政汇兑、国际业务、港澳台业务、报刊订阅,153036,https://zwfw.spb.gov.cn/gjj/pfyycsml/pfyycsmlDetail?uuid=50098,OK
50099,黑龙江省,鹤岗市,兴安区,红旗邮政所,黑龙江省鹤岗市兴安区红旗镇峻德村,信件、印刷品、包裹、邮政汇兑、报刊订阅,154109,https://zwfw.spb.gov.cn/gjj/pfyycsml/pfyycsmlDetail?uuid=50099,OK
50100,,,,,北京市西城区北礼士路甲8号,,,https://zwfw.spb.gov.cn/gjj/pfyycsml/pfyycsmlDetail?uuid=50100,OK
50101,黑龙江省,鹤岗市,东山区,新华邮政支局,黑龙江省鹤岗市新华镇一条街中段,信件、印刷品、包裹、邮政汇兑、报刊订阅,154109,https://zwfw.spb.gov.cn/gjj/pfyycsml/pfyycsmlDetail?uuid=50101,OK
50102,黑龙江省,伊春市,南岔县,浩良河邮政支局,伊春市南岔县浩良河镇2委,信件、印刷品、包裹、邮政汇兑、国际业务、港澳台业务、报刊订阅,153103,https://zwfw.spb.gov.cn/gjj/pfyycsml/pfyycsmlDetail?uuid=50102,OK
50103,湖北省,黄冈市,黄州区,黄冈遗爱湖,黄州新港大道81号,信件、印刷品、包裹、邮政汇兑,438099,https://zwfw.spb.gov.cn/gjj/pfyycsml/pfyycsmlDetail?uuid=50103,OK
50104,湖北省,黄冈市,黄州区,黄冈宝塔,黄州宝塔路65号,信件、印刷品、包裹、邮政汇兑,438099,https://zwfw.spb.gov.cn/gjj/pfyycsml/pfyycsmlDetail?uuid=50104,OK
50105,湖北省,黄冈市,黄州区,黄冈胜利街中心,黄州胜利街70号,信件、印刷品、包裹、邮政汇兑、国际业务、港澳台业务、报刊订阅,438099,https://zwfw.spb.gov.cn/gjj/pfyycsml/pfyycsmlDetail?uuid=50105,OK
50106,湖北省,黄冈市,黄州区,黄冈市东坡路邮政所,黄州东门路53号,信件、印刷品、包裹、邮政汇兑,438099,https://zwfw.spb.gov.cn/gjj/pfyycsml/pfyycsmlDetail?uuid=50106,OK
50107,湖北省,黄冈市,黄州区,黄冈市临空港邮政所,南湖桃园街119号,信件、印刷品、包裹、邮政汇兑、报刊订阅,438002,https://zwfw.spb.gov.cn/gjj/pfyycsml/pfyycsmlDetail?uuid=50107,OK
50108,湖北省,黄冈市,黄州区,黄州区王家店支局,黄州火车站开发区1号,信件、印刷品、包裹、邮政汇兑、报刊订阅,438011,https://zwfw.spb.gov.cn/gjj/pfyycsml/pfyycsmlDetail?uuid=50108,OK
50109,湖北省,黄冈市,黄州区,黄州区路口支局,黄州区路口镇,信件、印刷品、包裹、邮政汇兑、报刊订阅,438021,https://zwfw.spb.gov.cn/gjj/pfyycsml/pfyycsmlDetail?uuid=50109,OK
50110,湖北省,黄冈市,黄州区,黄州区陶店支局,黄州区陶店乡10号,信件、印刷品、包裹、邮政汇兑、报刊订阅,438022,https://zwfw.spb.gov.cn/gjj/pfyycsml/pfyycsmlDetail?uuid=50110,OK
50111,湖北省,黄冈市,黄州区,黄州区堵城支局,黄州区堵城镇(离支局大约90米处堵城镇团黄大道上有一所银行网点）,信件、印刷品、包裹、邮政汇兑、报刊订阅,438031,https://zwfw.spb.gov.cn/gjj/pfyycsml/pfyycsmlDetail?uuid=50111,OK
50112,湖北省,黄石市,黄石港区,天津路邮政所,湖北省黄石市黄石港区黄石大道162-1号,信件、印刷品、包裹、邮政汇兑、国际业务、港澳台业务、报刊订阅,435000,https://zwfw.spb.gov.cn/gjj/pfyycsml/pfyycsmlDetail?uuid=50112,OK
50113,湖北省,黄石市,西塞山区,石料山邮政所,沿湖路638号,信件、印刷品、包裹、邮政汇兑、国际业务、报刊订阅,435001,https://zwfw.spb.gov.cn/gjj/pfyycsml/pfyycsmlDetail?uuid=50113,OK
50114,湖北省,黄石市,西塞山区,一门邮政所,黄石大道329号,信件、印刷品、包裹、邮政汇兑、国际业务、报刊订阅,435001,https://zwfw.spb.gov.cn/gjj/pfyycsml/pfyycsmlDetail?uuid=50114,OK
50115,湖北省,黄石市,西塞山区,黄思湾邮政所,湖北省黄石市西塞山区黄石大道455号,信件、印刷品、包裹、邮政汇兑、国际业务、报刊订阅,435001,https://zwfw.spb.gov.cn/gjj/pfyycsml/pfyycsmlDetail?uuid=50115,OK
50116,湖北省,黄石市,西塞山区,黄石新建路所,黄石市 西塞山 县 （区、市） 沿湖路 街（乡） 790号,信件、印刷品、包裹、邮政汇兑、国际业务、报刊订阅,435001,https://zwfw.spb.gov.cn/gjj/pfyycsml/pfyycsmlDetail?uuid=50116,OK
50117,湖北省,黄石市,黄石港区,沈家营邮政所,湖北省黄石市黄石港区黄石大道1018号,信件、印刷品、包裹、邮政汇兑、国际业务、报刊订阅,435002,https://zwfw.spb.gov.cn/gjj/pfyycsml/pfyycsmlDetail?uuid=50117,OK
50118,湖北省,黄石市,黄石港区,黄石港邮政所,黄石大道422号,信件、印刷品、包裹、邮政汇兑、国际业务、报刊订阅,435002,https://zwfw.spb.gov.cn/gjj/pfyycsml/pfyycsmlDetail?uuid=50118,OK
50119,湖北省,黄石市,黄石港区,天虹邮政所,黄石市 黄石港 县 （区、市） 黄石大道 街（乡）60号,信件、印刷品、包裹、邮政汇兑、国际业务、报刊订阅,435002,https://zwfw.spb.gov.cn/gjj/pfyycsml/pfyycsmlDetail?uuid=50119,OK
50120,湖北省,黄石市,下陆区,团城山邮政所（理工）,湖北省黄石市下陆区磁湖路141号湖北理工学院西门K4教学楼,信件、印刷品、包裹、邮政汇兑、国际业务、报刊订阅,435002,https://zwfw.spb.gov.cn/gjj/pfyycsml/pfyycsmlDetail?uuid=50120,OK
50121,湖北省,黄石市,黄石港区,湖北师范大学邮政所,黄石市黄石港区磁湖路湖北师范学院内,信件、印刷品、包裹、邮政汇兑、国际业务、报刊订阅,435002,https://zwfw.spb.gov.cn/gjj/pfyycsml/pfyycsmlDetail?uuid=50121,OK
50122,湖北省,黄石市,下陆区,杭州路邮政所,湖北省黄石市下陆区团城山开发区杭州西路92号,信件、印刷品、包裹、邮政汇兑、国际业务、报刊订阅,435003,https://zwfw.spb.gov.cn/gjj/pfyycsml/pfyycsmlDetail?uuid=50122,OK
50123,湖北省,黄石市,下陆区,老下陆邮政所,湖北省黄石市下陆区老下陆街13号1号楼1-104、1-204,信件、印刷品、包裹、邮政汇兑、国际业务、报刊订阅,435004,https://zwfw.spb.gov.cn/gjj/pfyycsml/pfyycsmlDetail?uuid=50123,OK
50124,湖北省,黄石市,西塞山区,交通路邮政所,黄石市黄石港区交通路18号,信件、印刷品、包裹、邮政汇兑、国际业务、港澳台业务、报刊订阅,435004,https://zwfw.spb.gov.cn/gjj/pfyycsml/pfyycsmlDetail?uuid=50124,OK
50125,湖北省,黄石市,下陆区,下陆大道邮政所,湖北省黄石市下陆区石明甲路5号,信件、印刷品、包裹、邮政汇兑、国际业务、报刊订阅,435005,https://zwfw.spb.gov.cn/gjj/pfyycsml/pfyycsmlDetail?uuid=50125,OK
50126,湖北省,黄石市,下陆区,新下陆邮政所,湖北省黄石市下陆区新下陆金花五期1栋5号,信件、印刷品、包裹、邮政汇兑、国际业务、港澳台业务、报刊订阅,435005,https://zwfw.spb.gov.cn/gjj/pfyycsml/pfyycsmlDetail?uuid=50126,OK
50127,湖北省,黄石市,铁山区,铁山邮政所,湖北省黄石市铁山区铁山大道10号,信件、印刷品、包裹、邮政汇兑、国际业务、报刊订阅,435006,https://zwfw.spb.gov.cn/gjj/pfyycsml/pfyycsmlDetail?uuid=50127,OK
50128,湖北省,黄石市,西塞山区,河口邮政所,湖北省黄石市西塞山区河口镇王家山65号,信件、印刷品、包裹、邮政汇兑、国际业务、报刊订阅,435007,https://zwfw.spb.gov.cn/gjj/pfyycsml/pfyycsmlDetail?uuid=50128,OK
50129,湖北省,荆门市,东宝区,荆门市中心支局,荆门市象山一路28号,信件、印刷品、包裹、邮政汇兑、国际业务、港澳台业务、报刊订阅,448099,https://zwfw.spb.gov.cn/gjj/pfyycsml/pfyycsmlDetail?uuid=50129,OK
50130,湖北省,荆门市,东宝区,荆门市青山支局,荆门市青山路2号,信件、印刷品、包裹、邮政汇兑、国际业务、港澳台业务、报刊订阅,448099,https://zwfw.spb.gov.cn/gjj/pfyycsml/pfyycsmlDetail?uuid=50130,OK
50131,湖北省,荆门市,东宝区,荆门市南门支局,荆门市工商街8号,信件、印刷品、包裹、邮政汇兑、报刊订阅,448099,https://zwfw.spb.gov.cn/gjj/pfyycsml/pfyycsmlDetail?uuid=50131,OK
50132,湖北省,襄阳市,樊城区,解放路邮政支局,解放路229号,信件、印刷品、包裹、邮政汇兑、国际业务、港澳台业务、报刊订阅,441000,https://zwfw.spb.gov.cn/gjj/pfyycsml/pfyycsmlDetail?uuid=50132,OK
50133,湖北省,襄阳市,樊城区,团山邮政支局,襄阳市团山镇团山大道68号,信件、印刷品、包裹、邮政汇兑、国际业务、港澳台业务、报刊订阅,441047,https://zwfw.spb.gov.cn/gjj/pfyycsml/pfyycsmlDetail?uuid=50133,OK
50134,湖北省,襄阳市,樊城区,解放东路邮政所,襄阳市樊城区解放路414号,信件、印刷品、包裹、邮政汇兑、国际业务、港澳台业务、报刊订阅,441000,https://zwfw.spb.gov.cn/gjj/pfyycsml/pfyycsmlDetail?uuid=50134,OK
50135,湖北省,襄阳市,樊城区,人民路邮政所,人民路298号,信件、印刷品、包裹、邮政汇兑、国际业务、港澳台业务、报刊订阅,441002,https://zwfw.spb.gov.cn/gjj/pfyycsml/pfyycsmlDetail?uuid=50135,OK
50136,湖北省,襄阳市,樊城区,诸葛亮广场邮政所,长虹北路8号（邻近100米内有邮储网点）,信件、印刷品、包裹、邮政汇兑、国际业务、港澳台业务、报刊订阅,441003,https://zwfw.spb.gov.cn/gjj/pfyycsml/pfyycsmlDetail?uuid=50136,OK
50137,湖北省,襄阳市,樊城区,人民东路邮政所,襄阳市樊城区人民路20-3号,信件、印刷品、包裹、邮政汇兑、国际业务、港澳台业务、报刊订阅,441011,https://zwfw.spb.gov.cn/gjj/pfyycsml/pfyycsmlDetail?uuid=50137,OK
50138,湖北省,襄阳市,樊城区,建华路邮政支局,建华路155号（邻近20米内有银行网点）,信件、印刷品、包裹、邮政汇兑、国际业务、港澳台业务、报刊订阅,441011,https://zwfw.spb.gov.cn/gjj/pfyycsml/pfyycsmlDetail?uuid=50138,OK
50139,湖北省,襄阳市,樊城区,火车站邮政所,前进路116号（邻近100米内有银行网点）,信件、印刷品、包裹、邮政汇兑、国际业务、港澳台业务、报刊订阅,441003,https://zwfw.spb.gov.cn/gjj/pfyycsml/pfyycsmlDetail?uuid=50139,OK
50140,湖北省,襄阳市,樊城区,新华路邮政所,樊城区新华路19号,信件、印刷品、包裹、邮政汇兑、国际业务、港澳台业务、报刊订阅,441003,https://zwfw.spb.gov.cn/gjj/pfyycsml/pfyycsmlDetail?uuid=50140,OK
50141,湖北省,襄阳市,樊城区,前进路邮政所,樊城区前进路泰禾新景门面房,信件、印刷品、包裹、邮政汇兑、国际业务、港澳台业务、报刊订阅,441003,https://zwfw.spb.gov.cn/gjj/pfyycsml/pfyycsmlDetail?uuid=50141,OK
50142,湖北省,襄阳市,樊城区,二汽邮政所,湖北省襄阳市高新区东风汽车大道富康商业街1号门东5号门面,信件、印刷品、包裹、邮政汇兑、国际业务、港澳台业务、报刊订阅,441004,https://zwfw.spb.gov.cn/gjj/pfyycsml/pfyycsmlDetail?uuid=50142,OK
50143,湖北省,襄阳市,樊城区,米庄邮政支局,襄阳市高新区米庄镇新城路49号,信件、印刷品、包裹、邮政汇兑、报刊订阅,441058,https://zwfw.spb.gov.cn/gjj/pfyycsml/pfyycsmlDetail?uuid=50143,OK
50144,湖北省,襄阳市,襄城区,东街邮政支局,襄城东街21号（邻近2米内有银行网点）,信件、印刷品、包裹、邮政汇兑、国际业务、港澳台业务、报刊订阅,441021,https://zwfw.spb.gov.cn/gjj/pfyycsml/pfyycsmlDetail?uuid=50144,OK
50145,湖北省,襄阳市,襄城区,胜利街邮政所,襄阳市襄城区铁佛寺160号华龙小区门面房,信件、印刷品、包裹、邮政汇兑、国际业务、港澳台业务、报刊订阅,441021,https://zwfw.spb.gov.cn/gjj/pfyycsml/pfyycsmlDetail?uuid=50145,OK
50146,湖北省,襄阳市,樊城区,长虹南路邮政所,襄城区长虹南路盛景名门101-105,信件、印刷品、包裹、邮政汇兑、国际业务、港澳台业务、报刊订阅,441022,https://zwfw.spb.gov.cn/gjj/pfyycsml/pfyycsmlDetail?uuid=50146,OK
50147,湖北省,襄阳市,襄城区,建锦路邮政所,襄阳市襄城区建锦路23号,信件、印刷品、包裹、邮政汇兑、国际业务、港澳台业务、报刊订阅,441021,https://zwfw.spb.gov.cn/gjj/pfyycsml/pfyycsmlDetail?uuid=50147,OK
50148,湖北省,襄阳市,襄城区,运动路邮政所,襄阳市襄城区运动路20号,信件、印刷品、包裹、邮政汇兑、国际业务、港澳台业务、报刊订阅,441021,https://zwfw.spb.gov.cn/gjj/pfyycsml/pfyycsmlDetail?uuid=50148,OK
50149,湖北省,襄阳市,襄城区,檀溪邮政所,襄阳市襄城檀溪路374号,信件、印刷品、包裹、邮政汇兑、国际业务、港澳台业务、报刊订阅,441022,https://zwfw.spb.gov.cn/gjj/pfyycsml/pfyycsmlDetail?uuid=50149,OK
50150,湖北省,襄阳市,襄城区,六0九邮政所,襄阳市襄城区隆中路290号,信件、印刷品、包裹、邮政汇兑、报刊订阅,441052,https://zwfw.spb.gov.cn/gjj/pfyycsml/pfyycsmlDetail?uuid=50150,OK
50151,湖北省,襄阳市,襄城区,隆中邮政所,襄阳市襄城区湖北文理学院内,信件、印刷品、包裹、邮政汇兑、国际业务、港澳台业务、报刊订阅,441053,https://zwfw.spb.gov.cn/gjj/pfyycsml/pfyycsmlDetail?uuid=50151,OK
50152,湖北省,襄阳市,樊城区,长虹北路邮政支局,长虹北路38号营业厅,信件、印刷品、包裹、邮政汇兑、国际业务、港澳台业务、报刊订阅,441057,https://zwfw.spb.gov.cn/gjj/pfyycsml/pfyycsmlDetail?uuid=50152,OK
50153,湖北省,襄阳市,樊城区,春园路邮政所,襄阳市樊城春园路10号,信件、印刷品、包裹、邮政汇兑、国际业务、港澳台业务、报刊订阅,441003,https://zwfw.spb.gov.cn/gjj/pfyycsml/pfyycsmlDetail?uuid=50153,OK
50154,湖北省,襄阳市,樊城区,建设路邮政所,襄阳市樊城区建设路九悦天城一楼,信件、印刷品、包裹、邮政汇兑、国际业务、港澳台业务、报刊订阅,441000,https://zwfw.spb.gov.cn/gjj/pfyycsml/pfyycsmlDetail?uuid=50154,OK
50155,湖北省,襄阳市,襄城区,卧龙邮政支局,襄阳市襄城区卧龙镇中街46号,信件、印刷品、包裹、邮政汇兑、报刊订阅,441054,https://zwfw.spb.gov.cn/gjj/pfyycsml/pfyycsmlDetail?uuid=50155,OK
50156,湖北省,襄阳市,襄城区,欧庙邮政支局,湖北省襄阳市襄城区欧庙建设大道南50米,信件、印刷品、包裹、邮政汇兑、报刊订阅,441048,https://zwfw.spb.gov.cn/gjj/pfyycsml/pfyycsmlDetail?uuid=50156,OK
50157,湖北省,襄阳市,樊城区,太平店邮政支局,襄阳市樊城区化纤路92号,信件、印刷品、包裹、邮政汇兑、报刊订阅,441031,https://zwfw.spb.gov.cn/gjj/pfyycsml/pfyycsmlDetail?uuid=50157,OK
50158,湖北省,襄阳市,樊城区,朱坡邮政支局,襄阳市樊城区朱坡街迎旭路159号,信件、印刷品、包裹、邮政汇兑、报刊订阅,441032,https://zwfw.spb.gov.cn/gjj/pfyycsml/pfyycsmlDetail?uuid=50158,OK
50159,湖北省,襄阳市,樊城区,田山邮政支局,襄阳市樊城区太平店镇田山村七组化纤东路86号,信件、印刷品、包裹、邮政汇兑、报刊订阅,441033,https://zwfw.spb.gov.cn/gjj/pfyycsml/pfyycsmlDetail?uuid=50159,OK
50160,湖北省,襄阳市,樊城区,牛首邮政支局,湖北省襄阳市樊城区牛首镇戏楼子路27号,信件、印刷品、包裹、邮政汇兑、报刊订阅,441034,https://zwfw.spb.gov.cn/gjj/pfyycsml/pfyycsmlDetail?uuid=50160,OK
50161,湖北省,襄阳市,樊城区,竹条邮政支局,襄阳市樊城区牛首镇熊营村6组270号,信件、印刷品、包裹、邮政汇兑、报刊订阅,441035,https://zwfw.spb.gov.cn/gjj/pfyycsml/pfyycsmlDetail?uuid=50161,OK
50162,湖北省,襄阳市,襄城区,赵庄邮政支局,襄阳市襄城区余家湖火电厂乔家庙路83号,信件、印刷品、包裹、邮政汇兑、报刊订阅,441041,https://zwfw.spb.gov.cn/gjj/pfyycsml/pfyycsmlDetail?uuid=50162,OK
50163,湖北省,宜昌市,西陵区,宜昌市夷陵大道邮政支局,宜昌市夷陵大道99号,信件、印刷品、包裹、邮政汇兑、国际业务、港澳台业务,443000,https://zwfw.spb.gov.cn/gjj/pfyycsml/pfyycsmlDetail?uuid=50163,OK
50164,湖北省,宜昌市,西陵区,宜昌市福绥路邮政支局,宜昌市福绥路47号,信件、印刷品、包裹、邮政汇兑、国际业务、港澳台业务,443000,https://zwfw.spb.gov.cn/gjj/pfyycsml/pfyycsmlDetail?uuid=50164,OK
50165,湖北省,宜昌市,西陵区,宜昌市东山邮政支局,宜昌市东山开发区城东大道29号,信件、印刷品、包裹、邮政汇兑、国际业务,443005,https://zwfw.spb.gov.cn/gjj/pfyycsml/pfyycsmlDetail?uuid=50165,OK
50166,湖北省,宜昌市,西陵区,宜昌市西陵二路支局,宜昌市西陵二路12号,信件、印刷品、包裹、邮政汇兑、国际业务、报刊订阅,443000,https://zwfw.spb.gov.cn/gjj/pfyycsml/pfyycsmlDetail?uuid=50166,OK
50167,湖北省,宜昌市,西陵区,宜昌市发展大道支局,宜昌市开发区发展大道37号,信件、印刷品、包裹、邮政汇兑、国际业务,443005,https://zwfw.spb.gov.cn/gjj/pfyycsml/pfyycsmlDetail?uuid=50167,OK
50168,湖北省,宜昌市,西陵区,宜昌市四零三邮政支局,宜昌市西陵二路78号,信件、印刷品、包裹、邮政汇兑、国际业务,443002,https://zwfw.spb.gov.cn/gjj/pfyycsml/pfyycsmlDetail?uuid=50168,OK
50169,湖北省,宜昌市,伍家岗区,宜昌市杨岔路邮政支局,宜昌市东山大道348号,信件、印刷品、包裹、邮政汇兑、国际业务、港澳台业务,443003,https://zwfw.spb.gov.cn/gjj/pfyycsml/pfyycsmlDetail?uuid=50169,OK
50170,湖北省,宜昌市,伍家岗区,宜昌市大桥邮政支局,宜昌市夷陵大道154号,信件、印刷品、包裹、邮政汇兑、国际业务、港澳台业务、报刊订阅,443003,https://zwfw.spb.gov.cn/gjj/pfyycsml/pfyycsmlDetail?uuid=50170,OK
50171,湖北省,宜昌市,伍家岗区,宜昌市伍家岗邮政支局,宜昌市夷陵大道441号,信件、印刷品、包裹、邮政汇兑、国际业务、港澳台业务,443001,https://zwfw.spb.gov.cn/gjj/pfyycsml/pfyycsmlDetail?uuid=50171,OK
50172,湖北省,宜昌市,西陵区,宜昌市葛洲坝支局,宜昌市樵湖二路2号,信件、印刷品、包裹、邮政汇兑、国际业务、港澳台业务、报刊订阅,443002,https://zwfw.spb.gov.cn/gjj/pfyycsml/pfyycsmlDetail?uuid=50172,OK
50173,湖北省,宜昌市,西陵区,宜昌市西坝邮政所,宜昌市西陵区西坝建设路32号,信件、印刷品、包裹、邮政汇兑,443002,https://zwfw.spb.gov.cn/gjj/pfyycsml/pfyycsmlDetail?uuid=50173,OK
50174,湖北省,宜昌市,西陵区,宜昌市三峡大学邮政支局,宜昌市大学路8号,信件、印刷品、包裹、邮政汇兑、国际业务,443002,https://zwfw.spb.gov.cn/gjj/pfyycsml/pfyycsmlDetail?uuid=50174,OK
50175,湖北省,宜昌市,西陵区,宜昌市东湖一路支局,宜昌市东湖一路3号,信件、印刷品、包裹、邮政汇兑、国际业务,443002,https://zwfw.spb.gov.cn/gjj/pfyycsml/pfyycsmlDetail?uuid=50175,OK
50176,湖北省,宜昌市,西陵区,宜昌市金东山邮政支局,宜昌市港窑路37号沁园春小区,信件、印刷品、包裹、邮政汇兑、国际业务,443005,https://zwfw.spb.gov.cn/gjj/pfyycsml/pfyycsmlDetail?uuid=50176,OK
50177,湖北省,宜昌市,点军区,宜昌市五龙邮政支局,宜昌市点军区五龙大道7号22栋商业街106号,信件、印刷品、包裹、邮政汇兑、国际业务、港澳台业务、报刊订阅,443004,https://zwfw.spb.gov.cn/gjj/pfyycsml/pfyycsmlDetail?uuid=50177,OK
50178,湖北省,宜昌市,点军区,宜昌市艾家邮政所,点军区艾家镇集镇8号,信件、印刷品、包裹、邮政汇兑、国际业务、港澳台业务、报刊订阅,443122,https://zwfw.spb.gov.cn/gjj/pfyycsml/pfyycsmlDetail?uuid=50178,OK
50179,湖北省,宜昌市,点军区,宜昌市土城邮政所,宜昌市点军区土城乡土城村二组,信件、印刷品、包裹、邮政汇兑、国际业务、港澳台业务,443011,https://zwfw.spb.gov.cn/gjj/pfyycsml/pfyycsmlDetail?uuid=50179,OK
50180,湖北省,宜昌市,点军区,宜昌市联棚邮政所,宜昌市点军区夷桥路276号联棚村党员群众服务中心1楼,信件、印刷品、包裹、邮政汇兑,443004,https://zwfw.spb.gov.cn/gjj/pfyycsml/pfyycsmlDetail?uuid=50180,OK
50181,湖北省,宜昌市,猇亭区,宜昌市猇亭邮政支局,宜昌市猇亭区金岭路64号,信件、印刷品、包裹、邮政汇兑、国际业务、港澳台业务,443007,https://zwfw.spb.gov.cn/gjj/pfyycsml/pfyycsmlDetail?uuid=50181,OK
50182,湖北省,宜昌市,夷陵区,夷陵区东湖路支局,宜昌市夷陵区东湖路12-2号,信件、印刷品、包裹、邮政汇兑、国际业务、报刊订阅,443100,https://zwfw.spb.gov.cn/gjj/pfyycsml/pfyycsmlDetail?uuid=50182,OK
50183,湖北省,宜昌市,夷陵区,夷陵区明珠路支局,宜昌市夷陵区夷兴大道32号,信件、印刷品、包裹、邮政汇兑、国际业务、港澳台业务、报刊订阅,443100,https://zwfw.spb.gov.cn/gjj/pfyycsml/pfyycsmlDetail?uuid=50183,OK
50184,湖北省,宜昌市,夷陵区,夷陵区长江邮政所,宜昌市夷陵区三峡路6号,信件、印刷品、包裹、邮政汇兑、国际业务、报刊订阅,443100,https://zwfw.spb.gov.cn/gjj/pfyycsml/pfyycsmlDetail?uuid=50184,OK
50185,,,,,北京市西城区北礼士路甲8号,,,https://zwfw.spb.gov.cn/gjj/pfyycsml/pfyycsmlDetail?uuid=50185,OK
50186,湖北省,宜昌市,夷陵区,夷陵区梅岭支局,发展大道101号,信件、印刷品、包裹、邮政汇兑、国际业务、报刊订阅,443100,https://zwfw.spb.gov.cn/gjj/pfyycsml/pfyycsmlDetail?uuid=50186,OK
50187,湖北省,宜昌市,夷陵区,夷陵区分乡支局,夷陵区分乡镇敬存路3号,信件、印刷品、包裹、邮政汇兑、国际业务、报刊订阅,443105,https://zwfw.spb.gov.cn/gjj/pfyycsml/pfyycsmlDetail?uuid=50187,OK
50188,湖北省,宜昌市,夷陵区,夷陵区黄花支局,黄花乡黄花场五组,信件、印刷品、包裹、邮政汇兑、国际业务、报刊订阅,443106,https://zwfw.spb.gov.cn/gjj/pfyycsml/pfyycsmlDetail?uuid=50188,OK
50189,湖北省,宜昌市,夷陵区,夷陵区龙泉支局,夷陵区龙泉镇万龙路15号,信件、印刷品、包裹、邮政汇兑、国际业务、报刊订阅,443112,https://zwfw.spb.gov.cn/gjj/pfyycsml/pfyycsmlDetail?uuid=50189,OK
50190,湖北省,宜昌市,夷陵区,夷陵区鸦鹊岭支局,鸦鹊岭镇汉宜路108号,信件、印刷品、包裹、邮政汇兑、国际业务、报刊订阅,443113,https://zwfw.spb.gov.cn/gjj/pfyycsml/pfyycsmlDetail?uuid=50190,OK
50191,湖北省,宜昌市,点军区,宜昌市桥边邮政支局,宜昌市点军区桥边镇桥边村十组60号,信件、印刷品、包裹、邮政汇兑、国际业务、港澳台业务、报刊订阅,443009,https://zwfw.spb.gov.cn/gjj/pfyycsml/pfyycsmlDetail?uuid=50191,OK
50192,湖北省,宜昌市,夷陵区,夷陵区太平溪支局,宜昌市夷陵区太平溪镇高峡大道47-4号,信件、印刷品、包裹、邮政汇兑、国际业务、报刊订阅,443131,https://zwfw.spb.gov.cn/gjj/pfyycsml/pfyycsmlDetail?uuid=50192,OK
50193,湖北省,宜昌市,夷陵区,夷陵区邓村支局,宜昌市夷陵区邓村集镇邓大路158号,信件、印刷品、包裹、邮政汇兑、国际业务、报刊订阅,443132,https://zwfw.spb.gov.cn/gjj/pfyycsml/pfyycsmlDetail?uuid=50193,OK
50194,,,,,北京市西城区北礼士路甲8号,,,https://zwfw.spb.gov.cn/gjj/pfyycsml/pfyycsmlDetail?uuid=50194,OK
50195,湖北省,宜昌市,夷陵区,夷陵区三斗坪支局,湖北省宜昌市夷陵区三斗坪黛狮路98号,信件、印刷品、包裹、邮政汇兑、国际业务、报刊订阅,443134,https://zwfw.spb.gov.cn/gjj/pfyycsml/pfyycsmlDetail?uuid=50195,OK
50196,湖北省,宜昌市,夷陵区,夷陵区晓峰支局,湖北省宜昌市夷陵区黄花镇张家口村10号,信件、印刷品、包裹、邮政汇兑、国际业务、报刊订阅,443141,https://zwfw.spb.gov.cn/gjj/pfyycsml/pfyycsmlDetail?uuid=50196,OK
50197,湖北省,宜昌市,夷陵区,夷陵区雾渡河支局,雾渡河镇宜兴路5号,信件、印刷品、包裹、邮政汇兑、国际业务、报刊订阅,443143,https://zwfw.spb.gov.cn/gjj/pfyycsml/pfyycsmlDetail?uuid=50197,OK
50198,湖北省,宜昌市,夷陵区,夷陵区樟村坪支局,湖北省宜昌市夷陵区樟村坪明珠路20号,信件、印刷品、包裹、邮政汇兑、国际业务、报刊订阅,443145,https://zwfw.spb.gov.cn/gjj/pfyycsml/pfyycsmlDetail?uuid=50198,OK
50199,湖北省,宜昌市,夷陵区,夷陵区下堡坪支局,湖北省宜昌市夷陵区下堡坪秀峰街47号,信件、印刷品、包裹、邮政汇兑、报刊订阅,443146,https://zwfw.spb.gov.cn/gjj/pfyycsml/pfyycsmlDetail?uuid=50199,OK
50200,湖北省,鄂州市,华容区,葛店开发区邮政支局,湖北省鄂州市葛店开发区316国道旁,信件、印刷品、包裹、邮政汇兑、报刊订阅,436070,https://zwfw.spb.gov.cn/gjj/pfyycsml/pfyycsmlDetail?uuid=50200,OK
50201,湖北省,鄂州市,华容区,葛店邮政支局,湖北省鄂州市葛店开发区葛洪大道345号,信件、印刷品、包裹、邮政汇兑、报刊订阅,436032,https://zwfw.spb.gov.cn/gjj/pfyycsml/pfyycsmlDetail?uuid=50201,OK
50202,湖北省,十堰市,茅箭区,十堰市马路邮政支局,白浪东路东华新村,信件、印刷品、包裹、邮政汇兑、报刊订阅,442050,https://zwfw.spb.gov.cn/gjj/pfyycsml/pfyycsmlDetail?uuid=50202,OK
50203,湖北省,十堰市,茅箭区,十堰市茅箭邮政支局,茅箭区武当路53号,信件、印刷品、包裹、邮政汇兑、报刊订阅,442012,https://zwfw.spb.gov.cn/gjj/pfyycsml/pfyycsmlDetail?uuid=50203,OK
50204,湖北省,十堰市,茅箭区,十堰市白浪邮政支局,东城开发区白浪中路51号,信件、印刷品、包裹、邮政汇兑、报刊订阅,442013,https://zwfw.spb.gov.cn/gjj/pfyycsml/pfyycsmlDetail?uuid=50204,OK
50205,湖北省,十堰市,茅箭区,十堰市汽配城邮政支局,茅箭区汽配城A区3栋2号,信件、印刷品、包裹、邮政汇兑、报刊订阅,442013,https://zwfw.spb.gov.cn/gjj/pfyycsml/pfyycsmlDetail?uuid=50205,OK
50206,湖北省,十堰市,茅箭区,十堰市大川邮政所,茅箭区大川镇大川村,信件、印刷品、包裹、邮政汇兑、报刊订阅,442014,https://zwfw.spb.gov.cn/gjj/pfyycsml/pfyycsmlDetail?uuid=50206,OK
50207,湖北省,十堰市,茅箭区,十堰市茅塔邮政所,茅箭区茅塔乡康家村,信件、印刷品、包裹、邮政汇兑、报刊订阅,442012,https://zwfw.spb.gov.cn/gjj/pfyycsml/pfyycsmlDetail?uuid=50207,OK
50208,湖北省,十堰市,张湾区,十堰市西沟邮政所,张湾区西沟街相工村101号,信件、印刷品、包裹、邮政汇兑、报刊订阅,442003,https://zwfw.spb.gov.cn/gjj/pfyycsml/pfyycsmlDetail?uuid=50208,OK
50209,湖北省,十堰市,张湾区,十堰市方滩邮政所,张湾区方滩乡101号,信件、印刷品、包裹、邮政汇兑、报刊订阅,442004,https://zwfw.spb.gov.cn/gjj/pfyycsml/pfyycsmlDetail?uuid=50209,OK
50210,湖北省,十堰市,丹江口市,十堰市武当山邮政支局,武当山特区太和路28号,信件、印刷品、包裹、邮政汇兑、国际业务、港澳台业务、报刊订阅,442714,https://zwfw.spb.gov.cn/gjj/pfyycsml/pfyycsmlDetail?uuid=50210,OK
50211,湖北省,十堰市,丹江口市,丹江口市六里坪邮政所,六里坪镇车城大道72号,信件、印刷品、包裹、邮政汇兑、国际业务、港澳台业务、报刊订阅,442716,https://zwfw.spb.gov.cn/gjj/pfyycsml/pfyycsmlDetail?uuid=50211,OK
50212,湖北省,咸宁市,咸安区,咸安区环城邮政支局,咸安区环城路35号,信件、印刷品、包裹、邮政汇兑、报刊订阅,437000,https://zwfw.spb.gov.cn/gjj/pfyycsml/pfyycsmlDetail?uuid=50212,OK
50213,湖北省,咸宁市,咸安区,咸安区中城邮政支局,咸安区永安怀德路,信件、印刷品、包裹、邮政汇兑、报刊订阅,437000,https://zwfw.spb.gov.cn/gjj/pfyycsml/pfyycsmlDetail?uuid=50213,OK
50214,湖北省,咸宁市,咸安区,咸安区淦河邮政支局,咸安区长安大道96号,信件、印刷品、包裹、邮政汇兑、报刊订阅,437000,https://zwfw.spb.gov.cn/gjj/pfyycsml/pfyycsmlDetail?uuid=50214,OK
50215,湖北省,咸宁市,咸安区,咸安区南山邮政支局,咸宁市咸安区长安大道4号,信件、印刷品、包裹、邮政汇兑、报刊订阅,437000,https://zwfw.spb.gov.cn/gjj/pfyycsml/pfyycsmlDetail?uuid=50215,OK
50216,湖北省,咸宁市,咸安区,咸安区银泰邮政支局,湖北省咸宁市咸安区怀德路179号,信件、印刷品、包裹、邮政汇兑、报刊订阅,437012,https://zwfw.spb.gov.cn/gjj/pfyycsml/pfyycsmlDetail?uuid=50216,OK
50217,湖北省,咸宁市,咸安区,咸安区贺胜邮政支局,湖北省咸宁市咸安区贺胜大道90号,信件、印刷品、包裹、邮政汇兑、报刊订阅,437011,https://zwfw.spb.gov.cn/gjj/pfyycsml/pfyycsmlDetail?uuid=50217,OK
50218,湖北省,咸宁市,咸安区,咸安区横沟邮政支局,湖北省咸宁市咸安区横沟镇正街5号,信件、印刷品、包裹、邮政汇兑、报刊订阅,437012,https://zwfw.spb.gov.cn/gjj/pfyycsml/pfyycsmlDetail?uuid=50218,OK
50219,湖北省,咸宁市,咸安区,咸安区双溪邮政支局,湖北咸宁市咸安区双溪镇正街161号,信件、印刷品、包裹、邮政汇兑、报刊订阅,437014,https://zwfw.spb.gov.cn/gjj/pfyycsml/pfyycsmlDetail?uuid=50219,OK
50220,湖北省,咸宁市,咸安区,咸安区高桥邮政支局,湖北咸宁市咸安区高桥镇希望路47号,信件、印刷品、包裹、邮政汇兑、报刊订阅,437017,https://zwfw.spb.gov.cn/gjj/pfyycsml/pfyycsmlDetail?uuid=50220,OK
50221,湖北省,咸宁市,咸安区,咸安区大幕邮政支局,湖北咸宁市咸安区大幕乡常收南街59号,信件、印刷品、包裹、邮政汇兑、报刊订阅,437018,https://zwfw.spb.gov.cn/gjj/pfyycsml/pfyycsmlDetail?uuid=50221,OK
50222,湖北省,咸宁市,咸安区,咸安区马桥邮政支局,湖北咸宁市咸安区马柏大道169号,信件、印刷品、包裹、邮政汇兑、报刊订阅,437020,https://zwfw.spb.gov.cn/gjj/pfyycsml/pfyycsmlDetail?uuid=50222,OK
50223,湖北省,咸宁市,咸安区,咸安区桂花邮政支局,湖北咸宁市咸安区桂花镇毛坪街133号,信件、印刷品、包裹、邮政汇兑、报刊订阅,437024,https://zwfw.spb.gov.cn/gjj/pfyycsml/pfyycsmlDetail?uuid=50223,OK
50224,湖北省,咸宁市,咸安区,咸安区汀泗邮政支局,湖北省咸宁市咸安区汀泗镇叶挺大道133号,信件、印刷品、包裹、邮政汇兑、报刊订阅,437025,https://zwfw.spb.gov.cn/gjj/pfyycsml/pfyycsmlDetail?uuid=50224,OK
50225,湖北省,咸宁市,咸安区,咸安区向阳湖邮政所,湖北咸宁市咸安区向阳大道4-6号,信件、印刷品、包裹、邮政汇兑,437032,https://zwfw.spb.gov.cn/gjj/pfyycsml/pfyycsmlDetail?uuid=50225,OK
50226,湖北省,咸宁市,咸安区,咸安区官埠邮政所,湖北咸宁市咸安区官埠镇28号,信件、印刷品、包裹、邮政汇兑、报刊订阅,437035,https://zwfw.spb.gov.cn/gjj/pfyycsml/pfyycsmlDetail?uuid=50226,OK
50227,湖北省,咸宁市,咸安区,咸宁市花坛邮政支局,湖北省咸宁市温泉路56号,信件、印刷品、包裹、邮政汇兑、国际业务、港澳台业务、报刊订阅,437000,https://zwfw.spb.gov.cn/gjj/pfyycsml/pfyycsmlDetail?uuid=50227,OK
50228,湖北省,咸宁市,咸安区,咸宁市幸福路邮政支局,湖北省咸宁市咸安区淦河大道77号,信件、印刷品、包裹、邮政汇兑、报刊订阅,437000,https://zwfw.spb.gov.cn/gjj/pfyycsml/pfyycsmlDetail?uuid=50228,OK
50229,湖北省,咸宁市,咸安区,咸宁市三号桥邮政支局,咸宁市淦河大道838号,信件、印刷品、包裹、邮政汇兑、报刊订阅,437199,https://zwfw.spb.gov.cn/gjj/pfyycsml/pfyycsmlDetail?uuid=50229,OK
50230,湖北省,咸宁市,咸安区,咸宁市泉塘邮政支局,湖北省咸宁市咸安区银泉大道288号,信件、印刷品、包裹、邮政汇兑、报刊订阅,437000,https://zwfw.spb.gov.cn/gjj/pfyycsml/pfyycsmlDetail?uuid=50230,OK
50231,湖北省,咸宁市,咸安区,咸宁市体育路邮政支局,湖北省咸宁市银泉大道550号,信件、印刷品、包裹、邮政汇兑、报刊订阅,437000,https://zwfw.spb.gov.cn/gjj/pfyycsml/pfyycsmlDetail?uuid=50231,OK
50232,湖北省,随州市,曾都区,随州市明珠路邮政所,随州市北郊明珠路65-8号,信件、印刷品、包裹、邮政汇兑、港澳台业务,441300,https://zwfw.spb.gov.cn/gjj/pfyycsml/pfyycsmlDetail?uuid=50232,OK
50233,湖北省,随州市,曾都区,随州市碧桂园支局,随州市迎宾大道碧桂园翠山南天295栋1层,信件、印刷品、包裹、邮政汇兑、港澳台业务,441399,https://zwfw.spb.gov.cn/gjj/pfyycsml/pfyycsmlDetail?uuid=50233,OK
50234,湖北省,随州市,曾都区,随州市汉东路邮政所,随州市汉东路30号,信件、印刷品、包裹、邮政汇兑、港澳台业务,441300,https://zwfw.spb.gov.cn/gjj/pfyycsml/pfyycsmlDetail?uuid=50234,OK
50235,湖北省,随州市,曾都区,随州市小东关支局,随州市解放路18号,信件、印刷品、包裹、邮政汇兑、国际业务、港澳台业务、报刊订阅,441399,https://zwfw.spb.gov.cn/gjj/pfyycsml/pfyycsmlDetail?uuid=50235,OK
50236,湖北省,随州市,曾都区,随州香江邮政支局,随州市香江商贸市场,信件、印刷品、包裹、邮政汇兑、港澳台业务,441300,https://zwfw.spb.gov.cn/gjj/pfyycsml/pfyycsmlDetail?uuid=50236,OK
50237,湖北省,随州市,曾都区,擂鼓墩邮政支局,随州市曾都区南郊擂鼓墩大道126号,信件、印刷品、包裹、邮政汇兑、港澳台业务、报刊订阅,441399,https://zwfw.spb.gov.cn/gjj/pfyycsml/pfyycsmlDetail?uuid=50237,OK
50238,湖北省,随州市,曾都区,两水邮政支局,随州市曾都区经济开发区新工一路118号,信件、印刷品、包裹、邮政汇兑、港澳台业务,441300,https://zwfw.spb.gov.cn/gjj/pfyycsml/pfyycsmlDetail?uuid=50238,OK
50239,湖北省,随州市,曾都区,随州市塔儿湾邮政所,湖北省随州市万店镇塔湾乡168号,信件、印刷品、包裹、邮政汇兑、港澳台业务,441301,https://zwfw.spb.gov.cn/gjj/pfyycsml/pfyycsmlDetail?uuid=50239,OK
50240,湖北省,随州市,曾都区,随州市万店邮政支局,随州市万店镇新街620号,信件、印刷品、包裹、邮政汇兑、港澳台业务、报刊订阅,441302,https://zwfw.spb.gov.cn/gjj/pfyycsml/pfyycsmlDetail?uuid=50240,OK
50241,湖北省,随州市,曾都区,随州市淅河邮政支局,随州市淅河镇源丰大道321号,信件、印刷品、包裹、邮政汇兑、港澳台业务、报刊订阅,441326,https://zwfw.spb.gov.cn/gjj/pfyycsml/pfyycsmlDetail?uuid=50241,OK
50242,湖北省,随州市,曾都区,随州市府河邮政支局,随州市府河镇57号,信件、印刷品、包裹、邮政汇兑、港澳台业务、报刊订阅,441328,https://zwfw.spb.gov.cn/gjj/pfyycsml/pfyycsmlDetail?uuid=50242,OK
50243,湖北省,随州市,曾都区,何店邮政支局,随州市曾都区何店镇王家河54号,信件、印刷品、包裹、邮政汇兑、港澳台业务、报刊订阅,441332,https://zwfw.spb.gov.cn/gjj/pfyycsml/pfyycsmlDetail?uuid=50243,OK
50244,湖北省,随州市,曾都区,洛阳邮政支局,随州市洛阳镇沿河东路15号,信件、印刷品、包裹、邮政汇兑、港澳台业务、报刊订阅,441333,https://zwfw.spb.gov.cn/gjj/pfyycsml/pfyycsmlDetail?uuid=50244,OK
50245,湖北省,随州市,曾都区,随州市曾都区分公司滨湖湾支局,随州市曾都区东城办事处滨湖湾A4路-迎宾大道0,信件、印刷品、包裹、邮政汇兑、港澳台业务,441300,https://zwfw.spb.gov.cn/gjj/pfyycsml/pfyycsmlDetail?uuid=50245,OK
50246,辽宁省,鞍山市,立山区,高新邮政支局,辽宁省鞍山市高新区科技路16号西侧网点,信件、印刷品、包裹、邮政汇兑、国际业务、港澳台业务、报刊订阅,114051,https://zwfw.spb.gov.cn/gjj/pfyycsml/pfyycsmlDetail?uuid=50246,OK
50247,辽宁省,本溪市,明山区,本溪市北地邮政支局,本溪市明山区解放北路35号,信件、印刷品、包裹、邮政汇兑、国际业务、港澳台业务、报刊订阅,117099,https://zwfw.spb.gov.cn/gjj/pfyycsml/pfyycsmlDetail?uuid=50247,OK
50248,辽宁省,本溪市,明山区,本溪市站前邮政支局,辽宁省本溪市明山区站前街道解放北路78号,信件、印刷品、包裹、邮政汇兑、报刊订阅,117099,https://zwfw.spb.gov.cn/gjj/pfyycsml/pfyycsmlDetail?uuid=50248,OK
50249,辽宁省,本溪市,平山区,本溪市立信邮政支局,本溪市平山区北光路71栋1层1号,信件、印刷品、包裹、邮政汇兑、国际业务、港澳台业务、报刊订阅,117099,https://zwfw.spb.gov.cn/gjj/pfyycsml/pfyycsmlDetail?uuid=50249,OK
50250,辽宁省,本溪市,明山区,本溪市城建邮政支局,辽宁省本溪市明山区明山街道城建小区,信件、印刷品、包裹、邮政汇兑、报刊订阅,117099,https://zwfw.spb.gov.cn/gjj/pfyycsml/pfyycsmlDetail?uuid=50250,OK
50251,辽宁省,本溪市,明山区,本溪市峪明邮政支局,本溪市明山区峪明路12栋1至2层4号,信件、印刷品、包裹、邮政汇兑、报刊订阅,117099,https://zwfw.spb.gov.cn/gjj/pfyycsml/pfyycsmlDetail?uuid=50251,OK
50252,辽宁省,本溪市,平山区,本溪市天华邮政支局,辽宁省本溪市平山区新欣街第七幢1单元06号,信件、印刷品、包裹、邮政汇兑、报刊订阅,117021,https://zwfw.spb.gov.cn/gjj/pfyycsml/pfyycsmlDetail?uuid=50252,OK
50253,辽宁省,本溪市,平山区,本溪市前进邮政支局,辽宁省本溪市平山区平山街道平山路103栋1层3号,信件、印刷品、包裹、邮政汇兑、报刊订阅,117099,https://zwfw.spb.gov.cn/gjj/pfyycsml/pfyycsmlDetail?uuid=50253,OK
50254,辽宁省,本溪市,明山区,本溪市消防邮政支局,本溪市明山区水塔路90栋1层5号,信件、印刷品、包裹、邮政汇兑、报刊订阅,117099,https://zwfw.spb.gov.cn/gjj/pfyycsml/pfyycsmlDetail?uuid=50254,OK
50255,辽宁省,本溪市,溪湖区,本溪市溪湖站前邮政支局,本溪市溪湖区溪湖东路3栋1层1号,信件、印刷品、包裹、邮政汇兑、报刊订阅,117002,https://zwfw.spb.gov.cn/gjj/pfyycsml/pfyycsmlDetail?uuid=50255,OK
50256,辽宁省,本溪市,溪湖区,本溪市溪湖邮政支局,本溪市溪湖区溪湖西路96栋1至3层1层1号 3层1号,信件、印刷品、包裹、邮政汇兑、报刊订阅,117002,https://zwfw.spb.gov.cn/gjj/pfyycsml/pfyycsmlDetail?uuid=50256,OK
50257,辽宁省,本溪市,溪湖区,本溪市火连寨邮政支局,辽宁省本溪市溪湖区火连寨寨中路29栋1至3层,信件、印刷品、包裹、邮政汇兑、报刊订阅,117003,https://zwfw.spb.gov.cn/gjj/pfyycsml/pfyycsmlDetail?uuid=50257,OK
50258,辽宁省,本溪市,溪湖区,本溪市石桥子邮政支局,辽宁省本溪市溪湖区金桥路212栋1至2层,信件、印刷品、包裹、邮政汇兑、报刊订阅,117004,https://zwfw.spb.gov.cn/gjj/pfyycsml/pfyycsmlDetail?uuid=50258,OK
50259,辽宁省,本溪市,溪湖区,本溪市开发区邮政支局,本溪市开发区榆林华苑1-45幢7号,信件、印刷品、包裹、邮政汇兑、报刊订阅,117004,https://zwfw.spb.gov.cn/gjj/pfyycsml/pfyycsmlDetail?uuid=50259,OK
50260,,,,,北京市西城区北礼士路甲8号,,,https://zwfw.spb.gov.cn/gjj/pfyycsml/pfyycsmlDetail?uuid=50260,OK
50261,辽宁省,本溪市,溪湖区,本溪市歪头山铁矿邮政支局,辽宁省本溪市溪湖区歪头山铁矿东路1-6A栋1层,信件、印刷品、包裹、邮政汇兑、报刊订阅,117006,https://zwfw.spb.gov.cn/gjj/pfyycsml/pfyycsmlDetail?uuid=50261,OK
50262,辽宁省,本溪市,溪湖区,本溪市张其寨邮政支局,辽宁省本溪市溪湖区张其寨街道张其寨村1组,信件、印刷品、包裹、邮政汇兑、报刊订阅,117007,https://zwfw.spb.gov.cn/gjj/pfyycsml/pfyycsmlDetail?uuid=50262,OK
50263,辽宁省,本溪市,明山区,本溪市高台子邮政支局,辽宁省本溪市明山区高台子街道高台子镇,信件、印刷品、包裹、邮政汇兑、报刊订阅,117008,https://zwfw.spb.gov.cn/gjj/pfyycsml/pfyycsmlDetail?uuid=50263,OK
50264,辽宁省,本溪市,明山区,本溪市牛心台邮政支局,辽宁省本溪市明山区牛心台牛心路77A栋1至2层,信件、印刷品、包裹、邮政汇兑、报刊订阅,117009,https://zwfw.spb.gov.cn/gjj/pfyycsml/pfyycsmlDetail?uuid=50264,OK
50265,辽宁省,本溪市,明山区,本溪市卧龙邮政支局,本溪市明山区卧龙镇绢纺街,信件、印刷品、包裹、邮政汇兑、报刊订阅,117011,https://zwfw.spb.gov.cn/gjj/pfyycsml/pfyycsmlDetail?uuid=50265,OK
50266,辽宁省,本溪市,南芬区,本溪市思山岭邮政支局,本溪市南芬区思山岭乡思山岭村3组1层,信件、印刷品、包裹、邮政汇兑、报刊订阅,117013,https://zwfw.spb.gov.cn/gjj/pfyycsml/pfyycsmlDetail?uuid=50266,OK
50267,辽宁省,本溪市,南芬区,本溪市南芬邮政支局,本溪市南芬区站前北街5号1至2层,信件、印刷品、包裹、邮政汇兑、报刊订阅,117014,https://zwfw.spb.gov.cn/gjj/pfyycsml/pfyycsmlDetail?uuid=50267,OK
50268,辽宁省,本溪市,南芬区,本溪市赵家堡邮政支局,本溪市南芬区五百户街4组1层,信件、印刷品、包裹、邮政汇兑、报刊订阅,117014,https://zwfw.spb.gov.cn/gjj/pfyycsml/pfyycsmlDetail?uuid=50268,OK
50269,辽宁省,本溪市,南芬区,本溪市下马塘邮政支局,本溪市南芬区下马塘镇河东路130栋1至2层,信件、印刷品、包裹、邮政汇兑、报刊订阅,117015,https://zwfw.spb.gov.cn/gjj/pfyycsml/pfyycsmlDetail?uuid=50269,OK
50270,辽宁省,本溪市,平山区,本溪市桥头邮政支局,本溪市平山区桥头街3-12栋1层,信件、印刷品、包裹、邮政汇兑、报刊订阅,117016,https://zwfw.spb.gov.cn/gjj/pfyycsml/pfyycsmlDetail?uuid=50270,OK
50271,辽宁省,本溪市,平山区,本溪市北台中心邮政支局,本溪市平山区北台中兴路榆树沟19栋1至6层,信件、印刷品、包裹、邮政汇兑、报刊订阅,117017,https://zwfw.spb.gov.cn/gjj/pfyycsml/pfyycsmlDetail?uuid=50271,OK
50272,辽宁省,本溪市,溪湖区,本溪市彩北邮政支局,辽宁省本溪市溪湖区彩屯北路97栋1层3号,信件、印刷品、包裹、邮政汇兑、报刊订阅,117019,https://zwfw.spb.gov.cn/gjj/pfyycsml/pfyycsmlDetail?uuid=50272,OK
50273,辽宁省,本溪市,溪湖区,本溪市辽宁医药学院邮政所,本溪市经济开发区枫叶路206号,信件、印刷品、包裹、邮政汇兑、报刊订阅,117019,https://zwfw.spb.gov.cn/gjj/pfyycsml/pfyycsmlDetail?uuid=50273,OK
50274,辽宁省,本溪市,溪湖区,本溪市彩利邮政支局,辽宁省本溪市溪湖区彩屯南路128栋1层3门,信件、印刷品、包裹、邮政汇兑、报刊订阅,117019,https://zwfw.spb.gov.cn/gjj/pfyycsml/pfyycsmlDetail?uuid=50274,OK
50275,辽宁省,本溪市,溪湖区,本溪市彩屯邮政支局,辽宁省本溪市溪湖区彩屯南路25栋1至3层,信件、印刷品、包裹、邮政汇兑、报刊订阅,117019,https://zwfw.spb.gov.cn/gjj/pfyycsml/pfyycsmlDetail?uuid=50275,OK
50276,辽宁省,本溪市,明山区,本溪市大峪邮政支局,本溪市明山区新明街道大峪3号小区4单元一楼右侧,信件、印刷品、包裹、邮政汇兑、报刊订阅,117020,https://zwfw.spb.gov.cn/gjj/pfyycsml/pfyycsmlDetail?uuid=50276,OK
50277,辽宁省,本溪市,平山区,本溪市南地邮政支局,辽宁省本溪市平山区解放南路145栋1至3层1号,信件、印刷品、包裹、邮政汇兑、报刊订阅,117021,https://zwfw.spb.gov.cn/gjj/pfyycsml/pfyycsmlDetail?uuid=50277,OK
50278,辽宁省,本溪市,平山区,本溪市德太邮政支局,辽宁省本溪市平山区南地街道解放南路2段,信件、印刷品、包裹、邮政汇兑、报刊订阅,117021,https://zwfw.spb.gov.cn/gjj/pfyycsml/pfyycsmlDetail?uuid=50278,OK
50279,,,,,北京市西城区北礼士路甲8号,,,https://zwfw.spb.gov.cn/gjj/pfyycsml/pfyycsmlDetail?uuid=50279,OK
50280,辽宁省,本溪市,明山区,本溪市高峪邮政支局,本溪市明山区峪明路236栋1层3号,信件、印刷品、包裹、邮政汇兑、报刊订阅,117022,https://zwfw.spb.gov.cn/gjj/pfyycsml/pfyycsmlDetail?uuid=50280,OK
50281,,,,,北京市西城区北礼士路甲8号,,,https://zwfw.spb.gov.cn/gjj/pfyycsml/pfyycsmlDetail?uuid=50281,OK
50282,辽宁省,本溪市,平山区,本溪市清荣邮政支局,本溪市平山区平山路66栋1层3号,信件、印刷品、包裹、邮政汇兑、报刊订阅,117022,https://zwfw.spb.gov.cn/gjj/pfyycsml/pfyycsmlDetail?uuid=50282,OK
50283,辽宁省,本溪市,明山区,本溪市地工路邮政支局,本溪市明山区地工路14号1至2层2号,信件、印刷品、包裹、邮政汇兑、报刊订阅,117022,https://zwfw.spb.gov.cn/gjj/pfyycsml/pfyycsmlDetail?uuid=50283,OK
50284,辽宁省,本溪市,平山区,本溪市迎宾邮政支局,辽宁省本溪市平山区乙楼2-3号楼6号,信件、印刷品、包裹、邮政汇兑、报刊订阅,117022,https://zwfw.spb.gov.cn/gjj/pfyycsml/pfyycsmlDetail?uuid=50284,OK
50285,辽宁省,本溪市,明山区,本溪市文化路邮政支局,辽宁省本溪市明山区文化路96栋1至2层6号,信件、印刷品、包裹、邮政汇兑、报刊订阅,117022,https://zwfw.spb.gov.cn/gjj/pfyycsml/pfyycsmlDetail?uuid=50285,OK
50286,辽宁省,丹东市,振兴区,丹东市七经街邮政所,丹东市振兴区七纬路78号,信件、印刷品、包裹、邮政汇兑、国际业务、港澳台业务、报刊订阅,118099,https://zwfw.spb.gov.cn/gjj/pfyycsml/pfyycsmlDetail?uuid=50286,OK
50287,辽宁省,丹东市,振兴区,丹东市崇兴街邮政所,丹东市元宝区新华街17号,信件、印刷品、包裹、邮政汇兑、报刊订阅,118099,https://zwfw.spb.gov.cn/gjj/pfyycsml/pfyycsmlDetail?uuid=50287,OK
50288,辽宁省,丹东市,元宝区,丹东市八道邮政所,丹东市元宝区宝山大街10-1号,信件、印刷品、包裹、邮政汇兑、报刊订阅,118015,https://zwfw.spb.gov.cn/gjj/pfyycsml/pfyycsmlDetail?uuid=50288,OK
50289,,,,,北京市西城区北礼士路甲8号,,,https://zwfw.spb.gov.cn/gjj/pfyycsml/pfyycsmlDetail?uuid=50289,OK
50290,辽宁省,丹东市,振兴区,丹东市鸭绿江邮政所,丹东市振兴区六纬路4-1号,信件、印刷品、包裹、邮政汇兑、报刊订阅,118099,https://zwfw.spb.gov.cn/gjj/pfyycsml/pfyycsmlDetail?uuid=50290,OK
50291,辽宁省,丹东市,振兴区,丹东福民邮政所,丹东市振兴区兴三路17号,信件、印刷品、包裹、邮政汇兑、报刊订阅,118016,https://zwfw.spb.gov.cn/gjj/pfyycsml/pfyycsmlDetail?uuid=50291,OK
50292,辽宁省,丹东市,振兴区,丹东市四道邮政所,丹东市振兴区十经街25-9,信件、印刷品、包裹、邮政汇兑、报刊订阅,118099,https://zwfw.spb.gov.cn/gjj/pfyycsml/pfyycsmlDetail?uuid=50292,OK
50293,辽宁省,丹东市,振兴区,丹东市滨江邮政所,辽宁省丹东市振兴区兴五路26-11-1室,信件、印刷品、包裹、邮政汇兑、报刊订阅,118016,https://zwfw.spb.gov.cn/gjj/pfyycsml/pfyycsmlDetail?uuid=50293,OK
50294,辽宁省,丹东市,元宝区,丹东市东坎子邮政所,丹东市振安区东齐路7号,信件、印刷品、包裹、邮政汇兑、报刊订阅,118001,https://zwfw.spb.gov.cn/gjj/pfyycsml/pfyycsmlDetail?uuid=50294,OK
50295,辽宁省,丹东市,元宝区,丹东市公安街邮政所,丹东市元宝区锦山大街16-4号,信件、印刷品、包裹、邮政汇兑、报刊订阅,118001,https://zwfw.spb.gov.cn/gjj/pfyycsml/pfyycsmlDetail?uuid=50295,OK
50296,辽宁省,丹东市,振安区,丹东市珍珠路邮政所,丹东市振安区珍珠街222-1至号,信件、印刷品、包裹、邮政汇兑、报刊订阅,118001,https://zwfw.spb.gov.cn/gjj/pfyycsml/pfyycsmlDetail?uuid=50296,OK
50297,辽宁省,丹东市,元宝区,丹东市江城邮政所,丹东市元宝区江城大街200-1号,信件、印刷品、包裹、邮政汇兑、国际业务、港澳台业务、报刊订阅,118015,https://zwfw.spb.gov.cn/gjj/pfyycsml/pfyycsmlDetail?uuid=50297,OK
50298,辽宁省,丹东市,振兴区,丹东市春三路邮政所,丹东市振兴区春三路6号,信件、印刷品、包裹、邮政汇兑、港澳台业务、报刊订阅,118002,https://zwfw.spb.gov.cn/gjj/pfyycsml/pfyycsmlDetail?uuid=50298,OK
50299,辽宁省,丹东市,振兴区,丹东市民主桥邮政所,丹东市锦山大街294-2号,信件、印刷品、包裹、邮政汇兑、报刊订阅,118002,https://zwfw.spb.gov.cn/gjj/pfyycsml/pfyycsmlDetail?uuid=50299,OK
50300,辽宁省,丹东市,振兴区,丹东市欧洲花园邮政所,丹东市振兴区滨江中路153-14号,信件、印刷品、包裹、邮政汇兑、报刊订阅,118002,https://zwfw.spb.gov.cn/gjj/pfyycsml/pfyycsmlDetail?uuid=50300,OK
50301,辽宁省,丹东市,元宝区,丹东市宝山邮政所,丹东市元宝区宝山大街27-10-2号,信件、印刷品、包裹、邮政汇兑、报刊订阅,118015,https://zwfw.spb.gov.cn/gjj/pfyycsml/pfyycsmlDetail?uuid=50301,OK
50302,辽宁省,丹东市,振兴区,丹东市山上街邮政所,丹东市振兴区兴七路37-1号,信件、印刷品、包裹、邮政汇兑、报刊订阅,118016,https://zwfw.spb.gov.cn/gjj/pfyycsml/pfyycsmlDetail?uuid=50302,OK
50303,辽宁省,丹东市,元宝区,丹东市金山邮政支局,丹东市元宝区金山镇金山大街644-1号,信件、印刷品、包裹、邮政汇兑、报刊订阅,118003,https://zwfw.spb.gov.cn/gjj/pfyycsml/pfyycsmlDetail?uuid=50303,OK
50304,辽宁省,丹东市,振安区,丹东市五龙背邮政支局,丹东市振安区五龙背站前西街1-11号,信件、印刷品、包裹、邮政汇兑、国际业务、港澳台业务、报刊订阅,118005,https://zwfw.spb.gov.cn/gjj/pfyycsml/pfyycsmlDetail?uuid=50304,OK
50305,辽宁省,丹东市,振安区,丹东市九连城邮政支局,丹东市振安区九连城镇九连城街158-1号,信件、印刷品、包裹、邮政汇兑、报刊订阅,118006,https://zwfw.spb.gov.cn/gjj/pfyycsml/pfyycsmlDetail?uuid=50305,OK
50306,辽宁省,丹东市,振安区,丹东市楼房邮政支局,丹东市振安区楼房镇楼房路343号,信件、印刷品、包裹、邮政汇兑、报刊订阅,118007,https://zwfw.spb.gov.cn/gjj/pfyycsml/pfyycsmlDetail?uuid=50306,OK
50307,辽宁省,丹东市,振兴区,丹东市浪头邮政支局,丹东市振兴区浪头镇北环路571号,信件、印刷品、包裹、邮政汇兑、报刊订阅,118009,https://zwfw.spb.gov.cn/gjj/pfyycsml/pfyycsmlDetail?uuid=50307,OK
50308,辽宁省,丹东市,振安区,丹东市同兴邮政支局,丹东市振安区同兴镇同兴路21号,信件、印刷品、包裹、邮政汇兑、报刊订阅,118011,https://zwfw.spb.gov.cn/gjj/pfyycsml/pfyycsmlDetail?uuid=50308,OK
50309,辽宁省,丹东市,振安区,汤山城邮政支局,丹东市振安区汤山城镇中街8号,信件、印刷品、包裹、邮政汇兑、报刊订阅,118010,https://zwfw.spb.gov.cn/gjj/pfyycsml/pfyycsmlDetail?uuid=50309,OK
50310,辽宁省,丹东市,振兴区,安民邮政支局,丹东市振安区西安民村杜家堡村177号,信件、印刷品、包裹、邮政汇兑、报刊订阅,118004,https://zwfw.spb.gov.cn/gjj/pfyycsml/pfyycsmlDetail?uuid=50310,OK
50311,辽宁省,营口市,站前区,营口市大龙邮政支局,辽宁省营口市站前区渤海大街东5号,信件、印刷品、包裹、邮政汇兑、国际业务、港澳台业务、报刊订阅,115099,https://zwfw.spb.gov.cn/gjj/pfyycsml/pfyycsmlDetail?uuid=50311,OK
50312,辽宁省,营口市,站前区,营口市弘逸园邮政支局,辽宁省营口市站前区弘逸佳园6号楼外门市11-12号,信件、印刷品、包裹、邮政汇兑、报刊订阅,115099,https://zwfw.spb.gov.cn/gjj/pfyycsml/pfyycsmlDetail?uuid=50312,OK
50313,辽宁省,营口市,站前区,营口市学府邮政支局,辽宁省营口市站前区学府路北23-甲12号,信件、印刷品、包裹、邮政汇兑、报刊订阅,115000,https://zwfw.spb.gov.cn/gjj/pfyycsml/pfyycsmlDetail?uuid=50313,OK
50314,辽宁省,营口市,西市区,营口市通惠门邮政支局,辽宁省营口市站前区通惠苑1号楼4单元门市一层(甲七甲八),信件、印刷品、包裹、邮政汇兑、报刊订阅,115003,https://zwfw.spb.gov.cn/gjj/pfyycsml/pfyycsmlDetail?uuid=50314,OK
50315,辽宁省,营口市,站前区,营口市政府邮政所,辽宁省营口市西市区新湖大街与澄湖西路交叉口西北处自贸区办公楼内,信件、印刷品、包裹、邮政汇兑、报刊订阅,115099,https://zwfw.spb.gov.cn/gjj/pfyycsml/pfyycsmlDetail?uuid=50315,OK
50316,辽宁省,营口市,站前区,营口市南湖邮政支局,辽宁省营口市站前区学府路南36-12,信件、印刷品、包裹、邮政汇兑、报刊订阅,115000,https://zwfw.spb.gov.cn/gjj/pfyycsml/pfyycsmlDetail?uuid=50316,OK
50317,辽宁省,营口市,站前区,营口市新兴邮政支局,辽宁省营口市站前区河湾北街3-2号,信件、印刷品、包裹、邮政汇兑、报刊订阅,115001,https://zwfw.spb.gov.cn/gjj/pfyycsml/pfyycsmlDetail?uuid=50317,OK
50318,辽宁省,营口市,站前区,营口市育新邮政支局,辽宁省营口市站前区育新街北新里,信件、印刷品、包裹、邮政汇兑、国际业务、港澳台业务、报刊订阅,115001,https://zwfw.spb.gov.cn/gjj/pfyycsml/pfyycsmlDetail?uuid=50318,OK
50319,辽宁省,营口市,站前区,营口市南园邮政支局,辽宁省营口市站前区南园里,信件、印刷品、包裹、邮政汇兑、报刊订阅,115000,https://zwfw.spb.gov.cn/gjj/pfyycsml/pfyycsmlDetail?uuid=50319,OK
50320,,,,,北京市西城区北礼士路甲8号,,,https://zwfw.spb.gov.cn/gjj/pfyycsml/pfyycsmlDetail?uuid=50320,OK
50321,辽宁省,营口市,站前区,营口市站前邮政支局,辽宁省营口市站前区迎宾街货场南里3号,信件、印刷品、包裹、邮政汇兑、报刊订阅,115002,https://zwfw.spb.gov.cn/gjj/pfyycsml/pfyycsmlDetail?uuid=50321,OK
50322,辽宁省,营口市,站前区,营口市东升邮政支局,辽宁省营口市站前区东升路10-13号,信件、印刷品、包裹、邮政汇兑、报刊订阅,115002,https://zwfw.spb.gov.cn/gjj/pfyycsml/pfyycsmlDetail?uuid=50322,OK
50323,辽宁省,营口市,站前区,营口市太和邮政支局,辽宁省营口市站前区中心街39-甲12.13号,信件、印刷品、包裹、邮政汇兑、报刊订阅,115002,https://zwfw.spb.gov.cn/gjj/pfyycsml/pfyycsmlDetail?uuid=50323,OK
50324,辽宁省,营口市,西市区,营口市理工邮政所,营口市西市区博文路46号,信件、印刷品、包裹、邮政汇兑、报刊订阅,115099,https://zwfw.spb.gov.cn/gjj/pfyycsml/pfyycsmlDetail?uuid=50324,OK
50325,,,,,北京市西城区北礼士路甲8号,,,https://zwfw.spb.gov.cn/gjj/pfyycsml/pfyycsmlDetail?uuid=50325,OK
50326,,,,,北京市西城区北礼士路甲8号,,,https://zwfw.spb.gov.cn/gjj/pfyycsml/pfyycsmlDetail?uuid=50326,OK
50327,辽宁省,营口市,站前区,营口市南阳邮政支局,辽宁省营口市站前区智胜街东23-甲18号,信件、印刷品、包裹、邮政汇兑、报刊订阅,115000,https://zwfw.spb.gov.cn/gjj/pfyycsml/pfyycsmlDetail?uuid=50327,OK
50328,辽宁省,营口市,西市区,营口市平安邮政支局,辽宁省营口市西市区向塘里,信件、印刷品、包裹、邮政汇兑、报刊订阅,115003,https://zwfw.spb.gov.cn/gjj/pfyycsml/pfyycsmlDetail?uuid=50328,OK
50329,辽宁省,营口市,西市区,营口市得胜路邮政支局,辽宁省营口市西市区新兴大街西70甲1-甲2,信件、印刷品、包裹、邮政汇兑、报刊订阅,115004,https://zwfw.spb.gov.cn/gjj/pfyycsml/pfyycsmlDetail?uuid=50329,OK
50330,,,,,北京市西城区北礼士路甲8号,,,https://zwfw.spb.gov.cn/gjj/pfyycsml/pfyycsmlDetail?uuid=50330,OK
50331,辽宁省,铁岭市,铁岭县,钟山路邮政支局,铁岭市银州区凡河新城区中山柳岸5号地14、15、16门市,信件、印刷品、包裹、邮政汇兑、国际业务、港澳台业务、报刊订阅,112099,https://zwfw.spb.gov.cn/gjj/pfyycsml/pfyycsmlDetail?uuid=50331,OK
50332,辽宁省,铁岭市,铁岭县,学府邮政支局,辽宁省铁岭市凡河新区有巢氏市政花园广场1S幢31.32号,信件、印刷品、包裹、邮政汇兑、国际业务、港澳台业务、报刊订阅,112099,https://zwfw.spb.gov.cn/gjj/pfyycsml/pfyycsmlDetail?uuid=50332,OK
50333,辽宁省,盘锦市,大洼区,田庄台邮政支局,大洼区田庄台镇市场街,信件、印刷品、包裹、邮政汇兑、国际业务、港澳台业务、报刊订阅,124208,https://zwfw.spb.gov.cn/gjj/pfyycsml/pfyycsmlDetail?uuid=50333,OK
50334,辽宁省,葫芦岛市,龙港区,葫芦岛市新区邮政支局,葫芦岛市龙港区龙湾大街8号,信件、印刷品、包裹、邮政汇兑、国际业务、港澳台业务、报刊订阅,125099,https://zwfw.spb.gov.cn/gjj/pfyycsml/pfyycsmlDetail?uuid=50334,OK
50335,辽宁省,葫芦岛市,连山区,葫芦岛市河畔邮政支局,葫芦岛市连山区东城中路河畔花园2-1号,信件、印刷品、包裹、邮政汇兑、国际业务、港澳台业务、报刊订阅,125063,https://zwfw.spb.gov.cn/gjj/pfyycsml/pfyycsmlDetail?uuid=50335,OK
50336,辽宁省,葫芦岛市,龙港区,葫芦岛市奥星邮政支局,葫芦岛市龙港区三星花园,信件、印刷品、包裹、邮政汇兑、国际业务、港澳台业务、报刊订阅,125003,https://zwfw.spb.gov.cn/gjj/pfyycsml/pfyycsmlDetail?uuid=50336,OK
50337,辽宁省,葫芦岛市,龙港区,葫芦岛市毛屯邮政所,葫芦岛市龙港区海星路11号,信件、印刷品、包裹、邮政汇兑、国际业务、港澳台业务、报刊订阅,125099,https://zwfw.spb.gov.cn/gjj/pfyycsml/pfyycsmlDetail?uuid=50337,OK
50338,辽宁省,葫芦岛市,龙港区,葫芦岛市双兴邮政支局,葫芦岛市龙港区光明苑1-102号,信件、印刷品、包裹、邮政汇兑、国际业务、港澳台业务、报刊订阅,125099,https://zwfw.spb.gov.cn/gjj/pfyycsml/pfyycsmlDetail?uuid=50338,OK
50339,辽宁省,葫芦岛市,龙港区,葫芦岛市莲花邮政支局,葫芦岛市龙港区海日路5号,信件、印刷品、包裹、邮政汇兑、国际业务、港澳台业务、报刊订阅,125099,https://zwfw.spb.gov.cn/gjj/pfyycsml/pfyycsmlDetail?uuid=50339,OK
50340,辽宁省,葫芦岛市,龙港区,葫芦岛教育园区邮政所,葫芦岛市龙港区文化路7-3号楼X,信件、印刷品、包裹、邮政汇兑、国际业务、港澳台业务、报刊订阅,125060,https://zwfw.spb.gov.cn/gjj/pfyycsml/pfyycsmlDetail?uuid=50340,OK
50341,辽宁省,葫芦岛市,龙港区,葫芦岛市天正邮政支局,葫芦岛市龙港区龙程路,信件、印刷品、包裹、邮政汇兑、国际业务、港澳台业务、报刊订阅,125099,https://zwfw.spb.gov.cn/gjj/pfyycsml/pfyycsmlDetail?uuid=50341,OK
50342,辽宁省,葫芦岛市,连山区,葫芦岛市步行街邮政支局,葫芦岛市连山区中央大街12号,信件、印刷品、包裹、邮政汇兑、国际业务、港澳台业务、报刊订阅,125001,https://zwfw.spb.gov.cn/gjj/pfyycsml/pfyycsmlDetail?uuid=50342,OK
50343,辽宁省,葫芦岛市,连山区,葫芦岛市石油邮政支局,海滨路5-44(D-1)幢A号、B,信件、印刷品、包裹、邮政汇兑、国际业务、港澳台业务、报刊订阅,125001,https://zwfw.spb.gov.cn/gjj/pfyycsml/pfyycsmlDetail?uuid=50343,OK
50344,辽宁省,葫芦岛市,连山区,葫芦岛市化工邮政所,葫芦岛市连山区化工11区24号楼,信件、印刷品、包裹、邮政汇兑、国际业务、港澳台业务、报刊订阅,125001,https://zwfw.spb.gov.cn/gjj/pfyycsml/pfyycsmlDetail?uuid=50344,OK
50345,辽宁省,葫芦岛市,连山区,葫芦岛市连山大街邮政所,葫芦岛市连山区连山大街51号,信件、印刷品、包裹、邮政汇兑、国际业务、港澳台业务、报刊订阅,125063,https://zwfw.spb.gov.cn/gjj/pfyycsml/pfyycsmlDetail?uuid=50345,OK
50346,辽宁省,葫芦岛市,连山区,葫芦岛市解放路邮政所,葫芦岛市连山区解放路海飞学院对过,信件、印刷品、包裹、邮政汇兑、国际业务、港澳台业务、报刊订阅,125001,https://zwfw.spb.gov.cn/gjj/pfyycsml/pfyycsmlDetail?uuid=50346,OK
50347,辽宁省,葫芦岛市,连山区,葫芦岛市民安邮政所,葫芦岛市连山区民安路,信件、印刷品、包裹、邮政汇兑、国际业务、港澳台业务、报刊订阅,125001,https://zwfw.spb.gov.cn/gjj/pfyycsml/pfyycsmlDetail?uuid=50347,OK
50348,辽宁省,葫芦岛市,连山区,葫芦岛市兴盛邮政所,葫芦岛市连山区兴盛街17号,信件、印刷品、包裹、邮政汇兑、国际业务、港澳台业务、报刊订阅,125001,https://zwfw.spb.gov.cn/gjj/pfyycsml/pfyycsmlDetail?uuid=50348,OK
50349,辽宁省,葫芦岛市,连山区,葫芦岛市群英路邮政所,葫芦岛市连山区群英路F楼14号门市房,信件、印刷品、包裹、邮政汇兑、国际业务、港澳台业务、报刊订阅,125001,https://zwfw.spb.gov.cn/gjj/pfyycsml/pfyycsmlDetail?uuid=50349,OK
50350,辽宁省,葫芦岛市,连山区,葫芦岛市红星路邮政支局,葫芦岛市连山区红星路,信件、印刷品、包裹、邮政汇兑、国际业务、港澳台业务、报刊订阅,125063,https://zwfw.spb.gov.cn/gjj/pfyycsml/pfyycsmlDetail?uuid=50350,OK
50351,辽宁省,葫芦岛市,连山区,葫芦岛市怀仁街邮政支局,葫芦岛市连山区怀仁街南侧三维佳园3号A门,信件、印刷品、包裹、邮政汇兑、国际业务、港澳台业务、报刊订阅,125063,https://zwfw.spb.gov.cn/gjj/pfyycsml/pfyycsmlDetail?uuid=50351,OK
50352,辽宁省,葫芦岛市,龙港区,葫芦岛市马仗房邮政所,葫芦岛市龙港区锦葫路52号,信件、印刷品、包裹、邮政汇兑、国际业务、港澳台业务、报刊订阅,125003,https://zwfw.spb.gov.cn/gjj/pfyycsml/pfyycsmlDetail?uuid=50352,OK
50353,辽宁省,葫芦岛市,龙港区,葫芦岛市西山坡邮政所,葫芦岛市西山坡,信件、印刷品、包裹、邮政汇兑、国际业务、港澳台业务、报刊订阅,125003,https://zwfw.spb.gov.cn/gjj/pfyycsml/pfyycsmlDetail?uuid=50353,OK
50354,辽宁省,葫芦岛市,龙港区,葫芦岛市玉皇商城邮政所,葫芦岛市龙港区玉皇商城内,信件、印刷品、包裹、邮政汇兑、国际业务、港澳台业务、报刊订阅,125060,https://zwfw.spb.gov.cn/gjj/pfyycsml/pfyycsmlDetail?uuid=50354,OK
50355,辽宁省,葫芦岛市,龙港区,葫芦岛市岛里邮政所,葫芦岛市龙港区锦葫路126号,信件、印刷品、包裹、邮政汇兑、国际业务、港澳台业务、报刊订阅,125004,https://zwfw.spb.gov.cn/gjj/pfyycsml/pfyycsmlDetail?uuid=50355,OK
50356,辽宁省,葫芦岛市,龙港区,葫芦岛市望海寺邮政所,葫芦岛市龙港区望海寺3－14号楼,信件、印刷品、包裹、邮政汇兑、国际业务、港澳台业务、报刊订阅,125005,https://zwfw.spb.gov.cn/gjj/pfyycsml/pfyycsmlDetail?uuid=50356,OK
50357,辽宁省,葫芦岛市,连山区,葫芦岛市沙河营邮政支局,葫芦岛市连山区沙河营乡,信件、印刷品、包裹、邮政汇兑、国际业务、港澳台业务、报刊订阅,125007,https://zwfw.spb.gov.cn/gjj/pfyycsml/pfyycsmlDetail?uuid=50357,OK
50358,辽宁省,葫芦岛市,南票区,葫芦岛市张相公邮政支局,葫芦岛市连山区张相公乡,信件、印刷品、包裹、邮政汇兑、国际业务、港澳台业务、报刊订阅,125008,https://zwfw.spb.gov.cn/gjj/pfyycsml/pfyycsmlDetail?uuid=50358,OK
50359,辽宁省,葫芦岛市,连山区,葫芦岛市钢屯邮政支局,葫芦岛市连山区钢屯镇正阳街,信件、印刷品、包裹、邮政汇兑、国际业务、港澳台业务、报刊订阅,125009,https://zwfw.spb.gov.cn/gjj/pfyycsml/pfyycsmlDetail?uuid=50359,OK
50360,辽宁省,葫芦岛市,连山区,葫芦岛市山神庙支局,葫芦岛市连山区山神庙乡山东村,信件、印刷品、包裹、邮政汇兑、国际业务、港澳台业务、报刊订阅,125011,https://zwfw.spb.gov.cn/gjj/pfyycsml/pfyycsmlDetail?uuid=50360,OK
50361,辽宁省,葫芦岛市,连山区,葫芦岛市塔山邮政支局,葫芦岛市南票区塔山乡,信件、印刷品、包裹、邮政汇兑、国际业务、港澳台业务、报刊订阅,125014,https://zwfw.spb.gov.cn/gjj/pfyycsml/pfyycsmlDetail?uuid=50361,OK
50362,辽宁省,葫芦岛市,南票区,葫芦岛市高桥邮政支局,葫芦岛市南票区高桥乡高桥大街57号,信件、印刷品、包裹、邮政汇兑、国际业务、港澳台业务、报刊订阅,125015,https://zwfw.spb.gov.cn/gjj/pfyycsml/pfyycsmlDetail?uuid=50362,OK
50363,辽宁省,葫芦岛市,南票区,东青堡邮政支局,葫芦岛市南票区大兴乡东青卜村,信件、印刷品、包裹、邮政汇兑、国际业务、港澳台业务、报刊订阅,125016,https://zwfw.spb.gov.cn/gjj/pfyycsml/pfyycsmlDetail?uuid=50363,OK
50364,辽宁省,葫芦岛市,南票区,葫芦岛市虹螺岘邮政支局,葫芦岛市南票区虹螺岘镇虹北村,信件、印刷品、包裹、邮政汇兑、国际业务、港澳台业务、报刊订阅,125017,https://zwfw.spb.gov.cn/gjj/pfyycsml/pfyycsmlDetail?uuid=50364,OK
50365,辽宁省,葫芦岛市,南票区,葫芦岛市金星邮政支局,葫芦岛市南票区金星镇,信件、印刷品、包裹、邮政汇兑、国际业务、港澳台业务、报刊订阅,125018,https://zwfw.spb.gov.cn/gjj/pfyycsml/pfyycsmlDetail?uuid=50365,OK
50366,辽宁省,葫芦岛市,南票区,葫芦岛市台集屯邮政支局,葫芦岛市连山区台集屯镇,信件、印刷品、包裹、邮政汇兑、国际业务、港澳台业务、报刊订阅,125019,https://zwfw.spb.gov.cn/gjj/pfyycsml/pfyycsmlDetail?uuid=50366,OK
50367,辽宁省,葫芦岛市,连山区,葫芦岛市寺儿堡邮政支局,葫芦岛市连山区寺儿堡镇,信件、印刷品、包裹、邮政汇兑、国际业务、港澳台业务、报刊订阅,125021,https://zwfw.spb.gov.cn/gjj/pfyycsml/pfyycsmlDetail?uuid=50367,OK
50368,辽宁省,葫芦岛市,龙港区,葫芦岛市玉锦邮政支局,葫芦岛市龙港区锦葫路63号,信件、印刷品、包裹、邮政汇兑、国际业务、港澳台业务、报刊订阅,125003,https://zwfw.spb.gov.cn/gjj/pfyycsml/pfyycsmlDetail?uuid=50368,OK
50369,辽宁省,葫芦岛市,连山区,葫芦岛市新台门邮政支局,葫芦岛市连山区新台门镇新台门村,信件、印刷品、包裹、邮政汇兑、国际业务、港澳台业务、报刊订阅,125024,https://zwfw.spb.gov.cn/gjj/pfyycsml/pfyycsmlDetail?uuid=50369,OK
50370,辽宁省,葫芦岛市,连山区,葫芦岛市白马石邮政支局,葫芦岛市连山区白马石乡,信件、印刷品、包裹、邮政汇兑、国际业务、港澳台业务、报刊订阅,125025,https://zwfw.spb.gov.cn/gjj/pfyycsml/pfyycsmlDetail?uuid=50370,OK
50371,辽宁省,葫芦岛市,连山区,葫芦岛市孤竹营子邮政支局,葫芦岛市连山区孤竹营子乡,信件、印刷品、包裹、邮政汇兑、国际业务、港澳台业务、报刊订阅,125026,https://zwfw.spb.gov.cn/gjj/pfyycsml/pfyycsmlDetail?uuid=50371,OK
50372,辽宁省,葫芦岛市,南票区,葫芦岛市沙锅屯邮政支局,葫芦岛市南票区沙锅屯,信件、印刷品、包裹、邮政汇兑、国际业务、港澳台业务、报刊订阅,125027,https://zwfw.spb.gov.cn/gjj/pfyycsml/pfyycsmlDetail?uuid=50372,OK
50373,辽宁省,葫芦岛市,连山区,葫芦岛市滨河路邮政支局,葫芦岛市连山区滨河路,信件、印刷品、包裹、邮政汇兑、国际业务、港澳台业务、报刊订阅,125001,https://zwfw.spb.gov.cn/gjj/pfyycsml/pfyycsmlDetail?uuid=50373,OK
50374,,,,,北京市西城区北礼士路甲8号,,,https://zwfw.spb.gov.cn/gjj/pfyycsml/pfyycsmlDetail?uuid=50374,OK
50375,辽宁省,葫芦岛市,南票区,葫芦岛市黄土坎邮政支局,葫芦岛市南票区黄土坎乡,信件、印刷品、包裹、邮政汇兑、国际业务、港澳台业务、报刊订阅,125028,https://zwfw.spb.gov.cn/gjj/pfyycsml/pfyycsmlDetail?uuid=50375,OK
50376,辽宁省,葫芦岛市,南票区,葫芦岛市暖池塘邮政支局,葫芦岛市南票区暖池塘镇,信件、印刷品、包裹、邮政汇兑、国际业务、港澳台业务、报刊订阅,125029,https://zwfw.spb.gov.cn/gjj/pfyycsml/pfyycsmlDetail?uuid=50376,OK
50377,辽宁省,葫芦岛市,南票区,葫芦岛市三家子邮政支局,葫芦岛市南票区三家子,信件、印刷品、包裹、邮政汇兑、国际业务、港澳台业务、报刊订阅,125031,https://zwfw.spb.gov.cn/gjj/pfyycsml/pfyycsmlDetail?uuid=50377,OK
50378,辽宁省,葫芦岛市,南票区,葫芦岛市缸窑岭邮政支局,葫芦岛市南票区缸窑岭镇,信件、印刷品、包裹、邮政汇兑、国际业务、港澳台业务、报刊订阅,125032,https://zwfw.spb.gov.cn/gjj/pfyycsml/pfyycsmlDetail?uuid=50378,OK
50379,辽宁省,葫芦岛市,龙港区,葫芦岛渤船家园邮政支局,葫芦岛市龙港区龙绣街绣园小区59-2,信件、印刷品、包裹、邮政汇兑、国际业务、港澳台业务、报刊订阅,125060,https://zwfw.spb.gov.cn/gjj/pfyycsml/pfyycsmlDetail?uuid=50379,OK
50380,辽宁省,铁岭市,铁岭县,新城区邮政支局,铁岭县凡河新区金沙江路公共行政商务区260号,信件、印刷品、包裹、邮政汇兑、国际业务、港澳台业务、报刊订阅,112099,https://zwfw.spb.gov.cn/gjj/pfyycsml/pfyycsmlDetail?uuid=50380,OK
50381,河南省,郑州市,郑州高新技术产业开发区,郑大新区邮政所,郑州市科学大道100号,信件、印刷品、包裹、邮政汇兑、国际业务、报刊订阅,450001,https://zwfw.spb.gov.cn/gjj/pfyycsml/pfyycsmlDetail?uuid=50381,OK
50382,河南省,郑州市,郑州高新技术产业开发区,翠竹街邮政所,河南省郑州市高新区翠竹街6号,信件、印刷品、包裹、邮政汇兑、国际业务、港澳台业务、报刊订阅,450001,https://zwfw.spb.gov.cn/gjj/pfyycsml/pfyycsmlDetail?uuid=50382,OK
50383,河南省,郑州市,金水区,庙张街邮政所,河南省郑州市郑东新区庙张街2号3号楼1单元1层附07号（2-8）、4号楼1单元1层附11号（2-9）号,信件、印刷品、包裹、邮政汇兑、国际业务、港澳台业务、报刊订阅,450046,https://zwfw.spb.gov.cn/gjj/pfyycsml/pfyycsmlDetail?uuid=50383,OK
50384,河南省,郑州市,金水区,农业南路邮政所,郑州市郑东新区农业南路9号,信件、印刷品、包裹、邮政汇兑、国际业务、港澳台业务、报刊订阅,450018,https://zwfw.spb.gov.cn/gjj/pfyycsml/pfyycsmlDetail?uuid=50384,OK
50385,河南省,郑州市,金水区,中道西路邮政支局,郑州市郑东新区中道西路29号,信件、印刷品、包裹、邮政汇兑、国际业务、港澳台业务、报刊订阅,450046,https://zwfw.spb.gov.cn/gjj/pfyycsml/pfyycsmlDetail?uuid=50385,OK
50386,河南省,郑州市,金水区,原盛国际邮政所,河南省郑州市郑东新区心怡路132-1号原盛国际,信件、印刷品、包裹、邮政汇兑、国际业务、港澳台业务、报刊订阅,450008,https://zwfw.spb.gov.cn/gjj/pfyycsml/pfyycsmlDetail?uuid=50386,OK
50387,河南省,郑州市,金水区,华北水利水电大学东区邮政支局,郑州市郑东新区金水东路136号华北水利水电大学龙子湖校区,信件、印刷品、包裹、邮政汇兑、国际业务、港澳台业务、报刊订阅,450046,https://zwfw.spb.gov.cn/gjj/pfyycsml/pfyycsmlDetail?uuid=50387,OK
50388,河南省,郑州市,金水区,众意路邮政所,郑州市郑东新区商务外环路12号附5号,信件、印刷品、包裹、邮政汇兑、国际业务、港澳台业务、报刊订阅,450018,https://zwfw.spb.gov.cn/gjj/pfyycsml/pfyycsmlDetail?uuid=50388,OK
50389,河南省,郑州市,郑州经济技术开发区,商都路邮政支局,河南省郑州市管城回族区商都路57号,信件、印刷品、包裹、邮政汇兑、国际业务、港澳台业务、报刊订阅,450016,https://zwfw.spb.gov.cn/gjj/pfyycsml/pfyycsmlDetail?uuid=50389,OK
50390,,,,,北京市西城区北礼士路甲8号,,,https://zwfw.spb.gov.cn/gjj/pfyycsml/pfyycsmlDetail?uuid=50390,OK
50391,,,,,北京市西城区北礼士路甲8号,,,https://zwfw.spb.gov.cn/gjj/pfyycsml/pfyycsmlDetail?uuid=50391,OK
50392,,,,,北京市西城区北礼士路甲8号,,,https://zwfw.spb.gov.cn/gjj/pfyycsml/pfyycsmlDetail?uuid=50392,OK
50393,河南省,平顶山市,平顶山市新城区,薛庄邮政支局,河南省平顶山市新华区平宝路薛庄镇政府西600米路南,信件、印刷品、包裹、邮政汇兑、报刊订阅,467041,https://zwfw.spb.gov.cn/gjj/pfyycsml/pfyycsmlDetail?uuid=50393,OK
50394,河南省,平顶山市,平顶山市新城区,新城区邮政支局,河南省平顶山市新城区公正路与经二路交叉口,信件、印刷品、包裹、邮政汇兑、国际业务、港澳台业务、报刊订阅,467036,https://zwfw.spb.gov.cn/gjj/pfyycsml/pfyycsmlDetail?uuid=50394,OK
50395,,,,,北京市西城区北礼士路甲8号,,,https://zwfw.spb.gov.cn/gjj/pfyycsml/pfyycsmlDetail?uuid=50395,OK
50396,河南省,安阳市,文峰区,东工路邮政支局,河南省安阳市东工路157号,信件、印刷品、包裹、邮政汇兑、国际业务、港澳台业务、报刊订阅,455099,https://zwfw.spb.gov.cn/gjj/pfyycsml/pfyycsmlDetail?uuid=50396,OK
50397,河南省,安阳市,文峰区,相一路邮政所,河南省安阳市文峰区文明大道499号,信件、印刷品、包裹、邮政汇兑、国际业务、港澳台业务、报刊订阅,455099,https://zwfw.spb.gov.cn/gjj/pfyycsml/pfyycsmlDetail?uuid=50397,OK
50398,河南省,安阳市,北关区,东风路邮政支局,河南省安阳市北关区东风路北段369号,信件、印刷品、包裹、邮政汇兑、国际业务、港澳台业务、报刊订阅,455001,https://zwfw.spb.gov.cn/gjj/pfyycsml/pfyycsmlDetail?uuid=50398,OK
50399,,,,,北京市西城区北礼士路甲8号,,,https://zwfw.spb.gov.cn/gjj/pfyycsml/pfyycsmlDetail?uuid=50399,OK
50400,河南省,安阳市,文峰区,中华北路邮政支局,河南省安阳市文峰区中华路80号义乌商贸城一楼,信件、印刷品、包裹、邮政汇兑、国际业务、港澳台业务、报刊订阅,455099,https://zwfw.spb.gov.cn/gjj/pfyycsml/pfyycsmlDetail?uuid=50400,OK
50401,河南省,安阳市,文峰区,文峰大道邮政支局,河南省安阳市文峰大道东段569号,信件、印刷品、包裹、邮政汇兑、国际业务、港澳台业务、报刊订阅,455099,https://zwfw.spb.gov.cn/gjj/pfyycsml/pfyycsmlDetail?uuid=50401,OK
50402,,,,,北京市西城区北礼士路甲8号,,,https://zwfw.spb.gov.cn/gjj/pfyycsml/pfyycsmlDetail?uuid=50402,OK
50403,,,,,北京市西城区北礼士路甲8号,,,https://zwfw.spb.gov.cn/gjj/pfyycsml/pfyycsmlDetail?uuid=50403,OK
50404,河南省,安阳市,安阳高新技术产业开发区,华强城邮政支局,河南省安阳市文峰区弦歌大道与朝霞路交叉口向北100米路东,信件、印刷品、包裹、邮政汇兑、国际业务、港澳台业务、报刊订阅,455000,https://zwfw.spb.gov.cn/gjj/pfyycsml/pfyycsmlDetail?uuid=50404,OK
50405,河南省,安阳市,北关区,和平路邮政支局,河南省安阳市北关区和平路中段27号,信件、印刷品、包裹、邮政汇兑、国际业务、港澳台业务、报刊订阅,455006,https://zwfw.spb.gov.cn/gjj/pfyycsml/pfyycsmlDetail?uuid=50405,OK
50406,河南省,安阳市,北关区,火车站邮政所,河南省河南省安阳市北关区迎宾路26号,信件、印刷品、包裹、邮政汇兑、国际业务、港澳台业务、报刊订阅,455006,https://zwfw.spb.gov.cn/gjj/pfyycsml/pfyycsmlDetail?uuid=50406,OK
50407,,,,,北京市西城区北礼士路甲8号,,,https://zwfw.spb.gov.cn/gjj/pfyycsml/pfyycsmlDetail?uuid=50407,OK
50408,,,,,北京市西城区北礼士路甲8号,,,https://zwfw.spb.gov.cn/gjj/pfyycsml/pfyycsmlDetail?uuid=50408,OK
50409,河南省,安阳市,殷都区,西郊乡邮政支局,河南省安阳市殷都区钢二路北段路东,信件、印刷品、包裹、邮政汇兑、国际业务、港澳台业务、报刊订阅,455004,https://zwfw.spb.gov.cn/gjj/pfyycsml/pfyycsmlDetail?uuid=50409,OK
50410,河南省,安阳市,龙安区,八里庄邮政支局,河南省安阳市龙安区文明大道西段350号,信件、印刷品、包裹、邮政汇兑、国际业务、港澳台业务、报刊订阅,455000,https://zwfw.spb.gov.cn/gjj/pfyycsml/pfyycsmlDetail?uuid=50410,OK
50411,河南省,安阳市,殷都区,纱厂邮政支局,河南省安阳市殷都区纱厂路洹文苑一楼,信件、印刷品、包裹、邮政汇兑、国际业务、港澳台业务、报刊订阅,455001,https://zwfw.spb.gov.cn/gjj/pfyycsml/pfyycsmlDetail?uuid=50411,OK
50412,河南省,安阳市,殷都区,电厂邮政支局,河南省安阳市殷都区电厂路派出所对面,信件、印刷品、包裹、邮政汇兑、国际业务、港澳台业务、报刊订阅,455004,https://zwfw.spb.gov.cn/gjj/pfyycsml/pfyycsmlDetail?uuid=50412,OK
50413,,,,,北京市西城区北礼士路甲8号,,,https://zwfw.spb.gov.cn/gjj/pfyycsml/pfyycsmlDetail?uuid=50413,OK
50414,河南省,濮阳市,华龙区,新习邮政支局,河南省濮阳市高新区新习东街,信件、印刷品、包裹、邮政汇兑、国际业务、港澳台业务、报刊订阅,457166,https://zwfw.spb.gov.cn/gjj/pfyycsml/pfyycsmlDetail?uuid=50414,OK
50415,河南省,濮阳市,华龙区,石化路邮政支局,河南省濮阳市华龙区石化路110号,信件、印刷品、包裹、邮政汇兑、国际业务、港澳台业务、报刊订阅,457000,https://zwfw.spb.gov.cn/gjj/pfyycsml/pfyycsmlDetail?uuid=50415,OK
50416,河南省,濮阳市,华龙区,戚城邮政支局,河南省濮阳市华龙区京开大道南段7号,信件、印刷品、包裹、邮政汇兑、国际业务、港澳台业务、报刊订阅,457000,https://zwfw.spb.gov.cn/gjj/pfyycsml/pfyycsmlDetail?uuid=50416,OK
50417,河南省,濮阳市,华龙区,黄河西路皇甫邮政支局,河南省濮阳市黄河路西段林海花园院内,信件、印刷品、包裹、邮政汇兑、国际业务、港澳台业务、报刊订阅,457000,https://zwfw.spb.gov.cn/gjj/pfyycsml/pfyycsmlDetail?uuid=50417,OK
50418,河南省,濮阳市,华龙区,中原西路邮政支局,河南省濮阳市京开路与中原路交叉口向西300米,信件、印刷品、包裹、邮政汇兑、国际业务、港澳台业务、报刊订阅,457000,https://zwfw.spb.gov.cn/gjj/pfyycsml/pfyycsmlDetail?uuid=50418,OK
50419,,,,,北京市西城区北礼士路甲8号,,,https://zwfw.spb.gov.cn/gjj/pfyycsml/pfyycsmlDetail?uuid=50419,OK
50420,河南省,濮阳市,华龙区,开州路邮政支局,河南省濮阳市开州中路287号,信件、印刷品、包裹、邮政汇兑、国际业务、港澳台业务、报刊订阅,457000,https://zwfw.spb.gov.cn/gjj/pfyycsml/pfyycsmlDetail?uuid=50420,OK
50421,河南省,濮阳市,华龙区,五一路邮政支局,河南省濮阳市五一路与历山路交叉口西100米路北,信件、印刷品、包裹、邮政汇兑、国际业务、港澳台业务、报刊订阅,457000,https://zwfw.spb.gov.cn/gjj/pfyycsml/pfyycsmlDetail?uuid=50421,OK
50422,河南省,濮阳市,华龙区,王助邮政支局,河南省濮阳市高新区王助乡政府,信件、印刷品、包裹、邮政汇兑、国际业务、港澳台业务、报刊订阅,457004,https://zwfw.spb.gov.cn/gjj/pfyycsml/pfyycsmlDetail?uuid=50422,OK
50423,河南省,濮阳市,华龙区,濮上路邮政支局,河南省濮阳市华龙区濮上中路199号,信件、印刷品、包裹、邮政汇兑、国际业务、港澳台业务、报刊订阅,457000,https://zwfw.spb.gov.cn/gjj/pfyycsml/pfyycsmlDetail?uuid=50423,OK
50424,河南省,漯河市,源汇区,漯河市长江路邮政所,河南省漯河市源汇区长江路7号,信件、印刷品、包裹、邮政汇兑、国际业务、港澳台业务、报刊订阅,462002,https://zwfw.spb.gov.cn/gjj/pfyycsml/pfyycsmlDetail?uuid=50424,OK
50425,河南省,漯河市,源汇区,漯河市职院邮政所,河南省漯河市源汇区嵩山路漯河医专东门对面,信件、印刷品、包裹、邮政汇兑、国际业务、港澳台业务、报刊订阅,462002,https://zwfw.spb.gov.cn/gjj/pfyycsml/pfyycsmlDetail?uuid=50425,OK
50426,河南省,商丘市,河南商丘经济开发区,商丘市郊区周集邮政所,商丘市梁园区周集乡周集大街,信件、印刷品、包裹、邮政汇兑、报刊订阅,476026,https://zwfw.spb.gov.cn/gjj/pfyycsml/pfyycsmlDetail?uuid=50426,OK
50427,河南省,商丘市,睢阳区,商丘市郊区宋城路邮政所,商丘市睢阳区神火大道与宋城路交叉口东60米路北,信件、印刷品、包裹、邮政汇兑、报刊订阅,476005,https://zwfw.spb.gov.cn/gjj/pfyycsml/pfyycsmlDetail?uuid=50427,OK
50428,河南省,商丘市,睢阳区,商丘市郊区宏伟蓝郡邮政支局,商丘市睢阳区新城街道凯旋东路香君路北,信件、印刷品、包裹、邮政汇兑、报刊订阅,476005,https://zwfw.spb.gov.cn/gjj/pfyycsml/pfyycsmlDetail?uuid=50428,OK
50429,河南省,商丘市,豫东综合物流产业聚集区,郊区张阁镇邮政支局,河南省商丘市梁园区张阁镇府前路与新街交叉口东50米路北,信件、印刷品、包裹、邮政汇兑、报刊订阅,476027,https://zwfw.spb.gov.cn/gjj/pfyycsml/pfyycsmlDetail?uuid=50429,OK
50430,河南省,商丘市,睢阳区,郊区闫集邮政所,河南省商丘市睢阳区闫集乡闫集西街,信件、印刷品、包裹、邮政汇兑、报刊订阅,476025,https://zwfw.spb.gov.cn/gjj/pfyycsml/pfyycsmlDetail?uuid=50430,OK
50431,河南省,商丘市,梁园区,商丘市郊区谢集镇邮政支局,商丘市梁园区谢集镇西街镇政府南,信件、印刷品、包裹、邮政汇兑、报刊订阅,476032,https://zwfw.spb.gov.cn/gjj/pfyycsml/pfyycsmlDetail?uuid=50431,OK
50432,河南省,商丘市,睢阳区,商丘市郊区中山街邮政所,河南省商丘市睢阳区中山北三街,信件、印刷品、包裹、邮政汇兑、报刊订阅,476005,https://zwfw.spb.gov.cn/gjj/pfyycsml/pfyycsmlDetail?uuid=50432,OK
50433,河南省,商丘市,睢阳区,商丘市郊区坞墙镇邮政支局,商丘市睢阳区坞墙镇北街105国道路西,信件、印刷品、包裹、邮政汇兑、报刊订阅,476022,https://zwfw.spb.gov.cn/gjj/pfyycsml/pfyycsmlDetail?uuid=50433,OK
50434,河南省,商丘市,梁园区,商丘市郊区王楼邮政所,商丘市梁园区王楼乡王楼村,信件、印刷品、包裹、邮政汇兑、报刊订阅,476033,https://zwfw.spb.gov.cn/gjj/pfyycsml/pfyycsmlDetail?uuid=50434,OK
50435,河南省,商丘市,梁园区,商丘市郊区孙付集乡邮政支局,商丘市梁园区孙付集乡十字街北100米,信件、印刷品、包裹、邮政汇兑、报刊订阅,476031,https://zwfw.spb.gov.cn/gjj/pfyycsml/pfyycsmlDetail?uuid=50435,OK
50436,河南省,商丘市,睢阳区,郊区睢阳邮政所,河南省商丘市睢阳区神火大道与香君路交叉口西350米路北,信件、印刷品、包裹、邮政汇兑、报刊订阅,476005,https://zwfw.spb.gov.cn/gjj/pfyycsml/pfyycsmlDetail?uuid=50436,OK
50437,河南省,商丘市,睢阳区,商丘市郊区宋集邮政支局,商丘市睢阳区宋集镇政府南200米,信件、印刷品、包裹、邮政汇兑、报刊订阅,476021,https://zwfw.spb.gov.cn/gjj/pfyycsml/pfyycsmlDetail?uuid=50437,OK
50438,河南省,商丘市,梁园区,商丘市郊区水池铺邮政所,商丘市梁园区水池铺乡乡政府东20米,信件、印刷品、包裹、邮政汇兑、报刊订阅,476036,https://zwfw.spb.gov.cn/gjj/pfyycsml/pfyycsmlDetail?uuid=50438,OK
50439,河南省,商丘市,梁园区,郊区双八邮政支局,河南省商丘市梁园区双八镇十字街南300米路西,信件、印刷品、包裹、邮政汇兑、报刊订阅,476028,https://zwfw.spb.gov.cn/gjj/pfyycsml/pfyycsmlDetail?uuid=50439,OK
50440,河南省,商丘市,睢阳区,商丘市郊区毛堌堆乡邮政支局,商丘市睢阳区毛堌堆北街路东,信件、印刷品、包裹、邮政汇兑、报刊订阅,476015,https://zwfw.spb.gov.cn/gjj/pfyycsml/pfyycsmlDetail?uuid=50440,OK
50441,河南省,商丘市,睢阳区,郊区路河邮政所,河南省商丘市睢阳区路河镇南街路东,信件、印刷品、包裹、邮政汇兑、报刊订阅,476016,https://zwfw.spb.gov.cn/gjj/pfyycsml/pfyycsmlDetail?uuid=50441,OK
50442,河南省,商丘市,睢阳区,商丘市郊区娄店邮政所,商丘市睢阳区娄店乡北街十字路口,信件、印刷品、包裹、邮政汇兑、报刊订阅,476018,https://zwfw.spb.gov.cn/gjj/pfyycsml/pfyycsmlDetail?uuid=50442,OK
50443,河南省,商丘市,梁园区,郊区刘口邮政支局,河南省商丘市梁园区刘口乡十字街南300米路东,信件、印刷品、包裹、邮政汇兑、报刊订阅,476029,https://zwfw.spb.gov.cn/gjj/pfyycsml/pfyycsmlDetail?uuid=50443,OK
50444,河南省,商丘市,睢阳区,郊区临河店邮政所,河南省商丘市睢阳区临河店乡十字大街向北100米路东,信件、印刷品、包裹、邮政汇兑、报刊订阅,476012,https://zwfw.spb.gov.cn/gjj/pfyycsml/pfyycsmlDetail?uuid=50444,OK
50445,河南省,商丘市,梁园区,商丘市郊区李庄乡邮政支局,商丘市郊区李庄乡政府东100米路北,信件、印刷品、包裹、邮政汇兑、报刊订阅,476030,https://zwfw.spb.gov.cn/gjj/pfyycsml/pfyycsmlDetail?uuid=50445,OK
50446,河南省,商丘市,睢阳区,商丘市郊区李口镇邮政支局,商丘市睢阳区李口镇镇政府南300米,信件、印刷品、包裹、邮政汇兑、报刊订阅,476017,https://zwfw.spb.gov.cn/gjj/pfyycsml/pfyycsmlDetail?uuid=50446,OK
50447,,,,,北京市西城区北礼士路甲8号,,,https://zwfw.spb.gov.cn/gjj/pfyycsml/pfyycsmlDetail?uuid=50447,OK
50448,河南省,商丘市,睢阳区,商丘市郊区九州路邮政所,商丘市睢阳区九州路与香君路交叉口北100米,信件、印刷品、包裹、邮政汇兑、报刊订阅,476005,https://zwfw.spb.gov.cn/gjj/pfyycsml/pfyycsmlDetail?uuid=50448,OK
50449,河南省,商丘市,睢阳区,郊区郭村邮政支局,河南省商丘市睢阳区郭村镇镇政府对面,信件、印刷品、包裹、邮政汇兑、报刊订阅,476011,https://zwfw.spb.gov.cn/gjj/pfyycsml/pfyycsmlDetail?uuid=50449,OK
50450,河南省,商丘市,梁园区,郊区观堂邮政支局,河南省商丘市梁园区观堂镇政府东50米商宁路260号,信件、印刷品、包裹、邮政汇兑、报刊订阅,476035,https://zwfw.spb.gov.cn/gjj/pfyycsml/pfyycsmlDetail?uuid=50450,OK
50451,河南省,商丘市,睢阳区,商丘市郊区高辛镇邮政支局,商丘市睢阳区高辛镇南街路西,信件、印刷品、包裹、邮政汇兑、报刊订阅,476019,https://zwfw.spb.gov.cn/gjj/pfyycsml/pfyycsmlDetail?uuid=50451,OK
50452,河南省,商丘市,睢阳区,商丘市郊区冯桥邮政所,商丘市睢阳区冯桥镇东街105路西,信件、印刷品、包裹、邮政汇兑、报刊订阅,476023,https://zwfw.spb.gov.cn/gjj/pfyycsml/pfyycsmlDetail?uuid=50452,OK
50453,河南省,商丘市,睢阳区,郊区北海路邮政支局,河南省商丘市睢阳区北海路郊区供电公司对面,信件、印刷品、包裹、邮政汇兑、报刊订阅,476005,https://zwfw.spb.gov.cn/gjj/pfyycsml/pfyycsmlDetail?uuid=50453,OK
50454,河南省,商丘市,睢阳区,商丘市郊区包公庙邮政所,商丘市睢阳区包公庙乡中心大街乡政府西,信件、印刷品、包裹、邮政汇兑、报刊订阅,476127,https://zwfw.spb.gov.cn/gjj/pfyycsml/pfyycsmlDetail?uuid=50454,OK
50455,河南省,商丘市,河南商丘经济开发区,商丘市郊区火车南站邮政所,商丘市睢阳区火车南站邮政大厦楼下,信件、印刷品、包裹、邮政汇兑、国际业务、港澳台业务、报刊订阅,476006,https://zwfw.spb.gov.cn/gjj/pfyycsml/pfyycsmlDetail?uuid=50455,OK
50456,河南省,南阳市,宛城区,东区邮政支局,河南省南阳市宛城区官庄工区东兴街道办事处泰山路中段,信件、印刷品、包裹、邮政汇兑、报刊订阅,473132,https://zwfw.spb.gov.cn/gjj/pfyycsml/pfyycsmlDetail?uuid=50456,OK
50457,河南省,南阳市,宛城区,中南路邮政支局,河南省南阳市宛城区官庄工区东兴街道办事处中南路107号,信件、印刷品、包裹、邮政汇兑、报刊订阅,473132,https://zwfw.spb.gov.cn/gjj/pfyycsml/pfyycsmlDetail?uuid=50457,OK
50458,河南省,南阳市,宛城区,五一路邮政所,河南省南阳市宛城区官庄工区五一路与广南路交叉口,信件、印刷品、包裹、邮政汇兑、国际业务、港澳台业务、报刊订阅,473132,https://zwfw.spb.gov.cn/gjj/pfyycsml/pfyycsmlDetail?uuid=50458,OK
50459,,,,,北京市西城区北礼士路甲8号,,,https://zwfw.spb.gov.cn/gjj/pfyycsml/pfyycsmlDetail?uuid=50459,OK
50460,河南省,南阳市,宛城区,南阳郊区汉冢邮政支局,河南省南阳市宛城汉冢乡粮所斜对面,信件、印刷品、包裹、邮政汇兑、报刊订阅,473123,https://zwfw.spb.gov.cn/gjj/pfyycsml/pfyycsmlDetail?uuid=50460,OK
50461,河南省,南阳市,卧龙区,南阳郊区青华邮政支局,河南省南阳市宛城区青华镇青华街幸福小区楼下,信件、印刷品、包裹、邮政汇兑、报刊订阅,473138,https://zwfw.spb.gov.cn/gjj/pfyycsml/pfyycsmlDetail?uuid=50461,OK
50462,河南省,南阳市,卧龙区,南阳郊区潦河邮政支局,河南省南阳市宛城区潦河镇安众街与杜衍街交叉口50米,信件、印刷品、包裹、邮政汇兑、报刊订阅,473137,https://zwfw.spb.gov.cn/gjj/pfyycsml/pfyycsmlDetail?uuid=50462,OK
50463,河南省,南阳市,卧龙区,南阳郊区潦河坡邮政支局,河南省南阳市卧龙区潦河坡镇潦河坡街168号,信件、印刷品、包裹、邮政汇兑、报刊订阅,473141,https://zwfw.spb.gov.cn/gjj/pfyycsml/pfyycsmlDetail?uuid=50463,OK
50464,河南省,南阳市,南阳市城乡一体化示范区,南阳郊区白河邮政支局,河南省南阳市宛城区长江路万正世家西侧路南,信件、印刷品、包裹、邮政汇兑、报刊订阅,473043,https://zwfw.spb.gov.cn/gjj/pfyycsml/pfyycsmlDetail?uuid=50464,OK
50465,河南省,南阳市,卧龙区,南阳郊区石桥邮政支局,河南省南阳市卧龙区石桥镇张横街与汉槐街交叉口北150米,信件、印刷品、包裹、邮政汇兑、报刊订阅,473112,https://zwfw.spb.gov.cn/gjj/pfyycsml/pfyycsmlDetail?uuid=50465,OK
50466,河南省,南阳市,宛城区,南阳郊区茶庵邮政支局,河南省南阳市卧龙区茶庵乡文化站对面,信件、印刷品、包裹、邮政汇兑、报刊订阅,473122,https://zwfw.spb.gov.cn/gjj/pfyycsml/pfyycsmlDetail?uuid=50466,OK
50467,河南省,南阳市,宛城区,南阳郊区红泥湾邮政所,河南省南阳市卧龙红泥湾镇红泥湾街西头312道路北,信件、印刷品、包裹、邮政汇兑、报刊订阅,473114,https://zwfw.spb.gov.cn/gjj/pfyycsml/pfyycsmlDetail?uuid=50467,OK
50468,河南省,南阳市,宛城区,南阳郊区官庄邮政支局,河南省南阳市卧龙区官庄镇振兴路东段,信件、印刷品、包裹、邮政汇兑、报刊订阅,473131,https://zwfw.spb.gov.cn/gjj/pfyycsml/pfyycsmlDetail?uuid=50468,OK
50469,河南省,南阳市,宛城区,南阳郊区黄台岗邮政支局,河南省南阳市宛城区黄台岗镇计生所隔壁,信件、印刷品、包裹、邮政汇兑、报刊订阅,473133,https://zwfw.spb.gov.cn/gjj/pfyycsml/pfyycsmlDetail?uuid=50469,OK
50470,河南省,南阳市,宛城区,南阳郊区金华邮政支局,河南省南阳市宛城区金华乡金华街北申伯路552号,信件、印刷品、包裹、邮政汇兑、报刊订阅,473126,https://zwfw.spb.gov.cn/gjj/pfyycsml/pfyycsmlDetail?uuid=50470,OK
50471,河南省,南阳市,卧龙区,南阳郊区陆营邮政支局,河南省南阳市卧龙区陆营镇利民路68号,信件、印刷品、包裹、邮政汇兑、报刊订阅,473136,https://zwfw.spb.gov.cn/gjj/pfyycsml/pfyycsmlDetail?uuid=50471,OK
50472,河南省,南阳市,卧龙区,南阳郊区蒲山邮政支局,河南省南阳市卧龙区蒲山镇新街北头,信件、印刷品、包裹、邮政汇兑、报刊订阅,473111,https://zwfw.spb.gov.cn/gjj/pfyycsml/pfyycsmlDetail?uuid=50472,OK
50473,河南省,南阳市,宛城区,南阳郊区瓦店邮政支局,河南省南阳市卧龙区瓦店镇逵营社区福田养老院南隔墙,信件、印刷品、包裹、邮政汇兑、报刊订阅,473134,https://zwfw.spb.gov.cn/gjj/pfyycsml/pfyycsmlDetail?uuid=50473,OK
50474,河南省,南阳市,南阳市城乡一体化示范区,南阳郊区新店邮政支局,河南省南阳市宛城区新店乡新店街康庄大道6号,信件、印刷品、包裹、邮政汇兑、报刊订阅,473113,https://zwfw.spb.gov.cn/gjj/pfyycsml/pfyycsmlDetail?uuid=50474,OK
50475,河南省,南阳市,卧龙区,南阳郊区英庄邮政支局,河南省南阳市英庄镇英庄初中西50米,信件、印刷品、包裹、邮政汇兑、报刊订阅,473135,https://zwfw.spb.gov.cn/gjj/pfyycsml/pfyycsmlDetail?uuid=50475,OK
50476,河南省,南阳市,卧龙区,南阳郊区王村邮政支局,河南省南阳市宛城区王村乡派出所东隔墙,信件、印刷品、包裹、邮政汇兑、报刊订阅,473139,https://zwfw.spb.gov.cn/gjj/pfyycsml/pfyycsmlDetail?uuid=50476,OK
50477,河南省,南阳市,卧龙区,南阳郊区谢庄邮政支局,河南省南阳市宛城区谢庄乡政府东隔墙,信件、印刷品、包裹、邮政汇兑、报刊订阅,473142,https://zwfw.spb.gov.cn/gjj/pfyycsml/pfyycsmlDetail?uuid=50477,OK
50478,河南省,南阳市,宛城区,南阳郊区高庙邮政支局,河南省南阳市宛城区高庙乡中心路南头,信件、印刷品、包裹、邮政汇兑、报刊订阅,473121,https://zwfw.spb.gov.cn/gjj/pfyycsml/pfyycsmlDetail?uuid=50478,OK
50479,河南省,南阳市,宛城区,南阳郊区溧河邮政支局,河南省南阳市宛城区伏牛路溧河物流园正门口南20米,信件、印刷品、包裹、邮政汇兑、报刊订阅,473124,https://zwfw.spb.gov.cn/gjj/pfyycsml/pfyycsmlDetail?uuid=50479,OK
50480,河南省,南阳市,卧龙区,南阳郊区小寨邮政所,河南省南阳市卧龙区龙王沟风景区小寨街中段,信件、印刷品、包裹、邮政汇兑、报刊订阅,473143,https://zwfw.spb.gov.cn/gjj/pfyycsml/pfyycsmlDetail?uuid=50480,OK
50481,河南省,南阳市,卧龙区,南阳郊区安皋邮政支局,河南省南阳市卧龙区安皋镇南京路农村信用社南50米,信件、印刷品、包裹、邮政汇兑、报刊订阅,473140,https://zwfw.spb.gov.cn/gjj/pfyycsml/pfyycsmlDetail?uuid=50481,OK
50482,河南省,济源市,济源市,济源天坛邮政支局,河南省济源市济水大道西段18号,信件、印刷品、包裹、邮政汇兑、国际业务、港澳台业务、报刊订阅,459004,https://zwfw.spb.gov.cn/gjj/pfyycsml/pfyycsmlDetail?uuid=50482,OK
50483,河南省,济源市,济源市,济源宣化邮政支局,河南省济源市宣化大街和关帝街交叉口东南,信件、印刷品、包裹、邮政汇兑、国际业务、港澳台业务、报刊订阅,459001,https://zwfw.spb.gov.cn/gjj/pfyycsml/pfyycsmlDetail?uuid=50483,OK
50484,河南省,济源市,济源市,北海邮政所,河南省济源市北海大道北侧星湖湾南门口,信件、印刷品、包裹、邮政汇兑、国际业务、港澳台业务、报刊订阅,459003,https://zwfw.spb.gov.cn/gjj/pfyycsml/pfyycsmlDetail?uuid=50484,OK
50485,河南省,济源市,济源市,济源市沁园邮政所,河南省济源市沁园中路80号,信件、印刷品、包裹、邮政汇兑、国际业务、港澳台业务、报刊订阅,459099,https://zwfw.spb.gov.cn/gjj/pfyycsml/pfyycsmlDetail?uuid=50485,OK
50486,河南省,济源市,济源市,济源市西城邮政支局,河南省济源市天坛工业大道与太行路交叉处,信件、印刷品、包裹、邮政汇兑、国际业务、港澳台业务、报刊订阅,459004,https://zwfw.spb.gov.cn/gjj/pfyycsml/pfyycsmlDetail?uuid=50486,OK
50487,河南省,济源市,济源市,济源周园东路邮政所,河南省济源市周园东路南侧,信件、印刷品、包裹、邮政汇兑、国际业务、港澳台业务、报刊订阅,454650,https://zwfw.spb.gov.cn/gjj/pfyycsml/pfyycsmlDetail?uuid=50487,OK
50488,河南省,济源市,济源市,济源行政区所,河南省济源市沁园路第一行政区东大门口,信件、印刷品、包裹、邮政汇兑、报刊订阅,459099,https://zwfw.spb.gov.cn/gjj/pfyycsml/pfyycsmlDetail?uuid=50488,OK
50489,河南省,济源市,济源市,济源市直机关所,河南省济源市第二行政区1号楼,信件、印刷品、包裹、邮政汇兑、报刊订阅,459099,https://zwfw.spb.gov.cn/gjj/pfyycsml/pfyycsmlDetail?uuid=50489,OK
50490,河南省,济源市,济源市,济源市中王邮政所,河南省济源市轵城镇中王村,信件、印刷品、包裹、邮政汇兑、报刊订阅,459003,https://zwfw.spb.gov.cn/gjj/pfyycsml/pfyycsmlDetail?uuid=50490,OK
50491,河南省,济源市,济源市,济源下冶邮政支局,河南省济源市下治镇下冶村,信件、印刷品、包裹、邮政汇兑、报刊订阅,459015,https://zwfw.spb.gov.cn/gjj/pfyycsml/pfyycsmlDetail?uuid=50491,OK
50492,河南省,济源市,济源市,济源李八庄邮政支局,河南省济源市承留镇李八庄村,信件、印刷品、包裹、邮政汇兑、报刊订阅,459009,https://zwfw.spb.gov.cn/gjj/pfyycsml/pfyycsmlDetail?uuid=50492,OK
50493,河南省,济源市,济源市,济源王屋邮政支局,河南省济源市王屋镇王屋村王屋村,信件、印刷品、包裹、邮政汇兑、报刊订阅,459013,https://zwfw.spb.gov.cn/gjj/pfyycsml/pfyycsmlDetail?uuid=50493,OK
50494,河南省,济源市,济源市,济源邵原邮政支局,河南省济源市邵原镇邵原村,信件、印刷品、包裹、邮政汇兑、报刊订阅,459014,https://zwfw.spb.gov.cn/gjj/pfyycsml/pfyycsmlDetail?uuid=50494,OK
50495,河南省,郑州市,金水区,民生路邮政支局,郑州市郑东新区民生路5号37号楼1层附104号,信件、印刷品、包裹、邮政汇兑、国际业务、港澳台业务、报刊订阅,450018,https://zwfw.spb.gov.cn/gjj/pfyycsml/pfyycsmlDetail?uuid=50495,OK
50496,山东省,聊城市,东昌府区,中国邮政集团有限公司聊城市韩集邮政支局,聊城市开发区韩集乡政府驻地中心街北段路东,信件、印刷品、包裹、邮政汇兑、报刊订阅,252127,https://zwfw.spb.gov.cn/gjj/pfyycsml/pfyycsmlDetail?uuid=50496,OK
50497,山东省,聊城市,东昌府区,中国邮政集团有限公司聊城市广平邮政支局,聊城市经济技术开发区广平乡万和街东段路南,信件、印刷品、包裹、邮政汇兑、报刊订阅,252128,https://zwfw.spb.gov.cn/gjj/pfyycsml/pfyycsmlDetail?uuid=50497,OK
50498,山东省,聊城市,东昌府区,中国邮政集团有限公司聊城市湖西邮政支局,聊城市东昌府区昌润路南段路东,信件、印刷品、包裹、邮政汇兑、报刊订阅,252027,https://zwfw.spb.gov.cn/gjj/pfyycsml/pfyycsmlDetail?uuid=50498,OK
50499,山东省,聊城市,东昌府区,中国邮政集团有限公司聊城市开发区邮政支局,开发区黄山南路东昌丽都三期商业9号(振华超市向南500米路东),信件、印刷品、包裹、邮政汇兑、国际业务、港澳台业务、报刊订阅,252001,https://zwfw.spb.gov.cn/gjj/pfyycsml/pfyycsmlDetail?uuid=50499,OK
50500,山东省,聊城市,东昌府区,中国邮政集团有限公司聊城市北杨集邮政支局,经济技术开发区北城街道办事处东西街东首路,信件、印刷品、包裹、邮政汇兑、报刊订阅,252021,https://zwfw.spb.gov.cn/gjj/pfyycsml/pfyycsmlDetail?uuid=50500,OK
50501,山东省,聊城市,东昌府区,中国邮政集团有限公司聊城市蒋官屯邮政支局,聊城市开发区辽河路228 号,信件、印刷品、包裹、邮政汇兑、报刊订阅,252022,https://zwfw.spb.gov.cn/gjj/pfyycsml/pfyycsmlDetail?uuid=50501,OK
50502,山东省,聊城市,东昌府区,中国邮政集团有限公司聊城市许营邮政支局,聊城市东昌府区许营乡政府驻地中心街西段路,信件、印刷品、包裹、邮政汇兑、报刊订阅,252023,https://zwfw.spb.gov.cn/gjj/pfyycsml/pfyycsmlDetail?uuid=50502,OK
50503,山东省,聊城市,东昌府区,中国邮政集团有限公司聊城市李海务邮政支局,聊城市东昌府区凤凰办事处驻地中心街东段路,信件、印刷品、包裹、邮政汇兑、报刊订阅,252024,https://zwfw.spb.gov.cn/gjj/pfyycsml/pfyycsmlDetail?uuid=50503,OK
50504,山东省,聊城市,东昌府区,中国邮政集团有限公司聊城市于集邮政支局,旅游度假区于集镇平安路与永盛街北,信件、印刷品、包裹、邮政汇兑、报刊订阅,252025,https://zwfw.spb.gov.cn/gjj/pfyycsml/pfyycsmlDetail?uuid=50504,OK
50505,山东省,聊城市,东昌府区,中国邮政集团有限公司聊城市朱老庄邮政支局,聊城市东昌府区朱老庄街李田路西首路北,信件、印刷品、包裹、邮政汇兑、报刊订阅,252026,https://zwfw.spb.gov.cn/gjj/pfyycsml/pfyycsmlDetail?uuid=50505,OK
50506,山东省,青岛市,黄岛区,红石崖邮政支局,青岛市黄岛区黄洋河路33号、35号、37号,信件、印刷品、包裹、邮政汇兑、国际业务、港澳台业务、报刊订阅,266426,https://zwfw.spb.gov.cn/gjj/pfyycsml/pfyycsmlDetail?uuid=50506,OK
50507,山东省,青岛市,黄岛区,大窑邮政支局,青岛市黄岛区日月山路50号,信件、印刷品、包裹、邮政汇兑、国际业务、港澳台业务、报刊订阅,266432,https://zwfw.spb.gov.cn/gjj/pfyycsml/pfyycsmlDetail?uuid=50507,OK
50508,山东省,青岛市,黄岛区,辛安邮政支局,青岛经济技术开发区黄河中路397号,信件、印刷品、包裹、邮政汇兑、国际业务、港澳台业务、报刊订阅,266510,https://zwfw.spb.gov.cn/gjj/pfyycsml/pfyycsmlDetail?uuid=50508,OK
50509,山东省,青岛市,黄岛区,山东科技大学邮政支局,青岛经济技术开发区前湾港路579号,信件、印刷品、包裹、邮政汇兑、国际业务、港澳台业务、报刊订阅,266590,https://zwfw.spb.gov.cn/gjj/pfyycsml/pfyycsmlDetail?uuid=50509,OK
50510,山东省,青岛市,黄岛区,黄河中路邮政支局,青岛市经济技术开发区黄河中路53号-11号,信件、印刷品、包裹、邮政汇兑、国际业务、港澳台业务、报刊订阅,266510,https://zwfw.spb.gov.cn/gjj/pfyycsml/pfyycsmlDetail?uuid=50510,OK
50511,山东省,青岛市,黄岛区,柳花泊邮政支局,青岛经济技术开发区灵珠山街道柳花泊路5号,信件、印刷品、包裹、邮政汇兑、国际业务、港澳台业务、报刊订阅,266515,https://zwfw.spb.gov.cn/gjj/pfyycsml/pfyycsmlDetail?uuid=50511,OK
50512,山东省,青岛市,黄岛区,薛家岛邮政支局,青岛经济技术开发区长江中路499号,信件、印刷品、包裹、邮政汇兑、国际业务、港澳台业务、报刊订阅,266520,https://zwfw.spb.gov.cn/gjj/pfyycsml/pfyycsmlDetail?uuid=50512,OK
50513,山东省,青岛市,黄岛区,武夷山路邮政支局,青岛市黄岛区武夷山路462号,信件、印刷品、包裹、邮政汇兑、国际业务、港澳台业务、报刊订阅,266555,https://zwfw.spb.gov.cn/gjj/pfyycsml/pfyycsmlDetail?uuid=50513,OK
50514,山东省,青岛市,黄岛区,山里邮政支局,青岛经济技术开发区薛家岛山里安置小区B区B-13号网点,信件、印刷品、包裹、邮政汇兑、国际业务、港澳台业务、报刊订阅,266530,https://zwfw.spb.gov.cn/gjj/pfyycsml/pfyycsmlDetail?uuid=50514,OK
50515,山东省,青岛市,黄岛区,香江路邮政支局,青岛经济技术开发区香江路49号,信件、印刷品、包裹、邮政汇兑、国际业务、港澳台业务、报刊订阅,266555,https://zwfw.spb.gov.cn/gjj/pfyycsml/pfyycsmlDetail?uuid=50515,OK
50516,山东省,青岛市,黄岛区,保税区邮政支局,青岛经济技术开发区保税区北京路52号转盘东200米,信件、印刷品、包裹、邮政汇兑、国际业务、港澳台业务、报刊订阅,266555,https://zwfw.spb.gov.cn/gjj/pfyycsml/pfyycsmlDetail?uuid=50516,OK
50517,山东省,青岛市,黄岛区,滨海学院邮政所,青岛经济技术开发区嘉陵江西路425号,信件、印刷品、包裹、邮政汇兑、国际业务、港澳台业务、报刊订阅,266540,https://zwfw.spb.gov.cn/gjj/pfyycsml/pfyycsmlDetail?uuid=50517,OK
50518,山东省,青岛市,黄岛区,中国邮政集团有限公司青岛市青岛理工大学黄岛校区邮政支局,青岛市黄岛区嘉陵江东路777号,信件、印刷品、包裹、邮政汇兑、国际业务、港澳台业务、报刊订阅,266520,https://zwfw.spb.gov.cn/gjj/pfyycsml/pfyycsmlDetail?uuid=50518,OK
50519,山东省,青岛市,黄岛区,石油大学邮政支局,青岛经济技术开发区长江西路66号,信件、印刷品、包裹、邮政汇兑、国际业务、港澳台业务、报刊订阅,266580,https://zwfw.spb.gov.cn/gjj/pfyycsml/pfyycsmlDetail?uuid=50519,OK
50520,山东省,青岛市,黄岛区,薛辛庄邮政支局,青岛经济技术开发区峨眉山路786号,信件、印刷品、包裹、邮政汇兑、国际业务、港澳台业务、报刊订阅,266555,https://zwfw.spb.gov.cn/gjj/pfyycsml/pfyycsmlDetail?uuid=50520,OK
50521,山东省,潍坊市,奎文区,中国邮政集团有限公司潍坊市福寿东街邮政支局,山东省潍坊市高新区富华路以西福寿东街以南A座东五商业房,信件、印刷品、包裹、邮政汇兑、国际业务、港澳台业务、报刊订阅,261061,https://zwfw.spb.gov.cn/gjj/pfyycsml/pfyycsmlDetail?uuid=50521,OK
50522,,,,,北京市西城区北礼士路甲8号,,,https://zwfw.spb.gov.cn/gjj/pfyycsml/pfyycsmlDetail?uuid=50522,OK
50523,山东省,潍坊市,奎文区,中国邮政集团有限公司潍坊市市府大楼邮政支局,山东省潍坊市高新区胜利东街99号,信件、印刷品、包裹、邮政汇兑、国际业务、港澳台业务、报刊订阅,261061,https://zwfw.spb.gov.cn/gjj/pfyycsml/pfyycsmlDetail?uuid=50523,OK
50524,山东省,济南市,济南高新技术产业开发区,高新技术开发区邮政支局,山东省济南市高新区崇华路三庆财富中心C座1楼,信件、印刷品、包裹、邮政汇兑、国际业务、港澳台业务、报刊订阅,250101,https://zwfw.spb.gov.cn/gjj/pfyycsml/pfyycsmlDetail?uuid=50524,OK
50525,山东省,济南市,济南高新技术产业开发区,康虹路邮政支局,山东省济南市高新区康虹路1115号,信件、印刷品、包裹、邮政汇兑、国际业务、港澳台业务、报刊订阅,250101,https://zwfw.spb.gov.cn/gjj/pfyycsml/pfyycsmlDetail?uuid=50525,OK
50526,山东省,济南市,济南高新技术产业开发区,孙村邮政支局,山东省济南市高新区孙村办事处北临50米,信件、印刷品、包裹、邮政汇兑、国际业务、港澳台业务、报刊订阅,250104,https://zwfw.spb.gov.cn/gjj/pfyycsml/pfyycsmlDetail?uuid=50526,OK
50527,山东省,青岛市,黄岛区,崇明岛路邮政支局,青岛经济技术开发区斋堂岛街29号,信件、印刷品、包裹、邮政汇兑、国际业务、港澳台业务、报刊订阅,266599,https://zwfw.spb.gov.cn/gjj/pfyycsml/pfyycsmlDetail?uuid=50527,OK
50528,山东省,淄博市,周村区,中国邮政集团有限公司淄博市梅家河邮政支局,山东省淄博市周村区北郊镇柳园路北首,信件、印刷品、包裹、邮政汇兑、报刊订阅,255314,https://zwfw.spb.gov.cn/gjj/pfyycsml/pfyycsmlDetail?uuid=50528,OK
50529,山东省,淄博市,周村区,中国邮政集团有限公司淄博市文昌湖邮政支局,山东省淄博市周村区萌水镇夏侯村,信件、印刷品、包裹、邮政汇兑、报刊订阅,255308,https://zwfw.spb.gov.cn/gjj/pfyycsml/pfyycsmlDetail?uuid=50529,OK
50530,山东省,淄博市,周村区,中国邮政集团有限公司淄博市萌水邮政支局,山东省淄博市周村区萌水镇中心大街,信件、印刷品、包裹、邮政汇兑、报刊订阅,255318,https://zwfw.spb.gov.cn/gjj/pfyycsml/pfyycsmlDetail?uuid=50530,OK
50531,山东省,烟台市,烟台经济技术开发区,天山北路邮政支局,烟台开发区长江路71号内1号,信件、印刷品、包裹、邮政汇兑、国际业务、港澳台业务、报刊订阅,264006,https://zwfw.spb.gov.cn/gjj/pfyycsml/pfyycsmlDetail?uuid=50531,OK
50532,山东省,烟台市,烟台经济技术开发区,黄河路邮政支局,烟台开发区黄河路3号,信件、印刷品、包裹、邮政汇兑、国际业务、港澳台业务、报刊订阅,264006,https://zwfw.spb.gov.cn/gjj/pfyycsml/pfyycsmlDetail?uuid=50532,OK
50533,山东省,烟台市,烟台经济技术开发区,富士康邮政所,烟台开发区古现街道越秀金沙小区20号楼108商铺,信件、印刷品、包裹、邮政汇兑、国际业务、港澳台业务、报刊订阅,264052,https://zwfw.spb.gov.cn/gjj/pfyycsml/pfyycsmlDetail?uuid=50533,OK
50534,山东省,烟台市,烟台经济技术开发区,八角邮政支局,烟台开发区古现街道合肥大街19号海和花园9号楼111号、112号,信件、印刷品、包裹、邮政汇兑、国际业务、港澳台业务、报刊订阅,265501,https://zwfw.spb.gov.cn/gjj/pfyycsml/pfyycsmlDetail?uuid=50534,OK
50535,山东省,烟台市,烟台经济技术开发区,古现邮政支局,烟台开发区古现,信件、印刷品、包裹、邮政汇兑、国际业务、港澳台业务、报刊订阅,265502,https://zwfw.spb.gov.cn/gjj/pfyycsml/pfyycsmlDetail?uuid=50535,OK
50536,山东省,烟台市,烟台经济技术开发区,芦洋邮政所,烟台开发区芦洋村,信件、印刷品、包裹、邮政汇兑、国际业务、港澳台业务、报刊订阅,264051,https://zwfw.spb.gov.cn/gjj/pfyycsml/pfyycsmlDetail?uuid=50536,OK
50537,山东省,潍坊市,坊子区,中国邮政集团有限公司潍坊市车留庄邮政支局,山东省潍坊市高新区新钢街办潍坊东站,信件、印刷品、包裹、邮政汇兑、报刊订阅,261201,https://zwfw.spb.gov.cn/gjj/pfyycsml/pfyycsmlDetail?uuid=50537,OK
50538,山东省,潍坊市,坊子区,中国邮政集团有限公司潍坊市清池邮政支局,山东省潍坊市高新区健康东街以北惠贤路以西,信件、印刷品、包裹、邮政汇兑、报刊订阅,261205,https://zwfw.spb.gov.cn/gjj/pfyycsml/pfyycsmlDetail?uuid=50538,OK
50539,山东省,威海市,威海经济技术开发区,中国邮政集团有限公司威海市蒿泊邮政支局,山东省威海市经济技术开发区青岛中路256-16号,信件、印刷品、包裹、邮政汇兑、国际业务、港澳台业务、报刊订阅,264205,https://zwfw.spb.gov.cn/gjj/pfyycsml/pfyycsmlDetail?uuid=50539,OK
50540,山东省,威海市,威海经济技术开发区,中国邮政集团有限公司威海市海瞳路邮政支局,山东省威海市经济技术开发区海瞳路26-2号,信件、印刷品、包裹、邮政汇兑、国际业务、港澳台业务、报刊订阅,264205,https://zwfw.spb.gov.cn/gjj/pfyycsml/pfyycsmlDetail?uuid=50540,OK
50541,山东省,威海市,威海经济技术开发区,中国邮政集团有限公司威海市凤林邮政支局,山东省威海市经区凤林街道香港路69号,信件、印刷品、包裹、邮政汇兑、国际业务、港澳台业务、报刊订阅,264205,https://zwfw.spb.gov.cn/gjj/pfyycsml/pfyycsmlDetail?uuid=50541,OK
50542,山东省,威海市,环翠区,中国邮政集团有限公司威海市温泉邮政支局,山东省威海市环翠区温泉路202号,信件、印刷品、包裹、邮政汇兑、国际业务、港澳台业务、报刊订阅,264206,https://zwfw.spb.gov.cn/gjj/pfyycsml/pfyycsmlDetail?uuid=50542,OK
50543,山东省,威海市,威海经济技术开发区,中国邮政集团有限公司威海市崮山邮政支局,山东省威海市经济技术开发区崮山镇耩东村,信件、印刷品、包裹、邮政汇兑、国际业务、港澳台业务、报刊订阅,264207,https://zwfw.spb.gov.cn/gjj/pfyycsml/pfyycsmlDetail?uuid=50543,OK
50544,山东省,威海市,环翠区,中国邮政集团有限公司威海市桥头邮政支局,山东省威海市桥头镇桥兴路66号,信件、印刷品、包裹、邮政汇兑、国际业务、港澳台业务、报刊订阅,264212,https://zwfw.spb.gov.cn/gjj/pfyycsml/pfyycsmlDetail?uuid=50544,OK
50545,山东省,威海市,威海经济技术开发区,中国邮政集团有限公司威海市泊于邮政支局,山东省威海市经济技术开发区泊于镇驻地,信件、印刷品、包裹、邮政汇兑、国际业务、港澳台业务、报刊订阅,264213,https://zwfw.spb.gov.cn/gjj/pfyycsml/pfyycsmlDetail?uuid=50545,OK
50546,四川省,绵阳市,游仙区,绵阳市科学城839邮政支局,四川省绵阳市科学城花园侧街,信件、印刷品、包裹、邮政汇兑、国际业务、港澳台业务、报刊订阅,621999,https://zwfw.spb.gov.cn/gjj/pfyycsml/pfyycsmlDetail?uuid=50546,OK
50547,四川省,绵阳市,游仙区,绵阳市科学城148邮政支局,四川省绵阳市游仙区科学城8区,信件、印刷品、包裹、邮政汇兑、报刊订阅,621999,https://zwfw.spb.gov.cn/gjj/pfyycsml/pfyycsmlDetail?uuid=50547,OK
50548,四川省,绵阳市,游仙区,绵阳市科学城7区邮政支局,四川省绵阳市游仙区科学城7区,信件、印刷品、包裹、邮政汇兑、报刊订阅,621999,https://zwfw.spb.gov.cn/gjj/pfyycsml/pfyycsmlDetail?uuid=50548,OK
50549,四川省,绵阳市,游仙区,绵阳市科学城9区邮政支局,四川省绵阳市游仙区科学城9区,信件、印刷品、包裹、邮政汇兑、报刊订阅,621999,https://zwfw.spb.gov.cn/gjj/pfyycsml/pfyycsmlDetail?uuid=50549,OK
50550,四川省,成都市,武侯区,成都市天久北巷邮政所,四川省成都市高新区桂溪街道天顺路309号,信件、印刷品、包裹、邮政汇兑、报刊订阅,610095,https://zwfw.spb.gov.cn/gjj/pfyycsml/pfyycsmlDetail?uuid=50550,OK
50551,四川省,成都市,武侯区,成都市衣冠庙邮政支局,四川省成都市高新区肖家河街道永丰路6号,信件、印刷品、包裹、邮政汇兑、国际业务、港澳台业务、报刊订阅,610093,https://zwfw.spb.gov.cn/gjj/pfyycsml/pfyycsmlDetail?uuid=50551,OK
50552,四川省,成都市,武侯区,成都市石羊场邮政所,四川省成都市高新区石羊街道锦城大道790号2栋附5号,信件、印刷品、包裹、邮政汇兑、报刊订阅,610095,https://zwfw.spb.gov.cn/gjj/pfyycsml/pfyycsmlDetail?uuid=50552,OK
50553,四川省,成都市,武侯区,成都市天府四街邮政所,四川省成都市高新区桂溪街道天府四街588号,信件、印刷品、包裹、邮政汇兑、报刊订阅,610095,https://zwfw.spb.gov.cn/gjj/pfyycsml/pfyycsmlDetail?uuid=50553,OK
50554,四川省,成都市,武侯区,成都市紫荆东路邮政支局,四川省成都市高新区芳草街道紫竹南一街1号,信件、印刷品、包裹、邮政汇兑、报刊订阅,610094,https://zwfw.spb.gov.cn/gjj/pfyycsml/pfyycsmlDetail?uuid=50554,OK
50555,四川省,成都市,武侯区,成都市天府软件园邮政支局,四川省成都市高新区世纪城路1043号,信件、印刷品、包裹、邮政汇兑、报刊订阅,610095,https://zwfw.spb.gov.cn/gjj/pfyycsml/pfyycsmlDetail?uuid=50555,OK
50556,四川省,成都市,武侯区,成都市大源邮政支局,四川省成都市高新区桂溪街道大源北二街40、42、44、46号,信件、印刷品、包裹、邮政汇兑、报刊订阅,610095,https://zwfw.spb.gov.cn/gjj/pfyycsml/pfyycsmlDetail?uuid=50556,OK
50557,四川省,绵阳市,江油市,绵阳市科学城华丰邮政支局,四川省绵阳市江油市华丰新村9号9072信箱,信件、印刷品、包裹、邮政汇兑、报刊订阅,621908,https://zwfw.spb.gov.cn/gjj/pfyycsml/pfyycsmlDetail?uuid=50557,OK
50558,四川省,绵阳市,平武县,绵阳市科学城长征邮政支局,四川省绵阳市江油市华丰新村9号9071信箱,信件、印刷品、包裹、邮政汇兑、报刊订阅,621907,https://zwfw.spb.gov.cn/gjj/pfyycsml/pfyycsmlDetail?uuid=50558,OK
50559,河北省,唐山市,路北区,建设路邮政支局,建设南街27号,信件、印刷品、包裹、邮政汇兑、国际业务、港澳台业务、报刊订阅,063000,https://zwfw.spb.gov.cn/gjj/pfyycsml/pfyycsmlDetail?uuid=50559,OK
50560,河北省,唐山市,路北区,红星楼邮政支局,红星楼市场南口,信件、印刷品、包裹、邮政汇兑、国际业务、港澳台业务、报刊订阅,063099,https://zwfw.spb.gov.cn/gjj/pfyycsml/pfyycsmlDetail?uuid=50560,OK
50561,,,,,北京市西城区北礼士路甲8号,,,https://zwfw.spb.gov.cn/gjj/pfyycsml/pfyycsmlDetail?uuid=50561,OK
50562,河北省,唐山市,路北区,文化路邮政支局,文化路132号,信件、印刷品、包裹、邮政汇兑、国际业务、港澳台业务、报刊订阅,063099,https://zwfw.spb.gov.cn/gjj/pfyycsml/pfyycsmlDetail?uuid=50562,OK
50563,河北省,唐山市,路北区,华岩路邮政支局,华岩路57号,信件、印刷品、包裹、邮政汇兑、国际业务、港澳台业务、报刊订阅,063000,https://zwfw.spb.gov.cn/gjj/pfyycsml/pfyycsmlDetail?uuid=50563,OK
50564,河北省,唐山市,路北区,翔云西里邮政所,河北省唐山市路北区卫国北路翔云西里底商,信件、印刷品、包裹、邮政汇兑,063000,https://zwfw.spb.gov.cn/gjj/pfyycsml/pfyycsmlDetail?uuid=50564,OK
50565,河北省,唐山市,路北区,兴源道邮政支局,兴源道196号,信件、印刷品、包裹、邮政汇兑、国际业务、港澳台业务、报刊订阅,063000,https://zwfw.spb.gov.cn/gjj/pfyycsml/pfyycsmlDetail?uuid=50565,OK
50566,河北省,唐山市,路北区,丰源道邮政支局,华岩路与大学道交叉口东行20米白玉兰酒店,信件、印刷品、包裹、邮政汇兑、国际业务、港澳台业务、报刊订阅,063000,https://zwfw.spb.gov.cn/gjj/pfyycsml/pfyycsmlDetail?uuid=50566,OK
50567,河北省,唐山市,路南区,胜利路邮政支局,胜利路104号,信件、印刷品、包裹、邮政汇兑、国际业务、港澳台业务、报刊订阅,063001,https://zwfw.spb.gov.cn/gjj/pfyycsml/pfyycsmlDetail?uuid=50567,OK
50568,河北省,唐山市,路南区,南刘屯邮政支局,复兴路44号,信件、印刷品、包裹、邮政汇兑、国际业务、港澳台业务、报刊订阅,063001,https://zwfw.spb.gov.cn/gjj/pfyycsml/pfyycsmlDetail?uuid=50568,OK
50569,河北省,唐山市,路北区,棉纺路邮政支局,棉纺路1号,信件、印刷品、包裹、邮政汇兑、国际业务、港澳台业务、报刊订阅,063002,https://zwfw.spb.gov.cn/gjj/pfyycsml/pfyycsmlDetail?uuid=50569,OK
50570,河北省,唐山市,开平区,越河邮政代办所,河北唐山路北越河镇政府门口,信件、印刷品、包裹、邮政汇兑,063002,https://zwfw.spb.gov.cn/gjj/pfyycsml/pfyycsmlDetail?uuid=50570,OK
50571,河北省,唐山市,路北区,郭大里邮政支局,唐山市路北区郭大里健康楼底商305楼11号,信件、印刷品、包裹、邮政汇兑、报刊订阅,063099,https://zwfw.spb.gov.cn/gjj/pfyycsml/pfyycsmlDetail?uuid=50571,OK
50572,河北省,唐山市,路北区,龙泽南路邮政支局,车站路169号,信件、印刷品、包裹、邮政汇兑、国际业务、港澳台业务、报刊订阅,063000,https://zwfw.spb.gov.cn/gjj/pfyycsml/pfyycsmlDetail?uuid=50572,OK
50573,河北省,唐山市,路北区,唐山站邮政支局,南新西道146号,信件、印刷品、包裹、邮政汇兑、国际业务、港澳台业务、报刊订阅,063000,https://zwfw.spb.gov.cn/gjj/pfyycsml/pfyycsmlDetail?uuid=50573,OK
50574,河北省,唐山市,路南区,南湖金地邮政支局,路南区仁泰北里702楼底商,信件、印刷品、包裹、邮政汇兑、国际业务、港澳台业务、报刊订阅,063004,https://zwfw.spb.gov.cn/gjj/pfyycsml/pfyycsmlDetail?uuid=50574,OK
50575,河北省,唐山市,路北区,长宁道邮政支局,凤宁花园底商108楼6-1,信件、印刷品、包裹、邮政汇兑、国际业务、港澳台业务、报刊订阅,063020,https://zwfw.spb.gov.cn/gjj/pfyycsml/pfyycsmlDetail?uuid=50575,OK
50576,河北省,唐山市,路北区,缸窑路邮政支局,缸窑路101号,信件、印刷品、包裹、邮政汇兑、国际业务、港澳台业务、报刊订阅,063020,https://zwfw.spb.gov.cn/gjj/pfyycsml/pfyycsmlDetail?uuid=50576,OK
50577,河北省,唐山市,路北区,永庆道邮政支局,大庆道26号,信件、印刷品、包裹、邮政汇兑、国际业务、港澳台业务、报刊订阅,063020,https://zwfw.spb.gov.cn/gjj/pfyycsml/pfyycsmlDetail?uuid=50577,OK
50578,河北省,唐山市,开平区,开平邮政支局,西城路12号,信件、印刷品、包裹、邮政汇兑、国际业务、港澳台业务、报刊订阅,063021,https://zwfw.spb.gov.cn/gjj/pfyycsml/pfyycsmlDetail?uuid=50578,OK
50579,河北省,唐山市,开平区,开平新苑路支局,新苑路88号,信件、印刷品、包裹、邮政汇兑、国际业务、港澳台业务,063021,https://zwfw.spb.gov.cn/gjj/pfyycsml/pfyycsmlDetail?uuid=50579,OK
50580,河北省,唐山市,开平区,唐山市洼里邮政代办所,河北唐山开平洼里镇政府门口,信件、印刷品、包裹、邮政汇兑,063021,https://zwfw.spb.gov.cn/gjj/pfyycsml/pfyycsmlDetail?uuid=50580,OK
50581,,,,,北京市西城区北礼士路甲8号,,,https://zwfw.spb.gov.cn/gjj/pfyycsml/pfyycsmlDetail?uuid=50581,OK
50582,河北省,唐山市,开平区,新村邮政所,开平栗园村北街,信件、印刷品、包裹、邮政汇兑、国际业务、港澳台业务、报刊订阅,063021,https://zwfw.spb.gov.cn/gjj/pfyycsml/pfyycsmlDetail?uuid=50582,OK
50583,河北省,唐山市,古冶区,震兴道邮政支局,河北省唐山市古冶区震兴道中段,信件、印刷品、包裹、邮政汇兑、报刊订阅,063104,https://zwfw.spb.gov.cn/gjj/pfyycsml/pfyycsmlDetail?uuid=50583,OK
50584,河北省,唐山市,古冶区,新华街邮政支局,河北省唐山市古冶区西新楼205道北侧,信件、印刷品、包裹、邮政汇兑、报刊订阅,063102,https://zwfw.spb.gov.cn/gjj/pfyycsml/pfyycsmlDetail?uuid=50584,OK
50585,河北省,唐山市,古冶区,唐家庄邮政支局,河北省唐山市古冶区新兴路,信件、印刷品、包裹、邮政汇兑、报刊订阅,063105,https://zwfw.spb.gov.cn/gjj/pfyycsml/pfyycsmlDetail?uuid=50585,OK
50586,河北省,唐山市,古冶区,赵各庄邮政支局,河北省唐山市古冶区赵各庄大马路中国联通北侧,信件、印刷品、包裹、邮政汇兑、报刊订阅,063101,https://zwfw.spb.gov.cn/gjj/pfyycsml/pfyycsmlDetail?uuid=50586,OK
50587,河北省,唐山市,古冶区,王辇庄邮政所,河北省唐山市古冶区王辇庄乡政府,信件、印刷品、包裹、邮政汇兑、报刊订阅,063109,https://zwfw.spb.gov.cn/gjj/pfyycsml/pfyycsmlDetail?uuid=50587,OK
50588,河北省,唐山市,古冶区,林西邮政支局,河北省唐山市古冶区新林道50号,信件、印刷品、包裹、邮政汇兑、国际业务、港澳台业务、报刊订阅,063103,https://zwfw.spb.gov.cn/gjj/pfyycsml/pfyycsmlDetail?uuid=50588,OK
50589,河北省,唐山市,古冶区,吕家坨邮政支局,河北省唐山市古冶区吕家坨水塔楼,信件、印刷品、包裹、邮政汇兑、报刊订阅,063106,https://zwfw.spb.gov.cn/gjj/pfyycsml/pfyycsmlDetail?uuid=50589,OK
50590,河北省,唐山市,古冶区,中国邮政集团有限公司唐山市南范各庄邮政支局,河北省唐山市古冶区南范各庄新市街2号,信件、印刷品、包裹、邮政汇兑、报刊订阅,063108,https://zwfw.spb.gov.cn/gjj/pfyycsml/pfyycsmlDetail?uuid=50590,OK
50591,河北省,唐山市,古冶区,卑家店邮政所,河北省唐山市古冶区京华东里社区东侧,信件、印刷品、包裹、邮政汇兑、报刊订阅,063110,https://zwfw.spb.gov.cn/gjj/pfyycsml/pfyycsmlDetail?uuid=50591,OK
50592,河北省,唐山市,古冶区,大庄坨邮政所,河北省唐山市古冶区大庄坨乡政府院内,信件、印刷品、包裹、邮政汇兑、报刊订阅,063111,https://zwfw.spb.gov.cn/gjj/pfyycsml/pfyycsmlDetail?uuid=50592,OK
50593,河北省,秦皇岛市,海港区,石门寨邮政支局,河北省秦皇岛市开发区石门寨镇,信件、印刷品、包裹、邮政汇兑、国际业务、港澳台业务、报刊订阅,066014,https://zwfw.spb.gov.cn/gjj/pfyycsml/pfyycsmlDetail?uuid=50593,OK
50594,河北省,秦皇岛市,海港区,驻操营邮政支局,河北省秦皇岛市开发区驻操营镇郭庄村150号,信件、印刷品、包裹、邮政汇兑、国际业务、港澳台业务、报刊订阅,066016,https://zwfw.spb.gov.cn/gjj/pfyycsml/pfyycsmlDetail?uuid=50594,OK
50595,河北省,秦皇岛市,海港区,杜庄邮政支局,河北省秦皇岛市开发区杜庄镇,信件、印刷品、包裹、邮政汇兑、国际业务、港澳台业务、报刊订阅,066015,https://zwfw.spb.gov.cn/gjj/pfyycsml/pfyycsmlDetail?uuid=50595,OK
50596,河北省,邯郸市,邯山区,马庄邮政所,河北省邯郸市邯山区陵园路84号,信件、印刷品、包裹、邮政汇兑、国际业务、港澳台业务、报刊订阅,056006,https://zwfw.spb.gov.cn/gjj/pfyycsml/pfyycsmlDetail?uuid=50596,OK
50597,河北省,邢台市,信都区,邢台市钢铁路邮政支局,邢台市钢铁路（市三院斜对面）,信件、印刷品、包裹、邮政汇兑、国际业务、报刊订阅,054000,https://zwfw.spb.gov.cn/gjj/pfyycsml/pfyycsmlDetail?uuid=50597,OK
50598,河北省,邢台市,信都区,邢台市中兴西邮政支局,邢台市中兴西大街（市邮政局）,信件、印刷品、包裹、邮政汇兑、报刊订阅,054099,https://zwfw.spb.gov.cn/gjj/pfyycsml/pfyycsmlDetail?uuid=50598,OK
50599,河北省,邢台市,信都区,邢台市新兴路邮政支局,邢台市新兴西大街西头路北,信件、印刷品、包裹、邮政汇兑、报刊订阅,054099,https://zwfw.spb.gov.cn/gjj/pfyycsml/pfyycsmlDetail?uuid=50599,OK
50600,河北省,邢台市,信都区,邢台市中兴路邮政支局,邢台市中兴西大街105号,信件、印刷品、包裹、邮政汇兑、港澳台业务、报刊订阅,054099,https://zwfw.spb.gov.cn/gjj/pfyycsml/pfyycsmlDetail?uuid=50600,OK
50601,河北省,邢台市,信都区,邢台市中华路邮政支局,中华大街184号,信件、印刷品、包裹、邮政汇兑、报刊订阅,054099,https://zwfw.spb.gov.cn/gjj/pfyycsml/pfyycsmlDetail?uuid=50601,OK
50602,,,,,北京市西城区北礼士路甲8号,,,https://zwfw.spb.gov.cn/gjj/pfyycsml/pfyycsmlDetail?uuid=50602,OK
50603,河北省,邢台市,襄都区,邢台市张宽邮政所,邢台市信都区煤矿工人村25号,信件、印刷品、包裹、邮政汇兑、报刊订阅,054099,https://zwfw.spb.gov.cn/gjj/pfyycsml/pfyycsmlDetail?uuid=50603,OK
50604,河北省,邢台市,信都区,邢台市公园东街邮政支局,邢台市信都泉南西大街与兴达路交叉口西北角127－3号,信件、印刷品、包裹、邮政汇兑、报刊订阅,054002,https://zwfw.spb.gov.cn/gjj/pfyycsml/pfyycsmlDetail?uuid=50604,OK
50605,河北省,邢台市,信都区,邢台市钢铁北路邮政所,邢台市钢铁北路,信件、印刷品、包裹、邮政汇兑、报刊订阅,054099,https://zwfw.spb.gov.cn/gjj/pfyycsml/pfyycsmlDetail?uuid=50605,OK
50606,河北省,邢台市,襄都区,邢台市东郭,河北省邢台市襄都区新华南路东郭村镇东郭村新街5号,信件、印刷品、包裹、邮政汇兑,054001,https://zwfw.spb.gov.cn/gjj/pfyycsml/pfyycsmlDetail?uuid=50606,OK
50607,河北省,邢台市,襄都区,邢台市王快邮政所,经济开发区王快镇祥和大街15号-2,信件、印刷品、包裹、邮政汇兑,054001,https://zwfw.spb.gov.cn/gjj/pfyycsml/pfyycsmlDetail?uuid=50607,OK
50608,河北省,邢台市,襄都区,邢台市大梁庄邮政所,邢台市襄都区平安路绿洲新城小区大门西侧临街4号门市,信件、印刷品、包裹、邮政汇兑,054001,https://zwfw.spb.gov.cn/gjj/pfyycsml/pfyycsmlDetail?uuid=50608,OK
50609,河北省,邢台市,信都区,邢台市火车站邮政支局,邢台市火车站广场,信件、印刷品、包裹、邮政汇兑、国际业务、报刊订阅,054999,https://zwfw.spb.gov.cn/gjj/pfyycsml/pfyycsmlDetail?uuid=50609,OK
50610,河北省,邢台市,邢台县,邢台县顺德路邮政支局,邢台市襄都区光明街1小区1号楼2号门市,信件、印刷品、包裹、邮政汇兑、国际业务、报刊订阅,054001,https://zwfw.spb.gov.cn/gjj/pfyycsml/pfyycsmlDetail?uuid=50610,OK
50611,河北省,邢台市,襄都区,邢台市中兴东邮政支局,邢台市襄都区中兴东大街新世纪嘉园天和苑2号商铺101/102号,信件、印刷品、包裹、邮政汇兑、报刊订阅,054001,https://zwfw.spb.gov.cn/gjj/pfyycsml/pfyycsmlDetail?uuid=50611,OK
50612,河北省,邢台市,襄都区,邢台市羊市道邮政支局,邢台市羊市道街南口路东,信件、印刷品、包裹、邮政汇兑、报刊订阅,054001,https://zwfw.spb.gov.cn/gjj/pfyycsml/pfyycsmlDetail?uuid=50612,OK
50613,河北省,邢台市,襄都区,邢台市新兴东邮政支局,邢台市新兴东大街,信件、印刷品、包裹、邮政汇兑、报刊订阅,054005,https://zwfw.spb.gov.cn/gjj/pfyycsml/pfyycsmlDetail?uuid=50613,OK
50614,河北省,邢台市,襄都区,邢台市新华路邮政支局,邢台市新华南路,信件、印刷品、包裹、邮政汇兑、报刊订阅,054001,https://zwfw.spb.gov.cn/gjj/pfyycsml/pfyycsmlDetail?uuid=50614,OK
50615,河北省,邢台市,襄都区,邢台市团结东邮政支局,邢台市襄都区团结东大街水岸蓝庭小区门口,信件、印刷品、包裹、邮政汇兑、报刊订阅,054001,https://zwfw.spb.gov.cn/gjj/pfyycsml/pfyycsmlDetail?uuid=50615,OK
50616,河北省,邢台市,信都区,邢台市李村邮政所,邢台市信都区李村21号,信件、印刷品、包裹、邮政汇兑、报刊订阅,054099,https://zwfw.spb.gov.cn/gjj/pfyycsml/pfyycsmlDetail?uuid=50616,OK
50617,,,,,北京市西城区北礼士路甲8号,,,https://zwfw.spb.gov.cn/gjj/pfyycsml/pfyycsmlDetail?uuid=50617,OK
50618,河北省,保定市,竞秀区,保定江城邮政支局,保定市天威西路4440号,信件、印刷品、包裹、邮政汇兑、报刊订阅,071026,https://zwfw.spb.gov.cn/gjj/pfyycsml/pfyycsmlDetail?uuid=50618,OK
50619,河北省,张家口市,桥东区,张家口市桥东邮政支局,张家口市桥东区解放后街16号,信件、印刷品、包裹、邮政汇兑,075001,https://zwfw.spb.gov.cn/gjj/pfyycsml/pfyycsmlDetail?uuid=50619,OK
50620,河北省,张家口市,桥西区,张家口市桥西邮政支局,张家口市桥西区西河沿1号,信件、印刷品、包裹、邮政汇兑、国际业务、港澳台业务、报刊订阅,075099,https://zwfw.spb.gov.cn/gjj/pfyycsml/pfyycsmlDetail?uuid=50620,OK
50621,河北省,张家口市,桥东区,张家口市二五一邮政支局,张家口市桥东区德胜南街2号欣盛小区6号底商,信件、印刷品、包裹、邮政汇兑,075001,https://zwfw.spb.gov.cn/gjj/pfyycsml/pfyycsmlDetail?uuid=50621,OK
50622,河北省,张家口市,张家口市高新技术产业开发区,建院邮政所,张家口市桥东区朝阳西大街13号,信件、印刷品、包裹、邮政汇兑,075031,https://zwfw.spb.gov.cn/gjj/pfyycsml/pfyycsmlDetail?uuid=50622,OK
50623,,,,,北京市西城区北礼士路甲8号,,,https://zwfw.spb.gov.cn/gjj/pfyycsml/pfyycsmlDetail?uuid=50623,OK
50624,河北省,张家口市,张家口市高新技术产业开发区,张家口市世纪路邮政支局,张家口经济技术开发区14号,信件、印刷品、包裹、邮政汇兑,075031,https://zwfw.spb.gov.cn/gjj/pfyycsml/pfyycsmlDetail?uuid=50624,OK
50625,,,,,北京市西城区北礼士路甲8号,,,https://zwfw.spb.gov.cn/gjj/pfyycsml/pfyycsmlDetail?uuid=50625,OK
50626,河北省,张家口市,张家口市高新技术产业开发区,张家口市西苑路邮政支局,张家口市桥西区西苑路19号,信件、印刷品、包裹、邮政汇兑,075099,https://zwfw.spb.gov.cn/gjj/pfyycsml/pfyycsmlDetail?uuid=50626,OK
50627,河北省,张家口市,张家口市高新技术产业开发区,张家口市沈家屯邮政所,张家口市经济开发区高家屯天秀花园四期底商9号,信件、印刷品、包裹、邮政汇兑,075031,https://zwfw.spb.gov.cn/gjj/pfyycsml/pfyycsmlDetail?uuid=50627,OK
50628,河北省,张家口市,张家口市高新技术产业开发区,中国邮政集团有限公司张家口市胜利中路邮政支局,经济开发区胜利中路28号,信件、印刷品、包裹、邮政汇兑,075051,https://zwfw.spb.gov.cn/gjj/pfyycsml/pfyycsmlDetail?uuid=50628,OK
50629,河北省,张家口市,桥西区,张家口市通顺街邮政所,张家口市桥西区新华街惠民花园24号楼底商105室,信件、印刷品、包裹、邮政汇兑,075041,https://zwfw.spb.gov.cn/gjj/pfyycsml/pfyycsmlDetail?uuid=50629,OK
50630,河北省,张家口市,桥西区,张家口市明德南邮政支局,张家口市桥西区明德南街136号,信件、印刷品、包裹、邮政汇兑,075061,https://zwfw.spb.gov.cn/gjj/pfyycsml/pfyycsmlDetail?uuid=50630,OK
50631,河北省,张家口市,桥西区,张家口市明德北路邮政支局,张家口市桥西区大境门街道明德北路58-4号,信件、印刷品、包裹、邮政汇兑,075001,https://zwfw.spb.gov.cn/gjj/pfyycsml/pfyycsmlDetail?uuid=50631,OK
50632,河北省,张家口市,桥西区,张家口市西坝岗邮政支局,桥西区南瓦北街12号SOHO国际广场1号楼13号底商一层,信件、印刷品、包裹、邮政汇兑,075041,https://zwfw.spb.gov.cn/gjj/pfyycsml/pfyycsmlDetail?uuid=50632,OK
50633,河北省,承德市,双桥区,中国邮政集团有限公司承德市南营子支局,南营子大街36号,信件、印刷品、包裹、邮政汇兑、国际业务、港澳台业务、报刊订阅,067020,https://zwfw.spb.gov.cn/gjj/pfyycsml/pfyycsmlDetail?uuid=50633,OK
50634,河北省,承德市,双桥区,中国邮政集团有限公司承德市火神庙支局,丽正门大街1-3号,信件、印刷品、包裹、邮政汇兑、国际业务、港澳台业务、报刊订阅,067022,https://zwfw.spb.gov.cn/gjj/pfyycsml/pfyycsmlDetail?uuid=50634,OK
50635,河北省,承德市,双桥区,中国邮政集团有限公司承德市西大街支局,西大街88号,信件、印刷品、包裹、邮政汇兑、报刊订阅,067026,https://zwfw.spb.gov.cn/gjj/pfyycsml/pfyycsmlDetail?uuid=50635,OK
50636,河北省,承德市,双桥区,中国邮政集团有限公司承德市和润新城邮政支局,高新区西区和润佳汇广场商业街,信件、印刷品、包裹、邮政汇兑,067070,https://zwfw.spb.gov.cn/gjj/pfyycsml/pfyycsmlDetail?uuid=50636,OK
50637,河北省,承德市,双桥区,中国邮政集团有限公司承德市狮子沟支局,喇嘛寺兴盛丽水二期S7#商业103铺,信件、印刷品、包裹、邮政汇兑、报刊订阅,067050,https://zwfw.spb.gov.cn/gjj/pfyycsml/pfyycsmlDetail?uuid=50637,OK
50638,河北省,承德市,双桥区,中国邮政集团有限公司承德市车站路邮政支局,机场路第五幼儿园对面,信件、印刷品、包裹、邮政汇兑、报刊订阅,067032,https://zwfw.spb.gov.cn/gjj/pfyycsml/pfyycsmlDetail?uuid=50638,OK
50639,河北省,承德市,双桥区,中国邮政集团有限公司承德市普宁寺邮政所,普宁街超市,信件、印刷品、包裹、邮政汇兑、报刊订阅,067050,https://zwfw.spb.gov.cn/gjj/pfyycsml/pfyycsmlDetail?uuid=50639,OK
50640,河北省,承德市,双桥区,中国邮政集团有限公司承德市大石庙支局,大石庙镇大石庙村,信件、印刷品、包裹、邮政汇兑、报刊订阅,067065,https://zwfw.spb.gov.cn/gjj/pfyycsml/pfyycsmlDetail?uuid=50640,OK
50641,河北省,承德市,双桥区,中国邮政集团有限公司承德市南园支局,南园路邮电小区6号楼1层,信件、印刷品、包裹、邮政汇兑、报刊订阅,067040,https://zwfw.spb.gov.cn/gjj/pfyycsml/pfyycsmlDetail?uuid=50641,OK
50642,河北省,承德市,承德高新技术产业开发区,中国邮政集团有限公司承德市冯营子支局,冯营子镇冯营子村,信件、印刷品、包裹、邮政汇兑、报刊订阅,067060,https://zwfw.spb.gov.cn/gjj/pfyycsml/pfyycsmlDetail?uuid=50642,OK
50643,河北省,承德市,双桥区,中国邮政集团有限公司承德市医学院支局,上二道河子医学院内,信件、印刷品、包裹、邮政汇兑、报刊订阅,067050,https://zwfw.spb.gov.cn/gjj/pfyycsml/pfyycsmlDetail?uuid=50643,OK
50644,河北省,承德市,双滦区,中国邮政集团有限公司承德市双滦区双塔山支局,双塔山镇中心大街426号,信件、印刷品、包裹、邮政汇兑、港澳台业务、报刊订阅,067101,https://zwfw.spb.gov.cn/gjj/pfyycsml/pfyycsmlDetail?uuid=50644,OK
50645,河北省,承德市,双滦区,中国邮政集团有限公司承德市双滦区三岔口邮政所,双滦区双塔山镇元宝山街73号,信件、印刷品、包裹、邮政汇兑,067101,https://zwfw.spb.gov.cn/gjj/pfyycsml/pfyycsmlDetail?uuid=50645,OK
50646,河北省,承德市,双滦区,中国邮政集团有限公司承德市双滦区滦河支局,承德市双滦区滦河镇滦河大街7号,信件、印刷品、包裹、邮政汇兑、港澳台业务,067102,https://zwfw.spb.gov.cn/gjj/pfyycsml/pfyycsmlDetail?uuid=50646,OK
50647,河北省,承德市,双滦区,中国邮政集团有限公司承德市双滦区西地邮政所,西地家属区51路站点,信件、印刷品、包裹、邮政汇兑、报刊订阅,067102,https://zwfw.spb.gov.cn/gjj/pfyycsml/pfyycsmlDetail?uuid=50647,OK
50648,河北省,承德市,双滦区,中国邮政集团有限公司承德市双滦区大庙支局,大庙镇31号,信件、印刷品、包裹、邮政汇兑、报刊订阅,067103,https://zwfw.spb.gov.cn/gjj/pfyycsml/pfyycsmlDetail?uuid=50648,OK
50649,河北省,承德市,双滦区,中国邮政集团有限公司承德市双滦区锦绣城支局,河北省承德市双滦区承德市双滦区锦绣城一期五区底商5-PT3-101-201,信件、印刷品、包裹、邮政汇兑,067101,https://zwfw.spb.gov.cn/gjj/pfyycsml/pfyycsmlDetail?uuid=50649,OK
50650,河北省,承德市,双滦区,中国邮政集团有限公司承德市双滦区偏桥子邮政所,承德市双滦区偏桥子镇偏桥子村,信件、印刷品、包裹、邮政汇兑、报刊订阅,067110,https://zwfw.spb.gov.cn/gjj/pfyycsml/pfyycsmlDetail?uuid=50650,OK
50651,河北省,承德市,双滦区,中国邮政集团有限公司承德市双滦区分公司陈栅子邮政支局,河北承德双滦陈栅子,信件、印刷品、包裹、邮政汇兑,067112,https://zwfw.spb.gov.cn/gjj/pfyycsml/pfyycsmlDetail?uuid=50651,OK
50652,河北省,廊坊市,广阳区,廊坊市新华路邮政支局,新华路82号交通大厦北侧,信件、印刷品、包裹、邮政汇兑、国际业务、港澳台业务、报刊订阅,065099,https://zwfw.spb.gov.cn/gjj/pfyycsml/pfyycsmlDetail?uuid=50652,OK
50653,河北省,廊坊市,广阳区,世纪花园邮政支局,河北省廊坊市广阳区新开路世纪花园西门底商,信件、印刷品、包裹、邮政汇兑、国际业务、港澳台业务、报刊订阅,065099,https://zwfw.spb.gov.cn/gjj/pfyycsml/pfyycsmlDetail?uuid=50653,OK
50654,河北省,廊坊市,广阳区,光明东道邮政支局,廊坊市光明东道45号,信件、印刷品、包裹、邮政汇兑、国际业务、港澳台业务、报刊订阅,065099,https://zwfw.spb.gov.cn/gjj/pfyycsml/pfyycsmlDetail?uuid=50654,OK
50655,河北省,廊坊市,安次区,汇源名居邮政支局,廊坊市汇源名居底商S6-108,信件、印刷品、包裹、邮政汇兑、国际业务、港澳台业务、报刊订阅,065099,https://zwfw.spb.gov.cn/gjj/pfyycsml/pfyycsmlDetail?uuid=50655,OK
50656,河北省,廊坊市,广阳区,金桥小区邮政支局,廊坊市金桥小区南门脸房,信件、印刷品、包裹、邮政汇兑、国际业务、港澳台业务、报刊订阅,065099,https://zwfw.spb.gov.cn/gjj/pfyycsml/pfyycsmlDetail?uuid=50656,OK
50657,河北省,廊坊市,广阳区,警察大学邮政支局,廊坊市安次区西昌路220号中国人民警察大学综合服务楼,信件、印刷品、包裹、邮政汇兑、国际业务、港澳台业务、报刊订阅,065099,https://zwfw.spb.gov.cn/gjj/pfyycsml/pfyycsmlDetail?uuid=50657,OK
50658,河北省,廊坊市,广阳区,北华航天工业学院邮政支局,廊坊市爱民东道133号,信件、印刷品、包裹、邮政汇兑、国际业务、港澳台业务、报刊订阅,065099,https://zwfw.spb.gov.cn/gjj/pfyycsml/pfyycsmlDetail?uuid=50658,OK
50659,河北省,廊坊市,广阳区,广阳道邮政支局,廊坊市广阳道1号,信件、印刷品、包裹、邮政汇兑、国际业务、港澳台业务、报刊订阅,065099,https://zwfw.spb.gov.cn/gjj/pfyycsml/pfyycsmlDetail?uuid=50659,OK
50660,河北省,廊坊市,广阳区,建国道邮政支局,廊坊市广阳区建国道402号,信件、印刷品、包裹、邮政汇兑、国际业务、港澳台业务、报刊订阅,065099,https://zwfw.spb.gov.cn/gjj/pfyycsml/pfyycsmlDetail?uuid=50660,OK
50661,河北省,廊坊市,安次区,光明西道邮政支局,廊坊市光明西道208号1号楼第十四户,信件、印刷品、包裹、邮政汇兑、国际业务、港澳台业务、报刊订阅,065099,https://zwfw.spb.gov.cn/gjj/pfyycsml/pfyycsmlDetail?uuid=50661,OK
50662,河北省,廊坊市,广阳区,河北工业大学邮政支局,廊坊市新华路尚北金街1-2号,信件、印刷品、包裹、邮政汇兑、国际业务、港澳台业务、报刊订阅,065099,https://zwfw.spb.gov.cn/gjj/pfyycsml/pfyycsmlDetail?uuid=50662,OK
50663,河北省,廊坊市,安次区,龙河邮政支局,廊坊市安次区富康道街中建悦居时代小区21-1-101号,信件、印刷品、包裹、邮政汇兑、国际业务、港澳台业务,065099,https://zwfw.spb.gov.cn/gjj/pfyycsml/pfyycsmlDetail?uuid=50663,OK
50664,河北省,廊坊市,安次区,码头邮政支局,廊坊市码头镇码头村中心街,信件、印刷品、包裹、邮政汇兑、国际业务、报刊订阅,065003,https://zwfw.spb.gov.cn/gjj/pfyycsml/pfyycsmlDetail?uuid=50664,OK
50665,河北省,廊坊市,安次区,西安庄邮政支局,廊坊市码头镇西安庄村,信件、印刷品、包裹、邮政汇兑、国际业务、港澳台业务、报刊订阅,065099,https://zwfw.spb.gov.cn/gjj/pfyycsml/pfyycsmlDetail?uuid=50665,OK
50666,河北省,廊坊市,安次区,葛渔城邮政支局,廊坊市葛渔城镇葛渔城村中心街客运站南行350米路西,信件、印刷品、包裹、邮政汇兑、国际业务、港澳台业务、报刊订阅,065000,https://zwfw.spb.gov.cn/gjj/pfyycsml/pfyycsmlDetail?uuid=50666,OK
50667,河北省,廊坊市,安次区,东沽港邮政支局,廊坊市东沽港镇东沽港村,信件、印刷品、包裹、邮政汇兑、国际业务、港澳台业务、报刊订阅,065004,https://zwfw.spb.gov.cn/gjj/pfyycsml/pfyycsmlDetail?uuid=50667,OK
50668,河北省,廊坊市,广阳区,九州邮政支局,廊坊市广阳区九州镇九州三村中心小学西500米,信件、印刷品、包裹、邮政汇兑、港澳台业务、报刊订阅,065005,https://zwfw.spb.gov.cn/gjj/pfyycsml/pfyycsmlDetail?uuid=50668,OK
50669,河北省,廊坊市,广阳区,墨其营邮政支局,廊坊市万庄矿区商业街25区,信件、印刷品、包裹、邮政汇兑、国际业务、港澳台业务、报刊订阅,065007,https://zwfw.spb.gov.cn/gjj/pfyycsml/pfyycsmlDetail?uuid=50669,OK
50670,河北省,廊坊市,广阳区,和平路邮政支局,廊坊市广阳区和平路59号,信件、印刷品、包裹、邮政汇兑、国际业务、港澳台业务、报刊订阅,065099,https://zwfw.spb.gov.cn/gjj/pfyycsml/pfyycsmlDetail?uuid=50670,OK
50671,河北省,廊坊市,广阳区,上善颐园邮政支局,廊坊市广阳区裕华路上善颐园.芷菱苑北区底商A8-105 号,信件、印刷品、包裹、邮政汇兑、国际业务、港澳台业务、报刊订阅,065099,https://zwfw.spb.gov.cn/gjj/pfyycsml/pfyycsmlDetail?uuid=50671,OK
50672,河北省,廊坊市,广阳区,杜各庄邮政支局,杜各庄村秀城街西头,信件、印刷品、包裹、邮政汇兑、国际业务、港澳台业务、报刊订阅,065099,https://zwfw.spb.gov.cn/gjj/pfyycsml/pfyycsmlDetail?uuid=50672,OK
50673,河北省,廊坊市,安次区,调河头邮政支局,河北省廊坊市安次区调河头乡解家道1号,信件、印刷品、包裹、邮政汇兑、港澳台业务,065099,https://zwfw.spb.gov.cn/gjj/pfyycsml/pfyycsmlDetail?uuid=50673,OK
50674,河北省,廊坊市,安次区,落垡邮政支局,河北省廊坊市安次区东张务乡落垡电信营业厅,信件、印刷品、包裹、邮政汇兑、港澳台业务、报刊订阅,065099,https://zwfw.spb.gov.cn/gjj/pfyycsml/pfyycsmlDetail?uuid=50674,OK
50675,河北省,廊坊市,安次区,仇庄邮政支局,河北省廊坊市安次区仇庄乡,信件、印刷品、包裹、邮政汇兑,065099,https://zwfw.spb.gov.cn/gjj/pfyycsml/pfyycsmlDetail?uuid=50675,OK
50676,河北省,廊坊市,安次区,杨税务邮政支局,河北省廊坊市安次区廊霸路103号,信件、印刷品、包裹、邮政汇兑,065099,https://zwfw.spb.gov.cn/gjj/pfyycsml/pfyycsmlDetail?uuid=50676,OK
50677,江苏省,无锡市,滨湖区,无锡华庄邮政支局,无锡市华庄公园路24号,信件、印刷品、包裹、邮政汇兑、报刊订阅,214131,https://zwfw.spb.gov.cn/gjj/pfyycsml/pfyycsmlDetail?uuid=50677,OK
50678,江苏省,无锡市,滨湖区,无锡东绛邮政支局,无锡经济开发区东绛周新中路102号,信件、印刷品、包裹、邮政汇兑、报刊订阅,214121,https://zwfw.spb.gov.cn/gjj/pfyycsml/pfyycsmlDetail?uuid=50678,OK
50679,江苏省,无锡市,滨湖区,无锡市民中心邮政支局,无锡市滨湖区新金匮路1号,信件、印刷品、包裹、邮政汇兑、国际业务、港澳台业务、报刊订阅,214131,https://zwfw.spb.gov.cn/gjj/pfyycsml/pfyycsmlDetail?uuid=50679,OK
50680,江苏省,徐州市,徐州经济技术开发区,徐州市金山桥邮政所,徐州市驮蓝山路6号金山桥邮政所,信件、印刷品、包裹、邮政汇兑、国际业务、港澳台业务、报刊订阅,221004,https://zwfw.spb.gov.cn/gjj/pfyycsml/pfyycsmlDetail?uuid=50680,OK
50681,江苏省,徐州市,云龙区,徐州市新城区邮政所,徐州市新城区昆仑大道1号,信件、印刷品、包裹、邮政汇兑、国际业务、港澳台业务、报刊订阅,221018,https://zwfw.spb.gov.cn/gjj/pfyycsml/pfyycsmlDetail?uuid=50681,OK
50682,江苏省,苏州市,苏州工业园区,苏州市东环路邮政支局,苏州市工业园区东环路123号,信件、印刷品、包裹、邮政汇兑、国际业务、港澳台业务、报刊订阅,215021,https://zwfw.spb.gov.cn/gjj/pfyycsml/pfyycsmlDetail?uuid=50682,OK
50683,,,,,北京市西城区北礼士路甲8号,,,https://zwfw.spb.gov.cn/gjj/pfyycsml/pfyycsmlDetail?uuid=50683,OK
50684,江苏省,苏州市,苏州工业园区,苏州市青剑湖邮政所,苏州工业园区唯和路青剑湖二社区A区公建房,信件、印刷品、包裹、邮政汇兑、国际业务、港澳台业务、报刊订阅,215122,https://zwfw.spb.gov.cn/gjj/pfyycsml/pfyycsmlDetail?uuid=50684,OK
50685,江苏省,苏州市,苏州工业园区,苏州市娄葑邮政所,苏州市工业园区东兴路36号,信件、印刷品、包裹、邮政汇兑、国际业务、港澳台业务、报刊订阅,215022,https://zwfw.spb.gov.cn/gjj/pfyycsml/pfyycsmlDetail?uuid=50685,OK
50686,江苏省,苏州市,苏州工业园区,苏州市斜塘邻里邮政所,苏州市工业园区松涛街997号斜塘邻里中心内,信件、印刷品、包裹、邮政汇兑、国际业务、港澳台业务、报刊订阅,215123,https://zwfw.spb.gov.cn/gjj/pfyycsml/pfyycsmlDetail?uuid=50686,OK
50687,江苏省,苏州市,苏州工业园区,苏州市万盛街邮政支局,苏州市工业园区万盛街28号,信件、印刷品、包裹、邮政汇兑、国际业务、港澳台业务、报刊订阅,215028,https://zwfw.spb.gov.cn/gjj/pfyycsml/pfyycsmlDetail?uuid=50687,OK
50688,江苏省,苏州市,苏州工业园区,苏州市唯亭邮政支局,苏州市工业园区唯亭镇金陵西路950号,信件、印刷品、包裹、邮政汇兑、国际业务、港澳台业务、报刊订阅,215121,https://zwfw.spb.gov.cn/gjj/pfyycsml/pfyycsmlDetail?uuid=50688,OK
50689,江苏省,苏州市,苏州工业园区,苏州市跨塘邮政支局,苏州市工业园区唯亭镇东区蠡塘路95号,信件、印刷品、包裹、邮政汇兑、国际业务、港澳台业务、报刊订阅,215122,https://zwfw.spb.gov.cn/gjj/pfyycsml/pfyycsmlDetail?uuid=50689,OK
50690,江苏省,苏州市,苏州工业园区,苏州市斜塘邮政支局,苏州市工业园区斜塘镇莲花商业街1号,信件、印刷品、包裹、邮政汇兑、国际业务、港澳台业务、报刊订阅,215123,https://zwfw.spb.gov.cn/gjj/pfyycsml/pfyycsmlDetail?uuid=50690,OK
50691,,,,,北京市西城区北礼士路甲8号,,,https://zwfw.spb.gov.cn/gjj/pfyycsml/pfyycsmlDetail?uuid=50691,OK
50692,江苏省,扬州市,扬州经济技术开发区,扬州市施桥邮政支局,扬州市施桥镇施沙路29号,信件、印刷品、包裹、邮政汇兑、国际业务、港澳台业务、报刊订阅,225101,https://zwfw.spb.gov.cn/gjj/pfyycsml/pfyycsmlDetail?uuid=50692,OK
50693,,,,,北京市西城区北礼士路甲8号,,,https://zwfw.spb.gov.cn/gjj/pfyycsml/pfyycsmlDetail?uuid=50693,OK
50694,江苏省,扬州市,广陵区,扬州市杭集邮政支局,扬州市杭集镇曙光路59号,信件、印刷品、包裹、邮政汇兑、国际业务、港澳台业务、报刊订阅,225111,https://zwfw.spb.gov.cn/gjj/pfyycsml/pfyycsmlDetail?uuid=50694,OK
50695,江苏省,扬州市,广陵区,扬州市泰安邮政支局,扬州市泰安镇金桥东路39号,信件、印刷品、包裹、邮政汇兑、国际业务、港澳台业务、报刊订阅,225113,https://zwfw.spb.gov.cn/gjj/pfyycsml/pfyycsmlDetail?uuid=50695,OK
50696,江苏省,扬州市,扬州经济技术开发区,扬州市八里邮政支局,扬州市开发区八里镇金山西路249号,信件、印刷品、包裹、邮政汇兑、国际业务、港澳台业务、报刊订阅,225131,https://zwfw.spb.gov.cn/gjj/pfyycsml/pfyycsmlDetail?uuid=50696,OK
50697,江苏省,宿迁市,宿城区,城区分公司南蔡邮政支局,宿迁市南蔡人民路89号,信件、印刷品、包裹、邮政汇兑、国际业务、港澳台业务、报刊订阅,223834,https://zwfw.spb.gov.cn/gjj/pfyycsml/pfyycsmlDetail?uuid=50697,OK
50698,江苏省,宿迁市,宿城区,城区分公司三棵树邮政支局,宿迁市三棵树乡街道,信件、印刷品、包裹、邮政汇兑、国际业务、港澳台业务、报刊订阅,223802,https://zwfw.spb.gov.cn/gjj/pfyycsml/pfyycsmlDetail?uuid=50698,OK
50699,江苏省,南通市,崇川区,南通市农场邮政支局,江苏省南通市开发区农场腾飞新村34号,信件、印刷品、包裹、邮政汇兑、国际业务、港澳台业务、报刊订阅[代缴水电煤气费],226017,https://zwfw.spb.gov.cn/gjj/pfyycsml/pfyycsmlDetail?uuid=50699,OK
50700,江苏省,南通市,崇川区,南通市新开邮政支局,江苏省南通市开发区瑞兴路296号,信件、印刷品、包裹、邮政汇兑、国际业务、港澳台业务、报刊订阅,226010,https://zwfw.spb.gov.cn/gjj/pfyycsml/pfyycsmlDetail?uuid=50700,OK
50701,江苏省,南通市,南通经济技术开发区,南通市开发区邮政支局,江苏省南通市中兴街道上海路10号,信件、印刷品、包裹、邮政汇兑、国际业务、港澳台业务、报刊订阅,226009,https://zwfw.spb.gov.cn/gjj/pfyycsml/pfyycsmlDetail?uuid=50701,OK
50702,江苏省,南通市,崇川区,南通市小海邮政支局,江苏省南通市小海镇营头房村9组,信件、印刷品、包裹、邮政汇兑、国际业务、港澳台业务、报刊订阅[代缴水电煤气费],226015,https://zwfw.spb.gov.cn/gjj/pfyycsml/pfyycsmlDetail?uuid=50702,OK
50703,江苏省,南通市,崇川区,南通市竹行邮政支局,江苏省南通市开发区瑞兴路59号,信件、印刷品、包裹、邮政汇兑、国际业务、港澳台业务、报刊订阅[代缴电煤气费],226016,https://zwfw.spb.gov.cn/gjj/pfyycsml/pfyycsmlDetail?uuid=50703,OK
50704,江西省,上饶市,铅山县,中国邮政集团有限公司江西省铅山县鹅湖邮政所,江西省铅山县江村村天鹅街4号,信件、印刷品、包裹、邮政汇兑、港澳台业务、报刊订阅,334599,https://zwfw.spb.gov.cn/gjj/pfyycsml/pfyycsmlDetail?uuid=50704,OK
50705,江西省,景德镇市,昌江区,珠山西路邮政支局,珠山西路3号,信件、印刷品、包裹、邮政汇兑、国际业务、港澳台业务、报刊订阅,333003,https://zwfw.spb.gov.cn/gjj/pfyycsml/pfyycsmlDetail?uuid=50705,OK
50706,江西省,景德镇市,珠山区,曙光路邮政支局,中山南路476号,信件、印刷品、包裹、邮政汇兑,333000,https://zwfw.spb.gov.cn/gjj/pfyycsml/pfyycsmlDetail?uuid=50706,OK
50707,江西省,景德镇市,珠山区,广场北路邮政支局,景德镇市珠山区广场北路1号,信件、印刷品、包裹、邮政汇兑、国际业务、港澳台业务、报刊订阅,333099,https://zwfw.spb.gov.cn/gjj/pfyycsml/pfyycsmlDetail?uuid=50707,OK
50708,江西省,景德镇市,珠山区,火车站邮政所,景德镇市通站路112-1,信件、印刷品、包裹、邮政汇兑、报刊订阅,333010,https://zwfw.spb.gov.cn/gjj/pfyycsml/pfyycsmlDetail?uuid=50708,OK
50709,江西省,景德镇市,珠山区,东一路邮政支局,新厂西路257号,信件、印刷品、包裹、邮政汇兑、国际业务、港澳台业务、报刊订阅,333001,https://zwfw.spb.gov.cn/gjj/pfyycsml/pfyycsmlDetail?uuid=50709,OK
50710,江西省,景德镇市,珠山区,昌河邮政支局,昌河中路昌河一区424栋16号店面,信件、印刷品、包裹、邮政汇兑、报刊订阅,333002,https://zwfw.spb.gov.cn/gjj/pfyycsml/pfyycsmlDetail?uuid=50710,OK
50711,江西省,景德镇市,昌江区,公园路邮政支局,景德镇市瓷都大道人民公园南侧金岸名都A5栋15号店,信件、印刷品、包裹、邮政汇兑,333003,https://zwfw.spb.gov.cn/gjj/pfyycsml/pfyycsmlDetail?uuid=50711,OK
50712,江西省,景德镇市,昌江区,豪德贸易广场邮政支局,景德镇市昌江区瓷都大道685号,信件、印刷品、包裹、邮政汇兑、报刊订阅,333023,https://zwfw.spb.gov.cn/gjj/pfyycsml/pfyycsmlDetail?uuid=50712,OK
50713,宁夏回族自治区,银川市,兴庆区,凤凰街邮政所,宁夏银川市兴庆区凤凰南街31号,信件、印刷品、包裹、邮政汇兑、报刊订阅,750001,https://zwfw.spb.gov.cn/gjj/pfyycsml/pfyycsmlDetail?uuid=50713,OK
50714,宁夏回族自治区,银川市,兴庆区,唐槐邮政所,宁夏银川市兴庆区兴仁巷领秀一居5号楼9-10号,信件、印刷品、包裹、邮政汇兑、报刊订阅,750001,https://zwfw.spb.gov.cn/gjj/pfyycsml/pfyycsmlDetail?uuid=50714,OK
50715,宁夏回族自治区,银川市,兴庆区,湖滨邮政所,宁夏银川市兴庆区湖滨西路81号,信件、印刷品、包裹、邮政汇兑、报刊订阅,750001,https://zwfw.spb.gov.cn/gjj/pfyycsml/pfyycsmlDetail?uuid=50715,OK
50716,宁夏回族自治区,银川市,兴庆区,南环西路邮政所,宁夏银川市兴庆区长城东路226号,信件、印刷品、包裹、邮政汇兑、报刊订阅,750001,https://zwfw.spb.gov.cn/gjj/pfyycsml/pfyycsmlDetail?uuid=50716,OK
50717,宁夏回族自治区,银川市,兴庆区,北苑邮政所,宁夏银川市兴庆区进宁北街293号,信件、印刷品、包裹、邮政汇兑、报刊订阅,750001,https://zwfw.spb.gov.cn/gjj/pfyycsml/pfyycsmlDetail?uuid=50717,OK
50718,宁夏回族自治区,银川市,金凤区,银盛路邮政所,宁夏银川市金凤区银盛路187号,信件、印刷品、包裹、邮政汇兑、报刊订阅,750001,https://zwfw.spb.gov.cn/gjj/pfyycsml/pfyycsmlDetail?uuid=50718,OK
50719,宁夏回族自治区,银川市,兴庆区,双清路邮政所,宁夏银川市兴庆区敬德街182号塞上骄子公寓15-1号,信件、印刷品、包裹、邮政汇兑、报刊订阅,750001,https://zwfw.spb.gov.cn/gjj/pfyycsml/pfyycsmlDetail?uuid=50719,OK
50720,,,,,北京市西城区北礼士路甲8号,,,https://zwfw.spb.gov.cn/gjj/pfyycsml/pfyycsmlDetail?uuid=50720,OK
50721,宁夏回族自治区,银川市,兴庆区,治平路邮政所,宁夏银川市兴庆区治平路52号营业房,信件、印刷品、包裹、邮政汇兑、报刊订阅,750001,https://zwfw.spb.gov.cn/gjj/pfyycsml/pfyycsmlDetail?uuid=50721,OK
50722,,,,,北京市西城区北礼士路甲8号,,,https://zwfw.spb.gov.cn/gjj/pfyycsml/pfyycsmlDetail?uuid=50722,OK
50723,宁夏回族自治区,银川市,兴庆区,塔东邮政所,宁夏银川市兴庆区利群西路7号,信件、印刷品、包裹、邮政汇兑、报刊订阅,750001,https://zwfw.spb.gov.cn/gjj/pfyycsml/pfyycsmlDetail?uuid=50723,OK
50724,宁夏回族自治区,银川市,兴庆区,邮政大厦中心邮政所,宁夏银川市兴庆区民族北街4号,信件、印刷品、包裹、邮政汇兑、国际业务、港澳台业务、报刊订阅,750001,https://zwfw.spb.gov.cn/gjj/pfyycsml/pfyycsmlDetail?uuid=50724,OK
50725,宁夏回族自治区,银川市,兴庆区,区政府交换站邮政所,宁夏银川市兴庆区解放西路361号区政府院内,信件、印刷品、包裹、邮政汇兑、报刊订阅,750001,https://zwfw.spb.gov.cn/gjj/pfyycsml/pfyycsmlDetail?uuid=50725,OK
50726,宁夏回族自治区,银川市,兴庆区,区政务大厅邮政所,宁夏银川市兴庆区文化西街108号,信件、印刷品、包裹、邮政汇兑、报刊订阅,750001,https://zwfw.spb.gov.cn/gjj/pfyycsml/pfyycsmlDetail?uuid=50726,OK
50727,宁夏回族自治区,银川市,兴庆区,中山北街邮政所,银川市兴庆区中山北街363号,信件、印刷品、包裹、邮政汇兑、国际业务、港澳台业务、报刊订阅,750004,https://zwfw.spb.gov.cn/gjj/pfyycsml/pfyycsmlDetail?uuid=50727,OK
50728,宁夏回族自治区,银川市,兴庆区,新华街邮政所,银川市兴庆区朝阳巷91号王府井百货西侧一楼,信件、印刷品、包裹、邮政汇兑、报刊订阅,750004,https://zwfw.spb.gov.cn/gjj/pfyycsml/pfyycsmlDetail?uuid=50728,OK
50729,宁夏回族自治区,银川市,兴庆区,陈家寨邮政所,银川市兴庆区胜利南街623号,信件、印刷品、包裹、邮政汇兑、报刊订阅,750004,https://zwfw.spb.gov.cn/gjj/pfyycsml/pfyycsmlDetail?uuid=50729,OK
50730,宁夏回族自治区,银川市,兴庆区,解放东街邮政所,银川市兴庆区解放东街日用百货副食品批发市场2号楼（华润万家超市楼下）,信件、印刷品、包裹、邮政汇兑、报刊订阅,750004,https://zwfw.spb.gov.cn/gjj/pfyycsml/pfyycsmlDetail?uuid=50730,OK
50731,宁夏回族自治区,银川市,兴庆区,在水一方邮政所,银川市兴庆区丽景北街在水一方D区1#商业楼1-2号营业房,信件、印刷品、包裹、邮政汇兑、报刊订阅,750004,https://zwfw.spb.gov.cn/gjj/pfyycsml/pfyycsmlDetail?uuid=50731,OK
50732,宁夏回族自治区,银川市,兴庆区,胜利街邮政所,银川市兴庆区胜利街250号,信件、印刷品、包裹、邮政汇兑、报刊订阅,750004,https://zwfw.spb.gov.cn/gjj/pfyycsml/pfyycsmlDetail?uuid=50732,OK
50733,宁夏回族自治区,银川市,兴庆区,宝湖东路邮政所,康桥水郡15号楼6-7营业房,信件、印刷品、包裹、邮政汇兑、报刊订阅,750004,https://zwfw.spb.gov.cn/gjj/pfyycsml/pfyycsmlDetail?uuid=50733,OK
50734,,,,,北京市西城区北礼士路甲8号,,,https://zwfw.spb.gov.cn/gjj/pfyycsml/pfyycsmlDetail?uuid=50734,OK
50735,宁夏回族自治区,银川市,兴庆区,北安邮政所,宁夏银川市兴庆区凤凰北街357号,信件、印刷品、包裹、邮政汇兑、报刊订阅,750001,https://zwfw.spb.gov.cn/gjj/pfyycsml/pfyycsmlDetail?uuid=50735,OK
50736,宁夏回族自治区,银川市,兴庆区,北塔东路邮政所,银川市兴庆区北塔东路景墨家园1-10号营业房,信件、印刷品、包裹、邮政汇兑、报刊订阅,750004,https://zwfw.spb.gov.cn/gjj/pfyycsml/pfyycsmlDetail?uuid=50736,OK
50737,,,,,北京市西城区北礼士路甲8号,,,https://zwfw.spb.gov.cn/gjj/pfyycsml/pfyycsmlDetail?uuid=50737,OK
50738,广东省,云浮市,罗定市,中国邮政集团有限公司广东省罗定市附城邮政所,广东省云浮市罗定市附城镇迎宾路159号,信件、印刷品、包裹、邮政汇兑、报刊订阅,527230,https://zwfw.spb.gov.cn/gjj/pfyycsml/pfyycsmlDetail?uuid=50738,OK
50739,广东省,云浮市,新兴县,中国邮政集团有限公司广东省新兴县太平支局,广东省云浮市新兴县太平镇太平圩41号,信件、印刷品、包裹、邮政汇兑、报刊订阅,527423,https://zwfw.spb.gov.cn/gjj/pfyycsml/pfyycsmlDetail?uuid=50739,OK
50740,内蒙古自治区,乌兰察布市,兴和县,赛乌素邮政支局,赛乌素村,信件、印刷品、包裹、邮政汇兑、报刊订阅,013666,https://zwfw.spb.gov.cn/gjj/pfyycsml/pfyycsmlDetail?uuid=50740,OK
50741,广西壮族自治区,百色市,田东县,新洲邮政支局,田东县祥周镇新洲村（ 右江矿务局内）,信件、印刷品、包裹、邮政汇兑、报刊订阅,531501,https://zwfw.spb.gov.cn/gjj/pfyycsml/pfyycsmlDetail?uuid=50741,OK
50742,青海省,海西蒙古族藏族自治州,格尔木市,中国邮政集团有限公司格尔木市昆仑北路邮政支局,青海省海西蒙古族藏族自治州格尔木市昆仑北路101号,信件、印刷品、包裹、邮政汇兑、报刊订阅,816099,https://zwfw.spb.gov.cn/gjj/pfyycsml/pfyycsmlDetail?uuid=50742,OK
50743,青海省,海西蒙古族藏族自治州,格尔木市,中国邮政集团有限公司格尔木市盐桥中路邮政支局,青海省海西蒙古族藏族自治州格尔木市盐桥中路3号,信件、印刷品、包裹、邮政汇兑、报刊订阅,816099,https://zwfw.spb.gov.cn/gjj/pfyycsml/pfyycsmlDetail?uuid=50743,OK
50744,青海省,海西蒙古族藏族自治州,格尔木市,中国邮政集团有限公司格尔木市昆仑路邮政所,青海省海西蒙古族藏族自治州格尔木市昆仑路24号,信件、印刷品、包裹、邮政汇兑、报刊订阅,816099,https://zwfw.spb.gov.cn/gjj/pfyycsml/pfyycsmlDetail?uuid=50744,OK
50745,青海省,海西蒙古族藏族自治州,格尔木市,中国邮政集团有限公司格尔木市八一东路邮政所,青海省海西蒙古族藏族自治州格尔木市八一路56号,信件、印刷品、包裹、邮政汇兑、报刊订阅,816099,https://zwfw.spb.gov.cn/gjj/pfyycsml/pfyycsmlDetail?uuid=50745,OK
50746,青海省,海西蒙古族藏族自治州,格尔木市,中国邮政集团有限公司青海省格尔木市迎宾路支局,青海省海西蒙古族藏族自治州格尔木市迎宾路38号,信件、印刷品、包裹、邮政汇兑、国际业务、港澳台业务、报刊订阅,816099,https://zwfw.spb.gov.cn/gjj/pfyycsml/pfyycsmlDetail?uuid=50746,OK
50747,青海省,海西蒙古族藏族自治州,格尔木市,中国邮政集团有限公司格尔木市柴达木东路邮政支局,青海省海西蒙古族藏族自治州格尔木市柴达木东路(邮储银行旁),信件、印刷品、包裹、邮政汇兑、国际业务、港澳台业务、报刊订阅,816099,https://zwfw.spb.gov.cn/gjj/pfyycsml/pfyycsmlDetail?uuid=50747,OK
50748,青海省,海西蒙古族藏族自治州,格尔木市,中国邮政集团有限公司格尔木市盐桥北路邮政所,青海省海西蒙古族藏族自治州格尔木市盐桥北路青年巷56号,信件、印刷品、包裹、邮政汇兑、报刊订阅,816099,https://zwfw.spb.gov.cn/gjj/pfyycsml/pfyycsmlDetail?uuid=50748,OK
50749,青海省,海西蒙古族藏族自治州,格尔木市,中国邮政集团有限公司格尔木市广场邮政所,青海省海西蒙古族藏族自治州格尔木市河东集贸市场,信件、印刷品、包裹、邮政汇兑、报刊订阅,816099,https://zwfw.spb.gov.cn/gjj/pfyycsml/pfyycsmlDetail?uuid=50749,OK
50750,青海省,海西蒙古族藏族自治州,格尔木市,中国邮政集团有限公司格尔木市中山路邮政所,青海省格尔木市中山路印刷厂斜对面,信件、印刷品、包裹、邮政汇兑、报刊订阅,816099,https://zwfw.spb.gov.cn/gjj/pfyycsml/pfyycsmlDetail?uuid=50750,OK
50751,青海省,海西蒙古族藏族自治州,格尔木市,中国邮政集团有限公司格尔木市北郊邮政所,青海省海西蒙古族藏族自治州格尔木市郭勒木德镇盐桥村76号,信件、印刷品、包裹、邮政汇兑、报刊订阅,816099,https://zwfw.spb.gov.cn/gjj/pfyycsml/pfyycsmlDetail?uuid=50751,OK
50752,,,,,北京市西城区北礼士路甲8号,,,https://zwfw.spb.gov.cn/gjj/pfyycsml/pfyycsmlDetail?uuid=50752,OK
50753,青海省,海西蒙古族藏族自治州,格尔木市,中国邮政集团有限公司格尔木市西藏路邮政所,青海省格尔木市盐桥南路永辉宾馆楼下,信件、印刷品、包裹、邮政汇兑、报刊订阅,816099,https://zwfw.spb.gov.cn/gjj/pfyycsml/pfyycsmlDetail?uuid=50753,OK
50754,青海省,海西蒙古族藏族自治州,格尔木市,中国邮政集团有限公司格尔木市郭勒木德镇邮政所,青海省海西蒙古族藏族自治州格尔木市郭勒木德镇,信件、印刷品、包裹、邮政汇兑、报刊订阅,816099,https://zwfw.spb.gov.cn/gjj/pfyycsml/pfyycsmlDetail?uuid=50754,OK
50755,青海省,海西蒙古族藏族自治州,格尔木市,中国邮政集团有限公司格尔木市唐古拉山乡邮政所,青海省海西蒙古族藏族自治州格尔木市唐古拉山乡,信件、印刷品、包裹、邮政汇兑、报刊订阅,816099,https://zwfw.spb.gov.cn/gjj/pfyycsml/pfyycsmlDetail?uuid=50755,OK
50756,青海省,海西蒙古族藏族自治州,格尔木市,中国邮政集团有限公司格尔木市大格勒乡邮政所,青海省海西蒙古族藏族自治州格尔木市大格勒乡,信件、印刷品、包裹、邮政汇兑、报刊订阅,816099,https://zwfw.spb.gov.cn/gjj/pfyycsml/pfyycsmlDetail?uuid=50756,OK
50757,青海省,海西蒙古族藏族自治州,格尔木市,中国邮政集团有限公司格尔木市乌图美仁乡邮政所,青海省海西蒙古族藏族自治州格尔木市乌图美仁乡,信件、印刷品、包裹、邮政汇兑、报刊订阅,816099,https://zwfw.spb.gov.cn/gjj/pfyycsml/pfyycsmlDetail?uuid=50757,OK
50758,青海省,海北藏族自治州,刚察县,西大街邮政支局,青海省海北州刚察县沙柳河镇西大街11号,信件、印刷品、包裹、邮政汇兑、国际业务、港澳台业务、报刊订阅,812399,https://zwfw.spb.gov.cn/gjj/pfyycsml/pfyycsmlDetail?uuid=50758,OK
50759,青海省,海北藏族自治州,刚察县,哈尔盖镇邮政所,青海省海北州刚察县哈尔盖镇卫生院右侧100米处,信件、印刷品、包裹、邮政汇兑,812301,https://zwfw.spb.gov.cn/gjj/pfyycsml/pfyycsmlDetail?uuid=50759,OK
50760,青海省,海北藏族自治州,刚察县,泉吉乡邮政所,青海省海北州刚察县泉吉乡迎安大道59号,信件、印刷品、包裹、邮政汇兑,812304,https://zwfw.spb.gov.cn/gjj/pfyycsml/pfyycsmlDetail?uuid=50760,OK
50761,青海省,海北藏族自治州,刚察县,吉尔孟乡邮政所,青海省海北州刚察县吉尔孟乡政府院内,信件、印刷品、包裹、邮政汇兑,812306,https://zwfw.spb.gov.cn/gjj/pfyycsml/pfyycsmlDetail?uuid=50761,OK
50762,青海省,海北藏族自治州,刚察县,伊克乌兰乡邮政所,青海省海北州刚察县伊克乌兰乡政府院内,信件、印刷品、包裹、邮政汇兑,812399,https://zwfw.spb.gov.cn/gjj/pfyycsml/pfyycsmlDetail?uuid=50762,OK
50763,青海省,海北藏族自治州,海晏县,和平路邮政支局,青海省海北州海晏县和平路三号,信件、印刷品、包裹、邮政汇兑、国际业务、港澳台业务、报刊订阅,812299,https://zwfw.spb.gov.cn/gjj/pfyycsml/pfyycsmlDetail?uuid=50763,OK
50764,青海省,海北藏族自治州,海晏县,甘子河乡邮政所,青海省海北州海晏县甘子河乡政府服务大厅,信件、印刷品、包裹、邮政汇兑,812299,https://zwfw.spb.gov.cn/gjj/pfyycsml/pfyycsmlDetail?uuid=50764,OK
50765,,,,,北京市西城区北礼士路甲8号,,,https://zwfw.spb.gov.cn/gjj/pfyycsml/pfyycsmlDetail?uuid=50765,OK
50766,,,,,北京市西城区北礼士路甲8号,,,https://zwfw.spb.gov.cn/gjj/pfyycsml/pfyycsmlDetail?uuid=50766,OK
50767,青海省,海北藏族自治州,祁连县,八宝西路邮政支局,青海省海北州祁连县八宝镇大十字,信件、印刷品、包裹、邮政汇兑、国际业务、港澳台业务、报刊订阅,810499,https://zwfw.spb.gov.cn/gjj/pfyycsml/pfyycsmlDetail?uuid=50767,OK
50768,青海省,海北藏族自治州,祁连县,阿柔乡邮政所,青海省海北州祁连县阿柔乡乡政府广场旁边,信件、印刷品、包裹、邮政汇兑,810401,https://zwfw.spb.gov.cn/gjj/pfyycsml/pfyycsmlDetail?uuid=50768,OK
50769,青海省,海北藏族自治州,祁连县,峨堡镇邮政所,青海省海北州祁连县峨堡镇政府后面,信件、印刷品、包裹、邮政汇兑,810402,https://zwfw.spb.gov.cn/gjj/pfyycsml/pfyycsmlDetail?uuid=50769,OK
50770,青海省,海北藏族自治州,祁连县,下庄邮政支局,青海省海北州祁连县八宝镇下庄三岔路口,信件、印刷品、包裹、邮政汇兑、报刊订阅,810499,https://zwfw.spb.gov.cn/gjj/pfyycsml/pfyycsmlDetail?uuid=50770,OK
50771,青海省,海北藏族自治州,祁连县,默勒镇邮政所,青海省海北州祁连县默勒镇瓦日尕村居民区,信件、印刷品、包裹、邮政汇兑,810499,https://zwfw.spb.gov.cn/gjj/pfyycsml/pfyycsmlDetail?uuid=50771,OK
50772,青海省,海北藏族自治州,祁连县,央隆乡邮政所,青海省海北州祁连县央隆乡乡政府广场旁边,信件、印刷品、包裹、邮政汇兑,810499,https://zwfw.spb.gov.cn/gjj/pfyycsml/pfyycsmlDetail?uuid=50772,OK
50773,青海省,海北藏族自治州,祁连县,扎麻什乡邮政所,青海省海北州祁连县扎麻什乡乡镇府对面,信件、印刷品、包裹、邮政汇兑,810499,https://zwfw.spb.gov.cn/gjj/pfyycsml/pfyycsmlDetail?uuid=50773,OK
50774,青海省,海北藏族自治州,祁连县,野牛沟乡邮政所,青海省海北州祁连县野牛沟乡公路东头,信件、印刷品、包裹、邮政汇兑,810499,https://zwfw.spb.gov.cn/gjj/pfyycsml/pfyycsmlDetail?uuid=50774,OK
50775,青海省,海北藏族自治州,海晏县,银滩路邮政支局,青海省海北州西海镇银滩路1号,信件、印刷品、包裹、邮政汇兑、国际业务、港澳台业务、报刊订阅,810299,https://zwfw.spb.gov.cn/gjj/pfyycsml/pfyycsmlDetail?uuid=50775,OK
50776,青海省,海北藏族自治州,海晏县,刚察路邮政所,青海省海北州西海镇刚察路171号,信件、印刷品、包裹、邮政汇兑、报刊订阅,810299,https://zwfw.spb.gov.cn/gjj/pfyycsml/pfyycsmlDetail?uuid=50776,OK
50777,青海省,海北藏族自治州,海晏县,青海湖乡邮政所,青海湖乡乡政府对面,信件、印刷品、包裹、邮政汇兑,810299,https://zwfw.spb.gov.cn/gjj/pfyycsml/pfyycsmlDetail?uuid=50777,OK
50778,青海省,海西蒙古族藏族自治州,德令哈市,中国邮政集团有限公司青海省海西州长江路支局,青海省海西州德令哈市长江路9号,信件、印刷品、包裹、邮政汇兑、国际业务、港澳台业务、报刊订阅,817099,https://zwfw.spb.gov.cn/gjj/pfyycsml/pfyycsmlDetail?uuid=50778,OK
50779,青海省,海西蒙古族藏族自治州,德令哈市,中国邮政集团有限公司青海省德令哈市柴达木东路支局,青海省海西州德令哈市柴达木东路20号,信件、印刷品、包裹、邮政汇兑、报刊订阅,817099,https://zwfw.spb.gov.cn/gjj/pfyycsml/pfyycsmlDetail?uuid=50779,OK
50780,青海省,海西蒙古族藏族自治州,德令哈市,中国邮政集团有限公司青海省德令哈市格尔木西路支局,青海省海西州德令哈市格尔木西路南侧,信件、印刷品、包裹、邮政汇兑、报刊订阅,817099,https://zwfw.spb.gov.cn/gjj/pfyycsml/pfyycsmlDetail?uuid=50780,OK
50781,青海省,海西蒙古族藏族自治州,德令哈市,中国邮政集团有限公司青海省德令哈市德五路邮政所,青海省德令哈市德五路行政服务中心内,信件、印刷品、包裹、邮政汇兑、报刊订阅,817099,https://zwfw.spb.gov.cn/gjj/pfyycsml/pfyycsmlDetail?uuid=50781,OK
50782,,,,,北京市西城区北礼士路甲8号,,,https://zwfw.spb.gov.cn/gjj/pfyycsml/pfyycsmlDetail?uuid=50782,OK
50783,青海省,海西蒙古族藏族自治州,德令哈市,中国邮政集团有限公司青海省德令哈市柯鲁柯镇邮政所,青海省海西州德令哈市莲湖村,信件、印刷品、包裹、邮政汇兑、报刊订阅,817003,https://zwfw.spb.gov.cn/gjj/pfyycsml/pfyycsmlDetail?uuid=50783,OK
50784,青海省,海西蒙古族藏族自治州,德令哈市,中国邮政集团有限公司青海省德令哈怀头他拉镇邮政所,青海省海西州德令哈市怀头他拉镇,信件、印刷品、包裹、邮政汇兑、报刊订阅,817005,https://zwfw.spb.gov.cn/gjj/pfyycsml/pfyycsmlDetail?uuid=50784,OK
50785,青海省,海西蒙古族藏族自治州,德令哈市,中国邮政集团有限公司青海省德令哈市蓄集乡邮政所,青海省德令哈市蓄集乡,信件、印刷品、包裹、邮政汇兑、报刊订阅,817001,https://zwfw.spb.gov.cn/gjj/pfyycsml/pfyycsmlDetail?uuid=50785,OK
50786,青海省,海西蒙古族藏族自治州,德令哈市,中国邮政集团有限公司青海省德令哈市尕海镇邮政所,青海省海西州德令哈市尕海镇,信件、印刷品、包裹、邮政汇兑、报刊订阅,817002,https://zwfw.spb.gov.cn/gjj/pfyycsml/pfyycsmlDetail?uuid=50786,OK
50787,青海省,海西蒙古族藏族自治州,都兰县,中国邮政集团公司有限青海省都兰县分公司和平街支局,青海省都兰县和平街18号,信件、印刷品、包裹、邮政汇兑、国际业务、港澳台业务、报刊订阅,816199,https://zwfw.spb.gov.cn/gjj/pfyycsml/pfyycsmlDetail?uuid=50787,OK
50788,青海省,海西蒙古族藏族自治州,都兰县,中国邮政集团有限公司青海省都兰县南北街邮政支局,青海省都兰县香日德镇绿洲花园,信件、印刷品、包裹、邮政汇兑、报刊订阅,816101,https://zwfw.spb.gov.cn/gjj/pfyycsml/pfyycsmlDetail?uuid=50788,OK
50789,青海省,海西蒙古族藏族自治州,都兰县,中国邮政集团有限公司青海省都兰热水乡邮政所,青海省都兰县热水乡政府旁边,信件、印刷品、包裹、邮政汇兑,816199,https://zwfw.spb.gov.cn/gjj/pfyycsml/pfyycsmlDetail?uuid=50789,OK
50790,青海省,海西蒙古族藏族自治州,都兰县,中国邮政集团有限公司青海省都兰夏日哈镇邮政所,青海省都兰县夏日哈镇夏兴街,信件、印刷品、包裹、邮政汇兑,816199,https://zwfw.spb.gov.cn/gjj/pfyycsml/pfyycsmlDetail?uuid=50790,OK
50791,青海省,海西蒙古族藏族自治州,都兰县,中国邮政集团有限公司青海省都兰香加乡邮政所,青海省都兰县香加乡政府旁边,信件、印刷品、包裹、邮政汇兑,816101,https://zwfw.spb.gov.cn/gjj/pfyycsml/pfyycsmlDetail?uuid=50791,OK
50792,青海省,海西蒙古族藏族自治州,都兰县,中国邮政集团有限公司青海省都兰巴隆乡邮政所,青海省都兰县巴隆乡政府旁边,信件、印刷品、包裹、邮政汇兑,816199,https://zwfw.spb.gov.cn/gjj/pfyycsml/pfyycsmlDetail?uuid=50792,OK
50793,青海省,海西蒙古族藏族自治州,都兰县,中国邮政集团有限公司青海省都兰沟里乡邮政所,青海省都兰县沟里乡政府旁边,信件、印刷品、包裹、邮政汇兑,816101,https://zwfw.spb.gov.cn/gjj/pfyycsml/pfyycsmlDetail?uuid=50793,OK
50794,青海省,海西蒙古族藏族自治州,都兰县,中国邮政集团有限公司青海省都兰县诺木洪支局,青海省都兰县诺木洪农场,信件、印刷品、包裹、邮政汇兑、报刊订阅,816102,https://zwfw.spb.gov.cn/gjj/pfyycsml/pfyycsmlDetail?uuid=50794,OK
50795,青海省,海西蒙古族藏族自治州,天峻县,中国邮政集团有限公司青海省天峻县新源路邮政支局,青海省海西州天峻县新源北路1号,信件、印刷品、包裹、邮政汇兑、国际业务、港澳台业务、报刊订阅,817299,https://zwfw.spb.gov.cn/gjj/pfyycsml/pfyycsmlDetail?uuid=50795,OK
50796,青海省,海西蒙古族藏族自治州,天峻县,中国邮政集团有限公司青海省天峻县快尔玛邮政所,青海省海西州天峻县快尔玛乡,信件、印刷品、包裹、邮政汇兑、报刊订阅,817201,https://zwfw.spb.gov.cn/gjj/pfyycsml/pfyycsmlDetail?uuid=50796,OK
50797,青海省,海西蒙古族藏族自治州,天峻县,中国邮政集团有限公司青海省天峻县阳康乡邮政所,青海省海西州天峻县阳康乡,信件、印刷品、包裹、邮政汇兑、报刊订阅,817201,https://zwfw.spb.gov.cn/gjj/pfyycsml/pfyycsmlDetail?uuid=50797,OK
50798,青海省,海西蒙古族藏族自治州,天峻县,中国邮政集团有限公司青海省天峻县龙门乡邮政所,青海省海西州天峻县龙门乡,信件、印刷品、包裹、邮政汇兑、报刊订阅,817299,https://zwfw.spb.gov.cn/gjj/pfyycsml/pfyycsmlDetail?uuid=50798,OK
50799,青海省,海西蒙古族藏族自治州,天峻县,中国邮政集团有限公司青海省天峻县木里镇邮政所,青海省海西州天峻县木里镇,信件、印刷品、包裹、邮政汇兑、报刊订阅,817201,https://zwfw.spb.gov.cn/gjj/pfyycsml/pfyycsmlDetail?uuid=50799,OK
50800,,,,,北京市西城区北礼士路甲8号,,,https://zwfw.spb.gov.cn/gjj/pfyycsml/pfyycsmlDetail?uuid=50800,OK
50801,青海省,海西蒙古族藏族自治州,天峻县,中国邮政集团有限公司青海省天峻县舟群乡邮政所,青海省海西州天峻县舟群乡,信件、印刷品、包裹、邮政汇兑、报刊订阅,817201,https://zwfw.spb.gov.cn/gjj/pfyycsml/pfyycsmlDetail?uuid=50801,OK
50802,,,,,北京市西城区北礼士路甲8号,,,https://zwfw.spb.gov.cn/gjj/pfyycsml/pfyycsmlDetail?uuid=50802,OK
50803,青海省,海西蒙古族藏族自治州,天峻县,中国邮政集团有限公司青海省天峻县苏里乡邮政所,青海省海西州天峻县苏里乡,信件、印刷品、包裹、邮政汇兑、报刊订阅,817201,https://zwfw.spb.gov.cn/gjj/pfyycsml/pfyycsmlDetail?uuid=50803,OK
50804,青海省,海西蒙古族藏族自治州,天峻县,中国邮政集团有限公司青海省天峻县生格乡邮政所,青海省海西州天峻县生格乡,信件、印刷品、包裹、邮政汇兑、报刊订阅,817201,https://zwfw.spb.gov.cn/gjj/pfyycsml/pfyycsmlDetail?uuid=50804,OK
50805,青海省,海西蒙古族藏族自治州,乌兰县,中国邮政集团有限公司青海省乌兰县东大街支局,青海省乌兰县希里沟镇幸福路1号,信件、印刷品、包裹、邮政汇兑、国际业务、港澳台业务、报刊订阅,817199,https://zwfw.spb.gov.cn/gjj/pfyycsml/pfyycsmlDetail?uuid=50805,OK
50806,青海省,海西蒙古族藏族自治州,乌兰县,中国邮政集团有限公司青海省乌兰县茶卡镇交通街支局,青海省德令哈市乌兰县茶卡镇交通街4号,信件、印刷品、包裹、邮政汇兑、报刊订阅,817101,https://zwfw.spb.gov.cn/gjj/pfyycsml/pfyycsmlDetail?uuid=50806,OK
50807,青海省,海西蒙古族藏族自治州,乌兰县,中国邮政集团有限公司青海省乌兰县柯柯镇盐湖路支局,青海省德令哈市乌兰县柯柯镇盐湖路14号,信件、印刷品、包裹、邮政汇兑、报刊订阅,817102,https://zwfw.spb.gov.cn/gjj/pfyycsml/pfyycsmlDetail?uuid=50807,OK
50808,青海省,海西蒙古族藏族自治州,乌兰县,中国邮政集团有限公司青海省乌兰铜普镇邮政所,青海省德令哈市乌兰县铜普镇上尕巴村二社,信件、印刷品、包裹、邮政汇兑、报刊订阅,817199,https://zwfw.spb.gov.cn/gjj/pfyycsml/pfyycsmlDetail?uuid=50808,OK
50809,河北省,邢台市,巨鹿县,巨鹿县堤村邮政所,0,信件、印刷品、包裹、邮政汇兑、报刊订阅,055250,https://zwfw.spb.gov.cn/gjj/pfyycsml/pfyycsmlDetail?uuid=50809,OK
50810,河北省,邢台市,巨鹿县,巨鹿县经济开发区邮政所,0,信件、印刷品、包裹、邮政汇兑、报刊订阅,055250,https://zwfw.spb.gov.cn/gjj/pfyycsml/pfyycsmlDetail?uuid=50810,OK
50811,河北省,邢台市,巨鹿县,巨鹿县观寨邮政所,0,信件、印刷品、包裹、邮政汇兑、报刊订阅,055250,https://zwfw.spb.gov.cn/gjj/pfyycsml/pfyycsmlDetail?uuid=50811,OK
50812,河北省,邢台市,沙河市,沙河市柴关邮政所,沙河市柴关乡政府大院内,信件、印刷品、包裹、邮政汇兑、报刊订阅,054104,https://zwfw.spb.gov.cn/gjj/pfyycsml/pfyycsmlDetail?uuid=50812,OK
50813,河北省,邢台市,沙河市,沙河市蝉房邮政所,沙河市蝉房乡蝉房村,信件、印刷品、包裹、邮政汇兑、报刊订阅,054105,https://zwfw.spb.gov.cn/gjj/pfyycsml/pfyycsmlDetail?uuid=50813,OK
50814,西藏自治区,日喀则市,桑珠孜区,中国邮政集团有限公司日喀则市桑珠孜区曲美乡邮政所,西藏自治区日喀则市曲美乡,信件、印刷品、包裹、邮政汇兑,857064,https://zwfw.spb.gov.cn/gjj/pfyycsml/pfyycsmlDetail?uuid=50814,OK
50815,西藏自治区,日喀则市,桑珠孜区,中国邮政集团有限公司日喀则市桑珠孜区曲布雄乡邮政所,日喀则市桑珠孜区曲布雄乡,信件、印刷品、包裹、邮政汇兑,857063,https://zwfw.spb.gov.cn/gjj/pfyycsml/pfyycsmlDetail?uuid=50815,OK
50816,西藏自治区,日喀则市,桑珠孜区,中国邮政集团有限公司日喀则市桑珠孜区聂日雄乡邮政所,日喀则市桑珠孜区聂日雄乡,信件、印刷品、包裹、邮政汇兑,857066,https://zwfw.spb.gov.cn/gjj/pfyycsml/pfyycsmlDetail?uuid=50816,OK
50817,西藏自治区,日喀则市,桑珠孜区,中国邮政集团有限公司日喀则市桑珠孜区年木乡邮政所,日喀则市桑珠孜区年木乡,信件、印刷品、包裹、邮政汇兑,857059,https://zwfw.spb.gov.cn/gjj/pfyycsml/pfyycsmlDetail?uuid=50817,OK
50818,西藏自治区,日喀则市,桑珠孜区,中国邮政集团有限公司日喀则市桑珠孜区纳尔乡邮政所,日喀则市桑珠孜区纳尔乡,信件、印刷品、包裹、邮政汇兑,857065,https://zwfw.spb.gov.cn/gjj/pfyycsml/pfyycsmlDetail?uuid=50818,OK
50819,西藏自治区,日喀则市,桑珠孜区,中国邮政集团有限公司日喀则市桑珠孜区联乡邮政所,日喀则市桑珠孜区联乡,信件、印刷品、包裹、邮政汇兑,857058,https://zwfw.spb.gov.cn/gjj/pfyycsml/pfyycsmlDetail?uuid=50819,OK
50820,西藏自治区,日喀则市,桑珠孜区,中国邮政集团有限公司日喀则市桑珠孜区江当乡邮政所,日喀则市桑珠孜区江当乡,信件、印刷品、包裹、邮政汇兑,857060,https://zwfw.spb.gov.cn/gjj/pfyycsml/pfyycsmlDetail?uuid=50820,OK
50821,西藏自治区,日喀则市,桑珠孜区,中国邮政集团有限公司日喀则市桑珠孜区甲措雄乡邮政所,日喀则市桑珠孜区甲措雄乡,信件、印刷品、包裹、邮政汇兑,857062,https://zwfw.spb.gov.cn/gjj/pfyycsml/pfyycsmlDetail?uuid=50821,OK
50822,西藏自治区,日喀则市,桑珠孜区,中国邮政集团有限公司日喀则市桑珠孜区东嘎乡邮政所,日喀则市桑珠孜区东嘎乡,信件、印刷品、包裹、邮政汇兑,857067,https://zwfw.spb.gov.cn/gjj/pfyycsml/pfyycsmlDetail?uuid=50822,OK
50823,西藏自治区,日喀则市,桑珠孜区,中国邮政集团有限公司日喀则市分公司桑珠孜区邮政支局,日喀则市桑珠孜区黑龙江南路,信件、印刷品、包裹、邮政汇兑、国际业务、港澳台业务、报刊订阅,857005,https://zwfw.spb.gov.cn/gjj/pfyycsml/pfyycsmlDetail?uuid=50823,OK
50824,西藏自治区,日喀则市,桑珠孜区,中国邮政集团有限公司日喀则分公司朗热路邮政所,西藏日喀则市桑珠孜区朗热路,信件、印刷品、包裹、邮政汇兑、国际业务、港澳台业务、报刊订阅,857006,https://zwfw.spb.gov.cn/gjj/pfyycsml/pfyycsmlDetail?uuid=50824,OK
50825,西藏自治区,日喀则市,桑珠孜区,中国邮政集团有限公司日喀则市桑珠孜区边雄乡邮政所,日喀则市桑珠孜区边雄乡,信件、印刷品、包裹、邮政汇兑,857061,https://zwfw.spb.gov.cn/gjj/pfyycsml/pfyycsmlDetail?uuid=50825,OK
50826,陕西省,榆林市,吴堡县,辛家沟邮政所,辛家沟镇辛家沟村,信件、印刷品、包裹、邮政汇兑、报刊订阅,718206,https://zwfw.spb.gov.cn/gjj/pfyycsml/pfyycsmlDetail?uuid=50826,OK
50827,新疆维吾尔自治区,哈密市,巴里坤哈萨克自治县,汉城邮政支局,哈密市巴里坤县汉城东街4号,信件、印刷品、包裹、邮政汇兑、国际业务、港澳台业务、报刊订阅,839299,https://zwfw.spb.gov.cn/gjj/pfyycsml/pfyycsmlDetail?uuid=50827,OK
50828,新疆维吾尔自治区,哈密市,巴里坤哈萨克自治县,石人子邮政支局,哈密市巴里坤县石仁子乡政府三十里馆子村,信件、印刷品、包裹、邮政汇兑、报刊订阅,839201,https://zwfw.spb.gov.cn/gjj/pfyycsml/pfyycsmlDetail?uuid=50828,OK
50829,新疆维吾尔自治区,哈密市,巴里坤哈萨克自治县,红山邮政支局,哈密市巴里坤县红山农场,信件、印刷品、包裹、邮政汇兑、报刊订阅,839202,https://zwfw.spb.gov.cn/gjj/pfyycsml/pfyycsmlDetail?uuid=50829,OK
50830,新疆维吾尔自治区,哈密市,巴里坤哈萨克自治县,奎苏邮政支局,哈密市巴里坤县奎苏镇,信件、印刷品、包裹、邮政汇兑、报刊订阅,839203,https://zwfw.spb.gov.cn/gjj/pfyycsml/pfyycsmlDetail?uuid=50830,OK
50831,新疆维吾尔自治区,哈密市,巴里坤哈萨克自治县,松树塘邮政所,新疆维吾尔自治区哈密市伊州区松树塘社区,信件、印刷品、包裹、邮政汇兑、报刊订阅,839204,https://zwfw.spb.gov.cn/gjj/pfyycsml/pfyycsmlDetail?uuid=50831,OK
50832,新疆维吾尔自治区,哈密市,巴里坤哈萨克自治县,萨尔乔克邮政所,哈密市巴里坤县萨尔乔克乡,信件、印刷品、包裹、邮政汇兑、报刊订阅,839206,https://zwfw.spb.gov.cn/gjj/pfyycsml/pfyycsmlDetail?uuid=50832,OK
50833,新疆维吾尔自治区,哈密市,巴里坤哈萨克自治县,海子沿邮政所,哈密市巴里坤县海子沿,信件、印刷品、包裹、邮政汇兑、报刊订阅,839206,https://zwfw.spb.gov.cn/gjj/pfyycsml/pfyycsmlDetail?uuid=50833,OK
50834,新疆维吾尔自治区,哈密市,巴里坤哈萨克自治县,巴里坤县八墙子邮政所,哈密市巴里坤县八墙子,信件、印刷品、包裹、邮政汇兑、报刊订阅,839299,https://zwfw.spb.gov.cn/gjj/pfyycsml/pfyycsmlDetail?uuid=50834,OK
50835,新疆维吾尔自治区,哈密市,巴里坤哈萨克自治县,博尔羌吉邮政所,哈密市巴里坤县博尔羌吉镇,信件、印刷品、包裹、邮政汇兑、报刊订阅,839208,https://zwfw.spb.gov.cn/gjj/pfyycsml/pfyycsmlDetail?uuid=50835,OK
50836,新疆维吾尔自治区,哈密市,巴里坤哈萨克自治县,巴里坤县红柳峡邮政所,哈密市巴里坤县大河镇大红柳峡乡,信件、印刷品、包裹、邮政汇兑、报刊订阅,839209,https://zwfw.spb.gov.cn/gjj/pfyycsml/pfyycsmlDetail?uuid=50836,OK
50837,新疆维吾尔自治区,哈密市,巴里坤哈萨克自治县,满城邮政支局,哈密市巴里坤县军民团结路21号,信件、印刷品、包裹、邮政汇兑、报刊订阅,839299,https://zwfw.spb.gov.cn/gjj/pfyycsml/pfyycsmlDetail?uuid=50837,OK
50838,新疆维吾尔自治区,哈密市,伊州区,巴里坤县花园邮政所,哈密市火石泉巴里坤山南开发区管委会院内,信件、印刷品、包裹、邮政汇兑、报刊订阅,839211,https://zwfw.spb.gov.cn/gjj/pfyycsml/pfyycsmlDetail?uuid=50838,OK
50839,新疆维吾尔自治区,哈密市,伊州区,中山北路邮政支局,哈密市伊州区中山北路111号,信件、印刷品、包裹、邮政汇兑、国际业务、港澳台业务、报刊订阅,839099,https://zwfw.spb.gov.cn/gjj/pfyycsml/pfyycsmlDetail?uuid=50839,OK
50840,新疆维吾尔自治区,哈密市,伊州区,青年路邮政支局,哈密市伊州区青年北路5号院,信件、印刷品、包裹、邮政汇兑、报刊订阅,839099,https://zwfw.spb.gov.cn/gjj/pfyycsml/pfyycsmlDetail?uuid=50840,OK
50841,新疆维吾尔自治区,哈密市,伊州区,北郊路邮政支局,哈密市伊州区北郊路78号,信件、印刷品、包裹、邮政汇兑、报刊订阅,839099,https://zwfw.spb.gov.cn/gjj/pfyycsml/pfyycsmlDetail?uuid=50841,OK
50842,新疆维吾尔自治区,哈密市,伊州区,八一路邮政支局,哈密市伊州区八一南大道,信件、印刷品、包裹、邮政汇兑、报刊订阅,839099,https://zwfw.spb.gov.cn/gjj/pfyycsml/pfyycsmlDetail?uuid=50842,OK
50843,新疆维吾尔自治区,哈密市,伊州区,94198部队邮政所,哈密市伊州区东疆东大道机场路1号,信件、印刷品、包裹、邮政汇兑、报刊订阅,839101,https://zwfw.spb.gov.cn/gjj/pfyycsml/pfyycsmlDetail?uuid=50843,OK
50844,新疆维吾尔自治区,哈密市,伊州区,建设东路邮政支局,哈密市伊州区建设东路新天地高层底商,信件、印刷品、包裹、邮政汇兑、报刊订阅,839099,https://zwfw.spb.gov.cn/gjj/pfyycsml/pfyycsmlDetail?uuid=50844,OK
50845,新疆维吾尔自治区,哈密市,伊州区,火车站邮政支局,哈密市伊州区天山北路1号,信件、印刷品、包裹、邮政汇兑、国际业务、港澳台业务、报刊订阅,839099,https://zwfw.spb.gov.cn/gjj/pfyycsml/pfyycsmlDetail?uuid=50845,OK
50846,新疆维吾尔自治区,哈密市,伊州区,北环路邮政支局,哈密市伊州区启明路12期1号,信件、印刷品、包裹、邮政汇兑、报刊订阅,839099,https://zwfw.spb.gov.cn/gjj/pfyycsml/pfyycsmlDetail?uuid=50846,OK
50847,新疆维吾尔自治区,哈密市,伊州区,天山北路邮政支局,哈密市伊州区天山北路60号,信件、印刷品、包裹、邮政汇兑、国际业务、港澳台业务、报刊订阅,839099,https://zwfw.spb.gov.cn/gjj/pfyycsml/pfyycsmlDetail?uuid=50847,OK
50848,,,,,北京市西城区北礼士路甲8号,,,https://zwfw.spb.gov.cn/gjj/pfyycsml/pfyycsmlDetail?uuid=50848,OK
50849,新疆维吾尔自治区,哈密市,伊州区,文明路邮政支局,哈密市三道岭文明路57号,信件、印刷品、包裹、邮政汇兑、报刊订阅,839003,https://zwfw.spb.gov.cn/gjj/pfyycsml/pfyycsmlDetail?uuid=50849,OK
50850,新疆维吾尔自治区,哈密市,伊州区,新华路邮政支局,哈密市伊州区三道岭新华路1号,信件、印刷品、包裹、邮政汇兑、国际业务、港澳台业务、报刊订阅,839003,https://zwfw.spb.gov.cn/gjj/pfyycsml/pfyycsmlDetail?uuid=50850,OK
50851,新疆维吾尔自治区,哈密市,伊州区,哈密市三场邮政所,第十三师北郊路红星三场玉龙小区2号楼底商,信件、印刷品、包裹、邮政汇兑、报刊订阅,839005,https://zwfw.spb.gov.cn/gjj/pfyycsml/pfyycsmlDetail?uuid=50851,OK
50852,新疆维吾尔自治区,哈密市,伊州区,石油邮政支局,哈密市伊州区石油基地六区,信件、印刷品、包裹、邮政汇兑、港澳台业务、报刊订阅,839099,https://zwfw.spb.gov.cn/gjj/pfyycsml/pfyycsmlDetail?uuid=50852,OK
50853,新疆维吾尔自治区,哈密市,伊州区,哈密市花园子乡邮政所,哈密市花园子乡布茹小区门面,信件、印刷品、包裹、邮政汇兑、报刊订阅,839021,https://zwfw.spb.gov.cn/gjj/pfyycsml/pfyycsmlDetail?uuid=50853,OK
50854,新疆维吾尔自治区,哈密市,伊州区,哈密市惠康园邮政支局,哈密市伊州区中盛时代城二区底商,信件、印刷品、包裹、邮政汇兑、报刊订阅,839099,https://zwfw.spb.gov.cn/gjj/pfyycsml/pfyycsmlDetail?uuid=50854,OK
50855,新疆维吾尔自治区,哈密市,伊州区,陶家宫邮政支局,哈密市陶家宫镇陶家宫村三队66号,信件、印刷品、包裹、邮政汇兑、报刊订阅,839101,https://zwfw.spb.gov.cn/gjj/pfyycsml/pfyycsmlDetail?uuid=50855,OK
50856,新疆维吾尔自治区,哈密市,伊州区,五星大道邮政支局,第十三师新星市黄田农场兰新东路59号,信件、印刷品、包裹、邮政汇兑、报刊订阅,839103,https://zwfw.spb.gov.cn/gjj/pfyycsml/pfyycsmlDetail?uuid=50856,OK
50857,新疆维吾尔自治区,哈密市,伊州区,大泉湾邮政支局,哈密市大泉湾乡政府,信件、印刷品、包裹、邮政汇兑、报刊订阅,839104,https://zwfw.spb.gov.cn/gjj/pfyycsml/pfyycsmlDetail?uuid=50857,OK
50858,新疆维吾尔自治区,哈密市,伊州区,圪塔井邮政支局,哈密市伊州区大泉湾乡圪塔井村金圪塔小区南1楼16号,信件、印刷品、包裹、邮政汇兑、报刊订阅,839104,https://zwfw.spb.gov.cn/gjj/pfyycsml/pfyycsmlDetail?uuid=50858,OK
50859,新疆维吾尔自治区,哈密市,伊州区,巴木墩邮政支局,第十三师新星市红星四场中星西路47号,信件、印刷品、包裹、邮政汇兑、报刊订阅,839105,https://zwfw.spb.gov.cn/gjj/pfyycsml/pfyycsmlDetail?uuid=50859,OK
50860,新疆维吾尔自治区,哈密市,伊州区,沁城邮政所,哈密市沁城乡政府宿舍楼底商,信件、印刷品、包裹、邮政汇兑、报刊订阅,839106,https://zwfw.spb.gov.cn/gjj/pfyycsml/pfyycsmlDetail?uuid=50860,OK
50861,新疆维吾尔自治区,哈密市,伊州区,二道湖邮政支局,第十三师新星市红星一场友谊东路1号,信件、印刷品、包裹、邮政汇兑、报刊订阅,839108,https://zwfw.spb.gov.cn/gjj/pfyycsml/pfyycsmlDetail?uuid=50861,OK
50862,新疆维吾尔自治区,哈密市,伊州区,二场邮政支局,第十三师红星二场,信件、印刷品、包裹、邮政汇兑、报刊订阅,839113,https://zwfw.spb.gov.cn/gjj/pfyycsml/pfyycsmlDetail?uuid=50862,OK
50863,新疆维吾尔自治区,哈密市,伊州区,二堡邮政支局,哈密市二堡镇团结北路,信件、印刷品、包裹、邮政汇兑、报刊订阅,839115,https://zwfw.spb.gov.cn/gjj/pfyycsml/pfyycsmlDetail?uuid=50863,OK
50864,新疆维吾尔自治区,哈密市,伊州区,五堡邮政所,哈密市伊州区三道岭镇五堡镇商业街,信件、印刷品、包裹、邮政汇兑、报刊订阅,839116,https://zwfw.spb.gov.cn/gjj/pfyycsml/pfyycsmlDetail?uuid=50864,OK
50865,新疆维吾尔自治区,哈密市,伊州区,柳树泉邮政支局,哈密市伊州区三道岭柳树泉农场场部,信件、印刷品、包裹、邮政汇兑、报刊订阅,839117,https://zwfw.spb.gov.cn/gjj/pfyycsml/pfyycsmlDetail?uuid=50865,OK
50866,,,,,北京市西城区北礼士路甲8号,,,https://zwfw.spb.gov.cn/gjj/pfyycsml/pfyycsmlDetail?uuid=50866,OK
50867,新疆维吾尔自治区,哈密市,伊州区,七角井邮政所,哈密市火石泉七角井开发区七角井镇政府办公楼一楼,信件、印刷品、包裹、邮政汇兑、报刊订阅,839119,https://zwfw.spb.gov.cn/gjj/pfyycsml/pfyycsmlDetail?uuid=50867,OK
50868,新疆维吾尔自治区,哈密市,伊州区,南湖邮政所,哈密市伊州区南湖乡南湖村二队,信件、印刷品、包裹、邮政汇兑、报刊订阅,839122,https://zwfw.spb.gov.cn/gjj/pfyycsml/pfyycsmlDetail?uuid=50868,OK
50869,新疆维吾尔自治区,哈密市,伊州区,哈密市回城邮政所,新疆维吾尔自治区哈密市伊州区回城乡养殖小区管委会旁,信件、印刷品、包裹、邮政汇兑、报刊订阅,839099,https://zwfw.spb.gov.cn/gjj/pfyycsml/pfyycsmlDetail?uuid=50869,OK
50870,新疆维吾尔自治区,哈密市,伊州区,哈密市乌拉台邮政所,哈密市伊州区乌拉台乡乌拉台村委会办公楼左侧,信件、印刷品、包裹、邮政汇兑、报刊订阅,839106,https://zwfw.spb.gov.cn/gjj/pfyycsml/pfyycsmlDetail?uuid=50870,OK
50871,新疆维吾尔自治区,哈密市,伊州区,哈密市柳树沟邮政所,哈密市伊州区柳树沟（西戈壁快乐克小区）,信件、印刷品、包裹、邮政汇兑、报刊订阅,839123,https://zwfw.spb.gov.cn/gjj/pfyycsml/pfyycsmlDetail?uuid=50871,OK
50872,新疆维吾尔自治区,哈密市,伊州区,哈密市双井子邮政所,哈密市伊州区双井子乡办公楼,信件、印刷品、包裹、邮政汇兑、报刊订阅,839106,https://zwfw.spb.gov.cn/gjj/pfyycsml/pfyycsmlDetail?uuid=50872,OK
50873,新疆维吾尔自治区,哈密市,伊州区,哈密市星星峡邮政所,哈密市星星峡镇镇政府办公楼东侧,信件、印刷品、包裹、邮政汇兑、报刊订阅,839099,https://zwfw.spb.gov.cn/gjj/pfyycsml/pfyycsmlDetail?uuid=50873,OK
50874,新疆维吾尔自治区,哈密市,伊州区,西山邮政所,哈密市西山乡开发区政府大门口,信件、印刷品、包裹、邮政汇兑、报刊订阅,839123,https://zwfw.spb.gov.cn/gjj/pfyycsml/pfyycsmlDetail?uuid=50874,OK
50875,新疆维吾尔自治区,哈密市,伊州区,哈密市德外里邮政所,哈密市德外里乡南戈壁开发区乡政府办公楼一楼,信件、印刷品、包裹、邮政汇兑、报刊订阅,839124,https://zwfw.spb.gov.cn/gjj/pfyycsml/pfyycsmlDetail?uuid=50875,OK
50876,新疆维吾尔自治区,哈密市,伊州区,天山乡邮政所,哈密市伊州区天山乡政府,信件、印刷品、包裹、邮政汇兑、报刊订阅,839124,https://zwfw.spb.gov.cn/gjj/pfyycsml/pfyycsmlDetail?uuid=50876,OK
50877,新疆维吾尔自治区,哈密市,伊州区,哈密市白石头邮政所,哈密市伊州区回城乡养殖小区管委会旁,信件、印刷品、包裹、邮政汇兑、报刊订阅,839125,https://zwfw.spb.gov.cn/gjj/pfyycsml/pfyycsmlDetail?uuid=50877,OK
50878,新疆维吾尔自治区,哈密市,伊州区,雅满苏邮政所,哈密市伊州区雅满苏镇,信件、印刷品、包裹、邮政汇兑、报刊订阅,839126,https://zwfw.spb.gov.cn/gjj/pfyycsml/pfyycsmlDetail?uuid=50878,OK
50879,新疆维吾尔自治区,哈密市,伊州区,骆驼圈子邮政所,第十三师新星市红星二牧场迎宾路西区,信件、印刷品、包裹、邮政汇兑、报刊订阅,839127,https://zwfw.spb.gov.cn/gjj/pfyycsml/pfyycsmlDetail?uuid=50879,OK
50880,新疆维吾尔自治区,哈密市,伊州区,火箭农场邮政支局,第十三师火箭农场场部,信件、印刷品、包裹、邮政汇兑、报刊订阅,839129,https://zwfw.spb.gov.cn/gjj/pfyycsml/pfyycsmlDetail?uuid=50880,OK
50881,新疆维吾尔自治区,哈密市,伊吾县,振兴路邮政支局,哈密市伊吾县振兴路400号,信件、印刷品、包裹、邮政汇兑、国际业务、港澳台业务、报刊订阅,839399,https://zwfw.spb.gov.cn/gjj/pfyycsml/pfyycsmlDetail?uuid=50881,OK
50882,新疆维吾尔自治区,哈密市,伊吾县,盐池邮政所,哈密市伊吾县盐池镇88号,信件、印刷品、包裹、邮政汇兑、报刊订阅,839301,https://zwfw.spb.gov.cn/gjj/pfyycsml/pfyycsmlDetail?uuid=50882,OK
50883,新疆维吾尔自治区,哈密市,伊吾县,前山邮政所,哈密市伊吾县前山乡02号,信件、印刷品、包裹、邮政汇兑、报刊订阅,839302,https://zwfw.spb.gov.cn/gjj/pfyycsml/pfyycsmlDetail?uuid=50883,OK
50884,新疆维吾尔自治区,哈密市,伊吾县,淖毛湖邮政支局,哈密市伊吾县淖毛湖镇幸福路西路1274号,信件、印刷品、包裹、邮政汇兑、报刊订阅,839303,https://zwfw.spb.gov.cn/gjj/pfyycsml/pfyycsmlDetail?uuid=50884,OK
50885,新疆维吾尔自治区,哈密市,伊吾县,苇子峡邮政所,哈密市伊吾县苇子峡,信件、印刷品、包裹、邮政汇兑、报刊订阅,839304,https://zwfw.spb.gov.cn/gjj/pfyycsml/pfyycsmlDetail?uuid=50885,OK
50886,新疆维吾尔自治区,哈密市,伊吾县,下马崖邮政所,哈密市伊吾县下马崖,信件、印刷品、包裹、邮政汇兑、报刊订阅,839305,https://zwfw.spb.gov.cn/gjj/pfyycsml/pfyycsmlDetail?uuid=50886,OK
50887,新疆维吾尔自治区,哈密市,伊吾县,伊吾县吐葫芦邮政所,哈密市伊吾县吐葫芦乡99号,信件、印刷品、包裹、邮政汇兑、报刊订阅,839399,https://zwfw.spb.gov.cn/gjj/pfyycsml/pfyycsmlDetail?uuid=50887,OK
50888,山西省,运城市,芮城县,学张邮政所,山西省运城市芮城县学张乡学长街,信件、印刷品、包裹、邮政汇兑、报刊订阅,044600,https://zwfw.spb.gov.cn/gjj/pfyycsml/pfyycsmlDetail?uuid=50888,OK
50889,山西省,运城市,芮城县,南卫邮政所,山西省运城市芮城县南卫乡北街,信件、印刷品、包裹、邮政汇兑、报刊订阅,044600,https://zwfw.spb.gov.cn/gjj/pfyycsml/pfyycsmlDetail?uuid=50889,OK
50890,山西省,运城市,芮城县,风陵渡邮政支局,山西省运城市芮城县风陵渡经济开发区东街,信件、印刷品、包裹、邮政汇兑、报刊订阅,044600,https://zwfw.spb.gov.cn/gjj/pfyycsml/pfyycsmlDetail?uuid=50890,OK
50891,山西省,运城市,芮城县,阳城邮政支局,山西省运城市芮城县阳城集镇西街,信件、印刷品、包裹、邮政汇兑、报刊订阅,044600,https://zwfw.spb.gov.cn/gjj/pfyycsml/pfyycsmlDetail?uuid=50891,OK
50892,山西省,运城市,芮城县,永乐邮政所,山西省运城市芮城县永乐集镇西街,信件、印刷品、包裹、邮政汇兑、报刊订阅,044600,https://zwfw.spb.gov.cn/gjj/pfyycsml/pfyycsmlDetail?uuid=50892,OK
50893,山西省,运城市,芮城县,大王邮政支局,山西省运城市芮城县大王镇南街,信件、印刷品、包裹、邮政汇兑、报刊订阅,044600,https://zwfw.spb.gov.cn/gjj/pfyycsml/pfyycsmlDetail?uuid=50893,OK
50894,山西省,运城市,芮城县,西陌邮政所,山西省运城市芮城县西陌镇东街,信件、印刷品、包裹、邮政汇兑、报刊订阅,044600,https://zwfw.spb.gov.cn/gjj/pfyycsml/pfyycsmlDetail?uuid=50894,OK
50895,山西省,运城市,芮城县,陌南邮政支局,山西省运城市芮城县陌南镇集镇南街,信件、印刷品、包裹、邮政汇兑、报刊订阅,044600,https://zwfw.spb.gov.cn/gjj/pfyycsml/pfyycsmlDetail?uuid=50895,OK
50896,山西省,运城市,芮城县,东垆邮政所,山西省运城市芮城县东垆乡便民服务中心隔壁,信件、印刷品、包裹、邮政汇兑、报刊订阅,044600,https://zwfw.spb.gov.cn/gjj/pfyycsml/pfyycsmlDetail?uuid=50896,OK
50897,山西省,阳泉市,郊区,杨家庄邮政所,山西省阳泉市郊区杨家庄乡,信件、印刷品、包裹、邮政汇兑、报刊订阅,045070,https://zwfw.spb.gov.cn/gjj/pfyycsml/pfyycsmlDetail?uuid=50897,OK
50898,山西省,太原市,尖草坪区,迎新街邮政支局,太原市尖草坪区迎新街20号,信件、印刷品、包裹、邮政汇兑、国际业务、港澳台业务、报刊订阅,030008,https://zwfw.spb.gov.cn/gjj/pfyycsml/pfyycsmlDetail?uuid=50898,OK
50899,山西省,太原市,迎泽区,五一路邮政所,太原市迎泽区五一路11号,信件、印刷品、包裹、邮政汇兑、国际业务、港澳台业务、报刊订阅,030002,https://zwfw.spb.gov.cn/gjj/pfyycsml/pfyycsmlDetail?uuid=50899,OK
50900,山西省,太原市,迎泽区,车站邮政支局,山西省太原市迎泽大街1号,信件、印刷品、包裹、邮政汇兑、国际业务、港澳台业务、报刊订阅,030002,https://zwfw.spb.gov.cn/gjj/pfyycsml/pfyycsmlDetail?uuid=50900,OK
50901,甘肃省,定西市,岷县,和平街邮政支局,甘肃省定西市岷县岷阳镇和平街77号,信件、印刷品、包裹、邮政汇兑、国际业务、港澳台业务、报刊订阅,748499,https://zwfw.spb.gov.cn/gjj/pfyycsml/pfyycsmlDetail?uuid=50901,OK
50902,甘肃省,定西市,岷县,岷州西路邮政所,甘肃省定西市岷县岷阳镇岷州西路22号,信件、印刷品、包裹、邮政汇兑、报刊订阅,748499,https://zwfw.spb.gov.cn/gjj/pfyycsml/pfyycsmlDetail?uuid=50902,OK
50903,甘肃省,定西市,岷县,梅川邮政支局,甘肃省定西市岷县梅川镇杏林村102号,信件、印刷品、包裹、邮政汇兑、报刊订阅,748499,https://zwfw.spb.gov.cn/gjj/pfyycsml/pfyycsmlDetail?uuid=50903,OK
50904,贵州省,毕节市,黔西市,金坡邮政所,贵州省毕节市黔西县金坡乡街上,信件、印刷品、包裹、邮政汇兑、报刊订阅,551700,https://zwfw.spb.gov.cn/gjj/pfyycsml/pfyycsmlDetail?uuid=50904,OK
50905,黑龙江省,伊春市,金林区,苔青邮政所,伊春市金林区西林镇三公里,信件、印刷品、包裹、邮政汇兑、报刊订阅,153000,https://zwfw.spb.gov.cn/gjj/pfyycsml/pfyycsmlDetail?uuid=50905,OK
50906,湖北省,黄冈市,英山县,陶家河邮政所,黄冈市英山县陶家河邮政乡陶家河街,信件、印刷品、包裹、邮政汇兑、报刊订阅,438713,https://zwfw.spb.gov.cn/gjj/pfyycsml/pfyycsmlDetail?uuid=50906,OK
50907,湖北省,武汉市,江夏区,武汉纺织大学邮政所,江夏区阳光大道1号,信件、印刷品、包裹、邮政汇兑、国际业务、港澳台业务,430200,https://zwfw.spb.gov.cn/gjj/pfyycsml/pfyycsmlDetail?uuid=50907,OK
50908,湖北省,咸宁市,赤壁市,赤壁市城北邮政支局,赤壁市赤马港办事处河北大道51号,信件、印刷品、包裹、邮政汇兑、报刊订阅,437303,https://zwfw.spb.gov.cn/gjj/pfyycsml/pfyycsmlDetail?uuid=50908,OK
50909,湖北省,恩施土家族苗族自治州,宣恩县,高罗邮政支局,高罗镇建设路239号,信件、印刷品、包裹、邮政汇兑、报刊订阅,445511,https://zwfw.spb.gov.cn/gjj/pfyycsml/pfyycsmlDetail?uuid=50909,OK
50910,辽宁省,本溪市,桓仁满族自治县,桓仁县泡子沿邮政支局,辽宁省本溪市桓仁满族自治县桓仁镇水电街06组09幢0单元5号、6号、7号,信件、印刷品、包裹、邮政汇兑、报刊订阅,117201,https://zwfw.spb.gov.cn/gjj/pfyycsml/pfyycsmlDetail?uuid=50910,OK
50911,河南省,开封市,兰考县,三义寨支局,河南省开封市兰考县三义寨乡白云山村北头,信件、印刷品、包裹、邮政汇兑、报刊订阅,475300,https://zwfw.spb.gov.cn/gjj/pfyycsml/pfyycsmlDetail?uuid=50911,OK
50912,河北省,保定市,安新县,西大街邮政支局,安新县安新镇西大街33号,信件、印刷品、包裹、邮政汇兑、报刊订阅,071699,https://zwfw.spb.gov.cn/gjj/pfyycsml/pfyycsmlDetail?uuid=50912,OK
50913,河北省,保定市,安新县,雁翎东路邮政支局,安新县雁翎东路48号,信件、印刷品、包裹、邮政汇兑、国际业务、港澳台业务、报刊订阅,071699,https://zwfw.spb.gov.cn/gjj/pfyycsml/pfyycsmlDetail?uuid=50913,OK
50914,,,,,北京市西城区北礼士路甲8号,,,https://zwfw.spb.gov.cn/gjj/pfyycsml/pfyycsmlDetail?uuid=50914,OK
50915,河北省,保定市,安新县,安新县寨里邮政所,河北保定安新县寨里乡寨里村政府路2号,信件、印刷品、包裹、邮政汇兑、报刊订阅,071606,https://zwfw.spb.gov.cn/gjj/pfyycsml/pfyycsmlDetail?uuid=50915,OK
50916,河北省,保定市,安新县,安新县大王邮政所,河北省安新县大王镇新容南街64号,信件、印刷品、包裹、邮政汇兑、报刊订阅,071699,https://zwfw.spb.gov.cn/gjj/pfyycsml/pfyycsmlDetail?uuid=50916,OK
50917,河北省,保定市,安新县,安新县赵北口邮政所,河北保定安新县赵北口镇镇政府院内,信件、印刷品、包裹、邮政汇兑、报刊订阅,071608,https://zwfw.spb.gov.cn/gjj/pfyycsml/pfyycsmlDetail?uuid=50917,OK
50918,河北省,保定市,安新县,安新县圈头邮政所,河北保定安新县圈头乡桥东村委会,信件、印刷品、包裹、邮政汇兑、报刊订阅,071603,https://zwfw.spb.gov.cn/gjj/pfyycsml/pfyycsmlDetail?uuid=50918,OK
50919,河北省,保定市,容城县,容城县罗萨大街邮政支局,河北省容城县罗萨大街153-2号,信件、印刷品、包裹、邮政汇兑、国际业务、港澳台业务、报刊订阅,071799,https://zwfw.spb.gov.cn/gjj/pfyycsml/pfyycsmlDetail?uuid=50919,OK
50920,河北省,保定市,容城县,容城县金容中街邮政支局,容城县金容中街23号,信件、印刷品、包裹、邮政汇兑、报刊订阅,071700,https://zwfw.spb.gov.cn/gjj/pfyycsml/pfyycsmlDetail?uuid=50920,OK
50921,河北省,保定市,容城县,容城县贾光邮政所,河北省容城县贾光乡贾光村北环路9号,信件、印刷品、包裹、邮政汇兑、报刊订阅,071701,https://zwfw.spb.gov.cn/gjj/pfyycsml/pfyycsmlDetail?uuid=50921,OK
50922,河北省,保定市,容城县,容城县平王邮政支局,河北省容城县平王乡仇小王村通达路3-1号,信件、印刷品、包裹、邮政汇兑、报刊订阅,071703,https://zwfw.spb.gov.cn/gjj/pfyycsml/pfyycsmlDetail?uuid=50922,OK
50923,河北省,保定市,容城县,容城小里邮政支局,河北省容城县小里镇西小里村财贸北街19号,信件、印刷品、包裹、邮政汇兑、报刊订阅,071704,https://zwfw.spb.gov.cn/gjj/pfyycsml/pfyycsmlDetail?uuid=50923,OK
50924,河北省,保定市,容城县,容城南张邮政支局,容城县容西片区容霸路31-1号,信件、印刷品、包裹、邮政汇兑、报刊订阅,071705,https://zwfw.spb.gov.cn/gjj/pfyycsml/pfyycsmlDetail?uuid=50924,OK
50925,河北省,保定市,容城县,容城晾马台邮政支局,容城县晾马台乡西李家营桥头,信件、印刷品、包裹、邮政汇兑、报刊订阅,071706,https://zwfw.spb.gov.cn/gjj/pfyycsml/pfyycsmlDetail?uuid=50925,OK
50926,河北省,保定市,容城县,容城大河邮政支局,容东片区槐香社区乐安街136号,信件、印刷品、包裹、邮政汇兑、报刊订阅,071708,https://zwfw.spb.gov.cn/gjj/pfyycsml/pfyycsmlDetail?uuid=50926,OK
50927,河北省,保定市,容城县,容城县八于邮政所,河北省保定市八于乡薛庄村朝阳东路17号,信件、印刷品、包裹、邮政汇兑、报刊订阅,071799,https://zwfw.spb.gov.cn/gjj/pfyycsml/pfyycsmlDetail?uuid=50927,OK
50928,河北省,保定市,雄县,雄县龙湾邮政支局,河北省雄县龙湾镇龙北村市场街,信件、印刷品、包裹、邮政汇兑、报刊订阅,071899,https://zwfw.spb.gov.cn/gjj/pfyycsml/pfyycsmlDetail?uuid=50928,OK
50929,河北省,保定市,雄县,雄县板东邮政所,河北省雄县米家务镇板北村,信件、印刷品、包裹、邮政汇兑、报刊订阅,071899,https://zwfw.spb.gov.cn/gjj/pfyycsml/pfyycsmlDetail?uuid=50929,OK
50930,河北省,保定市,雄县,雄县北沙邮政所,河北省雄县北沙乡北沙口村,信件、印刷品、包裹、邮政汇兑、报刊订阅,071899,https://zwfw.spb.gov.cn/gjj/pfyycsml/pfyycsmlDetail?uuid=50930,OK
50931,河北省,保定市,雄县,雄县双堂邮政所,雄县双堂乡双堂村,信件、印刷品、包裹、邮政汇兑、报刊订阅,071899,https://zwfw.spb.gov.cn/gjj/pfyycsml/pfyycsmlDetail?uuid=50931,OK
50932,河北省,保定市,雄县,雄县文昌大街邮政支局,河北省雄县文昌大街291号,信件、印刷品、包裹、邮政汇兑、国际业务、港澳台业务、报刊订阅,071899,https://zwfw.spb.gov.cn/gjj/pfyycsml/pfyycsmlDetail?uuid=50932,OK
50933,河北省,保定市,雄县,雄县雄州镇邮政支局,雄县温泉路111号,信件、印刷品、包裹、邮政汇兑、报刊订阅,071899,https://zwfw.spb.gov.cn/gjj/pfyycsml/pfyycsmlDetail?uuid=50933,OK
50934,河北省,保定市,雄县,雄县昝岗邮政支局,河北省雄县昝岗镇昝西大街128号,信件、印刷品、包裹、邮政汇兑、报刊订阅,071802,https://zwfw.spb.gov.cn/gjj/pfyycsml/pfyycsmlDetail?uuid=50934,OK
50935,河北省,保定市,雄县,雄县张岗邮政所,雄县张岗乡张岗村,信件、印刷品、包裹、邮政汇兑、报刊订阅,071899,https://zwfw.spb.gov.cn/gjj/pfyycsml/pfyycsmlDetail?uuid=50935,OK
50936,河北省,保定市,雄县,雄县米北邮政支局,雄县米家务乡米北庄村,信件、印刷品、包裹、邮政汇兑、报刊订阅,071899,https://zwfw.spb.gov.cn/gjj/pfyycsml/pfyycsmlDetail?uuid=50936,OK
50937,河北省,保定市,雄县,雄县大营邮政支局,雄县大营镇大营村,信件、印刷品、包裹、邮政汇兑、报刊订阅,071805,https://zwfw.spb.gov.cn/gjj/pfyycsml/pfyycsmlDetail?uuid=50937,OK
50938,江西省,九江市,庐山市,中国邮政集团有限公司江西省庐山市沙湖邮政所,中心街,信件、印刷品、包裹、邮政汇兑,332805,https://zwfw.spb.gov.cn/gjj/pfyycsml/pfyycsmlDetail?uuid=50938,OK
50939,江西省,九江市,庐山市,中国邮政集团有限公司江西省庐山市南康大道邮政所,电信局旁,信件、印刷品、包裹、邮政汇兑,332800,https://zwfw.spb.gov.cn/gjj/pfyycsml/pfyycsmlDetail?uuid=50939,OK
50940,江西省,九江市,庐山市,中国邮政集团有限公司江西省庐山市白鹿邮政所,金鹿大道与562乡道交叉口西南50米,信件、印刷品、包裹、邮政汇兑,332800,https://zwfw.spb.gov.cn/gjj/pfyycsml/pfyycsmlDetail?uuid=50940,OK
50941,江西省,抚州市,南丰县,中国邮政集团有限公司江西省南丰县太源邮政所,江西省抚州市南丰县太源乡街上,信件、印刷品、包裹、邮政汇兑、报刊订阅,344500,https://zwfw.spb.gov.cn/gjj/pfyycsml/pfyycsmlDetail?uuid=50941,OK
50942,,,,,北京市西城区北礼士路甲8号,,,https://zwfw.spb.gov.cn/gjj/pfyycsml/pfyycsmlDetail?uuid=50942,OK
50943,广西壮族自治区,梧州市,万秀区,龙湖邮政所,广西壮族自治区梧州市万秀区龙湖镇塘源村上源二组20号,信件、印刷品、包裹、邮政汇兑、报刊订阅,543099,https://zwfw.spb.gov.cn/gjj/pfyycsml/pfyycsmlDetail?uuid=50943,OK
50944,广西壮族自治区,梧州市,万秀区,城东邮政所,广西壮族自治区梧州市万秀区城东镇扶典村三组24号,信件、印刷品、包裹、邮政汇兑、报刊订阅,543099,https://zwfw.spb.gov.cn/gjj/pfyycsml/pfyycsmlDetail?uuid=50944,OK
50945,广西壮族自治区,梧州市,万秀区,大东邮政所,万秀区东正路62号一单元101房铺面,信件、印刷品、包裹、邮政汇兑、报刊订阅,543099,https://zwfw.spb.gov.cn/gjj/pfyycsml/pfyycsmlDetail?uuid=50945,OK
50946,广西壮族自治区,梧州市,长洲区,三龙邮政所,梧州市长洲区三龙大道88号梧州职业学院内,信件、印刷品、包裹、邮政汇兑、报刊订阅,543002,https://zwfw.spb.gov.cn/gjj/pfyycsml/pfyycsmlDetail?uuid=50946,OK
50947,广西壮族自治区,梧州市,万秀区,富江邮政所,梧州市万秀区富民一路28号,信件、印刷品、包裹、邮政汇兑、报刊订阅,543002,https://zwfw.spb.gov.cn/gjj/pfyycsml/pfyycsmlDetail?uuid=50947,OK
50948,广西壮族自治区,梧州市,长洲区,河西邮政所,梧州市长洲区新兴一路63号,信件、印刷品、包裹、邮政汇兑、国际业务、港澳台业务、报刊订阅,543002,https://zwfw.spb.gov.cn/gjj/pfyycsml/pfyycsmlDetail?uuid=50948,OK
50949,广西壮族自治区,梧州市,万秀区,西环邮政所,梧州市万秀区枣冲路64-4号,信件、印刷品、包裹、邮政汇兑、报刊订阅,543002,https://zwfw.spb.gov.cn/gjj/pfyycsml/pfyycsmlDetail?uuid=50949,OK
50950,广西壮族自治区,梧州市,长洲区,新兴三路邮政所,梧州市长洲区新兴三路32号,信件、印刷品、包裹、邮政汇兑、国际业务、港澳台业务、报刊订阅,543001,https://zwfw.spb.gov.cn/gjj/pfyycsml/pfyycsmlDetail?uuid=50950,OK
50951,广西壮族自治区,梧州市,万秀区,钱鉴邮政所,梧州市万秀区钱鉴路44号,信件、印刷品、包裹、邮政汇兑、报刊订阅,543003,https://zwfw.spb.gov.cn/gjj/pfyycsml/pfyycsmlDetail?uuid=50951,OK
50952,河南省,济源市,济源市,济源克井邮政支局,河南省济源市克井镇马寺街,信件、印刷品、包裹、邮政汇兑、报刊订阅,459010,https://zwfw.spb.gov.cn/gjj/pfyycsml/pfyycsmlDetail?uuid=50952,OK
50953,河南省,济源市,济源市,济源五龙口邮政支局,河南省济源市五龙口镇辛庄村,信件、印刷品、包裹、邮政汇兑、报刊订阅,459011,https://zwfw.spb.gov.cn/gjj/pfyycsml/pfyycsmlDetail?uuid=50953,OK
50954,河南省,济源市,济源市,济源尚庄支局,河南省济源市五龙口镇尚庄村北,信件、印刷品、包裹、邮政汇兑、报刊订阅,459012,https://zwfw.spb.gov.cn/gjj/pfyycsml/pfyycsmlDetail?uuid=50954,OK
50955,河南省,济源市,济源市,梨林邮政支局,河南省济源市梨林镇梨林村,信件、印刷品、包裹、邮政汇兑、报刊订阅,459018,https://zwfw.spb.gov.cn/gjj/pfyycsml/pfyycsmlDetail?uuid=50955,OK
50956,河南省,济源市,济源市,济源轵城支局,河南省济源市轵城镇西轵城村,信件、印刷品、包裹、邮政汇兑、报刊订阅,459005,https://zwfw.spb.gov.cn/gjj/pfyycsml/pfyycsmlDetail?uuid=50956,OK
50957,河南省,济源市,济源市,东添浆邮政支局,河南省济源市轵城镇东添浆村,信件、印刷品、包裹、邮政汇兑、报刊订阅,459019,https://zwfw.spb.gov.cn/gjj/pfyycsml/pfyycsmlDetail?uuid=50957,OK
50958,河南省,济源市,济源市,济源坡头邮政支局,河南省济源市坡头镇坡头村,信件、印刷品、包裹、邮政汇兑、报刊订阅,459016,https://zwfw.spb.gov.cn/gjj/pfyycsml/pfyycsmlDetail?uuid=50958,OK
50959,河南省,济源市,济源市,济源大峪邮政支局,河南省济源市大峪黄河小浪底景区东门口,信件、印刷品、包裹、邮政汇兑、报刊订阅,459017,https://zwfw.spb.gov.cn/gjj/pfyycsml/pfyycsmlDetail?uuid=50959,OK
50960,河南省,济源市,济源市,济源承留邮政支局,河南省济源市承留镇承留大街北侧,信件、印刷品、包裹、邮政汇兑、报刊订阅,459007,https://zwfw.spb.gov.cn/gjj/pfyycsml/pfyycsmlDetail?uuid=50960,OK
50961,河南省,济源市,济源市,济源小寨邮政支局,河南省济源市承留镇小寨村,信件、印刷品、包裹、邮政汇兑、报刊订阅,459008,https://zwfw.spb.gov.cn/gjj/pfyycsml/pfyycsmlDetail?uuid=50961,OK
50962,河南省,济源市,济源市,思礼邮政支局,河南省济源市思礼镇山河水库库边,信件、印刷品、包裹、邮政汇兑、报刊订阅,459006,https://zwfw.spb.gov.cn/gjj/pfyycsml/pfyycsmlDetail?uuid=50962,OK
50963,安徽省,宿州市,埇桥区,汴河西路邮政支局,汴河中路395号,信件、印刷品、包裹、邮政汇兑、报刊订阅,234099,https://zwfw.spb.gov.cn/gjj/pfyycsml/pfyycsmlDetail?uuid=50963,OK
50964,安徽省,宿州市,埇桥区,顺河邮政所,宿州市墉桥区顺河乡顺河街南头,信件、印刷品、包裹、邮政汇兑、报刊订阅,234120,https://zwfw.spb.gov.cn/gjj/pfyycsml/pfyycsmlDetail?uuid=50964,OK
50965,广东省,东莞市,东莞县,中国邮政集团有限公司东莞市麻涌镇大道邮政所,东莞市麻涌镇麻涌大道187号,信件、印刷品、包裹、邮政汇兑、报刊订阅,523142,https://zwfw.spb.gov.cn/gjj/pfyycsml/pfyycsmlDetail?uuid=50965,OK
50966,广东省,东莞市,东莞县,中国邮政集团有限公司东莞市麻涌镇中心邮政所,东莞市麻涌镇古梅路178号107,信件、印刷品、包裹、邮政汇兑、国际业务、港澳台业务、报刊订阅,523133,https://zwfw.spb.gov.cn/gjj/pfyycsml/pfyycsmlDetail?uuid=50966,OK
50967,广东省,东莞市,东莞县,中国邮政集团有限公司东莞市麻涌镇古梅邮政所,广东省东莞市麻涌镇古梅路77号,信件、印刷品、包裹、邮政汇兑、报刊订阅,523135,https://zwfw.spb.gov.cn/gjj/pfyycsml/pfyycsmlDetail?uuid=50967,OK
50968,,,,,北京市西城区北礼士路甲8号,,,https://zwfw.spb.gov.cn/gjj/pfyycsml/pfyycsmlDetail?uuid=50968,OK
50969,广东省,东莞市,东莞县,中国邮政集团有限公司东莞市洪梅镇中心邮政所,东莞市洪梅镇洪梅中兴路6号1栋101,信件、印刷品、包裹、邮政汇兑、国际业务、港澳台业务、报刊订阅,523160,https://zwfw.spb.gov.cn/gjj/pfyycsml/pfyycsmlDetail?uuid=50969,OK
50970,广东省,东莞市,东莞县,中国邮政集团有限公司东莞市道滘镇振兴邮政所,东莞市道滘镇振兴路北96号,信件、印刷品、包裹、邮政汇兑、国际业务、港澳台业务、报刊订阅,523170,https://zwfw.spb.gov.cn/gjj/pfyycsml/pfyycsmlDetail?uuid=50970,OK
50971,广东省,东莞市,东莞县,中国邮政集团有限公司东莞市道滘镇南丫邮政所,东莞市道滘镇南丫村南丫广场10号105-106铺,信件、印刷品、包裹、邮政汇兑、国际业务、港澳台业务、报刊订阅,523187,https://zwfw.spb.gov.cn/gjj/pfyycsml/pfyycsmlDetail?uuid=50971,OK
50972,广东省,东莞市,东莞县,中国邮政集团有限公司东莞市石龙镇黄洲邮政所,东莞市石龙镇石龙方正中路10号115室,信件、印刷品、包裹、邮政汇兑、国际业务、港澳台业务、报刊订阅,523326,https://zwfw.spb.gov.cn/gjj/pfyycsml/pfyycsmlDetail?uuid=50972,OK
50973,广东省,东莞市,东莞县,中国邮政集团有限公司东莞市石龙镇绿化路邮政所,东莞市石龙镇石龙红棉路35号104、105、106室,信件、印刷品、包裹、邮政汇兑、港澳台业务、报刊订阅,523320,https://zwfw.spb.gov.cn/gjj/pfyycsml/pfyycsmlDetail?uuid=50973,OK
50974,广东省,东莞市,东莞县,中国邮政集团有限公司东莞市石龙镇西湖邮政所,东莞市石龙镇西湖龙田西路11号,信件、印刷品、包裹、邮政汇兑、港澳台业务、报刊订阅,523325,https://zwfw.spb.gov.cn/gjj/pfyycsml/pfyycsmlDetail?uuid=50974,OK
50975,广东省,东莞市,东莞县,中国邮政集团有限公司东莞市石排镇里仁邮政所,东莞市石排镇东园大道石排段163号2号楼107室,信件、印刷品、包裹、邮政汇兑,523343,https://zwfw.spb.gov.cn/gjj/pfyycsml/pfyycsmlDetail?uuid=50975,OK
50976,广东省,东莞市,东莞县,中国邮政集团有限公司东莞市石排镇向西邮政所,东莞市石排镇石崇大道551号102室,信件、印刷品、包裹、邮政汇兑,523345,https://zwfw.spb.gov.cn/gjj/pfyycsml/pfyycsmlDetail?uuid=50976,OK
50977,广东省,东莞市,东莞县,中国邮政集团有限公司东莞市寮步镇中心邮政所,广东东莞市寮步镇莞樟路寮步段1046号之一,信件、印刷品、包裹、邮政汇兑,523400,https://zwfw.spb.gov.cn/gjj/pfyycsml/pfyycsmlDetail?uuid=50977,OK
50978,广东省,东莞市,东莞县,中国邮政集团有限公司东莞市寮步镇教育路邮政所,东莞市寮步镇寮步社区环城路47号2-3号铺位,信件、印刷品、包裹、邮政汇兑,523400,https://zwfw.spb.gov.cn/gjj/pfyycsml/pfyycsmlDetail?uuid=50978,OK
50979,广东省,东莞市,东莞县,中国邮政集团有限公司东莞市寮步镇西溪邮政所,广东东莞市寮步镇寮东路29号,信件、印刷品、包裹、邮政汇兑、国际业务,523402,https://zwfw.spb.gov.cn/gjj/pfyycsml/pfyycsmlDetail?uuid=50979,OK
50980,广东省,东莞市,东莞县,中国邮政集团有限公司东莞市寮步镇汽车城邮政所,广东东莞市寮步镇富竹山联合二手车市场富荣路106号,信件、印刷品、包裹、邮政汇兑,523406,https://zwfw.spb.gov.cn/gjj/pfyycsml/pfyycsmlDetail?uuid=50980,OK
50981,广东省,东莞市,东莞县,中国邮政集团有限公司东莞市寮步镇良平邮政所,广东东莞市寮步镇新旧围良平综合市场9号铺,信件、印刷品、包裹、邮政汇兑,523410,https://zwfw.spb.gov.cn/gjj/pfyycsml/pfyycsmlDetail?uuid=50981,OK
50982,广东省,东莞市,东莞县,中国邮政集团有限公司东莞市寮步镇岭厦邮政所,广东东莞市寮步镇岭厦致富街32号,信件、印刷品、包裹、邮政汇兑,523409,https://zwfw.spb.gov.cn/gjj/pfyycsml/pfyycsmlDetail?uuid=50982,OK
50983,,,,,北京市西城区北礼士路甲8号,,,https://zwfw.spb.gov.cn/gjj/pfyycsml/pfyycsmlDetail?uuid=50983,OK
50984,广东省,东莞市,东莞县,中国邮政集团有限公司东莞市寮步镇华南城邮政所,广东东莞市寮步镇松柏路301号128室,信件、印刷品、包裹、邮政汇兑,523413,https://zwfw.spb.gov.cn/gjj/pfyycsml/pfyycsmlDetail?uuid=50984,OK
50985,广东省,东莞市,东莞县,中国邮政集团有限公司东莞市东坑镇中心邮政所,广东省东莞市东坑镇东兴中路139号,信件、印刷品、包裹、邮政汇兑、国际业务、港澳台业务、报刊订阅,523448,https://zwfw.spb.gov.cn/gjj/pfyycsml/pfyycsmlDetail?uuid=50985,OK
50986,广东省,东莞市,东莞县,中国邮政集团有限公司东莞市东坑镇初坑邮政所,广东省东莞市东坑镇东兴中路243号103室,信件、印刷品、包裹、邮政汇兑、报刊订阅,523447,https://zwfw.spb.gov.cn/gjj/pfyycsml/pfyycsmlDetail?uuid=50986,OK
50987,广东省,东莞市,东莞县,中国邮政集团有限公司东莞市东坑镇华仁邮政所,东莞市东坑镇创基路35号101室,信件、印刷品、包裹、邮政汇兑、报刊订阅,523457,https://zwfw.spb.gov.cn/gjj/pfyycsml/pfyycsmlDetail?uuid=50987,OK
50988,,,,,北京市西城区北礼士路甲8号,,,https://zwfw.spb.gov.cn/gjj/pfyycsml/pfyycsmlDetail?uuid=50988,OK
50989,广东省,东莞市,东莞县,中国邮政集团有限公司东莞市横沥镇罗屋邮政所,广东省东莞市横沥镇恒泉路141号,信件、印刷品、包裹、邮政汇兑、报刊订阅,523460,https://zwfw.spb.gov.cn/gjj/pfyycsml/pfyycsmlDetail?uuid=50989,OK
50990,广东省,东莞市,东莞县,中国邮政集团有限公司东莞市横沥镇三江邮政所,东莞市横沥镇北环路104号,信件、印刷品、包裹、邮政汇兑、报刊订阅,523462,https://zwfw.spb.gov.cn/gjj/pfyycsml/pfyycsmlDetail?uuid=50990,OK
50991,,,,,北京市西城区北礼士路甲8号,,,https://zwfw.spb.gov.cn/gjj/pfyycsml/pfyycsmlDetail?uuid=50991,OK
50992,广东省,东莞市,东莞县,中国邮政集团有限公司东莞市横沥镇田坑邮政所,东莞市横沥镇振兴中路38号,信件、印刷品、包裹、邮政汇兑、报刊订阅,523477,https://zwfw.spb.gov.cn/gjj/pfyycsml/pfyycsmlDetail?uuid=50992,OK
50993,广东省,东莞市,东莞县,中国邮政集团有限公司东莞市横沥镇双龙舫邮政所,广东省东莞市横沥镇双龙舫商业步行街301-303号,信件、印刷品、包裹、邮政汇兑、国际业务、港澳台业务、报刊订阅,523478,https://zwfw.spb.gov.cn/gjj/pfyycsml/pfyycsmlDetail?uuid=50993,OK
50994,广东省,东莞市,东莞县,中国邮政集团有限公司东莞市企石镇振华邮政所,东莞市企石镇振华路51号101-103,信件、印刷品、包裹、邮政汇兑,523500,https://zwfw.spb.gov.cn/gjj/pfyycsml/pfyycsmlDetail?uuid=50994,OK
50995,广东省,东莞市,东莞县,中国邮政集团有限公司东莞市企石镇宝石邮政所,东莞市企石镇人民路1号,信件、印刷品、包裹、邮政汇兑,523506,https://zwfw.spb.gov.cn/gjj/pfyycsml/pfyycsmlDetail?uuid=50995,OK
50996,广东省,东莞市,东莞县,中国邮政集团有限公司东莞市企石镇企石邮政所,东莞市企石镇宝石路5号,信件、印刷品、包裹、邮政汇兑、国际业务、港澳台业务,523500,https://zwfw.spb.gov.cn/gjj/pfyycsml/pfyycsmlDetail?uuid=50996,OK
50997,广东省,东莞市,东莞县,中国邮政集团有限公司东莞市企石镇东平邮政所,东莞市企石镇东平村企桥路646号103、104,信件、印刷品、包裹、邮政汇兑,523519,https://zwfw.spb.gov.cn/gjj/pfyycsml/pfyycsmlDetail?uuid=50997,OK
50998,广东省,东莞市,东莞县,中国邮政集团有限公司东莞市桥头镇中心邮政所,东莞市桥头镇莲城社区桥光大道桥头段78号一楼A区,信件、印刷品、包裹、邮政汇兑、国际业务、港澳台业务、报刊订阅,523520,https://zwfw.spb.gov.cn/gjj/pfyycsml/pfyycsmlDetail?uuid=50998,OK
50999,广东省,东莞市,东莞县,中国邮政集团有限公司东莞市桥头镇桥光邮政所,东莞市桥头镇桥光大道758、760号,信件、印刷品、包裹、邮政汇兑,523531,https://zwfw.spb.gov.cn/gjj/pfyycsml/pfyycsmlDetail?uuid=50999,OK
51000,广东省,东莞市,东莞县,中国邮政集团有限公司东莞市桥头镇大洲邮政所,桥头镇大洲管理区桥常路366号,信件、印刷品、包裹、邮政汇兑,523525,https://zwfw.spb.gov.cn/gjj/pfyycsml/pfyycsmlDetail?uuid=51000,OK
51001,广东省,东莞市,东莞县,中国邮政集团有限公司东莞市桥头镇惠民邮政所,东莞市桥头镇雅堤南路1号,信件、印刷品、包裹、邮政汇兑,523542,https://zwfw.spb.gov.cn/gjj/pfyycsml/pfyycsmlDetail?uuid=51001,OK
51002,,,,,北京市西城区北礼士路甲8号,,,https://zwfw.spb.gov.cn/gjj/pfyycsml/pfyycsmlDetail?uuid=51002,OK
51003,广东省,东莞市,东莞县,中国邮政集团有限公司东莞市桥头镇邓屋邮政所,广东东莞市桥头镇邓屋广场街98号,信件、印刷品、包裹、邮政汇兑,523533,https://zwfw.spb.gov.cn/gjj/pfyycsml/pfyycsmlDetail?uuid=51003,OK
51004,广东省,东莞市,东莞县,中国邮政集团有限公司东莞市桥头镇太湖邮政所,东莞市桥头镇桥东路330、332号,信件、印刷品、包裹、邮政汇兑,523540,https://zwfw.spb.gov.cn/gjj/pfyycsml/pfyycsmlDetail?uuid=51004,OK
51005,广东省,东莞市,东莞县,中国邮政集团有限公司东莞市常平镇白石岗邮政所,常田路622号,信件、印刷品、包裹、邮政汇兑,523559,https://zwfw.spb.gov.cn/gjj/pfyycsml/pfyycsmlDetail?uuid=51005,OK
51006,,,,,北京市西城区北礼士路甲8号,,,https://zwfw.spb.gov.cn/gjj/pfyycsml/pfyycsmlDetail?uuid=51006,OK
51007,广东省,东莞市,东莞县,中国邮政集团有限公司东莞市常平镇振兴邮政所,东莞市常平镇振兴路7号101室,信件、印刷品、包裹、邮政汇兑、国际业务、港澳台业务,523560,https://zwfw.spb.gov.cn/gjj/pfyycsml/pfyycsmlDetail?uuid=51007,OK
51008,广东省,东莞市,东莞县,中国邮政集团有限公司东莞市常平镇珺庭邮政所,东莞市常平镇环常北路551号恒大珺玥花园3栋102室,信件、印刷品、包裹、邮政汇兑,523560,https://zwfw.spb.gov.cn/gjj/pfyycsml/pfyycsmlDetail?uuid=51008,OK
51009,广东省,东莞市,东莞县,中国邮政集团有限公司东莞市常平镇丽景邮政所,东莞市常平镇常马路8号,信件、印刷品、包裹、邮政汇兑,523565,https://zwfw.spb.gov.cn/gjj/pfyycsml/pfyycsmlDetail?uuid=51009,OK
51010,广东省,东莞市,东莞县,中国邮政集团有限公司东莞市常平镇元江元邮政所,常平镇元江元马元路5号,信件、印刷品、包裹、邮政汇兑,523566,https://zwfw.spb.gov.cn/gjj/pfyycsml/pfyycsmlDetail?uuid=51010,OK
51011,广东省,东莞市,东莞县,中国邮政集团有限公司东莞市常平镇司马邮政所,东莞市常平镇常马路992号,信件、印刷品、包裹、邮政汇兑,523570,https://zwfw.spb.gov.cn/gjj/pfyycsml/pfyycsmlDetail?uuid=51011,OK
51012,广东省,东莞市,东莞县,中国邮政集团有限公司东莞市常平镇麦元邮政所,常平镇常东路360号103,信件、印刷品、包裹、邮政汇兑,523576,https://zwfw.spb.gov.cn/gjj/pfyycsml/pfyycsmlDetail?uuid=51012,OK
51013,广东省,东莞市,东莞县,中国邮政集团有限公司东莞市常平镇常阳邮政所,常平镇东元路168号1031室,信件、印刷品、包裹、邮政汇兑,523560,https://zwfw.spb.gov.cn/gjj/pfyycsml/pfyycsmlDetail?uuid=51013,OK
51014,广东省,东莞市,东莞县,中国邮政集团有限公司东莞市常平镇土塘邮政所,常平镇土塘公园路6号113,信件、印刷品、包裹、邮政汇兑,523581,https://zwfw.spb.gov.cn/gjj/pfyycsml/pfyycsmlDetail?uuid=51014,OK
51015,广东省,东莞市,东莞县,中国邮政集团有限公司东莞市常平镇袁山贝邮政所,东莞市常平镇袁山贝大道369号103室,信件、印刷品、包裹、邮政汇兑,523583,https://zwfw.spb.gov.cn/gjj/pfyycsml/pfyycsmlDetail?uuid=51015,OK
51016,广东省,东莞市,东莞县,中国邮政集团有限公司东莞市常平镇金美邮政所,常平镇常平振兴西路111号101室,信件、印刷品、包裹、邮政汇兑,523579,https://zwfw.spb.gov.cn/gjj/pfyycsml/pfyycsmlDetail?uuid=51016,OK
51017,广东省,东莞市,东莞县,中国邮政集团有限公司东莞市常平镇桥沥邮政所,常平镇常黄路386号102室,信件、印刷品、包裹、邮政汇兑,523586,https://zwfw.spb.gov.cn/gjj/pfyycsml/pfyycsmlDetail?uuid=51017,OK
51018,广东省,东莞市,东莞县,中国邮政集团有限公司东莞市常平镇建设邮政所,东莞市常平镇港建路21号102室,信件、印刷品、包裹、邮政汇兑,523587,https://zwfw.spb.gov.cn/gjj/pfyycsml/pfyycsmlDetail?uuid=51018,OK
51019,,,,,北京市西城区北礼士路甲8号,,,https://zwfw.spb.gov.cn/gjj/pfyycsml/pfyycsmlDetail?uuid=51019,OK
51020,广东省,东莞市,东莞县,中国邮政集团有限公司东莞市常平镇东阳邮政所,东莞市常平镇袁山贝东阳路1号109,信件、印刷品、包裹、邮政汇兑,523560,https://zwfw.spb.gov.cn/gjj/pfyycsml/pfyycsmlDetail?uuid=51020,OK
51021,广东省,东莞市,东莞县,中国邮政集团有限公司东莞市清溪镇三新邮政所,东莞市清溪镇科技路407号101室,信件、印刷品、包裹、邮政汇兑,523656,https://zwfw.spb.gov.cn/gjj/pfyycsml/pfyycsmlDetail?uuid=51021,OK
51022,,,,,北京市西城区北礼士路甲8号,,,https://zwfw.spb.gov.cn/gjj/pfyycsml/pfyycsmlDetail?uuid=51022,OK
51023,广东省,东莞市,东莞县,中国邮政集团有限公司东莞市谢岗镇振兴邮政所,东莞市谢岗镇谢岗振兴大道697号108室,信件、印刷品、包裹、邮政汇兑、报刊订阅,523590,https://zwfw.spb.gov.cn/gjj/pfyycsml/pfyycsmlDetail?uuid=51023,OK
51024,广东省,东莞市,东莞县,中国邮政集团有限公司东莞市樟木头镇新鸿邮政所,东莞市樟木头镇樟罗怡安街51号103室,信件、印刷品、包裹、邮政汇兑、国际业务、港澳台业务、报刊订阅,523618,https://zwfw.spb.gov.cn/gjj/pfyycsml/pfyycsmlDetail?uuid=51024,OK
51025,广东省,东莞市,东莞县,中国邮政集团有限公司东莞市樟木头镇百果洞邮政所,东莞市樟木头镇先威大道52号,信件、印刷品、包裹、邮政汇兑,523623,https://zwfw.spb.gov.cn/gjj/pfyycsml/pfyycsmlDetail?uuid=51025,OK
51026,广东省,东莞市,东莞县,中国邮政集团有限公司东莞市樟木头镇东城邮政所,东莞市樟木头镇柏兴三路3号101,信件、印刷品、包裹、邮政汇兑、国际业务、港澳台业务、报刊订阅,523633,https://zwfw.spb.gov.cn/gjj/pfyycsml/pfyycsmlDetail?uuid=51026,OK
51027,广东省,东莞市,东莞县,中国邮政集团有限公司东莞市樟木头镇港洋邮政所,东莞市樟木头镇樟洋管理区莞深大道旁文化街5号,信件、印刷品、包裹、邮政汇兑,523636,https://zwfw.spb.gov.cn/gjj/pfyycsml/pfyycsmlDetail?uuid=51027,OK
51028,广东省,东莞市,东莞县,中国邮政集团有限公司东莞市樟木头镇银河邮政所,东莞市樟木头滨河路2号110,信件、印刷品、包裹、邮政汇兑,523628,https://zwfw.spb.gov.cn/gjj/pfyycsml/pfyycsmlDetail?uuid=51028,OK
51029,广东省,东莞市,东莞县,中国邮政集团有限公司东莞市清溪镇银和邮政所,东莞市清溪镇清溪商业街119号10室,信件、印刷品、包裹、邮政汇兑,523641,https://zwfw.spb.gov.cn/gjj/pfyycsml/pfyycsmlDetail?uuid=51029,OK
51030,广东省,东莞市,东莞县,中国邮政集团有限公司东莞市清溪镇威铧邮政所,东莞市清溪镇铁松路320号103室,信件、印刷品、包裹、邮政汇兑,523642,https://zwfw.spb.gov.cn/gjj/pfyycsml/pfyycsmlDetail?uuid=51030,OK
51031,广东省,东莞市,东莞县,中国邮政集团有限公司东莞市清溪镇大利邮政所,东莞市清溪镇鹿湖东路53号,信件、印刷品、包裹、邮政汇兑,523648,https://zwfw.spb.gov.cn/gjj/pfyycsml/pfyycsmlDetail?uuid=51031,OK
51032,广东省,东莞市,东莞县,中国邮政集团有限公司东莞市清溪镇青渔邮政所,东莞市清溪镇清渔路139号102室,信件、印刷品、包裹、邮政汇兑,523649,https://zwfw.spb.gov.cn/gjj/pfyycsml/pfyycsmlDetail?uuid=51032,OK
51033,广东省,东莞市,东莞县,中国邮政集团有限公司东莞市清溪镇三中清凤路邮政所,东莞市清溪镇清凤路440号104室,信件、印刷品、包裹、邮政汇兑,523651,https://zwfw.spb.gov.cn/gjj/pfyycsml/pfyycsmlDetail?uuid=51033,OK
51034,广东省,东莞市,东莞县,中国邮政集团有限公司东莞市清溪镇晶达邮政所,东莞市清溪镇青皇南路188号101室,信件、印刷品、包裹、邮政汇兑,523650,https://zwfw.spb.gov.cn/gjj/pfyycsml/pfyycsmlDetail?uuid=51034,OK
51035,广东省,东莞市,东莞县,中国邮政集团有限公司东莞市清溪镇荔横邮政所,东莞市清溪镇荔横村荔横路84号,信件、印刷品、包裹、邮政汇兑,523657,https://zwfw.spb.gov.cn/gjj/pfyycsml/pfyycsmlDetail?uuid=51035,OK
51036,广东省,东莞市,东莞县,中国邮政集团有限公司东莞市清溪镇香芒西路邮政所,东莞市清溪镇香芒西路365号102室,信件、印刷品、包裹、邮政汇兑,523658,https://zwfw.spb.gov.cn/gjj/pfyycsml/pfyycsmlDetail?uuid=51036,OK
51037,广东省,东莞市,东莞县,中国邮政集团有限公司东莞市清溪镇中心邮政所,东莞市清溪镇香芒西路11号102室,信件、印刷品、包裹、邮政汇兑,523660,https://zwfw.spb.gov.cn/gjj/pfyycsml/pfyycsmlDetail?uuid=51037,OK
51038,广东省,东莞市,东莞县,中国邮政集团有限公司东莞市清溪镇厦坭邮政所,东莞市清溪镇清凤路168号101室,信件、印刷品、包裹、邮政汇兑,523655,https://zwfw.spb.gov.cn/gjj/pfyycsml/pfyycsmlDetail?uuid=51038,OK
51039,广东省,东莞市,东莞县,中国邮政集团有限公司东莞市清溪镇三中邮政所,东莞市清溪镇三中村顺丰路5号,信件、印刷品、包裹、邮政汇兑,523651,https://zwfw.spb.gov.cn/gjj/pfyycsml/pfyycsmlDetail?uuid=51039,OK
51040,广东省,东莞市,东莞县,中国邮政集团有限公司东莞市清溪镇浮岗邮政所,东莞市清溪镇浮岗村香芒西路231号103室,信件、印刷品、包裹、邮政汇兑、国际业务、港澳台业务,523658,https://zwfw.spb.gov.cn/gjj/pfyycsml/pfyycsmlDetail?uuid=51040,OK
51041,广东省,东莞市,东莞县,中国邮政集团有限公司东莞市凤岗镇永盛北路邮政所,东莞凤岗镇永盛北路10号107室,信件、印刷品、包裹、邮政汇兑,523696,https://zwfw.spb.gov.cn/gjj/pfyycsml/pfyycsmlDetail?uuid=51041,OK
51042,广东省,东莞市,东莞县,中国邮政集团有限公司东莞市凤岗镇天堂围邮政所,凤岗镇天堂围村凤观路1号祥利上城37号商铺,信件、印刷品、包裹、邮政汇兑,523686,https://zwfw.spb.gov.cn/gjj/pfyycsml/pfyycsmlDetail?uuid=51042,OK
51043,广东省,东莞市,东莞县,中国邮政集团有限公司东莞市凤岗镇油甘埔邮政所,东莞市凤岗镇油甘埔村同兴路146号104,信件、印刷品、包裹、邮政汇兑、报刊订阅,523706,https://zwfw.spb.gov.cn/gjj/pfyycsml/pfyycsmlDetail?uuid=51043,OK
51044,广东省,东莞市,东莞县,中国邮政集团有限公司东莞市凤岗镇金凤凰邮政所,东莞市凤岗镇金凤凰工业区28号,信件、印刷品、包裹、邮政汇兑,523689,https://zwfw.spb.gov.cn/gjj/pfyycsml/pfyycsmlDetail?uuid=51044,OK
51045,广东省,东莞市,东莞县,中国邮政集团有限公司东莞市凤岗镇碧湖邮政所,东莞市凤岗镇河坝路1号邮政大楼,信件、印刷品、包裹、邮政汇兑、国际业务、港澳台业务、报刊订阅,523688,https://zwfw.spb.gov.cn/gjj/pfyycsml/pfyycsmlDetail?uuid=51045,OK
51046,广东省,东莞市,东莞县,中国邮政集团有限公司东莞市凤岗镇五联邮政所,东莞市凤岗镇五联松木岗新村二巷13号2,信件、印刷品、包裹、邮政汇兑,523695,https://zwfw.spb.gov.cn/gjj/pfyycsml/pfyycsmlDetail?uuid=51046,OK
51047,广东省,东莞市,东莞县,中国邮政集团有限公司东莞市凤岗镇昌盛邮政所,东莞市凤岗镇昌盛北路42号110,信件、印刷品、包裹、邮政汇兑、报刊订阅,523691,https://zwfw.spb.gov.cn/gjj/pfyycsml/pfyycsmlDetail?uuid=51047,OK
51048,广东省,东莞市,东莞县,中国邮政集团有限公司东莞市凤岗镇雁田邮政所,东莞市凤岗镇雁田区祥新中路24号103,信件、印刷品、包裹、邮政汇兑、报刊订阅,523700,https://zwfw.spb.gov.cn/gjj/pfyycsml/pfyycsmlDetail?uuid=51048,OK
51049,广东省,东莞市,东莞县,中国邮政集团有限公司东莞市凤岗镇布心邮政所,东莞市凤岗镇雁田布心村镇田西路92号101,信件、印刷品、包裹、邮政汇兑,523702,https://zwfw.spb.gov.cn/gjj/pfyycsml/pfyycsmlDetail?uuid=51049,OK
51050,广东省,东莞市,东莞县,中国邮政集团有限公司东莞市凤岗镇官井头邮政所,东莞市凤岗镇官井头中兴路8号106,信件、印刷品、包裹、邮政汇兑、报刊订阅,523705,https://zwfw.spb.gov.cn/gjj/pfyycsml/pfyycsmlDetail?uuid=51050,OK
51051,广东省,东莞市,东莞县,中国邮政集团有限公司东莞市凤岗镇宏盈邮政所,东莞市凤岗镇龙平西路宏盈工业区恒大绿洲花园502商铺,信件、印刷品、包裹、邮政汇兑,523701,https://zwfw.spb.gov.cn/gjj/pfyycsml/pfyycsmlDetail?uuid=51051,OK
51052,广东省,东莞市,东莞县,中国邮政集团有限公司东莞市塘厦镇塘坑邮政所,东莞市塘厦镇塘厦东兴路234号101室,信件、印刷品、包裹、邮政汇兑,523720,https://zwfw.spb.gov.cn/gjj/pfyycsml/pfyycsmlDetail?uuid=51052,OK
51053,广东省,东莞市,东莞县,中国邮政集团有限公司东莞市塘厦镇大道邮政所,东莞市塘厦镇塘莲街1号102室,信件、印刷品、包裹、邮政汇兑,523710,https://zwfw.spb.gov.cn/gjj/pfyycsml/pfyycsmlDetail?uuid=51053,OK
51054,广东省,东莞市,东莞县,中国邮政集团有限公司东莞市塘厦镇花园街邮政所,东莞市塘厦镇塘厦花园北街8号131室,信件、印刷品、包裹、邮政汇兑,523710,https://zwfw.spb.gov.cn/gjj/pfyycsml/pfyycsmlDetail?uuid=51054,OK
51055,广东省,东莞市,东莞县,中国邮政集团有限公司东莞市塘厦镇西湖邮政所,东莞市塘厦镇塘厦宏业南路9号109室,信件、印刷品、包裹、邮政汇兑,523710,https://zwfw.spb.gov.cn/gjj/pfyycsml/pfyycsmlDetail?uuid=51055,OK
51056,广东省,东莞市,东莞县,中国邮政集团有限公司东莞市塘厦镇太阳城邮政所,东莞市塘厦镇塘厦大道北630号,信件、印刷品、包裹、邮政汇兑,523711,https://zwfw.spb.gov.cn/gjj/pfyycsml/pfyycsmlDetail?uuid=51056,OK
51057,广东省,东莞市,东莞县,中国邮政集团有限公司东莞市塘厦镇塘莲邮政所,东莞市塘厦镇新明路61号122室,信件、印刷品、包裹、邮政汇兑,523712,https://zwfw.spb.gov.cn/gjj/pfyycsml/pfyycsmlDetail?uuid=51057,OK
51058,广东省,东莞市,东莞县,中国邮政集团有限公司东莞市塘厦镇塘清邮政所,东莞市塘厦镇塘清东路216号101室,信件、印刷品、包裹、邮政汇兑,523713,https://zwfw.spb.gov.cn/gjj/pfyycsml/pfyycsmlDetail?uuid=51058,OK
51059,广东省,东莞市,东莞县,中国邮政集团有限公司东莞市塘厦镇田心邮政所,东莞市塘厦镇鹿苑路2号103室,信件、印刷品、包裹、邮政汇兑,523718,https://zwfw.spb.gov.cn/gjj/pfyycsml/pfyycsmlDetail?uuid=51059,OK
51060,广东省,东莞市,东莞县,中国邮政集团有限公司东莞市塘厦镇塘龙邮政所,东莞市塘厦镇塘龙东路80号,信件、印刷品、包裹、邮政汇兑、国际业务、港澳台业务,523721,https://zwfw.spb.gov.cn/gjj/pfyycsml/pfyycsmlDetail?uuid=51060,OK
51061,广东省,东莞市,东莞县,中国邮政集团有限公司东莞市塘厦镇大坪邮政所,东莞市塘厦镇四黎南路198号102室,信件、印刷品、包裹、邮政汇兑,523722,https://zwfw.spb.gov.cn/gjj/pfyycsml/pfyycsmlDetail?uuid=51061,OK
51062,广东省,东莞市,东莞县,中国邮政集团有限公司东莞市塘厦镇蛟乙塘邮政所,东莞市塘厦镇蛟乙塘商业街南16号,信件、印刷品、包裹、邮政汇兑,523723,https://zwfw.spb.gov.cn/gjj/pfyycsml/pfyycsmlDetail?uuid=51062,OK
51063,广东省,东莞市,东莞县,中国邮政集团有限公司东莞市塘厦镇清湖头邮政所,东莞市塘厦镇高裕北路348号102室,信件、印刷品、包裹、邮政汇兑,523726,https://zwfw.spb.gov.cn/gjj/pfyycsml/pfyycsmlDetail?uuid=51063,OK
51064,,,,,北京市西城区北礼士路甲8号,,,https://zwfw.spb.gov.cn/gjj/pfyycsml/pfyycsmlDetail?uuid=51064,OK
51065,广东省,东莞市,东莞县,中国邮政集团有限公司东莞市塘厦镇石鼓邮政所,东莞市塘厦镇塘厦石鼓工业路5号101室、102室,信件、印刷品、包裹、邮政汇兑,523729,https://zwfw.spb.gov.cn/gjj/pfyycsml/pfyycsmlDetail?uuid=51065,OK
51066,广东省,东莞市,东莞县,中国邮政集团有限公司东莞市黄江镇中心邮政所,东莞市黄江镇黄江大道12号101,信件、印刷品、包裹、邮政汇兑、国际业务、港澳台业务、报刊订阅,523750,https://zwfw.spb.gov.cn/gjj/pfyycsml/pfyycsmlDetail?uuid=51066,OK
51067,广东省,东莞市,东莞县,中国邮政集团有限公司东莞市黄江镇社贝邮政所,东莞市黄江镇社贝康湖路46号101,信件、印刷品、包裹、邮政汇兑、报刊订阅,523752,https://zwfw.spb.gov.cn/gjj/pfyycsml/pfyycsmlDetail?uuid=51067,OK
51068,广东省,东莞市,东莞县,中国邮政集团有限公司东莞市黄江镇黄江大道邮政所,东莞市黄江镇黄江大道69号博亚商住中心101室,信件、印刷品、包裹、邮政汇兑、报刊订阅,523757,https://zwfw.spb.gov.cn/gjj/pfyycsml/pfyycsmlDetail?uuid=51068,OK
51069,,,,,北京市西城区北礼士路甲8号,,,https://zwfw.spb.gov.cn/gjj/pfyycsml/pfyycsmlDetail?uuid=51069,OK
51070,广东省,东莞市,东莞县,中国邮政集团有限公司东莞市黄江镇合路邮政所,东莞市黄江镇公常路110号,信件、印刷品、包裹、邮政汇兑、报刊订阅,523762,https://zwfw.spb.gov.cn/gjj/pfyycsml/pfyycsmlDetail?uuid=51070,OK
51071,广东省,东莞市,东莞县,中国邮政集团有限公司东莞市黄江镇梅塘邮政所,东莞市黄江镇梅塘社区田心村广龙路5号,信件、印刷品、包裹、邮政汇兑、报刊订阅,523765,https://zwfw.spb.gov.cn/gjj/pfyycsml/pfyycsmlDetail?uuid=51071,OK
51072,广东省,东莞市,东莞县,中国邮政集团有限公司东莞市黄江镇长龙邮政所,东莞市黄江镇长龙永龙街17号101,信件、印刷品、包裹、邮政汇兑、报刊订阅,523766,https://zwfw.spb.gov.cn/gjj/pfyycsml/pfyycsmlDetail?uuid=51072,OK
51073,广东省,东莞市,东莞县,中国邮政集团有限公司东莞市大朗镇黄草朗邮政所,东莞市大朗镇黄草朗美西路10号102铺,信件、印刷品、包裹、邮政汇兑,523787,https://zwfw.spb.gov.cn/gjj/pfyycsml/pfyycsmlDetail?uuid=51073,OK
51074,广东省,东莞市,东莞县,中国邮政集团有限公司东莞市大朗镇荔湾邮政所,东莞市大朗镇荔湾东路1号,信件、印刷品、包裹、邮政汇兑、国际业务、港澳台业务、报刊订阅,523770,https://zwfw.spb.gov.cn/gjj/pfyycsml/pfyycsmlDetail?uuid=51074,OK
51075,广东省,东莞市,东莞县,中国邮政集团有限公司东莞市大朗镇毛织街邮政所,广东东莞市大朗镇富华北路69-73号,信件、印刷品、包裹、邮政汇兑,523775,https://zwfw.spb.gov.cn/gjj/pfyycsml/pfyycsmlDetail?uuid=51075,OK
51076,广东省,东莞市,东莞县,中国邮政集团有限公司东莞市大朗镇求富路邮政所,东莞市大朗镇富华中路118号,信件、印刷品、包裹、邮政汇兑,523778,https://zwfw.spb.gov.cn/gjj/pfyycsml/pfyycsmlDetail?uuid=51076,OK
51077,广东省,东莞市,东莞县,中国邮政集团有限公司东莞市大朗镇蔡边邮政所,东莞市大朗镇人和路198号凯悦商业街15幢商铺115号,信件、印刷品、包裹、邮政汇兑,523783,https://zwfw.spb.gov.cn/gjj/pfyycsml/pfyycsmlDetail?uuid=51077,OK
51078,,,,,北京市西城区北礼士路甲8号,,,https://zwfw.spb.gov.cn/gjj/pfyycsml/pfyycsmlDetail?uuid=51078,OK
51079,广东省,东莞市,东莞县,中国邮政集团有限公司东莞市大朗镇杨涌邮政所,东莞市大朗镇莞樟路大朗段922号111,信件、印刷品、包裹、邮政汇兑,523790,https://zwfw.spb.gov.cn/gjj/pfyycsml/pfyycsmlDetail?uuid=51079,OK
51080,广东省,东莞市,东莞县,中国邮政集团有限公司东莞市大朗镇屏山邮政所,东莞市大朗镇屏山社区屏康三巷2号,信件、印刷品、包裹、邮政汇兑,523801,https://zwfw.spb.gov.cn/gjj/pfyycsml/pfyycsmlDetail?uuid=51080,OK
51081,广东省,东莞市,东莞县,中国邮政集团有限公司东莞市松山湖高新技术产业开发区北部工业城邮政所,东莞市松山湖北部工业城工业西四路5号110,信件、印刷品、包裹、邮政汇兑,523808,https://zwfw.spb.gov.cn/gjj/pfyycsml/pfyycsmlDetail?uuid=51081,OK
51082,广东省,东莞市,东莞县,中国邮政集团有限公司东莞市大岭山镇信立邮政所,广东省东莞市东莞市大岭山镇连平村信立农产品批发市场,信件、印刷品、包裹、邮政汇兑、报刊订阅,523809,https://zwfw.spb.gov.cn/gjj/pfyycsml/pfyycsmlDetail?uuid=51082,OK
51083,广东省,东莞市,东莞县,中国邮政集团有限公司东莞市大岭山镇马蹄岗邮政所,广东省东莞市大岭山镇石大路大岭山段357号,信件、印刷品、包裹、邮政汇兑、报刊订阅,523810,https://zwfw.spb.gov.cn/gjj/pfyycsml/pfyycsmlDetail?uuid=51083,OK
51084,广东省,东莞市,东莞县,中国邮政集团有限公司东莞市大岭山镇广场邮政所,广东省东莞市大岭山镇教育路2号106,信件、印刷品、包裹、邮政汇兑、报刊订阅,523819,https://zwfw.spb.gov.cn/gjj/pfyycsml/pfyycsmlDetail?uuid=51084,OK
51085,广东省,东莞市,东莞县,中国邮政集团有限公司东莞市大岭山镇西正路邮政所,广东省东莞市大岭山镇西正路82号,信件、印刷品、包裹、邮政汇兑、报刊订阅,523820,https://zwfw.spb.gov.cn/gjj/pfyycsml/pfyycsmlDetail?uuid=51085,OK
51086,广东省,东莞市,东莞县,中国邮政集团有限公司东莞市大岭山百花洞邮政所,广东省东莞市大岭山镇大沙村大沙路29号,信件、印刷品、包裹、邮政汇兑、报刊订阅,523828,https://zwfw.spb.gov.cn/gjj/pfyycsml/pfyycsmlDetail?uuid=51086,OK
51087,广东省,东莞市,东莞县,中国邮政集团有限公司东莞市大岭山镇向东邮政所,东莞市大岭山镇上场南街21号101,信件、印刷品、包裹、邮政汇兑、报刊订阅,523820,https://zwfw.spb.gov.cn/gjj/pfyycsml/pfyycsmlDetail?uuid=51087,OK
51088,,,,,北京市西城区北礼士路甲8号,,,https://zwfw.spb.gov.cn/gjj/pfyycsml/pfyycsmlDetail?uuid=51088,OK
51089,广东省,东莞市,东莞县,中国邮政集团有限公司东莞市大岭山镇大塘邮政所,广东东莞市大岭山镇大塘大道2号,信件、印刷品、包裹、邮政汇兑、报刊订阅,523837,https://zwfw.spb.gov.cn/gjj/pfyycsml/pfyycsmlDetail?uuid=51089,OK
51090,广东省,东莞市,东莞县,中国邮政集团有限公司东莞大岭山镇杨屋邮政所,广东东莞市大岭山镇杨屋村杨朗路265号,信件、印刷品、包裹、邮政汇兑、报刊订阅,523839,https://zwfw.spb.gov.cn/gjj/pfyycsml/pfyycsmlDetail?uuid=51090,OK
51091,广东省,东莞市,东莞县,中国邮政集团有限公司东莞市长安镇中心邮政所,广东东莞市长安镇长中路98号,信件、印刷品、包裹、邮政汇兑、国际业务、报刊订阅,523850,https://zwfw.spb.gov.cn/gjj/pfyycsml/pfyycsmlDetail?uuid=51091,OK
51092,广东省,东莞市,东莞县,中国邮政集团有限公司东莞市长安镇霄边邮政所,东莞市长安镇霄边大街180,信件、印刷品、包裹、邮政汇兑、报刊订阅,523851,https://zwfw.spb.gov.cn/gjj/pfyycsml/pfyycsmlDetail?uuid=51092,OK
51093,广东省,东莞市,东莞县,中国邮政集团有限公司东莞市长安镇冲头邮政所,广东省东莞市长安镇涌头文山路14号101,信件、印刷品、包裹、邮政汇兑、报刊订阅,523855,https://zwfw.spb.gov.cn/gjj/pfyycsml/pfyycsmlDetail?uuid=51093,OK
51094,广东省,东莞市,东莞县,中国邮政集团有限公司东莞市长安镇怡景邮政所,广东省东莞市长安振安东路431号,信件、印刷品、包裹、邮政汇兑、报刊订阅,523855,https://zwfw.spb.gov.cn/gjj/pfyycsml/pfyycsmlDetail?uuid=51094,OK
51095,广东省,东莞市,东莞县,中国邮政集团有限公司东莞市长安镇乌沙二邮政所,广东省东莞市长安镇乌沙步步高路188,信件、印刷品、包裹、邮政汇兑、报刊订阅,523857,https://zwfw.spb.gov.cn/gjj/pfyycsml/pfyycsmlDetail?uuid=51095,OK
51096,,,,,北京市西城区北礼士路甲8号,,,https://zwfw.spb.gov.cn/gjj/pfyycsml/pfyycsmlDetail?uuid=51096,OK
51097,广东省,东莞市,东莞县,中国邮政集团有限公司东莞市长安镇乌沙天正邮政所,广东省东莞市长安乌沙振安中路6号,信件、印刷品、包裹、邮政汇兑、报刊订阅,523859,https://zwfw.spb.gov.cn/gjj/pfyycsml/pfyycsmlDetail?uuid=51097,OK
51098,广东省,东莞市,东莞县,中国邮政集团有限公司东莞市长安镇沙头二邮政所,广东省东莞市长安镇沙头东大路35号101,信件、印刷品、包裹、邮政汇兑、报刊订阅,523863,https://zwfw.spb.gov.cn/gjj/pfyycsml/pfyycsmlDetail?uuid=51098,OK
51099,广东省,东莞市,东莞县,中国邮政集团有限公司东莞市长安镇沙头一邮政所,广东省东莞市长安镇沙头珠岗路80,信件、印刷品、包裹、邮政汇兑、报刊订阅,523863,https://zwfw.spb.gov.cn/gjj/pfyycsml/pfyycsmlDetail?uuid=51099,OK
51100,广东省,东莞市,东莞县,中国邮政集团有限公司东莞市长安镇沙头南区邮政所,广东省东莞市长安镇沙头南区猫山路86号,信件、印刷品、包裹、邮政汇兑、报刊订阅,523863,https://zwfw.spb.gov.cn/gjj/pfyycsml/pfyycsmlDetail?uuid=51100,OK
51101,广东省,东莞市,东莞县,中国邮政集团有限公司东莞市长安镇上沙邮政所,广东省东莞市长安镇上沙中南北路103号101,信件、印刷品、包裹、邮政汇兑、报刊订阅,523867,https://zwfw.spb.gov.cn/gjj/pfyycsml/pfyycsmlDetail?uuid=51101,OK
51102,广东省,东莞市,东莞县,中国邮政集团有限公司东莞市长安镇金沙邮政所,广东省东莞市长安镇沙头社区358省道899号,信件、印刷品、包裹、邮政汇兑、报刊订阅,523869,https://zwfw.spb.gov.cn/gjj/pfyycsml/pfyycsmlDetail?uuid=51102,OK
51103,广东省,东莞市,东莞县,中国邮政集团有限公司东莞市长安镇沙头邮政所,东莞市长安镇沙头合兴路93,信件、印刷品、包裹、邮政汇兑、报刊订阅,523869,https://zwfw.spb.gov.cn/gjj/pfyycsml/pfyycsmlDetail?uuid=51103,OK
51104,广东省,东莞市,东莞县,中国邮政集团有限公司东莞市长安镇厦岗邮政所,广东省东莞市长安镇厦岗得富西路北八巷10号101,信件、印刷品、包裹、邮政汇兑、报刊订阅,523873,https://zwfw.spb.gov.cn/gjj/pfyycsml/pfyycsmlDetail?uuid=51104,OK
51105,广东省,东莞市,东莞县,中国邮政集团有限公司东莞市长安镇振安科技园邮政所,广东省东莞市长安镇振安科技工业园社区中心康乐A楼一层3号,信件、印刷品、包裹、邮政汇兑、报刊订阅,523875,https://zwfw.spb.gov.cn/gjj/pfyycsml/pfyycsmlDetail?uuid=51105,OK
51106,广东省,东莞市,东莞县,中国邮政集团有限公司东莞市长安镇厦边邮政所,广东省东莞市长安镇厦边大街189,信件、印刷品、包裹、邮政汇兑、报刊订阅,523877,https://zwfw.spb.gov.cn/gjj/pfyycsml/pfyycsmlDetail?uuid=51106,OK
51107,广东省,东莞市,东莞县,中国邮政集团有限公司东莞市长安镇上角邮政所,广东省东莞市长安镇上角民兴路201号110,信件、印刷品、包裹、邮政汇兑、报刊订阅,523878,https://zwfw.spb.gov.cn/gjj/pfyycsml/pfyycsmlDetail?uuid=51107,OK
51108,广东省,东莞市,东莞县,中国邮政集团有限公司东莞市长安镇上角三邮政所,广东省东莞市长安镇上角上南路73,信件、印刷品、包裹、邮政汇兑、报刊订阅,523878,https://zwfw.spb.gov.cn/gjj/pfyycsml/pfyycsmlDetail?uuid=51108,OK
51109,广东省,东莞市,东莞县,中国邮政集团有限公司东莞市长安镇新民邮政所,广东省东莞市长安镇新民路68号104,信件、印刷品、包裹、邮政汇兑、报刊订阅,523879,https://zwfw.spb.gov.cn/gjj/pfyycsml/pfyycsmlDetail?uuid=51109,OK
51110,广东省,东莞市,东莞县,中国邮政集团有限公司东莞市长安镇新安邮政所,广东省东莞市长安镇新安一路14号103,信件、印刷品、包裹、邮政汇兑、报刊订阅,523880,https://zwfw.spb.gov.cn/gjj/pfyycsml/pfyycsmlDetail?uuid=51110,OK
51111,广东省,东莞市,东莞县,中国邮政集团有限公司东莞市长安镇增田邮政所,广东省东莞市长安镇新安社区横增路51号101,信件、印刷品、包裹、邮政汇兑、报刊订阅,523883,https://zwfw.spb.gov.cn/gjj/pfyycsml/pfyycsmlDetail?uuid=51111,OK
51112,广东省,东莞市,东莞县,中国邮政集团有限公司东莞市虎门镇中心路邮政所,广东东莞市虎门镇中心路1号,信件、印刷品、包裹、邮政汇兑,523900,https://zwfw.spb.gov.cn/gjj/pfyycsml/pfyycsmlDetail?uuid=51112,OK
51113,广东省,东莞市,东莞县,中国邮政集团有限公司东莞市虎门镇港口路邮政所,广东省东莞市虎门大道126号101,信件、印刷品、包裹、邮政汇兑、国际业务、港澳台业务,523907,https://zwfw.spb.gov.cn/gjj/pfyycsml/pfyycsmlDetail?uuid=51113,OK
51114,广东省,东莞市,东莞县,中国邮政集团有限公司东莞市虎门镇富马邮政所,广东省东莞市虎门镇新联白马湖畔高科一路与富马大道交汇处丰泰东海城堡小区3栋3-115,信件、印刷品、包裹、邮政汇兑,523911,https://zwfw.spb.gov.cn/gjj/pfyycsml/pfyycsmlDetail?uuid=51114,OK
51115,广东省,东莞市,东莞县,中国邮政集团有限公司东莞市虎门镇太宝邮政所,广东省东莞市虎门镇镇口镇业路22号,信件、印刷品、包裹、邮政汇兑,523911,https://zwfw.spb.gov.cn/gjj/pfyycsml/pfyycsmlDetail?uuid=51115,OK
51116,广东省,东莞市,东莞县,中国邮政集团有限公司东莞市虎门镇白沙邮政所,东莞市虎门镇白沙广场路43号102室,信件、印刷品、包裹、邮政汇兑,523912,https://zwfw.spb.gov.cn/gjj/pfyycsml/pfyycsmlDetail?uuid=51116,OK
51117,,,,,北京市西城区北礼士路甲8号,,,https://zwfw.spb.gov.cn/gjj/pfyycsml/pfyycsmlDetail?uuid=51117,OK
51118,广东省,东莞市,东莞县,中国邮政集团有限公司东莞市虎门镇赤岗邮政所,广东省东莞市虎门镇赤岗翠湖路2号104室,信件、印刷品、包裹、邮政汇兑,523921,https://zwfw.spb.gov.cn/gjj/pfyycsml/pfyycsmlDetail?uuid=51118,OK
51119,广东省,东莞市,东莞县,中国邮政集团有限公司东莞市虎门镇北栅邮政所,广东东莞市虎门镇太安路虎门段258号101,信件、印刷品、包裹、邮政汇兑,523925,https://zwfw.spb.gov.cn/gjj/pfyycsml/pfyycsmlDetail?uuid=51119,OK
51120,广东省,东莞市,东莞县,中国邮政集团有限公司东莞市虎门镇怀德邮政所,东莞市虎门镇怀林路23号,信件、印刷品、包裹、邮政汇兑,523926,https://zwfw.spb.gov.cn/gjj/pfyycsml/pfyycsmlDetail?uuid=51120,OK
51121,,,,,北京市西城区北礼士路甲8号,,,https://zwfw.spb.gov.cn/gjj/pfyycsml/pfyycsmlDetail?uuid=51121,OK
51122,广东省,东莞市,东莞县,中国邮政集团有限公司东莞市虎门镇北栅南坊邮政所,广东东莞市虎门镇北栅长堤三路4号,信件、印刷品、包裹、邮政汇兑,523925,https://zwfw.spb.gov.cn/gjj/pfyycsml/pfyycsmlDetail?uuid=51122,OK
51123,广东省,东莞市,东莞县,中国邮政集团有限公司东莞市虎门镇龙眼邮政所,东莞市虎门镇龙眼五路55号101,信件、印刷品、包裹、邮政汇兑,523920,https://zwfw.spb.gov.cn/gjj/pfyycsml/pfyycsmlDetail?uuid=51123,OK
51124,广东省,东莞市,东莞县,中国邮政集团有限公司东莞市虎门镇南栅邮政所,广东省东莞市虎门镇太沙路248号102室,信件、印刷品、包裹、邮政汇兑,523932,https://zwfw.spb.gov.cn/gjj/pfyycsml/pfyycsmlDetail?uuid=51124,OK
51125,广东省,东莞市,东莞县,中国邮政集团有限公司东莞市虎门镇南栅第二邮政所,广东省东莞市虎门镇南栅东平路二巷1号103,信件、印刷品、包裹、邮政汇兑,523932,https://zwfw.spb.gov.cn/gjj/pfyycsml/pfyycsmlDetail?uuid=51125,OK
51126,,,,,北京市西城区北礼士路甲8号,,,https://zwfw.spb.gov.cn/gjj/pfyycsml/pfyycsmlDetail?uuid=51126,OK
51127,广东省,东莞市,东莞县,中国邮政集团有限公司东莞市虎门镇滨海大道邮政所,广东省东莞市虎门镇滨海大道虎门段151号1号楼2单元102室,信件、印刷品、包裹、邮政汇兑,523936,https://zwfw.spb.gov.cn/gjj/pfyycsml/pfyycsmlDetail?uuid=51127,OK
51128,广东省,东莞市,东莞县,中国邮政集团有限公司东莞市虎门镇沙角邮政所,广东省东莞市虎门镇沙电路8号,信件、印刷品、包裹、邮政汇兑,523936,https://zwfw.spb.gov.cn/gjj/pfyycsml/pfyycsmlDetail?uuid=51128,OK
51129,广东省,东莞市,东莞县,中国邮政集团有限公司东莞市厚街镇赤岭邮政所,东莞市厚街镇赤岭社区东明路11号108,信件、印刷品、包裹、邮政汇兑、报刊订阅,523940,https://zwfw.spb.gov.cn/gjj/pfyycsml/pfyycsmlDetail?uuid=51129,OK
51130,广东省,东莞市,东莞县,中国邮政集团有限公司东莞市厚街镇湖景邮政所,东莞市厚街镇汀山社区汇潮购物商场A10铺位,信件、印刷品、包裹、邮政汇兑、报刊订阅,523943,https://zwfw.spb.gov.cn/gjj/pfyycsml/pfyycsmlDetail?uuid=51130,OK
51131,广东省,东莞市,东莞县,中国邮政集团有限公司东莞市厚街镇珊美邮政所,东莞市厚街镇莞太路厚街段182号,信件、印刷品、包裹、邮政汇兑、报刊订阅,523962,https://zwfw.spb.gov.cn/gjj/pfyycsml/pfyycsmlDetail?uuid=51131,OK
51132,广东省,东莞市,东莞县,中国邮政集团有限公司东莞市厚街镇鸿运邮政所,东莞市厚街镇寮厦社区北环路鸿运鞋材广场三期第22栋,信件、印刷品、包裹、邮政汇兑、报刊订阅,523960,https://zwfw.spb.gov.cn/gjj/pfyycsml/pfyycsmlDetail?uuid=51132,OK
51133,广东省,东莞市,东莞县,中国邮政集团有限公司东莞市厚街镇涌口邮政所,东莞市厚街镇涌口金豪路6号101,信件、印刷品、包裹、邮政汇兑、报刊订阅,523947,https://zwfw.spb.gov.cn/gjj/pfyycsml/pfyycsmlDetail?uuid=51133,OK
51134,广东省,东莞市,东莞县,中国邮政集团有限公司东莞市厚街镇双岗邮政所,东莞市厚街镇双岗大路40号109、110,信件、印刷品、包裹、邮政汇兑、报刊订阅,523948,https://zwfw.spb.gov.cn/gjj/pfyycsml/pfyycsmlDetail?uuid=51134,OK
51135,广东省,东莞市,东莞县,中国邮政集团有限公司东莞市厚街镇新塘邮政所,东莞市厚街镇康乐南路261号,信件、印刷品、包裹、邮政汇兑、报刊订阅,523949,https://zwfw.spb.gov.cn/gjj/pfyycsml/pfyycsmlDetail?uuid=51135,OK
51136,广东省,东莞市,东莞县,中国邮政集团有限公司东莞市厚街镇宝塘邮政所,东莞市厚街镇莞太路厚街段616号116,信件、印刷品、包裹、邮政汇兑、报刊订阅,523955,https://zwfw.spb.gov.cn/gjj/pfyycsml/pfyycsmlDetail?uuid=51136,OK
51137,广东省,东莞市,东莞县,中国邮政集团有限公司东莞市长安镇长安花园邮政所,广东省东莞市长安镇振安二路乌沙兴发中路138号140,信件、印刷品、包裹、邮政汇兑、报刊订阅,523853,https://zwfw.spb.gov.cn/gjj/pfyycsml/pfyycsmlDetail?uuid=51137,OK
51138,,,,,,,,https://zwfw.spb.gov.cn/gjj/pfyycsml/pfyycsmlDetail?uuid=51138,ERR2:ConnectTimeout
51139,,,,,北京市西城区北礼士路甲8号,,,https://zwfw.spb.gov.cn/gjj/pfyycsml/pfyycsmlDetail?uuid=51139,OK
51140,,,,,北京市西城区北礼士路甲8号,,,https://zwfw.spb.gov.cn/gjj/pfyycsml/pfyycsmlDetail?uuid=51140,OK
51141,广东省,东莞市,东莞县,中国邮政集团有限公司东莞市厚街镇东风路邮政所,广东东莞市厚街镇东风二路40号,信件、印刷品、包裹、邮政汇兑、报刊订阅,523962,https://zwfw.spb.gov.cn/gjj/pfyycsml/pfyycsmlDetail?uuid=51141,OK
51142,广东省,东莞市,东莞县,中国邮政集团有限公司东莞市沙田镇横流邮政所,东莞市沙田镇横流南路87号,信件、印刷品、包裹、邮政汇兑、国际业务、港澳台业务、报刊订阅,523981,https://zwfw.spb.gov.cn/gjj/pfyycsml/pfyycsmlDetail?uuid=51142,OK
51143,,,,,北京市西城区北礼士路甲8号,,,https://zwfw.spb.gov.cn/gjj/pfyycsml/pfyycsmlDetail?uuid=51143,OK
51144,广东省,东莞市,东莞县,中国邮政集团有限公司东莞市沙田镇大泥邮政所,东莞市沙田镇沙田大道275号1栋118,信件、印刷品、包裹、邮政汇兑,523993,https://zwfw.spb.gov.cn/gjj/pfyycsml/pfyycsmlDetail?uuid=51144,OK
51145,广东省,中山市,中山县,东升邮政支局,东升镇东华路37号,信件、印刷品、包裹、邮政汇兑、报刊订阅,528414,https://zwfw.spb.gov.cn/gjj/pfyycsml/pfyycsmlDetail?uuid=51145,OK
51146,广东省,中山市,中山县,坦背邮政支局,中山市为民路1号10卡,信件、印刷品、包裹、邮政汇兑,528414,https://zwfw.spb.gov.cn/gjj/pfyycsml/pfyycsmlDetail?uuid=51146,OK
51147,广东省,中山市,中山县,玖龙湾邮政所,中山市小榄镇太平南路137号,信件、印刷品、包裹、邮政汇兑,528414,https://zwfw.spb.gov.cn/gjj/pfyycsml/pfyycsmlDetail?uuid=51147,OK
51148,,,,,北京市西城区北礼士路甲8号,,,https://zwfw.spb.gov.cn/gjj/pfyycsml/pfyycsmlDetail?uuid=51148,OK
51149,广东省,中山市,中山县,丽景邮政所,中山市丽景路2号丽景名筑5卡,信件、印刷品、包裹、邮政汇兑,528414,https://zwfw.spb.gov.cn/gjj/pfyycsml/pfyycsmlDetail?uuid=51149,OK
51150,广东省,中山市,中山县,越秀邮政所,坦背西二马路153号可逸豪苑4期25幢193卡A商铺,信件、印刷品、包裹、邮政汇兑,528415,https://zwfw.spb.gov.cn/gjj/pfyycsml/pfyycsmlDetail?uuid=51150,OK
51151,广东省,中山市,中山县,龙山邮政所,中山市小榄镇新市社区龙山路3号荼薇轩201室,信件、印刷品、包裹、邮政汇兑,528415,https://zwfw.spb.gov.cn/gjj/pfyycsml/pfyycsmlDetail?uuid=51151,OK
51152,广东省,中山市,中山县,五埒邮政所,中山市小榄镇祥丰南路33号首层,信件、印刷品、包裹、邮政汇兑,528415,https://zwfw.spb.gov.cn/gjj/pfyycsml/pfyycsmlDetail?uuid=51152,OK
51153,广东省,中山市,中山县,美加邮政所,中山市小榄镇同乐大街三路1号,信件、印刷品、包裹、邮政汇兑,528415,https://zwfw.spb.gov.cn/gjj/pfyycsml/pfyycsmlDetail?uuid=51153,OK
51154,,,,,北京市西城区北礼士路甲8号,,,https://zwfw.spb.gov.cn/gjj/pfyycsml/pfyycsmlDetail?uuid=51154,OK
51155,广东省,中山市,中山县,建华邮政所,小榄镇北区北秀路43号百汇时代广场3号楼一层1F082号商铺,信件、印刷品、包裹、邮政汇兑,528415,https://zwfw.spb.gov.cn/gjj/pfyycsml/pfyycsmlDetail?uuid=51155,OK
51156,广东省,中山市,中山县,新永路邮政支局,广东省中山市小榄镇新永路24号,信件、印刷品、包裹、邮政汇兑、国际业务、报刊订阅,528415,https://zwfw.spb.gov.cn/gjj/pfyycsml/pfyycsmlDetail?uuid=51156,OK
51157,广东省,中山市,中山县,新天地邮政所,中山市小榄镇民安中路163号民安广场3幢,信件、印刷品、包裹、邮政汇兑,528415,https://zwfw.spb.gov.cn/gjj/pfyycsml/pfyycsmlDetail?uuid=51157,OK
51158,广东省,中山市,中山县,菊城邮政所,小榄镇镇塘大街9号,信件、印刷品、包裹、邮政汇兑,528415,https://zwfw.spb.gov.cn/gjj/pfyycsml/pfyycsmlDetail?uuid=51158,OK
51159,,,,,北京市西城区北礼士路甲8号,,,https://zwfw.spb.gov.cn/gjj/pfyycsml/pfyycsmlDetail?uuid=51159,OK
51160,广东省,中山市,中山县,东成邮政支局,中山市东升镇东成路17号,信件、印刷品、包裹、邮政汇兑,528416,https://zwfw.spb.gov.cn/gjj/pfyycsml/pfyycsmlDetail?uuid=51160,OK
51161,广东省,中山市,中山县,升平邮政所,小榄镇菊城大道东39号6号厂房1楼地铺之一,信件、印刷品、包裹、邮政汇兑,528416,https://zwfw.spb.gov.cn/gjj/pfyycsml/pfyycsmlDetail?uuid=51161,OK
51162,广东省,中山市,中山县,古镇邮政支局,古镇古四怡廷豪园三期1-3卡,信件、印刷品、包裹、邮政汇兑、国际业务、报刊订阅,528414,https://zwfw.spb.gov.cn/gjj/pfyycsml/pfyycsmlDetail?uuid=51162,OK
51163,广东省,中山市,中山县,金亮邮政所,古镇镇同福北路1号百佳大楼第1栋A37,信件、印刷品、包裹、邮政汇兑、报刊订阅,528421,https://zwfw.spb.gov.cn/gjj/pfyycsml/pfyycsmlDetail?uuid=51163,OK
51164,广东省,中山市,中山县,海洲邮政支局,古镇海洲华昌路15号,信件、印刷品、包裹、邮政汇兑,528421,https://zwfw.spb.gov.cn/gjj/pfyycsml/pfyycsmlDetail?uuid=51164,OK
51165,广东省,中山市,中山县,泰丰邮政支局,小榄镇广合花园商铺,信件、印刷品、包裹、邮政汇兑,528425,https://zwfw.spb.gov.cn/gjj/pfyycsml/pfyycsmlDetail?uuid=51165,OK
51166,广东省,中山市,中山县,东凤邮政支局,广东中山市东凤镇东海二路13号,信件、印刷品、包裹、邮政汇兑、报刊订阅,528425,https://zwfw.spb.gov.cn/gjj/pfyycsml/pfyycsmlDetail?uuid=51166,OK
51167,广东省,中山市,中山县,南头邮政支局,广东中山市南头镇南和中路93号,信件、印刷品、包裹、邮政汇兑、报刊订阅,528427,https://zwfw.spb.gov.cn/gjj/pfyycsml/pfyycsmlDetail?uuid=51167,OK
51168,广东省,中山市,中山县,同福邮政所,中山市南头镇南和中路555号（吴希和建筑吴首层）,信件、印刷品、包裹、邮政汇兑,528427,https://zwfw.spb.gov.cn/gjj/pfyycsml/pfyycsmlDetail?uuid=51168,OK
51169,广东省,中山市,中山县,大雁邮政支局,中山市黄圃镇圃灵路5号,信件、印刷品、包裹、邮政汇兑,528427,https://zwfw.spb.gov.cn/gjj/pfyycsml/pfyycsmlDetail?uuid=51169,OK
51170,广东省,中山市,中山县,兴圃路邮政支局,中山市黄圃镇文昌路21号首层之五,信件、印刷品、包裹、邮政汇兑、国际业务、报刊订阅,528429,https://zwfw.spb.gov.cn/gjj/pfyycsml/pfyycsmlDetail?uuid=51170,OK
51171,广东省,中山市,中山县,阜沙邮政支局,广东中山市阜沙镇阜城东路32号,信件、印刷品、包裹、邮政汇兑、报刊订阅,528434,https://zwfw.spb.gov.cn/gjj/pfyycsml/pfyycsmlDetail?uuid=51171,OK
51172,广东省,中山市,中山县,濠头邮政所,中山火炬开发区凯茵新城A04区雅豪坊A61卡,信件、印刷品、包裹、邮政汇兑,528437,https://zwfw.spb.gov.cn/gjj/pfyycsml/pfyycsmlDetail?uuid=51172,OK
51173,广东省,中山市,中山县,铂爵山邮政所,中山市火炬开发区中山港大道123号铂爵山花园3卡铂爵山果园,信件、印刷品、包裹、邮政汇兑,528437,https://zwfw.spb.gov.cn/gjj/pfyycsml/pfyycsmlDetail?uuid=51173,OK
51174,,,,,北京市西城区北礼士路甲8号,,,https://zwfw.spb.gov.cn/gjj/pfyycsml/pfyycsmlDetail?uuid=51174,OK
51175,广东省,中山市,中山县,好万佳邮政所,火炬区健康基地广济西路2号,信件、印刷品、包裹、邮政汇兑,528437,https://zwfw.spb.gov.cn/gjj/pfyycsml/pfyycsmlDetail?uuid=51175,OK
51176,广东省,中山市,中山县,雅景邮政所,中山市火炬开发区雅景花园4区7幢186卡,信件、印刷品、包裹、邮政汇兑,528437,https://zwfw.spb.gov.cn/gjj/pfyycsml/pfyycsmlDetail?uuid=51176,OK
51177,广东省,中山市,中山县,新平邮政所,民众镇新平村十顷公路22号,信件、印刷品、包裹、邮政汇兑,528437,https://zwfw.spb.gov.cn/gjj/pfyycsml/pfyycsmlDetail?uuid=51177,OK
51178,,,,,,,,https://zwfw.spb.gov.cn/gjj/pfyycsml/pfyycsmlDetail?uuid=51178,ERR1:ReadTimeout
51179,广东省,中山市,中山县,佳顺邮政所,中山市火炬开发区中山港大道111号,信件、印刷品、包裹、邮政汇兑,528437,https://zwfw.spb.gov.cn/gjj/pfyycsml/pfyycsmlDetail?uuid=51179,OK
51180,广东省,中山市,中山县,逸港邮政支局,火炬区逸港花园1506卡,信件、印刷品、包裹、邮政汇兑、国际业务、报刊订阅,528437,https://zwfw.spb.gov.cn/gjj/pfyycsml/pfyycsmlDetail?uuid=51180,OK
51181,广东省,中山市,中山县,柏悦湾邮政所,中山市火炬开发区博爱七路92号柏悦湾花园一区1幢4卡,信件、印刷品、包裹、邮政汇兑,528437,https://zwfw.spb.gov.cn/gjj/pfyycsml/pfyycsmlDetail?uuid=51181,OK
51182,,,,,北京市西城区北礼士路甲8号,,,https://zwfw.spb.gov.cn/gjj/pfyycsml/pfyycsmlDetail?uuid=51182,OK
51183,广东省,中山市,中山县,大庙邮政支局,火炬区张家边东镇大街水仙阁首1-4卡,信件、印刷品、包裹、邮政汇兑、报刊订阅,528437,https://zwfw.spb.gov.cn/gjj/pfyycsml/pfyycsmlDetail?uuid=51183,OK
51184,广东省,中山市,中山县,宜乐邮政所,火炬开发区张家边港城花园海港楼3幢101卡,信件、印刷品、包裹、邮政汇兑,528437,https://zwfw.spb.gov.cn/gjj/pfyycsml/pfyycsmlDetail?uuid=51184,OK
51185,广东省,中山市,中山县,民众邮政支局,广东中山市民众镇新马路82号,信件、印刷品、包裹、邮政汇兑、报刊订阅,528441,https://zwfw.spb.gov.cn/gjj/pfyycsml/pfyycsmlDetail?uuid=51185,OK
51186,广东省,中山市,中山县,高平邮政支局,中山市三角镇高平大道89号之一第五卡之一、之二,信件、印刷品、包裹、邮政汇兑,528445,https://zwfw.spb.gov.cn/gjj/pfyycsml/pfyycsmlDetail?uuid=51186,OK
51187,广东省,中山市,中山县,三角邮政支局,中山市三角镇金山大道中138号东润华庭商铺53卡一楼之一,信件、印刷品、包裹、邮政汇兑、报刊订阅,528445,https://zwfw.spb.gov.cn/gjj/pfyycsml/pfyycsmlDetail?uuid=51187,OK
51188,,,,,,,,https://zwfw.spb.gov.cn/gjj/pfyycsml/pfyycsmlDetail?uuid=51188,ERR1:ReadTimeout
51189,广东省,中山市,中山县,云汉大街邮政所,中山市沙溪镇云汉村光明里大街18号,信件、印刷品、包裹、邮政汇兑,528471,https://zwfw.spb.gov.cn/gjj/pfyycsml/pfyycsmlDetail?uuid=51189,OK
51190,广东省,中山市,中山县,迎宾大道邮政支局,中山市板芙镇迎宾大道一号金澳华庭六栋10卡,信件、印刷品、包裹、邮政汇兑,528476,https://zwfw.spb.gov.cn/gjj/pfyycsml/pfyycsmlDetail?uuid=51190,OK
51191,广东省,中山市,中山县,德政邮政所,中山市大涌镇环镇路石井路段14号正东方向40米,信件、印刷品、包裹、邮政汇兑,528459,https://zwfw.spb.gov.cn/gjj/pfyycsml/pfyycsmlDetail?uuid=51191,OK
51192,广东省,中山市,中山县,神湾邮政支局,广东中山市神湾镇神湾大道中126号,信件、印刷品、包裹、邮政汇兑、报刊订阅,528462,https://zwfw.spb.gov.cn/gjj/pfyycsml/pfyycsmlDetail?uuid=51192,OK
51193,广东省,中山市,中山县,薪达邮政所,中山市神湾镇宥南村祥明四街,信件、印刷品、包裹、邮政汇兑,528462,https://zwfw.spb.gov.cn/gjj/pfyycsml/pfyycsmlDetail?uuid=51193,OK
51194,广东省,中山市,中山县,城邦邮政所,中山市坦洲镇界狮南路36号海悦城邦花园2-4卡商铺,信件、印刷品、包裹、邮政汇兑,528463,https://zwfw.spb.gov.cn/gjj/pfyycsml/pfyycsmlDetail?uuid=51194,OK
51195,广东省,中山市,中山县,华丰邮政所,三乡镇金华路12号,信件、印刷品、包裹、邮政汇兑,528463,https://zwfw.spb.gov.cn/gjj/pfyycsml/pfyycsmlDetail?uuid=51195,OK
51196,广东省,中山市,中山县,平南邮政所,中山市三乡镇平南村金台路8号,信件、印刷品、包裹、邮政汇兑,528463,https://zwfw.spb.gov.cn/gjj/pfyycsml/pfyycsmlDetail?uuid=51196,OK
51197,广东省,中山市,中山县,万象郡邮政所,三乡镇振华路99号雅居乐新城16期9栋3单元5卡,信件、印刷品、包裹、邮政汇兑,528463,https://zwfw.spb.gov.cn/gjj/pfyycsml/pfyycsmlDetail?uuid=51197,OK
51198,,,,,北京市西城区北礼士路甲8号,,,https://zwfw.spb.gov.cn/gjj/pfyycsml/pfyycsmlDetail?uuid=51198,OK
51199,广东省,中山市,中山县,群联邮政所,中山市坦洲镇乐怡路2号,信件、印刷品、包裹、邮政汇兑,528467,https://zwfw.spb.gov.cn/gjj/pfyycsml/pfyycsmlDetail?uuid=51199,OK
