00000000:  25 50 44 46 2D 31 2E 36 - 0D 25 E2 E3 CF D3 0D 0A  %PDF-1.6.%......
00000010:  32 35 20 30 20 6F 62 6A - 0D 3C 3C 2F 4C 69 6E 65  25.0.obj.<</Line
00000020:  61 72 69 7A 65 64 20 31 - 2F 4C 20 31 35 35 34 30  arized.1/L.15540
00000030:  37 2F 4F 20 32 38 2F 45 - 20 31 33 32 30 39 37 2F  7/O.28/E.132097/
00000040:  4E 20 33 2F 54 20 31 35 - 35 30 35 32 2F 48 20 5B  N.3/T.155052/H.[
00000050:  20 35 31 32 20 32 34 37 - 5D 3E 3E 0D 65 6E 64 6F  .512.247]>>.endo
00000060:  62 6A 0D 20 20 20 20 20 - 20 20 20 20 20 20 20 20  bj..............
00000070:  20 20 0D 0A 34 34 20 30 - 20 6F 62 6A 0D 3C 3C 2F  ....44.0.obj.<</
00000080:  44 65 63 6F 64 65 50 61 - 72 6D 73 3C 3C 2F 43 6F  DecodeParms<</Co
00000090:  6C 75 6D 6E 73 20 35 2F - 50 72 65 64 69 63 74 6F  lumns.5/Predicto
000000A0:  72 20 31 32 3E 3E 2F 45 - 6E 63 72 79 70 74 20 32  r.12>>/Encrypt.2
000000B0:  36 20 30 20 52 2F 46 69 - 6C 74 65 72 2F 46 6C 61  6.0.R/Filter/Fla
000000C0:  74 65 44 65 63 6F 64 65 - 2F 49 44 5B 3C 30 34 30  teDecode/ID[<040
000000D0:  36 38 31 37 45 32 30 42 - 46 31 39 43 39 30 37 39  6817E20BF19C9079
000000E0:  37 30 43 46 37 35 33 42 - 46 33 34 38 33 3E 3C 34  70CF753BF3483><4
000000F0:  46 41 43 31 35 39 41 44 - 43 37 30 33 39 34 46 42  FAC159ADC70394FB
00000100:  33 35 44 45 34 35 34 32 - 31 44 41 36 32 36 34 3E  35DE45421DA6264>
00000110:  5D 2F 49 6E 64 65 78 5B - 32 35 20 33 30 5D 2F 49  ]/Index[25.30]/I
00000120:  6E 66 6F 20 32 34 20 30 - 20 52 2F 4C 65 6E 67 74  nfo.24.0.R/Lengt
00000130:  68 20 39 33 2F 50 72 65 - 76 20 31 35 35 30 35 33  h.93/Prev.155053
00000140:  2F 52 6F 6F 74 20 32 37 - 20 30 20 52 2F 53 69 7A  /Root.27.0.R/Siz
00000150:  65 20 35 35 2F 54 79 70 - 65 2F 58 52 65 66 2F 57  e.55/Type/XRef/W
00000160:  5B 31 20 33 20 31 5D 3E - 3E 73 74 72 65 61 6D 0D  [1.3.1]>>stream.
00000170:  0A 68 DE 62 62 64 60 10 - 60 60 62 60 60 7A 0E 22  .h.bbd`.``b``z."
00000180:  19 AF 81 C9 40 10 C9 B0 - 05 44 B2 E8 83 48 F6 EF  ....@....D...H..
00000190:  20 92 B9 0C AC 32 0D 4C - AA 81 45 CC 30 44 DC C0  .....2.L..E.0D..
000001A0:  6C 36 30 29 06 24 19 5D - C5 41 6C 33 10 9B C1 FC  l60).$.].Al3....
000001B0:  19 90 FC AF E5 CC C0 04 - B4 77 25 D8 16 06 46 12  .........w%...F.
000001C0:  C8 FF 0C 4C 8F 7F 00 04 - 18 00 98 21 0D 40 0D 0A  ...L.......!.@..
000001D0:  65 6E 64 73 74 72 65 61 - 6D 0D 65 6E 64 6F 62 6A  endstream.endobj
000001E0:  0D 73 74 61 72 74 78 72 - 65 66 0D 0A 30 0D 0A 25  .startxref..0..%
000001F0:  25 45 4F 46 0D 0A 20 20 - 20 20 20 20 20 20 0D 0A  %EOF............
00000200:  35 34 20 30 20 6F 62 6A - 0D 3C 3C 2F 46 69 6C 74  54.0.obj.<</Filt
00000210:  65 72 2F 46 6C 61 74 65 - 44 65 63 6F 64 65 2F 49  er/FlateDecode/I
00000220:  20 31 35 34 2F 4C 20 31 - 33 38 2F 4C 65 6E 67 74  .154/L.138/Lengt
00000230:  68 20 31 36 30 2F 53 20 - 37 34 3E 3E 73 74 72 65  h.160/S.74>>stre
00000240:  61 6D 0D 0A 49 C2 6E BC - 79 59 12 92 CD B0 CD D8  am..I.n.yY......
00000250:  2E C1 CF F7 3A 3D 8D CB - AD EE C8 3E 71 5D 4A 79  ....:=.....>q]Jy
00000260:  BD 8E 0E 00 51 37 1E 51 - 77 96 3F B4 78 55 CD A9  ....Q7.Qw.?.xU..
00000270:  3C 1B 6A FE 63 A8 58 7A - 8A 49 D6 83 63 AE B3 74  <.j.c.Xz.I..c..t
00000280:  D3 42 F4 87 99 56 91 BD - 1F 02 5E C7 B5 F9 0A 6B  .B...V....^....k
00000290:  09 E8 79 F7 C0 E3 98 17 - 98 65 A9 CB CE 8B 2F 46  ..y......e..../F
000002A0:  A5 F6 62 7C 55 F8 76 02 - C9 25 A9 D8 EC 6B B1 62  ..b|U.v..%...k.b
000002B0:  2E 41 98 97 77 80 8D B7 - B5 23 B2 72 04 1C AE 78  .A..w....#.r...x
000002C0:  11 05 66 70 73 DD 3D 06 - 32 67 FC 8E BB A2 D8 A0  ..fps.=.2g......
000002D0:  63 1A 79 A7 DF 5F 73 6E - E5 38 49 B2 76 0A D9 9B  c.y.._sn.8I.v...
000002E0:  0D 99 F3 7E 0D 0A 65 6E - 64 73 74 72 65 61 6D 0D  ...~..endstream.
000002F0:  65 6E 64 6F 62 6A 0D 32 - 36 20 30 20 6F 62 6A 0D  endobj.26.0.obj.
00000300:  3C 3C 2F 43 46 3C 3C 2F - 53 74 64 43 46 3C 3C 2F  <</CF<</StdCF<</
00000310:  41 75 74 68 45 76 65 6E - 74 2F 44 6F 63 4F 70 65  AuthEvent/DocOpe
00000320:  6E 2F 43 46 4D 2F 41 45 - 53 56 32 2F 4C 65 6E 67  n/CFM/AESV2/Leng
00000330:  74 68 20 31 36 3E 3E 3E - 3E 2F 46 69 6C 74 65 72  th.16>>>>/Filter
00000340:  2F 53 74 61 6E 64 61 72 - 64 2F 4C 65 6E 67 74 68  /Standard/Length
00000350:  20 31 32 38 2F 4F 28 F9 - A9 53 F0 72 2B 05 88 AD  .128/O(..S.r+...
00000360:  51 7B 5C 72 A0 F0 43 C6 - 42 EC FD 90 CA 6C 7C 9D  Q{\r..C.B....l|.
00000370:  04 F9 93 AE 9F CD E6 9E - 29 2F 50 20 2D 33 33 39  ........)/P.-339
00000380:  32 2F 52 20 34 2F 53 74 - 6D 46 2F 53 74 64 43 46  2/R.4/StmF/StdCF
00000390:  2F 53 74 72 46 2F 53 74 - 64 43 46 2F 55 28 AA B9  /StrF/StdCF/U(..
000003A0:  7C 9E CC 10 E4 C4 95 35 - CA E4 8E 7A C2 47 00 00  |......5...z.G..
000003B0:  00 00 00 00 00 00 00 00 - 00 00 00 00 00 00 29 2F  ..............)/
000003C0:  56 20 34 3E 3E 0D 65 6E - 64 6F 62 6A 0D 32 37 20  V.4>>.endobj.27.
000003D0:  30 20 6F 62 6A 0D 3C 3C - 2F 4D 65 74 61 64 61 74  0.obj.<</Metadat
000003E0:  61 20 31 33 20 30 20 52 - 2F 50 61 67 65 4C 61 62  a.13.0.R/PageLab
000003F0:  65 6C 73 20 32 31 20 30 - 20 52 2F 50 61 67 65 73  els.21.0.R/Pages
00000400:  20 32 33 20 30 20 52 2F - 54 79 70 65 2F 43 61 74  .23.0.R/Type/Cat
00000410:  61 6C 6F 67 3E 3E 0D 65 - 6E 64 6F 62 6A 0D 32 38  alog>>.endobj.28
00000420:  20 30 20 6F 62 6A 0D 3C - 3C 2F 43 6F 6E 74 65 6E  .0.obj.<</Conten
00000430:  74 73 5B 33 31 20 30 20 - 52 20 33 32 20 30 20 52  ts[31.0.R.32.0.R
00000440:  20 33 33 20 30 20 52 20 - 33 34 20 30 20 52 20 33  .33.0.R.34.0.R.3
00000450:  35 20 30 20 52 20 33 36 - 20 30 20 52 20 33 37 20  5.0.R.36.0.R.37.
00000460:  30 20 52 20 33 38 20 30 - 20 52 5D 2F 43 72 6F 70  0.R.38.0.R]/Crop
00000470:  42 6F 78 5B 30 20 30 20 - 36 31 32 20 37 39 32 5D  Box[0.0.612.792]
00000480:  2F 4D 65 64 69 61 42 6F - 78 5B 30 20 30 20 36 31  /MediaBox[0.0.61
00000490:  32 20 37 39 32 5D 2F 50 - 61 72 65 6E 74 20 32 33  2.792]/Parent.23
000004A0:  20 30 20 52 2F 52 65 73 - 6F 75 72 63 65 73 20 34  .0.R/Resources.4
000004B0:  35 20 30 20 52 2F 52 6F - 74 61 74 65 20 30 2F 54  5.0.R/Rotate.0/T
000004C0:  79 70 65 2F 50 61 67 65 - 3E 3E 0D 65 6E 64 6F 62  ype/Page>>.endob
000004D0:  6A 0D 32 39 20 30 20 6F - 62 6A 0D 3C 3C 2F 46 69  j.29.0.obj.<</Fi
000004E0:  6C 74 65 72 2F 46 6C 61 - 74 65 44 65 63 6F 64 65  lter/FlateDecode
000004F0:  2F 46 69 72 73 74 20 36 - 34 2F 4C 65 6E 67 74 68  /First.64/Length
00000500:  20 37 32 30 2F 4E 20 39 - 2F 54 79 70 65 2F 4F 62  .720/N.9/Type/Ob
00000510:  6A 53 74 6D 3E 3E 73 74 - 72 65 61 6D 0D 0A BD 78  jStm>>stream...x
00000520:  6B 24 87 BE 25 9B 70 C5 - 6A C8 AA CC EF 67 67 2D  k$..%.p.j....gg-
00000530:  F3 2E A3 75 DD C6 7D 4B - 82 9F 88 0C 3C 04 A8 89  ...u..}K....<...
00000540:  8C CE A0 9E 64 C4 08 CF - 72 C2 13 0D D1 F0 AE 58  ....d...r......X
00000550:  40 D8 19 D4 0B A8 8E C9 - 58 0C 06 04 F7 AB A6 3E  @.......X......>
00000560:  8F 36 15 7E 7A FA B4 D2 - 01 1F 9A 53 3C FD 64 E1  .6.~z......S<.d.
00000570:  20 6E 40 71 C1 40 0E 6F - 2E F6 06 3C DA 9F 23 FE  .n@q.@.o...<..#.
00000580:  FA 69 44 DB BD BC E9 AE - CE 13 5A 14 B3 B7 80 16  .iD.......Z.....
00000590:  41 4A 4E 8A 2E C5 24 F0 - BC 11 0C C1 0B 51 2F 80  AJN...$......Q/.
000005A0:  04 F4 B3 CE 4D 53 92 BC - 86 26 F7 F4 90 DB 12 96  ....MS...&......
000005B0:  20 EA 25 AE E5 F6 3A 50 - DB 83 A0 86 E2 66 7F 1A  ..%...:P.....f..
000005C0:  3A F8 EB 96 F3 8A 23 57 - 14 BD A7 14 E8 7E 41 39  :.....#W.....~A9
000005D0:  8E A3 E5 A6 63 D4 B5 E6 - 91 5D A7 5F EF 1B A2 D1  ....c....]._....
000005E0:  B8 AD 0B CF 2D 96 70 BC - 19 57 5D 45 66 03 34 60  ....-.p..W]Ef.4`
000005F0:  02 04 47 E4 5D C9 6A 13 - 06 BC 53 0E F7 40 15 17  ..G.].j...S..@..
00000600:  7E 3F E5 9C 01 0F 5B 77 - AA 73 96 38 17 E2 7A 55  ~?....[w.s.8..zU
00000610:  A8 6F C7 49 2D 32 2C 9A - 68 2E 81 81 74 0A 86 BD  .o.I-2,.h...t...
00000620:  A0 AB 75 36 67 09 82 B9 - E4 45 A2 5E BD 0B 9F FC  ..u6g....E.^....
00000630:  12 D4 9F 9C A8 37 67 DB - 46 3B 50 B6 F1 B3 A6 3C  .....7g.F;P....<
00000640:  D6 10 A4 50 C9 FE B7 47 - E9 00 90 81 F3 88 6A FF  ...P...G......j.
00000650:  9C 7C 23 84 25 4A FD 20 - 55 CB 5E 89 3B 72 46 5F  .|#.%J..U.^.;rF_
00000660:  AC 37 28 EB B4 8F 81 42 - 32 D4 E9 EE 81 2B 99 95  .7(....B2....+..
00000670:  1A EE 31 ED 81 27 BF 10 - 68 FA 60 3E D4 16 09 F4  ..1..'..h.`>....
00000680:  B4 01 B4 22 19 F5 F6 50 - 30 40 CC 60 C2 50 8E CA  ..."...P0@.`.P..
00000690:  2A 5F 55 AA 86 F5 2B 49 - 6A 7C 5A 79 CD 51 32 3A  *_U...+Ij|Zy.Q2:
000006A0:  07 FC 4E 08 03 D9 C9 5E - 7C 5E E5 12 8C 1D 28 E8  ..N....^|^....(.
000006B0:  37 B9 97 A6 40 B1 0A 15 - 34 98 A4 23 94 06 F1 49  7...@...4..#...I
000006C0:  73 73 0C 66 D4 34 AB 89 - AA 68 4E 6D 5B 99 B9 EE  ss.f.4...hNm[...
000006D0:  81 DD 51 84 00 8D A6 31 - AB 66 42 A4 BD AB B0 F9  ..Q....1.fB.....
000006E0:  A3 F3 90 96 42 F3 E4 C9 - A0 83 67 BF 1C 5F 13 DC  ....B.....g.._..
000006F0:  0C 4A 65 DF D9 F4 95 B8 - E5 7C 89 38 6A A1 19 A7  .Je......|.8j...
00000700:  AA 0C 49 87 7F F4 13 D7 - 05 CA 81 21 CB 4D F3 07  ..I........!.M..
00000710:  96 A6 7F 95 A4 FF 4C 4D - 92 4E 5D 35 69 1E 42 33  ......LM.N]5i.B3
00000720:  B4 4A 35 5A 50 BE F3 05 - F1 EE 0E 3A 62 68 46 56  .J5ZP......:bhFV
00000730:  DC 86 E9 3C 54 3C D5 79 - 0D 7D 29 9F 1C 31 1E 52  ...<T<.y.})..1.R
00000740:  4E B4 74 EE 8A 7F 80 7E - 81 D0 CE FA 1D 10 B6 88  N.t....~........
00000750:  7D 97 1D 0E 53 D3 58 B9 - A9 C5 16 54 FE 2F 27 45  }...S.X....T./'E
00000760:  55 CB 46 22 F5 18 76 92 - E1 A1 E3 9D 4F E1 57 52  U.F"..v.....O.WR
00000770:  6F 54 0D 6E 39 25 35 CE - EE F2 11 ED 1D B0 9F BB  oT.n9%5.........
00000780:  E5 38 D9 D4 DF 28 73 99 - 19 C1 4D 04 39 09 15 70  .8...(s...M.9..p
00000790:  1C 6B 91 36 86 22 4D 53 - E2 B5 34 E4 0C 16 63 A7  .k.6."MS..4...c.
000007A0:  4E 5B 19 18 36 75 8E 9C - 67 42 48 83 69 F4 C7 3C  N[..6u..gBH.i..<
000007B0:  4F A4 C6 A4 A0 F1 AB 97 - E9 D2 E8 85 48 38 A1 2A  O...........H8.*
000007C0:  5F 1F C1 F1 FA 66 EE 3A - AF 63 DD 3C E2 5A 27 57  _....f.:.c.<.Z'W
000007D0:  EF 09 CA 96 41 B9 68 22 - FA A6 7F 2B 0D D5 D2 37  ....A.h"...+...7
000007E0:  BC 88 90 79 33 7A DF 8F - EC B3 B1 CB 26 D2 0D 0A  ...y3z......&...
000007F0:  65 6E 64 73 74 72 65 61 - 6D 0D 65 6E 64 6F 62 6A  endstream.endobj
00000800:  0D 33 30 20 30 20 6F 62 - 6A 0D 3C 3C 2F 46 69 6C  .30.0.obj.<</Fil
00000810:  74 65 72 2F 46 6C 61 74 - 65 44 65 63 6F 64 65 2F  ter/FlateDecode/
00000820:  4C 65 6E 67 74 68 20 31 - 39 36 38 3E 3E 73 74 72  Length.1968>>str
00000830:  65 61 6D 0D 0A E2 EC C4 - CA C5 BA 37 42 9A 7D 18  eam........7B.}.
00000840:  E0 BE E2 A0 6A A7 C4 58 - 25 2D FB 46 9E 4D 40 EA  ....j..X%-.F.M@.
00000850:  89 BD 7A 99 8F B1 80 C4 - 02 E7 3E 82 E8 5B 33 1D  ..z.......>..[3.
00000860:  27 28 5E AA 1C 07 B5 F7 - 2A 56 1F B6 86 FC 5B 7E  '(^.....*V....[~
00000870:  A9 B5 EC AD 70 F6 EA 31 - C6 7F 72 9F 0B F3 5E 76  ....p..1..r...^v
00000880:  17 AD 84 EE E1 E9 06 8E - 9B B5 DC C3 A4 EE DA 9A  ................
00000890:  B8 47 B1 19 D4 69 63 BD - 57 62 9C 51 13 89 20 E9  .G...ic.Wb.Q....
000008A0:  EF 3D 37 13 E0 5D EE 4D - D7 BD 17 05 82 F8 77 D4  .=7..].M......w.
000008B0:  BC 5C 76 61 02 A4 16 10 - 95 2C E8 2E C0 D3 A1 74  .\va.....,.....t
000008C0:  66 24 AB 8E B5 66 A8 E6 - 94 D9 92 E6 C8 FB 35 A6  f$...f........5.
000008D0:  24 AC 42 33 F7 FE BE E5 - 6C 46 CA 71 54 B7 B8 6D  $.B3....lF.qT..m
000008E0:  67 85 5A 70 83 34 66 AE - 31 F3 E2 CB 53 4A A8 E1  g.Zp.4f.1...SJ..
000008F0:  CF A3 5F 52 01 13 2B E0 - 1E 10 63 47 86 B7 26 96  .._R..+...cG..&.
00000900:  61 CE E5 17 5C DD 17 0B - 7D EE 68 40 8E 5A CE 00  a...\...}.h@.Z..
00000910:  1A E0 CB 21 9A D6 99 2A - 80 95 E8 52 B8 D8 57 97  ...!...*...R..W.
00000920:  44 A4 27 C4 C0 A3 A3 89 - 4A 28 5E 03 80 0A 96 4F  D.'.....J(^....O
00000930:  AD CF 72 F9 B6 7C 75 77 - 4F B3 BF 49 3C C7 65 28  ..r..|uwO..I<.e(
00000940:  61 40 6F 8F 51 B8 71 78 - 37 88 9C F0 1D 15 2A 6A  a@o.Q.qx7.....*j
00000950:  1E 43 1E 80 0A 54 56 ED - 83 DD 21 19 73 11 D6 A9  .C...TV...!.s...
00000960:  81 44 4B 87 7B A1 74 B0 - A9 BA 45 A3 4D 17 FE F8  .DK.{.t...E.M...
00000970:  A2 E0 05 61 D5 41 18 09 - 0A A8 FA F6 4A 92 76 6F  ...a.A......J.vo
00000980:  DE B5 2E D1 18 B6 8A 4C - 20 DD D9 58 AD 4C 03 00  .......L...X.L..
00000990:  59 70 EC 42 72 BE 60 45 - BC 7B A5 84 C8 9A 7D D1  Yp.Br.`E.{....}.
000009A0:  AA BF 8B 77 4E C8 60 DF - 41 3A 55 3A 3B 3F 28 64  ...wN.`.A:U:;?(d
000009B0:  5C 2E 0D 19 6C 8A A6 31 - 58 23 49 D6 07 43 39 20  \...l..1X#I..C9.
000009C0:  1A 46 BE 45 70 6B C9 7D - D7 35 42 C4 AC DE B3 50  .F.Epk.}.5B....P
000009D0:  84 00 A7 1B 88 F1 F8 D3 - F8 17 22 AD 01 31 60 14  .........."..1`.
000009E0:  91 87 07 AF EA 1D 1E B5 - 60 CB 93 C8 ED 71 5F 83  ........`....q_.
000009F0:  CC 52 BD 20 F3 10 6E 79 - BF 99 B4 2C 0C 0A 80 6E  .R....ny...,...n
00000A00:  A0 15 78 1D B7 75 FB 95 - D9 9E 06 82 19 F0 39 36  ..x..u........96
00000A10:  15 7A 58 78 CC 72 D2 AF - 09 42 38 CA 53 6B 5A 56  .zXx.r...B8.SkZV
00000A20:  A8 43 AF 18 22 1D 01 FB - CE 17 3F 05 74 FA 16 67  .C..".....?.t..g
00000A30:  12 AE A8 35 21 65 55 C3 - E7 79 BD 0A 5A 5A 9F D9  ...5!eU..y..ZZ..
00000A40:  8A 5B 34 D5 38 82 BF D6 - E8 F2 CE 0A 67 AD 71 EB  .[4.8.......g.q.
00000A50:  65 C4 46 FE 12 41 53 D8 - 2C 51 BF 09 AC 07 64 85  e.F..AS.,Q....d.
00000A60:  0A B2 B7 3B 33 6C C5 A9 - 40 44 42 92 8C 31 C3 37  ...;3l..@DB..1.7
00000A70:  BD BC 7C 3A BC FE FF 0F - 77 B8 42 EF 06 B7 95 25  ..|:....w.B....%
00000A80:  F0 2E 9D 6B 79 AA 30 2A - 55 38 40 BC B2 34 DD D5  ...ky.0*U8@..4..
00000A90:  D7 A8 42 FA 1A E9 2C 24 - BB 7B BA 51 E4 E9 8B 85  ..B...,$.{.Q....
00000AA0:  EC 0D 84 23 D7 C8 12 08 - 7A 10 6E E3 B3 D2 A1 4F  ...#....z.n....O
00000AB0:  81 5D D8 A9 6C 6C 07 2A - 17 AF 0F 0A 03 EF 99 F9  .]..ll.*........
00000AC0:  1C E9 C8 71 85 7F B5 42 - EE 78 5A 4D 93 79 69 0C  ...q...B.xZM.yi.
00000AD0:  7F 8F 81 38 79 83 FC 92 - D5 5C 9B 76 43 A5 C6 CA  ...8y....\.vC...
00000AE0:  2D 4F 09 4C 8E 86 39 68 - 01 44 0B DC A6 6D 9C 7C  -O.L..9h.D...m.|
00000AF0:  7B 08 B8 D1 AD D1 E8 3F - 78 03 75 5A BE C2 E2 1E  {......?x.uZ....
00000B00:  F0 94 A5 3B 8C 2F 8F 04 - 64 89 1B 79 F1 25 EF FA  ...;./..d..y.%..
00000B10:  DF 3E DD 58 EF 3B 5A 62 - FE CD 82 CC 24 2B 08 B6  .>.X.;Zb....$+..
00000B20:  F9 54 47 CC 0C 43 2E 84 - C2 41 7B EC 71 E5 70 C4  .TG..C...A{.q.p.
00000B30:  82 B4 86 45 54 92 F4 48 - B1 33 80 9E 6A BE E6 C3  ...ET..H.3..j...
00000B40:  0E 6D 0E FD E0 10 6F 7B - 6B 6F 37 76 39 87 63 8B  .m....o{ko7v9.c.
00000B50:  2E F1 A1 28 1F D7 90 24 - 18 D6 3F DC E3 21 EF 02  ...(...$..?..!..
00000B60:  FD FA 57 0F F7 88 2E 9A - 4E BE E1 1D C7 88 7E 88  ..W.....N.....~.
00000B70:  79 22 3D A7 F9 BC 9C D6 - A2 C7 14 48 2D A2 06 E9  y"=........H-...
00000B80:  3F 30 7F 6D F8 6E E9 E6 - E9 B8 B2 09 7B 06 2E F4  ?0.m.n......{...
00000B90:  6F 6F F8 AA 14 A5 E9 B2 - 87 52 6E 0C 44 C8 6C A1  oo.......Rn.D.l.
00000BA0:  6E 07 03 2D 7D 02 0E E4 - 19 BF FE 48 05 02 CA D1  n..-}......H....
00000BB0:  E2 7E 3F B5 BE 73 EC F5 - 10 E3 9D DA 7D 47 1B B9  .~?..s......}G..
00000BC0:  ED 13 34 20 06 F8 23 EC - 0C 8C CD 76 6A 83 9F E1  ..4...#....vj...
00000BD0:  53 DD 77 38 85 7E FA 3A - 76 6A 95 A3 B1 E6 6B 48  S.w8.~.:vj....kH
00000BE0:  16 98 5B 9E 33 66 88 26 - 9A 95 88 C4 78 89 2E D2  ..[.3f.&....x...
00000BF0:  33 73 93 74 B7 A0 63 BC - 45 55 52 F7 E9 30 94 65  3s.t..c.EUR..0.e
00000C00:  EE BA 4B F3 8C EB 06 5E - 93 39 C5 7C 5A 4C 06 E3  ..K....^.9.|ZL..
00000C10:  45 DC 88 3A 50 95 E4 CA - 22 26 5F DF 16 71 CB 19  E..:P..."&_..q..
00000C20:  71 94 15 16 BF 04 EA 91 - BD 9E 43 E5 9E A6 08 B9  q.........C.....
00000C30:  9B 56 A1 4F 72 77 D4 4B - 85 74 DC 5F 40 3B 84 8A  .V.Orw.K.t._@;..
00000C40:  8B A7 90 EB 97 1D 81 90 - 6D 44 D0 10 23 D5 C4 11  ........mD..#...
00000C50:  D0 D6 D7 1A 15 15 10 FB - D8 2C E7 23 DD FD 4D A0  .........,.#..M.
00000C60:  F0 3D 0A DE C3 B2 E4 E6 - 63 99 41 99 7B 18 D9 71  .=......c.A.{..q
00000C70:  99 5C BB EF 1E 84 23 F4 - 0D B1 23 DB 7B 46 ED CF  .\....#...#.{F..
00000C80:  DC CE 05 39 FC 18 D2 8B - 78 63 01 7C 67 E5 74 5C  ...9....xc.|g.t\
00000C90:  4A 13 F8 4E 0C EF 0F 8E - A6 72 14 87 23 7C DA A8  J..N.....r..#|..
00000CA0:  E0 23 68 0A 25 FF BD 9C - CE FB 75 7A 13 0B DC B8  .#h.%.....uz....
00000CB0:  B7 76 A3 D4 A8 09 C6 EB - C9 8A 38 EC BF 89 57 0D  .v........8...W.
00000CC0:  15 B0 A6 6F A1 50 46 F1 - D1 BF 2A BB F3 7B EC 43  ...o.PF...*..{.C
00000CD0:  F8 0F D7 4C 09 AA 3C DC - 5E C8 EA 59 FA BB 34 D8  ...L..<.^..Y..4.
00000CE0:  23 42 60 C5 24 87 50 59 - C3 7A EC 83 D5 4C 4D 5A  #B`.$.PY.z...LMZ
00000CF0:  96 69 74 44 4C 61 0B 73 - 79 9F 3A 98 EC 96 48 2A  .itDLa.sy.:...H*
00000D00:  0F DD BD 4A 84 71 53 7F - C1 FF E9 75 72 8E A3 15  ...J.qS....ur...
00000D10:  3C F1 B7 11 C3 61 BE 4E - D6 C0 8B 7A DF 43 22 12  <....a.N...z.C".
00000D20:  74 87 47 35 74 9B 43 6E - 82 0C A6 22 AE 82 B4 D6  t.G5t.Cn..."....
00000D30:  7F DF A4 BE 5F 93 A8 C1 - AE 6E 87 71 E6 01 1F 09  ...._....n.q....
00000D40:  B1 E7 07 85 2A 69 66 37 - 8C FA 85 06 BE 10 6E 85  ....*if7......n.
00000D50:  99 B1 FA 1F E1 54 A6 59 - 9B E7 FA 59 FC C5 6C 4F  .....T.Y...Y..lO
00000D60:  1F E1 04 AE 30 D8 C6 AC - 07 72 3C EE 32 30 5B 6A  ....0....r<.20[j
00000D70:  67 C6 9F D9 06 69 C1 2B - E8 70 62 C6 35 B2 C0 29  g....i.+.pb.5..)
00000D80:  D1 3F 67 10 45 42 00 E8 - 17 A2 EB A6 50 53 7E 7E  .?g.EB......PS~~
00000D90:  4D 11 4D 4D CE 0D 49 3A - 5C FE E5 35 E1 C8 81 DC  M.MM..I:\..5....
00000DA0:  BF E7 5D 82 77 AF 6D 84 - E1 0B 65 FC 1A C1 44 37  ..].w.m...e...D7
00000DB0:  A3 3A B7 66 10 C3 B8 CB - AC 78 21 A5 82 2D 7E AC  .:.f.....x!..-~.
00000DC0:  89 00 52 43 FF FC 38 8C - 7E 48 99 B9 AF 62 8F 33  ..RC..8.~H...b.3
00000DD0:  64 49 C8 9D C8 0A F3 8B - 9D 70 58 A0 65 CF E5 26  dI.......pX.e..&
00000DE0:  79 A7 81 46 79 A5 38 CF - DA E2 D2 A5 5C AB EA 63  y..Fy.8.....\..c
00000DF0:  92 CA 32 DB BC 6C 03 A7 - C6 74 0D 53 CB 59 2B 97  ..2..l...t.S.Y+.
00000E00:  57 BC CE 98 62 0D 87 29 - 86 B3 B5 50 1C 58 81 C8  W...b..)...P.X..
00000E10:  1E 98 C1 01 39 77 20 5E - 23 AD A9 FD 55 59 A2 00  ....9w.^#...UY..
00000E20:  86 57 6D A6 36 1C 0A 46 - 28 F6 0D 84 18 A3 90 F5  .Wm.6..F(.......
00000E30:  39 5D 24 58 31 A2 C9 D6 - A1 49 CB 32 1B 3B 2D D2  9]$X1....I.2.;-.
00000E40:  95 09 94 C7 E9 D3 12 D3 - A2 B2 20 FF 14 22 5F 0E  ............."_.
00000E50:  78 EB 59 FB 7F 22 5E FD - EA CB F0 78 FA 81 E1 BE  x.Y.."^....x....
00000E60:  8E C0 09 89 A1 86 3F 11 - 42 15 60 3B C6 27 B9 4F  ......?.B.`;.'.O
00000E70:  27 D6 D8 11 C0 EF 53 66 - AF 98 AE A1 9D 72 3D A8  '.....Sf.....r=.
00000E80:  1C 26 66 65 61 F7 E0 13 - 7E D8 E2 3F 44 2E 3A A1  .&fea...~..?D.:.
00000E90:  E8 C2 7A C1 04 BB 27 4D - 24 9C C6 EE 0D CC 5A 51  ..z...'M$.....ZQ
00000EA0:  9B 56 B1 CD 1B DA F6 CC - 2B 8E F0 6B 35 D0 45 36  .V......+..k5.E6
00000EB0:  1E 21 00 4C 52 23 2B C9 - C5 A3 DB 38 FB 09 C7 3C  .!.LR#+....8...<
00000EC0:  0F DF 88 58 21 83 E8 A1 - 3B 1D 23 A1 3F 75 66 95  ...X!...;.#.?uf.
00000ED0:  02 8F 13 A7 80 DE 4E 5F - DE 50 66 8A 9F B5 A9 32  ......N_.Pf....2
00000EE0:  0F 43 5E 0F AD ED C5 43 - 4B AF D2 0F 69 E8 60 DF  .C^....CK...i.`.
00000EF0:  87 DE FC 83 23 65 32 B6 - AE F7 BC A8 9C 64 3F CC  ....#e2......d?.
00000F00:  F7 5E 44 E5 85 5B 04 8E - 61 82 B2 EB 27 FC F0 94  .^D..[..a...'...
00000F10:  A2 68 10 A4 17 60 19 33 - AA 5F 4E 38 69 8F D6 EE  .h...`.3._N8i...
00000F20:  C2 F1 B0 44 48 8D FF C2 - 6B A7 55 C8 CF 55 4D C7  ...DH...k.U..UM.
00000F30:  A4 E2 56 85 46 7F 39 AC - 66 5C 12 C7 8F 58 81 9E  ..V.F.9.f\...X..
00000F40:  BE 72 E8 52 AE 0A 17 25 - EE 11 30 A8 EA 02 42 2E  .r.R...%..0...B.
00000F50:  76 DC 36 00 82 DA 03 8A - 27 A1 EF 53 E6 9D 4B 4D  v.6.....'..S..KM
00000F60:  40 A0 6D 17 12 0F 1A CA - AB 65 4A 68 8B 65 F8 73  @.m......eJh.e.s
00000F70:  5F 58 7F 33 76 EB AD 75 - 5C B9 66 F9 73 B1 B3 48  _X.3v..u\.f.s..H
00000F80:  F2 EE C9 0E CD 21 9D 41 - DB 22 F6 C8 39 4B 6C AE  .....!.A."..9Kl.
00000F90:  77 A9 A2 D4 11 8C 5B 9F - CC E1 97 16 E9 8C E1 0C  w.....[.........
00000FA0:  48 B0 9D BE 6C 91 DD 74 - 37 0A 1C A0 0C A2 60 CC  H...l..t7.....`.
00000FB0:  18 39 AE 04 83 C4 9F 7C - A6 96 99 1C 21 50 64 16  .9.....|....!Pd.
00000FC0:  54 35 65 AC 19 3F AB 9B - 36 A7 D8 FC D1 12 12 DE  T5e..?..6.......
00000FD0:  A6 08 F2 21 72 7A A2 15 - 71 43 1D 6F F7 11 8C 84  ...!rz..qC.o....
00000FE0:  D8 0C CC 79 BB 0D 0A 65 - 6E 64 73 74 72 65 61 6D  ...y...endstream
00000FF0:  0D 65 6E 64 6F 62 6A 0D - 33 31 20 30 20 6F 62 6A  .endobj.31.0.obj
00001000:  0D 3C 3C 2F 46 69 6C 74 - 65 72 2F 46 6C 61 74 65  .<</Filter/Flate
00001010:  44 65 63 6F 64 65 2F 4C - 65 6E 67 74 68 20 35 36  Decode/Length.56
00001020:  30 3E 3E 73 74 72 65 61 - 6D 0D 0A 53 74 6E A9 E1  0>>stream..Stn..
00001030:  20 D9 1F C3 FC 6E 36 FC - 2F B8 37 50 B5 2F 6D 9A  .....n6./.7P./m.
00001040:  EF 9A 54 5A D6 2D 81 F9 - E1 7A A3 2C 01 5D 73 BE  ..TZ.-...z.,.]s.
00001050:  45 90 1A 21 2D 44 77 DF - 3F 1A 34 71 67 74 7E 80  E..!-Dw.?.4qgt~.
00001060:  79 02 7F DD 23 AD E4 4A - 38 96 4B E7 B4 9E 37 8E  y...#..J8.K...7.
00001070:  68 7A E9 C3 CA 7C E7 25 - 31 C3 75 07 AD 4D 62 DE  hz...|.%1.u..Mb.
00001080:  A6 FC 6E ED 7C BC E9 FD - C8 CE 05 4A A2 14 5F 04  ..n.|......J.._.
00001090:  FA 0E DA 44 40 8D 31 36 - 53 35 84 5F BA 89 1F 96  ...D@.16S5._....
000010A0:  21 0D 4B EE D4 72 4C BD - 90 46 7B BD 59 3D 15 34  !.K..rL..F{.Y=.4
000010B0:  46 54 96 EF 96 5E 48 0A - 66 3E 71 BA E2 95 4E ED  FT...^H.f>q...N.
000010C0:  6E 82 12 7A 43 2D 02 1E - A2 2A 2C 6D 04 31 61 23  n..zC-...*,m.1a#
000010D0:  38 48 71 01 1A 19 DD 71 - B3 C1 35 19 A6 C6 7E 16  8Hq....q..5...~.
000010E0:  D3 43 35 F3 3F D6 93 4A - 6F C7 0F FE 7D 49 4B 52  .C5.?..Jo...}IKR
000010F0:  08 64 83 5A 7B 84 F7 27 - 7D 7D 00 C5 38 85 9E 32  .d.Z{..'}}..8..2
00001100:  A5 62 F5 DB AD 24 F8 1D - 93 25 3B 75 FB C6 0B A6  .b...$...%;u....
00001110:  4B 5A 46 15 F6 A7 D3 DB - 12 A4 91 0A 51 B9 84 11  KZF.........Q...
00001120:  19 E6 41 ED F0 40 99 E4 - 96 B1 1A 59 86 C0 E7 25  ..A..@.....Y...%
00001130:  20 3C 8C 22 E7 22 38 3B - 2D E5 7E 43 65 44 EC 1D  .<."."8;-.~CeD..
00001140:  B0 A4 6E 25 B5 07 74 BE - 4A A3 91 22 B2 90 0F A4  ..n%..t.J.."....
00001150:  89 7A E6 FC C4 F9 FF 9F - 6E E8 8A D0 F4 89 9D DA  .z......n.......
00001160:  3A 20 B7 15 9C CD 87 5A - A7 F2 FA 98 92 81 95 5D  :......Z.......]
00001170:  11 22 B7 5D 13 A5 A7 5B - 03 A8 39 BC 87 05 97 EE  .".]...[..9.....
00001180:  C1 A4 7A 1B 6C C4 52 BA - F5 7D AB 00 58 B4 19 FE  ..z.l.R..}..X...
00001190:  1E 7B 17 C2 DE 87 08 B3 - 7B 2D 78 09 6F C6 3A 7E  .{......{-x.o.:~
000011A0:  9A A7 BA 9B B9 2C 7C 07 - B7 36 7A CE 2F 79 8C 09  .....,|..6z./y..
000011B0:  F9 BF 34 2A DF 7D F2 DE - 93 FC C8 F1 3F 03 23 A4  ..4*.}......?.#.
000011C0:  34 C4 4E 47 40 B9 17 48 - 69 A0 86 0A CF 5C 37 C2  4.NG@..Hi....\7.
000011D0:  A8 2B 6F 14 AF D1 16 ED - 0B 14 7E 5B EB D2 56 C6  .+o.......~[..V.
000011E0:  66 8E 17 DA D2 72 8A F9 - 4C B3 C7 2C EA 73 3F 83  f....r..L..,.s?.
000011F0:  17 4E E9 A8 00 43 DC 52 - C9 53 C0 F6 F2 89 D3 51  .N...C.R.S.....Q
00001200:  56 D8 06 12 E3 C2 67 6B - D5 73 3E F9 BB C4 E0 7F  V.....gk.s>.....
00001210:  4E 1E 27 55 25 9E EB E5 - D4 2E 36 38 19 07 9D 1B  N.'U%.....68....
00001220:  BE A9 C4 62 B4 3F C0 0B - F4 F7 10 5C 53 C9 82 11  ...b.?.....\S...
00001230:  71 FF 74 36 5E 04 02 8E - 8D 3A 4C 9D 58 5A 16 A1  q.t6^....:L.XZ..
00001240:  32 4C 3A FF 97 A4 F3 EF - C9 9F 20 B7 75 B8 62 F1  2L:.........u.b.
00001250:  7F 55 30 43 21 1D 1B 13 - 70 D1 93 0D 0A 65 6E 64  .U0C!...p....end
00001260:  73 74 72 65 61 6D 0D 65 - 6E 64 6F 62 6A 0D 33 32  stream.endobj.32
00001270:  20 30 20 6F 62 6A 0D 3C - 3C 2F 46 69 6C 74 65 72  .0.obj.<</Filter
00001280:  2F 46 6C 61 74 65 44 65 - 63 6F 64 65 2F 4C 65 6E  /FlateDecode/Len
00001290:  67 74 68 20 35 34 34 3E - 3E 73 74 72 65 61 6D 0D  gth.544>>stream.
000012A0:  0A 72 96 D3 AF A0 7E 3D - 57 61 5F 69 8F 0C C3 93  .r....~=Wa_i....
000012B0:  47 EB 88 A1 DB 0F 6E 49 - 31 E2 53 E0 05 B8 C1 DB  G.....nI1.S.....
000012C0:  74 20 4C 3D 2D 95 78 46 - AB CD 4F AC EB 18 31 6F  t.L=-.xF..O...1o
000012D0:  B6 2E 8E BC 2E 9C 26 71 - 19 9F 71 06 A5 B0 62 FC  ......&q..q...b.
000012E0:  D3 E8 0E 82 99 08 F8 AD - DF D4 53 BE 17 93 17 38  ..........S....8
000012F0:  DD 79 94 B6 1A F4 7E 7F - 7A 44 53 DA 1D BB F2 63  .y....~.zDS....c
00001300:  09 B9 40 73 47 AD CD E5 - 79 B5 BD C1 40 A3 46 61  ..@sG...y...@.Fa
00001310:  85 6A D8 44 52 10 E8 7A - 64 05 F9 25 7E 37 D1 30  .j.DR..zd..%~7.0
00001320:  B2 0F DD 78 69 AA 0B DB - CC C4 7D F4 BC 2F 0D 7C  ...xi.....}../.|
00001330:  0E 32 CD DC D9 02 32 2A - B7 8B 56 56 B6 8F CB 1D  .2....2*..VV....
00001340:  FF 65 CF 99 60 8F 43 51 - 12 DF 74 FC 79 91 03 67  .e..`.CQ..t.y..g
00001350:  83 57 E2 8E 81 08 EF DD - BF C6 68 EE FB A8 EC E4  .W........h.....
00001360:  2C 51 0D 41 38 17 AE D6 - 4F D8 40 68 B7 4D CC A8  ,Q.A8...O.@h.M..
00001370:  DA DC F6 AD 51 9E 38 14 - 05 1C B1 F6 B6 58 16 D2  ....Q.8......X..
00001380:  B8 06 D8 A1 13 86 E6 5E - F3 98 79 A7 FD 51 07 DB  .......^..y..Q..
00001390:  2A F5 17 01 5D 4C 8A 17 - 71 59 A4 C4 A9 38 A1 9C  *...]L..qY...8..
000013A0:  33 15 EF CC 3B E6 1F 21 - C1 BF 7B 61 2A 78 9A F9  3...;..!..{a*x..
000013B0:  87 62 91 AB 02 6F 32 5C - 12 D5 94 FB 48 84 3A 3D  .b...o2\....H.:=
000013C0:  93 3E E2 09 49 68 53 31 - 40 42 22 FA C6 E7 7F 0E  .>..IhS1@B".....
000013D0:  37 9D 9C 05 81 15 A8 7C - 54 77 42 0E 9B 9C AA 6B  7......|TwB....k
000013E0:  FB 21 C7 11 84 39 60 E5 - 00 51 26 3D C5 26 A8 73  .!...9`..Q&=.&.s
000013F0:  BF 09 E2 23 E4 C4 7C 94 - 95 8F FE 44 9E 5B F5 9F  ...#..|....D.[..
00001400:  C7 39 8B 62 BD 31 20 31 - CB 1D F5 9E 44 E9 DB A8  .9.b.1.1....D...
00001410:  AB 3E E6 22 9A 43 3D B3 - D1 D8 2B 38 A0 C9 63 B7  .>.".C=...+8..c.
00001420:  62 14 E5 D0 BA A5 CE 00 - EB 4E 96 F3 94 CF 98 24  b........N.....$
00001430:  75 C1 54 AB 6E E2 3B 20 - 97 CA 76 C6 4E F0 AC 74  u.T.n.;...v.N..t
00001440:  CA 4F 73 76 98 2E C0 6D - AE 7F 51 31 A4 55 9C 9D  .Osv...m..Q1.U..
00001450:  00 F7 6C 19 1D 46 9C 02 - 3B 74 84 21 A3 F2 58 25  ..l..F..;t.!..X%
00001460:  1A 4A C2 42 56 99 B4 F7 - 64 14 D1 3F A7 46 64 13  .J.BV...d..?.Fd.
00001470:  CD 32 CE 92 0D 04 12 9E - E2 53 CB 94 92 49 F8 2F  .2.......S...I./
00001480:  57 67 D1 A3 0E 47 D5 C5 - 54 70 01 83 B0 77 91 D8  Wg...G..Tp...w..
00001490:  39 E7 3A C9 0F 8E 97 1B - AC FC B2 92 34 7F D4 85  9.:.........4...
000014A0:  A2 E0 80 2C 40 BE 91 F2 - A7 A5 5C AA 8B 90 CF 8A  ...,@.....\.....
000014B0:  C3 BD DD 01 BA 02 47 9E - 95 B1 B3 2B 80 A8 F5 18  ......G....+....
000014C0:  22 0D 0A 65 6E 64 73 74 - 72 65 61 6D 0D 65 6E 64  "..endstream.end
000014D0:  6F 62 6A 0D 33 33 20 30 - 20 6F 62 6A 0D 3C 3C 2F  obj.33.0.obj.<</
000014E0:  46 69 6C 74 65 72 2F 46 - 6C 61 74 65 44 65 63 6F  Filter/FlateDeco
000014F0:  64 65 2F 4C 65 6E 67 74 - 68 20 34 38 30 3E 3E 73  de/Length.480>>s
00001500:  74 72 65 61 6D 0D 0A 10 - AB 25 E0 61 42 5B 07 18  tream....%.aB[..
00001510:  9C 70 72 24 59 35 AB 9A - 65 07 A4 D2 72 07 85 84  .pr$Y5..e...r...
00001520:  C0 EA 39 CB DF A1 AF 50 - 0C BD 02 DE D5 B8 65 A7  ..9....P......e.
00001530:  3D 9E 47 23 54 24 9F 35 - 77 8D 5A E3 CE 34 47 D5  =.G#T$.5w.Z..4G.
00001540:  F2 C1 C2 AD FB 29 40 C5 - 64 0B 64 7C 89 E3 38 9A  .....)@.d.d|..8.
00001550:  C4 0F C2 EA C0 41 DF 6A - FE 93 D5 84 57 CE 69 EE  .....A.j....W.i.
00001560:  6E 73 AF 29 17 B7 57 5B - BD 7C C2 38 61 1E 6A 6F  ns.)..W[.|.8a.jo
00001570:  22 17 46 94 11 81 74 E7 - F8 E2 DD 35 D5 6F 4E 02  ".F...t....5.oN.
00001580:  72 E0 AB 95 A4 1C 93 94 - 6F CD 58 D5 08 D4 30 24  r.......o.X...0$
00001590:  CC A2 92 3B 47 06 C6 2B - ED CA 75 12 0C B1 58 97  ...;G..+..u...X.
000015A0:  F7 F0 36 A6 28 88 80 4A - 38 DA 8C C6 14 99 59 1E  ..6.(..J8.....Y.
000015B0:  ED 8B 1F BE 4D 42 53 80 - 9D 57 A8 26 13 F3 74 81  ....MBS..W.&..t.
000015C0:  B2 BB 8F DD 2C 1A 69 4A - DA 92 0D 00 18 1E 6D 3C  ....,.iJ......m<
000015D0:  08 54 85 11 07 7A DA 05 - 9F D0 02 8E FE C8 BA 74  .T...z.........t
000015E0:  54 40 3A 1B AF 3C 6E 4A - 99 AF 88 D9 99 23 38 5B  T@:..<nJ.....#8[
000015F0:  77 50 32 B7 55 2F 9A 00 - 39 11 7C 8A A8 51 6B 87  wP2.U/..9.|..Qk.
00001600:  EE 6E 51 35 F2 73 D8 69 - BB 6D FA 29 0C AA F4 01  .nQ5.s.i.m.)....
00001610:  DF 4D 26 86 7A 41 DB 83 - 57 09 C4 68 3B 29 CA B3  .M&.zA..W..h;)..
00001620:  3B D5 5B AE DE 11 01 EB - 1A D1 03 C6 DB 0B 7C 78  ;.[...........|x
00001630:  8A 15 5D CC 64 38 FC ED - 31 F5 FF EE 2D 1B AC 00  ..].d8..1...-...
00001640:  0C 49 A7 11 D2 29 15 2A - 0D 50 E5 81 B5 3F F4 4A  .I...).*.P...?.J
00001650:  C4 F9 4D AF 37 E3 86 4F - 21 DC 0D C0 01 C4 25 84  ..M.7..O!.....%.
00001660:  9A B1 2E 86 34 CA 8C 97 - 4C 9D BB 3B 37 0E 95 62  ....4...L..;7..b
00001670:  57 E5 F4 AA CF 97 1D C7 - D8 1C CC 40 0A AA 1B 24  W..........@...$
00001680:  43 7C 87 0B 12 35 12 9B - D9 AE BC 4B AB 42 A6 6D  C|...5.....K.B.m
00001690:  0E 92 47 9E 3D 3F 54 BF - 28 DC E3 80 21 1B 7C F2  ..G.=?T.(...!.|.
000016A0:  DC 53 71 86 56 CE 79 9E - CF 1A 63 72 75 D5 9A 67  .Sq.V.y...cru..g
000016B0:  B2 22 8D 53 CE 03 A6 4A - 4C 61 8B 48 FC F9 1C 2B  .".S...JLa.H...+
000016C0:  67 5C A5 8C 39 25 58 06 - 5A AE F6 0B 99 50 C2 73  g\..9%X.Z....P.s
000016D0:  F9 E4 B0 FA 51 95 EB CC - 78 EA 7A 1F 2F C9 67 9C  ....Q...x.z./.g.
000016E0:  D3 16 4D 60 C0 6F 7C 0D - 0A 65 6E 64 73 74 72 65  ..M`.o|..endstre
000016F0:  61 6D 0D 65 6E 64 6F 62 - 6A 0D 33 34 20 30 20 6F  am.endobj.34.0.o
00001700:  62 6A 0D 3C 3C 2F 46 69 - 6C 74 65 72 2F 46 6C 61  bj.<</Filter/Fla
00001710:  74 65 44 65 63 6F 64 65 - 2F 4C 65 6E 67 74 68 20  teDecode/Length.
00001720:  34 39 36 3E 3E 73 74 72 - 65 61 6D 0D 0A 26 3E D9  496>>stream..&>.
00001730:  89 F3 D1 63 E9 BF C4 78 - E2 C7 30 14 90 D8 68 6C  ...c...x..0...hl
00001740:  A1 6A 02 F8 23 AD 6F 6A - C6 25 CF AC E5 15 CD 9B  .j..#.oj.%......
00001750:  10 03 2A 23 5F 40 D3 E0 - E9 87 17 62 3C 12 BF B4  ..*#_@.....b<...
00001760:  AA 0C 9C CA B6 D8 6C 82 - 69 0E 39 13 9D 72 F3 83  ......l.i.9..r..
00001770:  23 98 D4 9E 60 1B 7A 57 - B1 4C 9B E9 F8 60 C9 CB  #...`.zW.L...`..
00001780:  D5 05 02 E6 EC A4 BF B0 - ED 01 C4 F5 1D 0F 33 30  ..............30
00001790:  ED 5D A9 9E 53 BB 67 63 - 7A 06 6C 66 7B 55 24 A3  .]..S.gcz.lf{U$.
000017A0:  1E 8D C0 51 C0 36 50 01 - D2 16 45 74 5C F3 C6 5B  ...Q.6P...Et\..[
000017B0:  8A 07 6D 30 BA 54 A9 4B - 05 32 F8 E9 5C 3C 7C C0  ..m0.T.K.2..\<|.
000017C0:  3D 11 A4 9D BA B7 B2 EA - 44 70 CB 5E 19 05 2B 85  =.......Dp.^..+.
000017D0:  81 D6 BF 62 0E 82 65 1A - F0 53 E3 2B 7C F0 17 7B  ...b..e..S.+|..{
000017E0:  3D 3B 51 96 14 23 09 73 - 3A D2 5D 01 4E 1F 4D 32  =;Q..#.s:.].N.M2
000017F0:  61 5E C0 00 07 22 2F 85 - 85 89 8E F4 45 92 21 6E  a^..."/.....E.!n
00001800:  E3 F8 AC F4 78 42 4C D8 - CC B5 CB A2 B6 9B 95 2B  ....xBL........+
00001810:  21 7F 30 66 DA DF 8A 70 - 4D E5 27 81 ED 9B 80 83  !.0f...pM.'.....
00001820:  08 C1 79 50 C3 F8 77 4C - 92 3B 2A 04 7B 41 47 25  ..yP..wL.;*.{AG%
00001830:  E1 B1 97 7C 6D 1F 2A D0 - 59 B6 00 BB EC 2A A0 03  ...|m.*.Y....*..
00001840:  35 A9 82 05 FA 24 E8 94 - 77 A5 5F 0D B3 F4 11 E0  5....$..w._.....
00001850:  A2 B4 87 9B 49 43 76 23 - 64 FA C0 36 52 E8 11 35  ....ICv#d..6R..5
00001860:  3A F0 4F 57 18 D9 AC 25 - 42 0A FE 21 DC 10 CF A0  :.OW...%B..!....
00001870:  CF D4 08 1E 48 43 77 A4 - D7 8B 1F 68 04 C4 0C EF  ....HCw....h....
00001880:  CA 57 12 99 98 D9 E7 2A - 49 2C 1F 58 C0 E0 B1 A5  .W.....*I,.X....
00001890:  FF E7 D7 BA A7 65 A3 95 - 0F 06 0B CA 12 EA 3A 3C  .....e........:<
000018A0:  47 C1 51 5D 93 88 48 EE - E5 A2 AA 8B EB 98 78 D8  G.Q]..H.......x.
000018B0:  AF B9 37 4F 5E DC 70 C7 - 10 BB B0 CB 90 25 CA E5  ..7O^.p......%..
000018C0:  40 54 F9 B5 2F 41 13 A0 - FC 38 D4 04 70 CE 8A 3E  @T../A...8..p..>
000018D0:  CA 55 8F D9 84 A9 AA B6 - DC 2C 36 59 32 90 E2 8C  .U.......,6Y2...
000018E0:  1B 79 5B C2 13 82 2D 33 - 9B A3 CB 9D 9C BD 8A F7  .y[...-3........
000018F0:  6A 8A 4C C2 BF 0F 7A E0 - E4 86 4A D2 D6 7D 0A 08  j.L...z...J..}..
00001900:  6F 2B 34 35 E4 8B 43 4C - 8C CE A9 B5 AF 0B CF D9  o+45..CL........
00001910:  3B F0 AE D1 C5 A6 2B B8 - 5B B4 AA E8 F8 0D 0A 65  ;.....+.[......e
00001920:  6E 64 73 74 72 65 61 6D - 0D 65 6E 64 6F 62 6A 0D  ndstream.endobj.
00001930:  33 35 20 30 20 6F 62 6A - 0D 3C 3C 2F 46 69 6C 74  35.0.obj.<</Filt
00001940:  65 72 2F 46 6C 61 74 65 - 44 65 63 6F 64 65 2F 4C  er/FlateDecode/L
00001950:  65 6E 67 74 68 20 35 34 - 34 3E 3E 73 74 72 65 61  ength.544>>strea
00001960:  6D 0D 0A FE 6E 4A A8 C8 - CA A1 0F 9F 58 E6 74 70  m...nJ......X.tp
00001970:  FA 78 A6 D1 BE B0 7A 31 - C7 71 96 42 FD 9D C7 DB  .x....z1.q.B....
00001980:  24 F5 DD 0E 18 D0 41 9E - 1C 88 46 55 5A E4 3B D4  $.....A...FUZ.;.
00001990:  F0 4F A9 5B BB 9B 61 71 - 03 29 1E C0 02 18 C3 56  .O.[..aq.).....V
000019A0:  58 BE 04 EC EE 08 58 9C - AC 81 2D CE 19 92 39 7D  X.....X...-...9}
000019B0:  EC 31 47 AE ED 39 9D 05 - BE 42 41 23 0B FD E9 B8  .1G..9...BA#....
000019C0:  33 E3 FA 4E E2 26 E1 BF - 72 ED 49 D8 AD E8 BA E6  3..N.&..r.I.....
000019D0:  CC BA 3F 6F 28 70 F2 65 - 04 65 E4 1D 7F 69 8C 66  ..?o(p.e.e...i.f
000019E0:  22 F5 71 51 34 15 28 C5 - 47 4D C5 9A 7F A8 E8 00  ".qQ4.(.GM......
000019F0:  26 48 89 FC B2 EF 73 38 - 1E B7 BB 1F 8B 7C A5 7D  &H....s8.....|.}
00001A00:  C5 B5 18 EA CD 56 DC 7B - 7A 4D 07 8B 76 C3 24 57  .....V.{zM..v.$W
00001A10:  1F E8 27 98 CE 9F D4 4C - D9 88 BE 53 BE BD 54 71  ..'....L...S..Tq
00001A20:  C0 79 79 18 73 2F 8B 90 - 8A FA A9 8F DE C2 2B 5B  .yy.s/........+[
00001A30:  BD 9D A9 33 FB 65 2A 83 - 72 82 FA 65 5C 74 D5 84  ...3.e*.r..e\t..
00001A40:  CD 0D 68 4E 0B 77 32 4C - 2D 63 5E 25 AE 60 46 A8  ..hN.w2L-c^%.`F.
00001A50:  43 01 4F 0D F6 20 31 1F - 5A 98 AC 51 D0 CD 88 C9  C.O...1.Z..Q....
00001A60:  2C B6 36 DE 89 F0 39 91 - 6E 5E 47 80 26 4C AC D8  ,.6...9.n^G.&L..
00001A70:  F3 22 C9 FA D6 BF 60 7C - 60 86 63 20 39 9F B9 A1  ."....`|`.c.9...
00001A80:  40 DB B9 04 48 3B 90 66 - A1 5C 6D AC 85 C0 3A A9  @...H;.f.\m...:.
00001A90:  69 75 85 99 64 33 4D 68 - BD 78 5F E9 7C 0B C4 FC  iu..d3Mh.x_.|...
00001AA0:  26 73 FE FB 1B 72 0D 52 - 5C F1 7C B9 F2 81 BB 30  &s...r.R\.|....0
00001AB0:  9A 63 73 0A 94 A3 D5 FF - 59 D3 91 15 49 30 CD D0  .cs.....Y...I0..
00001AC0:  6D B8 9C E1 11 E6 CE 0A - 33 63 D0 85 2C 6D 60 42  m.......3c..,m`B
00001AD0:  BD D0 B7 71 B8 A0 4C 62 - 41 14 59 7C E3 DA 99 DC  ...q..LbA.Y|....
00001AE0:  A4 D6 89 11 08 6E 6F 9C - 6C A2 91 64 53 9F 9E 54  .....no.l..dS..T
00001AF0:  2B 86 65 71 B3 C3 D3 09 - 90 14 5B BB 6F A4 E1 4B  +.eq......[.o..K
00001B00:  4C 68 1C 9B 7A C4 07 49 - EA 92 8E 6E 65 44 1D 43  Lh..z..I...neD.C
00001B10:  A7 A3 08 E1 27 19 D5 67 - D5 94 C0 24 07 F8 6A 09  ....'..g...$..j.
00001B20:  75 49 DD 05 24 03 78 3D - 30 B2 10 0C 55 F2 EE 7D  uI..$.x=0...U..}
00001B30:  29 8E C0 6F CF 7C 82 90 - 4A 77 D9 25 15 43 C9 8C  )..o.|..Jw.%.C..
00001B40:  5A 8C 8B A9 4C BC EE 9C - BB 14 59 3E D2 3D EA 56  Z...L.....Y>.=.V
00001B50:  BF 75 54 03 78 8D 09 57 - 27 EB A4 D3 D1 43 93 1E  .uT.x..W'....C..
00001B60:  F5 77 60 C1 64 A8 13 F8 - 17 EC 1C 5A 34 A0 96 33  .w`.d......Z4..3
00001B70:  06 3B E3 60 73 33 36 FC - 48 68 86 C1 D6 78 CC 6F  .;.`s36.Hh...x.o
00001B80:  43 79 3B 0D 0A 65 6E 64 - 73 74 72 65 61 6D 0D 65  Cy;..endstream.e
00001B90:  6E 64 6F 62 6A 0D 33 36 - 20 30 20 6F 62 6A 0D 3C  ndobj.36.0.obj.<
00001BA0:  3C 2F 46 69 6C 74 65 72 - 2F 46 6C 61 74 65 44 65  </Filter/FlateDe
00001BB0:  63 6F 64 65 2F 4C 65 6E - 67 74 68 20 34 38 30 3E  code/Length.480>
00001BC0:  3E 73 74 72 65 61 6D 0D - 0A 37 DD BF CD 41 D5 6F  >stream..7...A.o
00001BD0:  95 37 68 E4 0D 5E EB EE - 90 26 42 4C A7 9D B7 F3  .7h..^...&BL....
00001BE0:  CD AE B8 B0 21 93 80 88 - 6A F4 22 16 1E D6 FA F0  ....!...j.".....
00001BF0:  BE 1F 5E 39 25 26 A8 F8 - 08 3F 37 30 F2 D9 E4 31  ..^9%&...?70...1
00001C00:  A7 41 2A 20 DD A7 B7 EE - EA 9F C9 0E 94 F0 E1 A3  .A*.............
00001C10:  E7 B5 67 29 F4 70 77 9F - 53 DE 3C A5 EC F2 CB 45  ..g).pw.S.<....E
00001C20:  C0 2E DB 5C E8 22 57 B3 - B6 E6 FD CE A4 7F C1 5F  ...\."W........_
00001C30:  B4 FD 0E FC 4E F2 E4 D8 - FA 0C 62 A2 88 E0 56 E4  ....N.....b...V.
00001C40:  D4 83 88 01 3F 76 BF 49 - 66 2D 53 31 7A CF 6B 08  ....?v.If-S1z.k.
00001C50:  5D 5A 58 CE AE 1E 35 1C - DC 38 B8 D4 B4 9A AF 38  ]ZX...5..8.....8
00001C60:  43 ED AD 09 EC 72 6A 66 - 9A B0 38 C7 E6 C6 23 74  C....rjf..8...#t
00001C70:  DA C6 9C BA AB ED 09 E8 - 10 9F E3 30 25 1E 8E 98  ...........0%...
00001C80:  8F E9 4B 9B 27 D0 1D 79 - 17 5C E0 70 68 53 CA C7  ..K.'..y.\.phS..
00001C90:  C3 5D 9E F7 A1 66 F6 D8 - D3 50 6A 65 30 C1 90 15  .]...f...Pje0...
00001CA0:  0E 8B 63 C9 0C DA E6 84 - ED 79 E8 40 BE 5E A8 15  ..c......y.@.^..
00001CB0:  C8 99 B0 FE A5 2B F4 26 - 70 9C 06 8A D8 3A E0 A0  .....+.&p....:..
00001CC0:  64 08 60 69 42 DE C7 6C - 26 FA 37 D6 AF 52 BF 65  d.`iB..l&.7..R.e
00001CD0:  51 C1 76 C1 40 0E 22 F7 - 3C 40 85 50 A8 67 D4 9E  Q.v.@.".<@.P.g..
00001CE0:  1B 83 04 AB 65 25 5B 0C - 8A AD A2 EC AD 36 2C BC  ....e%[......6,.
00001CF0:  8A 27 2F 06 59 49 A2 86 - B0 D3 11 59 C7 8E BE 5D  .'/.YI.....Y...]
00001D00:  96 A4 A9 EA B4 F6 61 46 - C1 55 2B 8D 49 40 CB C2  ......aF.U+.I@..
00001D10:  A5 BD B3 1A D1 FC 41 8A - B6 62 65 18 95 5E C0 D1  ......A..be..^..
00001D20:  A0 0E 14 F5 6D CC 0C D0 - E5 07 45 09 ED FA FC C1  ....m.....E.....
00001D30:  60 8D 93 A6 99 F5 39 49 - D3 60 EA B0 1E 34 9C D6  `.....9I.`...4..
00001D40:  1E 41 50 A1 11 A2 4A 02 - 48 74 21 E5 9F E7 0A D6  .AP...J.Ht!.....
00001D50:  4F 6E 7D 34 EE 84 DA 44 - E8 22 2E 01 DB D3 73 7E  On}4...D."....s~
00001D60:  3A 6D ED F7 29 D1 20 D5 - DF 4E 7E 72 6E 53 24 54  :m..)....N~rnS$T
00001D70:  BC AB B5 4A CE 1F 92 A7 - A5 03 AF F9 32 7E 52 D0  ...J........2~R.
00001D80:  37 30 74 FA 67 4C B6 08 - C0 8E BE 3A F2 2A 88 10  70t.gL.....:.*..
00001D90:  47 FF C2 02 97 8C 5E 55 - 37 E9 2A F0 9D 59 79 AC  G.....^U7.*..Yy.
00001DA0:  CB 5D 83 2A C0 BB E6 5E - E8 0D 0A 65 6E 64 73 74  .].*...^...endst
00001DB0:  72 65 61 6D 0D 65 6E 64 - 6F 62 6A 0D 33 37 20 30  ream.endobj.37.0
00001DC0:  20 6F 62 6A 0D 3C 3C 2F - 46 69 6C 74 65 72 2F 46  .obj.<</Filter/F
00001DD0:  6C 61 74 65 44 65 63 6F - 64 65 2F 4C 65 6E 67 74  lateDecode/Lengt
00001DE0:  68 20 35 31 32 3E 3E 73 - 74 72 65 61 6D 0D 0A C8  h.512>>stream...
00001DF0:  AC FB F9 9F 5F AE DD 49 - 12 4A 3E 93 D1 F8 88 25  ...._..I.J>....%
00001E00:  63 CF 08 25 74 82 CD FF - 45 0A 44 85 D5 57 3C 2B  c..%t...E.D..W<+
00001E10:  2D FD D7 53 AF C1 91 4F - EE 5E 02 15 47 D2 80 12  -..S...O.^..G...
00001E20:  6A 06 3E 4B 0C 14 CE E3 - 45 1F 16 6A C6 4B 99 B3  j.>K....E..j.K..
00001E30:  42 79 E7 35 3E D5 DD 6D - F2 ED D2 06 3C 13 6A A4  By.5>..m....<.j.
00001E40:  36 EE 6A B1 64 A1 65 96 - 9D 1E 1A ED F5 D3 49 B5  6.j.d.e.......I.
00001E50:  13 DE 8D A2 C8 A8 6B ED - 0A 2E 27 50 2F A3 5A 55  ......k...'P/.ZU
00001E60:  FB 7C DE 24 F5 05 25 2D - DC D9 24 6B F9 25 9A 07  .|.$..%-..$k.%..
00001E70:  9C 21 04 9C 14 08 A6 70 - D0 F8 C7 C4 F6 83 2C 72  .!.....p......,r
00001E80:  9D 13 CD 03 0C DD EC DC - C3 62 94 4B 77 21 CF D9  .........b.Kw!..
00001E90:  A6 01 05 35 37 74 1D A6 - 2C 90 18 76 1A 8F 9D DF  ...57t..,..v....
00001EA0:  A0 6D 80 3A 96 EE 45 8A - 3C B5 72 FB BA F2 65 52  .m.:..E.<.r...eR
00001EB0:  BF C0 9F 68 FD C0 9B 89 - EC 03 E0 60 35 2C 5E 75  ...h.......`5,^u
00001EC0:  3B 8C B7 D9 F9 9B 36 5B - A0 C3 BF 76 10 DA 83 FA  ;.....6[...v....
00001ED0:  70 13 1F 2D 55 F5 66 AB - 45 56 CB 7C 01 77 9F 75  p..-U.f.EV.|.w.u
00001EE0:  EE CE 8A 97 9C 3B 07 45 - B5 CF 53 1C FB D0 24 E7  .....;.E..S...$.
00001EF0:  31 03 30 27 1B E8 CD DD - 36 FD 67 06 52 AB 84 56  1.0'....6.g.R..V
00001F00:  4D FF E4 EA 9F 76 0A F7 - C4 6D 0B 11 B4 98 4E C5  M....v...m....N.
00001F10:  34 36 B7 1F 55 E1 84 25 - EF 6E B5 84 65 CC 24 7F  46..U..%.n..e.$.
00001F20:  72 C3 CD 46 44 28 02 98 - 56 50 5C ED E8 43 22 80  r..FD(..VP\..C".
00001F30:  BC F6 DA 63 97 6F 1B 47 - 88 1F 3B FD 38 F7 B0 70  ...c.o.G..;.8..p
00001F40:  3D 53 18 D9 96 89 1C C2 - 51 15 82 0D 6F 8E D9 5E  =S......Q...o..^
00001F50:  17 FC 2D C1 29 46 4B D5 - A2 57 38 9C 67 0A 0A B2  ..-.)FK..W8.g...
00001F60:  CB 38 BA 33 82 09 FC DB - 49 44 88 44 27 3F BC 19  .8.3....ID.D'?..
00001F70:  63 50 80 5F 8D 06 B0 EA - C3 21 4B C2 A2 BE 7C 19  cP._.....!K...|.
00001F80:  C2 EB 21 14 CD D7 AB AC - 2D 54 A2 9D DE 7B 62 FD  ..!.....-T...{b.
00001F90:  38 6C 99 7E 52 F4 15 59 - C9 28 1A 1F 56 E0 39 47  8l.~R..Y.(..V.9G
00001FA0:  8D 46 8A 5C 35 84 45 B9 - 01 40 D5 C5 18 1C 03 97  .F.\5.E..@......
00001FB0:  56 CD 3D F6 C6 86 8C 9A - 47 FE 4C CC 2B A2 A2 B8  V.=.....G.L.+...
00001FC0:  88 44 08 4D 31 F1 1A F5 - 42 10 38 45 A6 4A 7C 74  .D.M1...B.8E.J|t
00001FD0:  57 CF DC 49 A1 5D A0 20 - 52 75 76 6F 56 76 FC 96  W..I.]..RuvoVv..
00001FE0:  57 2A 5D 01 16 7E 65 3D - 81 6D FB 48 69 DA 53 0D  W*]..~e=.m.Hi.S.
00001FF0:  0A 65 6E 64 73 74 72 65 - 61 6D 0D 65 6E 64 6F 62  .endstream.endob
00002000:  6A 0D 33 38 20 30 20 6F - 62 6A 0D 3C 3C 2F 46 69  j.38.0.obj.<</Fi
00002010:  6C 74 65 72 2F 46 6C 61 - 74 65 44 65 63 6F 64 65  lter/FlateDecode
00002020:  2F 4C 65 6E 67 74 68 20 - 34 34 38 3E 3E 73 74 72  /Length.448>>str
00002030:  65 61 6D 0D 0A 9E 53 61 - 34 4F A6 6B D8 D4 87 6C  eam...Sa4O.k...l
00002040:  E3 02 BC E4 FA 10 09 B4 - 9A 28 0B 5D E8 75 B6 49  .........(.].u.I
00002050:  98 76 6D 85 96 E0 F5 DE - 6E D1 6D AC F8 38 83 23  .vm.....n.m..8.#
00002060:  F5 C0 87 20 10 0C 20 9C - 7E 9F C6 8E 4F C1 8A 59  ........~...O..Y
00002070:  E0 B5 CE 07 A0 91 B7 8A - 8E B5 6B 86 29 9D 22 CA  ..........k.).".
00002080:  D0 EC 81 1B AA 00 40 05 - 57 9A B9 89 69 01 64 BD  ......@.W...i.d.
00002090:  BA 4E 96 76 41 1D 0C 32 - 16 96 0B 27 D2 6F 4D 51  .N.vA..2...'.oMQ
000020A0:  22 2B 16 D2 F7 B5 A0 F0 - 49 14 41 94 13 36 D3 1D  "+......I.A..6..
000020B0:  25 89 F4 9D 69 B2 66 6F - BE 9E 01 21 B5 CE 70 5F  %...i.fo...!..p_
000020C0:  B4 6D C9 74 57 EF 37 8A - 3D E0 15 96 F4 E5 E8 D4  .m.tW.7.=.......
000020D0:  7C 71 C6 3F EF 58 A0 73 - 4A 30 21 84 64 D0 27 05  |q.?.X.sJ0!.d.'.
000020E0:  99 A0 33 93 6C 63 56 32 - ED 89 C0 AB A0 B1 EB E1  ..3.lcV2........
000020F0:  2E 68 95 4C D5 5D D4 62 - 35 76 C1 A5 81 55 38 88  .h.L.].b5v...U8.
00002100:  12 9D 25 F3 2F 53 0E 12 - 00 63 68 30 43 88 6D 2D  ..%./S...ch0C.m-
00002110:  65 C1 BF CC 0E 17 08 BD - 52 04 B0 27 E5 9A A7 40  e.......R..'...@
00002120:  A9 8B CE 18 95 2C 94 B5 - 60 31 CF 08 D0 33 5C 80  .....,..`1...3\.
00002130:  E1 7D 99 64 86 06 4E D6 - FB D3 87 B6 3B 98 C1 25  .}.d..N.....;..%
00002140:  44 C7 C1 B1 6A 2C E3 4A - 22 A8 AB 1D B6 85 3F 0C  D...j,.J".....?.
00002150:  5D 24 B8 1D 41 99 6B FA - C0 92 BE EC 31 74 4B 6B  ]$..A.k.....1tKk
00002160:  90 15 D1 B1 AF 74 FB 10 - BD 03 E2 89 00 5A 82 36  .....t.......Z.6
00002170:  AD 55 9C 85 4A 09 88 86 - 1A 9D 52 AF 6E 62 B9 01  .U..J.....R.nb..
00002180:  BE B1 45 49 B3 B7 21 53 - CA 1F C3 43 C2 8F 54 26  ..EI..!S...C..T&
00002190:  C7 9F 41 23 C7 2B C7 C0 - 97 BF 23 FC 89 78 C8 A0  ..A#.+....#..x..
000021A0:  19 53 7B 49 37 B1 70 47 - 69 9D DD F3 12 06 70 48  .S{I7.pGi.....pH
000021B0:  AA DF 6D C5 A9 4A A5 C6 - A0 C1 7D 7B 8D 01 EB 8C  ..m..J....}{....
000021C0:  F0 7E 17 A0 31 BC 59 35 - 2D F0 83 F2 59 6D 72 AE  .~..1.Y5-...Ymr.
000021D0:  85 78 3C D2 61 8D 2D 3F - AF CC 8D 63 C1 78 BC C6  .x<.a.-?...c.x..
000021E0:  E5 EF AE 2E A2 D6 46 04 - 27 F0 CD 64 85 58 62 FC  ......F.'..d.Xb.
000021F0:  7C F1 E1 A4 E2 0D 0A 65 - 6E 64 73 74 72 65 61 6D  |......endstream
00002200:  0D 65 6E 64 6F 62 6A 0D - 33 39 20 30 20 6F 62 6A  .endobj.39.0.obj
00002210:  0D 3C 3C 2F 46 69 6C 74 - 65 72 2F 46 6C 61 74 65  .<</Filter/Flate
00002220:  44 65 63 6F 64 65 2F 4C - 65 6E 67 74 68 20 34 36  Decode/Length.46
00002230:  34 3E 3E 73 74 72 65 61 - 6D 0D 0A A3 1D AC A5 A6  4>>stream.......
00002240:  7F AC A2 79 E2 20 65 FA - 01 1B D5 0E A1 5B 46 D5  ...y..e......[F.
00002250:  FE 11 59 94 1C FE EF 77 - 8C B5 CB B3 25 65 AB 82  ..Y....w....%e..
00002260:  DD 1C CA 3E 7B C2 61 FB - 8E 27 E4 93 22 AC D3 8C  ...>{.a..'.."...
00002270:  59 9E 8E AE 48 E4 49 1C - 35 E7 09 E1 4D B7 5F 27  Y...H.I.5...M._'
00002280:  26 F8 67 93 AA 78 D0 1A - AE 7F 8A AB A7 26 66 58  &.g..x.......&fX
00002290:  0A 50 7D EB DC 3F 4B 51 - 5F C3 D6 55 1D F3 9B 21  .P}..?KQ_..U...!
000022A0:  BE 2F 35 24 11 57 8A 32 - 53 85 87 5F 99 DD 8F E0  ./5$.W.2S.._....
000022B0:  CC A7 E7 E2 31 C0 7F 0F - 93 47 EE 3A B6 07 8A B3  ....1....G.:....
000022C0:  F7 DF 5D 69 5E 7F 45 AB - 8C BD ED 9A A1 5E A9 96  ..]i^.E......^..
000022D0:  32 34 15 1F DF 78 A7 9F - A4 A9 DF F5 03 3D 88 5E  24...x.......=.^
000022E0:  15 08 CE 4E 43 E7 6B EB - 78 0A C2 D4 06 E4 C3 A7  ...NC.k.x.......
000022F0:  55 31 2F B7 CE C7 8A 4C - E0 1F A7 22 6A 66 75 B6  U1/....L..."jfu.
00002300:  C6 41 A0 77 47 94 AC 7C - F7 D8 6C C6 C8 43 8C 2B  .A.wG..|..l..C.+
00002310:  AF E6 AA C3 3F DC D8 C0 - 26 F7 82 92 DD 98 7B 3D  ....?...&.....{=
00002320:  1C C6 8B 6C 8D C1 20 E9 - A3 F0 A7 AA 6D 17 6F 1F  ...l........m.o.
00002330:  25 09 2F FC 65 AF 85 48 - ED D9 4F A4 9C B9 8B 70  %./.e..H..O....p
00002340:  DA 86 18 C8 3B D2 56 BD - F5 4B 93 C3 6C 64 C6 DF  ....;.V..K..ld..
00002350:  6A 65 B3 74 EE 17 A3 2D - 00 AB EC 87 99 9E 0F A3  je.t...-........
00002360:  E9 98 72 88 9F 4C 18 99 - 6B 6A 17 AB F0 F8 75 EF  ..r..L..kj....u.
00002370:  D3 31 3E AB CC CC 53 FB - 4F D9 30 69 55 F6 40 ED  .1>...S.O.0iU.@.
00002380:  FE 7F 9D 7F A2 5B AA 38 - BE FD 50 AE 7A 32 B8 3E  .....[.8..P.z2.>
00002390:  BE BE F0 66 47 54 AA 6F - 73 5F C5 58 AE FB F9 01  ...fGT.os_.X....
000023A0:  63 A6 31 9B 1A 89 7A 65 - 13 2B EC 3C 7B 30 1F 94  c.1...ze.+.<{0..
000023B0:  0B 9D 79 E0 D1 C5 8D EB - B1 E7 30 F0 94 09 56 39  ..y.......0...V9
000023C0:  86 98 AF 5C 77 ED 20 F0 - CE 64 33 70 7F A6 78 63  ...\w....d3p..xc
000023D0:  F3 46 54 C2 37 B7 3D 69 - E8 9F C0 4A 71 AE 86 D6  .FT.7.=i...Jq...
000023E0:  13 69 3D FA AE 46 10 77 - AA 0A 3F 65 BC C2 A8 34  .i=..F.w..?e...4
000023F0:  39 96 E7 D9 AE 36 85 47 - 72 02 E7 E9 5B 3B 05 2C  9....6.Gr...[;.,
00002400:  91 F4 10 57 93 A3 95 A1 - 52 E6 E7 0D 0A 65 6E 64  ...W....R....end
00002410:  73 74 72 65 61 6D 0D 65 - 6E 64 6F 62 6A 0D 34 30  stream.endobj.40
00002420:  20 30 20 6F 62 6A 0D 3C - 3C 2F 46 69 6C 74 65 72  .0.obj.<</Filter
00002430:  2F 46 6C 61 74 65 44 65 - 63 6F 64 65 2F 4C 65 6E  /FlateDecode/Len
00002440:  67 74 68 20 38 33 31 33 - 36 2F 4C 65 6E 67 74 68  gth.83136/Length
00002450:  31 20 33 32 30 30 37 36 - 3E 3E 73 74 72 65 61 6D  1.320076>>stream
00002460:  0D 0A 8B 86 01 CB 53 AF - 56 40 41 8C 59 DF 77 F5  ......S.V@A.Y.w.
00002470:  9B A2 CE 2C 48 20 40 35 - 75 0D 22 2C C3 17 4E B0  ...,H.@5u.",..N.
00002480:  BE 27 2E 72 02 40 EA 80 - A6 07 E4 91 5B E4 A5 A9  .'.r.@......[...
00002490:  28 0F 73 5C 79 A9 1B 6F - 57 72 00 27 93 0D E7 E4  (.s\y..oWr.'....
000024A0:  1A 04 93 16 EE 4C 78 D3 - D8 42 7E 31 D5 97 F1 39  .....Lx..B~1...9
000024B0:  CE 10 25 87 74 E2 85 59 - F6 8D FE 30 4E 87 EE 51  ..%.t..Y...0N..Q
000024C0:  1B 64 48 43 0E BC 08 B4 - F1 65 07 14 B4 94 3C 22  .dHC.....e....<"
000024D0:  48 AA 67 DF 42 06 DD 1A - B8 E9 11 95 66 F3 C0 FA  H.g.B.......f...
000024E0:  B5 CE 0B 53 8C DC E9 80 - CF 46 C1 B2 B3 32 9B C5  ...S.....F...2..
000024F0:  95 BA 35 8C 5E 6D DF E2 - 2B 19 00 6E FD 04 30 C8  ..5.^m..+..n..0.
00002500:  AA 67 E4 69 17 D5 87 38 - 3E 64 5D 70 8F 54 E0 32  .g.i...8>d]p.T.2
00002510:  A5 0A 3D F4 B6 5B 7A 5B - 0F 78 D0 A8 53 15 12 32  ..=..[z[.x..S..2
00002520:  74 35 12 FD 39 2C E1 E9 - 9F E6 76 B4 CF 68 3F 45  t5..9,....v..h?E
00002530:  7B 21 68 4A E2 71 3A AC - 86 EE 9D 51 DB 1E 66 73  {!hJ.q:....Q..fs
00002540:  04 D8 C5 E7 11 C5 53 E2 - D3 B0 58 0D 4C F9 FF EA  ......S...X.L...
00002550:  0D B0 AF 10 36 A3 8D 67 - 18 D5 EB D8 6F A9 BE 58  ....6..g....o..X
00002560:  60 00 66 75 FB 3D 3B 1F - 0D D5 7F D7 3E E1 BF 1D  `.fu.=;.....>...
00002570:  F3 F5 BA 85 C1 7C 18 F1 - 30 D2 AC 2C 66 BE 0E 53  .....|..0..,f..S
00002580:  AC 4B 2C 08 D1 C7 23 DE - 76 4F D4 56 72 61 08 47  .K,...#.vO.Vra.G
00002590:  79 BA 5F 48 0B 9E 75 70 - 20 FD 0E E0 09 36 C3 5F  y._H..up.....6._
000025A0:  96 2A 3F 5D 69 22 DD A5 - 5B 8E B0 1C 08 4B 0A 3E  .*?]i"..[....K.>
000025B0:  7F 94 B7 2D 9B 17 CC BB - B1 FB 28 1A 09 B0 32 52  ...-......(...2R
000025C0:  B0 1D 19 2C 49 B1 F1 2C - 2E 8E E2 64 94 75 0E 18  ...,I..,...d.u..
000025D0:  EF 5D 6F C5 AE 81 BA DB - D3 D3 4D 03 6C 6D 47 E2  .]o.......M.lmG.
000025E0:  71 1E BD 56 37 35 51 FD - 6A 07 88 E7 CC CC 78 68  q..V75Q.j.....xh
000025F0:  06 57 F4 C2 DA BB 04 9A - EF 79 A0 C5 AB 1A 78 53  .W.......y....xS
00002600:  31 E6 B5 E7 34 11 73 D3 - F1 BF E6 BA 17 B4 4B 71  1...4.s.......Kq
00002610:  BA 50 F3 E2 5E 4E A7 21 - 31 8B 75 58 28 C6 EC 4F  .P..^N.!1.uX(..O
00002620:  56 D9 1F FD 80 21 2A B2 - 6F 28 D7 A2 32 43 3D ED  V....!*.o(..2C=.
00002630:  F0 7E 74 46 9F 1A 3B 0E - C4 E9 96 23 CA 03 25 7B  .~tF..;....#..%{
00002640:  D5 81 46 5B C7 5D 4E 9D - 07 12 D4 CD E0 F5 9C F0  ..F[.]N.........
00002650:  8B AB 2F D8 74 85 ED 5F - 0C AE 1E 0E 28 AA 5D AC  ../.t.._....(.].
00002660:  14 20 7E 31 F0 5F 6D 89 - B9 83 30 5E D9 6B 24 0B  ..~1._m...0^.k$.
00002670:  5F 1B 98 13 AF 1C 11 EC - E9 EE 6D D6 D5 7B A1 3F  _.........m..{.?
00002680:  8F 63 7D 32 C0 F8 18 9E - 49 89 E4 86 38 52 3E E1  .c}2....I...8R>.
00002690:  89 BD AD 32 9C F4 AA 5A - A7 CC 8F 67 A1 82 41 94  ...2...Z...g..A.
000026A0:  F2 45 1A 65 DB 3F 3A 5C - D9 7F AE 39 B4 31 0D 3B  .E.e.?:\...9.1.;
000026B0:  F7 52 20 55 66 BC 15 42 - BE C8 44 89 6B DD C4 2E  .R.Uf..B..D.k...
000026C0:  43 D9 24 EF 51 DB A6 1E - 18 4D A3 10 00 83 F5 B3  C.$.Q....M......
000026D0:  CF B3 A1 95 03 0D F6 18 - A1 92 61 4D 09 BC D9 B0  ..........aM....
000026E0:  5E 5F 6D 5E F6 4C C2 30 - 2E 6C A5 29 B5 86 AC 37  ^_m^.L.0.l.)...7
000026F0:  CA 9A 26 D4 8F 81 78 82 - FE 12 1D B8 BC 2E DD 84  ..&...x.........
00002700:  95 36 60 3C 54 0F BB C1 - 85 DF 09 E7 88 2E 45 8F  .6`<T.........E.
00002710:  77 84 E5 95 19 7E 03 1B - 72 F8 86 32 4C E7 36 B6  w....~..r..2L.6.
00002720:  23 A9 F0 0B 8D D8 EE 98 - 88 F9 FE CC 81 C3 A9 A2  #...............
00002730:  E1 88 89 CE 9F 91 EC EB - FE 2E C7 50 EA 04 A9 21  ...........P...!
00002740:  7F 4B E8 1C 22 5B 3E 50 - 25 A9 1B FB 82 D0 35 1B  .K.."[>P%.....5.
00002750:  0F 81 BF 12 53 25 44 FA - C1 56 91 15 55 6C 0C B5  ....S%D..V..Ul..
00002760:  36 EE 43 72 85 3F 85 68 - 65 86 26 B6 7E 8F 44 8D  6.Cr.?.he.&.~.D.
00002770:  62 D1 E8 BE 8E 25 C6 4A - 90 F6 60 D8 FA 50 11 42  b....%.J..`..P.B
00002780:  24 7C F6 84 59 61 26 27 - 35 08 8B BF 94 F0 3F 96  $|..Ya&'5.....?.
00002790:  BB CE A4 4B CB C6 88 BB - 06 5F AD A0 0F C8 74 1E  ...K....._....t.
000027A0:  0B 10 A6 1A E0 49 CA 4B - F4 9F 4F E6 25 02 68 1B  .....I.K..O.%.h.
000027B0:  00 41 01 EB 30 A9 66 06 - 9B 90 EC E0 D5 D2 A7 A5  .A..0.f.........
000027C0:  0E B0 44 A7 A9 FC 19 F3 - DA E6 25 01 E2 D4 B8 46  ..D.......%....F
000027D0:  A4 AA 17 07 10 18 14 21 - 0C D8 8F 9A 0F 51 DE 14  .......!.....Q..
000027E0:  C6 C8 AC E7 71 F7 83 4C - A1 AB 1E E1 8A 42 55 C6  ....q..L.....BU.
000027F0:  02 68 58 05 9E 11 2C 30 - CB E5 5C B8 F0 CE AB B2  .hX...,0..\.....
00002800:  3E F6 1D 83 D8 92 32 0A - EC 65 B1 1D FA 15 69 20  >.....2..e....i.
00002810:  A2 3C 1E 82 44 C3 90 65 - 98 9D 42 83 5D 86 91 08  .<..D..e..B.]...
00002820:  9F 05 B9 15 39 44 0A 91 - D0 04 32 2D A7 FE 18 38  ....9D....2-...8
00002830:  34 2C 32 EF 84 DE 45 89 - 24 80 59 AA 66 18 EE 51  4,2...E.$.Y.f..Q
00002840:  12 63 21 DB 87 FB C5 F7 - 56 89 D2 D1 C3 55 DB B1  .c!.....V....U..
00002850:  D0 75 47 3D 14 D3 0A 77 - 32 66 D5 EA 9E 36 D8 5E  .uG=...w2f...6.^
00002860:  F8 FE C3 69 C3 27 E0 BC - 82 B0 15 C4 DE 24 77 CC  ...i.'.......$w.
00002870:  FA E3 D0 6F 48 E6 10 EE - D9 D6 FB 2C F9 4A 77 47  ...oH......,.JwG
00002880:  ED 0D 40 25 89 DE 74 89 - F1 35 5A B1 B7 D2 3C 71  ..@%..t..5Z...<q
00002890:  2E 52 A2 F4 6F ED 96 99 - D2 07 37 89 D5 26 AA EC  .R..o.....7..&..
000028A0:  CA 1F 54 B6 D7 01 5B A2 - 47 88 43 3F 22 63 A2 9E  ..T...[.G.C?"c..
000028B0:  BD 09 F5 A8 E2 61 08 4C - D8 1A 9A 51 22 D1 65 6A  .....a.L...Q".ej
000028C0:  23 9E 29 CD 2A 82 01 A7 - A8 F1 4B 4C 3D 30 36 63  #.).*.....KL=06c
000028D0:  6A A1 64 CC 85 D8 ED C9 - 49 72 3C 67 30 27 B6 C3  j.d.....Ir<g0'..
000028E0:  F2 8B B4 ED 7D 06 62 26 - 8E B8 76 88 E5 BF 0F 69  ....}.b&..v....i
000028F0:  FC 69 59 EF 3F 69 EB CF - BE 58 C0 97 04 61 38 5D  .iY.?i...X...a8]
00002900:  20 79 34 23 B5 0F 26 5E - B3 B3 70 A9 7A 15 44 8B  .y4#..&^..p.z.D.
00002910:  AA 56 22 FC E0 DA B8 66 - 57 63 15 86 CC D7 07 0D  .V"....fWc......
00002920:  39 97 5A D5 55 78 00 F2 - 87 01 89 46 77 E7 C9 FD  9.Z.Ux.....Fw...
00002930:  4F 91 57 DF AD 6C 56 E5 - 0B A2 8D D3 CB 7F 30 17  O.W..lV.......0.
00002940:  82 52 EC 32 D5 79 7C 02 - 0B 3A A1 40 7E 96 F7 B0  .R.2.y|..:.@~...
00002950:  2B B8 0E 37 D3 D7 76 5C - C2 39 3F 75 7D F8 70 3F  +..7..v\.9?u}.p?
00002960:  23 0E FE E2 EF 3B 67 56 - 67 C4 3E 76 EB F7 06 9C  #....;gVg.>v....
00002970:  C7 16 2D 23 30 08 A5 8C - D5 80 D1 77 63 6E 64 39  ..-#0......wcnd9
00002980:  95 32 98 48 96 68 63 B7 - A5 D0 8A 49 6D BB 14 63  .2.H.hc....Im..c
00002990:  B1 5F 58 60 6D B3 F9 50 - FD 5F CB 81 39 63 F6 45  ._X`m..P._..9c.E
000029A0:  F6 F5 64 A5 04 A4 2D 7A - 3F 2C F0 A9 83 BA C4 D6  ..d...-z?,......
000029B0:  83 C3 95 D0 D0 7C F9 85 - A9 A0 41 18 AE 7D E1 DE  .....|....A..}..
000029C0:  2F A9 F5 BF 3B 83 0C E2 - 91 5C 1A E9 7B 74 E9 37  /...;....\..{t.7
000029D0:  C9 C0 0E 8B C8 79 89 37 - CC EB 3C DF 03 83 70 AE  .....y.7..<...p.
000029E0:  61 1F 07 F5 48 F3 93 CA - 69 95 34 06 02 59 E3 C6  a...H...i.4..Y..
000029F0:  B6 49 3E F0 53 AC CF 87 - 4A 91 BB 0D 23 5C F8 48  .I>.S...J...#\.H
00002A00:  C2 09 5D FF 5E 03 47 62 - 3E B9 0D 30 23 DA 4C 23  ..].^.Gb>..0#.L#
00002A10:  1B BD 5C AC 28 87 CA 87 - 51 42 7A 0F 4B 75 1C 9E  ..\.(...QBz.Ku..
00002A20:  D7 FF 2E C0 DD D8 9D 53 - DD E3 79 53 4E D8 55 17  .......S..ySN.U.
00002A30:  DE C0 32 A0 F7 A9 6E 33 - 4B 33 73 0D 57 81 23 72  ..2...n3K3s.W.#r
00002A40:  A1 CD F1 24 74 38 73 6C - 52 08 4C 04 33 0D 00 9B  ...$t8slR.L.3...
00002A50:  DB A6 C7 4D A1 DC 8F CE - 4F 75 F3 1C ED B1 DE E2  ...M....Ou......
00002A60:  9B 9D 0B 71 28 CA 44 DB - 15 E0 73 8C 0D EF 33 94  ...q(.D...s...3.
00002A70:  A2 CC 15 1E BA 7A 37 4F - B6 C8 44 24 7B 4E D6 36  .....z7O..D${N.6
00002A80:  89 E1 1D 46 35 C3 61 6F - 19 55 18 36 7C F3 CF D3  ...F5.ao.U.6|...
00002A90:  BE 6A F2 A4 96 2E 34 76 - E9 CE 6D D4 DD E5 42 A2  .j....4v..m...B.
00002AA0:  B7 4D AB 85 9E 8D D2 42 - 0A A9 A4 1B 78 31 40 41  .M.....B....x1@A
00002AB0:  81 D6 9C 9F EC 6E 1F 46 - 08 51 2F 68 0E 08 62 6C  .....n.F.Q/h..bl
00002AC0:  8D 39 EC C8 89 9D 98 A2 - 7A D2 CE E5 5F DD BC 6D  .9......z..._..m
00002AD0:  35 08 6D 0B B8 07 84 7B - 24 6F B6 5D F3 88 D9 F4  5.m....{$o.]....
00002AE0:  B5 57 13 B1 A4 CE 98 B6 - 3A 3D 61 E4 4D 33 5F 96  .W......:=a.M3_.
00002AF0:  A8 8F 79 37 74 A0 87 2E - 73 17 83 B4 8C CA D6 50  ..y7t...s......P
00002B00:  F8 DD 1F A9 DF 03 E2 05 - B9 88 85 B5 16 0D E0 E1  ................
00002B10:  64 7E 6B 0A 14 75 62 13 - 0A 9C 2A 55 36 08 86 07  d~k..ub...*U6...
00002B20:  75 1D D6 F5 F5 55 5C 5B - 46 9D 12 AD 24 9D 68 6D  u....U\[F...$.hm
00002B30:  4F 0D 5F 22 85 F2 E7 45 - 8A 2F 7D 09 71 C2 D9 CF  O._"...E./}.q...
00002B40:  EF AB DD 7D F4 18 38 75 - EB 3A 06 38 64 40 C7 03  ...}..8u.:.8d@..
00002B50:  6C C8 7C 3E BF 94 D0 1D - 55 0C 02 D3 2B F9 00 C0  l.|>....U...+...
00002B60:  D9 4E 69 01 E6 7C C5 DD - 67 B5 1B FD 9F CC A6 A0  .Ni..|..g.......
00002B70:  F6 CE 32 36 B3 E9 83 A5 - DB 7B 37 F1 FA CC 37 6F  ..26.....{7...7o
00002B80:  11 76 32 D6 9D C3 BC 95 - 2B C4 F9 FC 7A 84 A3 B9  .v2.....+...z...
00002B90:  D8 4F A8 44 87 20 58 B1 - 8B 5D 2B F4 BF BF 30 AA  .O.D..X..]+...0.
00002BA0:  B6 6C 98 FD 07 32 1C 14 - 4B 28 4E C8 D3 33 43 33  .l...2..K(N..3C3
00002BB0:  62 0A 2A BB 89 7C 4F B7 - 2F 98 75 D0 2A 11 B1 60  b.*..|O./.u.*..`
00002BC0:  DF D2 92 3E DD D1 1A BB - 43 8D A9 87 C3 3D F9 09  ...>....C....=..
00002BD0:  39 90 3B 4B 72 D1 C7 32 - 4D 90 EE 26 22 36 5E 89  9.;Kr..2M..&"6^.
00002BE0:  DE DA 28 69 1A 68 9A E4 - 1E 79 75 35 5F 30 F2 98  ..(i.h...yu5_0..
00002BF0:  55 F6 6F FA C8 EC FE D0 - 86 25 B8 6F 86 EC 8E F1  U.o......%.o....
00002C00:  BD C1 E5 D1 8F 16 1C E7 - 9C 28 C4 5E 7D 48 9C 5D  .........(.^}H.]
00002C10:  ED 5C 31 5A 92 46 1A 73 - DC 50 2A 97 61 14 3F DA  .\1Z.F.s.P*.a.?.
00002C20:  C1 20 22 6D 89 B4 1C F6 - 1E 11 B3 96 05 91 22 F1  .."m..........".
00002C30:  86 A6 BC F0 06 A3 86 5E - AB E2 54 94 64 B8 23 11  .......^..T.d.#.
00002C40:  E7 9C 98 5A 9F 99 DA 2F - 5F 12 F2 E1 19 2E 6B 82  ...Z.../_.....k.
00002C50:  A4 D8 97 5D 2F 2F 59 E4 - E4 8A BD B4 2C A5 D4 E8  ...]//Y.....,...
00002C60:  58 EC D0 D6 C2 FF EA A5 - BC 09 C7 70 90 E0 C8 3D  X..........p...=
00002C70:  60 A6 A8 60 6A 4F C0 06 - 05 2B D2 EC 6D EE 45 7A  `..`jO...+..m.Ez
00002C80:  FC 05 9A B6 5D 7E D3 04 - FE 31 5F 06 86 94 68 CC  ....]~...1_...h.
00002C90:  F2 99 05 2C 1A 2E D3 FF - 74 1C 1A 60 D5 A5 A9 72  ...,....t..`...r
00002CA0:  40 67 E0 53 B3 53 8B F1 - 9B 23 6F 12 92 2F 47 F5  @g.S.S...#o../G.
00002CB0:  A7 5D 0C 00 C3 B4 FD 35 - 96 6E C3 4D C0 1F 0F 5B  .].....5.n.M...[
00002CC0:  D9 E3 EE FF C7 77 37 9D - FE 86 15 DA 3C 84 8E 43  .....w7.....<..C
00002CD0:  BC 26 0D 37 0B C8 B3 C5 - CC 8E 0B CE 7D D4 E0 40  .&.7........}..@
00002CE0:  F2 6F 37 81 07 C2 B1 18 - 6F A6 F8 A1 54 22 EE EC  .o7.....o...T"..
00002CF0:  57 F5 DE 86 46 4A 05 65 - A7 FB 57 3F 25 19 2F 5B  W...FJ.e..W?%./[
00002D00:  B6 EF BD 86 27 4F 60 1F - C3 70 D4 4C 8A D8 B0 F7  ....'O`..p.L....
00002D10:  91 0C 03 F7 03 7E 6D 85 - CE 72 B2 7E 53 CF 40 21  .....~m..r.~S.@!
00002D20:  0F 05 AA D5 F8 6B 86 31 - 2E E3 36 E4 9B 6B E7 58  .....k.1..6..k.X
00002D30:  33 D8 A8 E1 B5 80 93 29 - 4A CF CD 56 6F 72 EB 68  3......)J..Vor.h
00002D40:  89 6B CA 7C A4 31 85 03 - 3D 6D 78 76 E6 51 50 4A  .k.|.1..=mxv.QPJ
00002D50:  D1 62 81 1A 51 38 76 A7 - 4B 03 94 25 E1 3A 6A 7E  .b..Q8v.K..%.:j~
00002D60:  C0 39 30 01 DC 1D 77 3F - 0F F6 2C 37 EE 7F 7B B9  .90...w?..,7..{.
00002D70:  24 6F 6F D7 E7 47 45 2B - 4F 30 D7 E3 0C 30 CB 2A  $oo..GE+O0...0.*
00002D80:  70 7D E0 46 FE 1B 4F CF - 21 D9 66 9C 30 8C 4B 30  p}.F..O.!.f.0.K0
00002D90:  9A A4 11 A0 1A 7C 5A A7 - D3 18 94 4C 2B 53 D2 31  .....|Z....L+S.1
00002DA0:  8C F5 68 47 DF 61 4B CC - 3F BB 03 58 C1 F5 1A 0D  ..hG.aK.?..X....
00002DB0:  A3 D6 0B 97 6D 7F E7 22 - AF 2D 0C E7 BF 46 D0 CE  ....m..".-...F..
00002DC0:  A0 6C 29 62 6B 82 EC EA - B9 3B CB 55 56 FE 64 B4  .l)bk....;.UV.d.
00002DD0:  DA EF DA 30 FE D7 CC 77 - E2 92 46 BB B0 B1 93 27  ...0...w..F....'
00002DE0:  9C 63 48 57 C8 FF 00 9F - 44 BA 15 42 D3 F1 D1 84  .cHW....D..B....
00002DF0:  B9 FB BC 68 7B A1 65 C9 - 92 A9 28 85 A6 12 4D DC  ...h{.e...(...M.
00002E00:  52 A2 25 73 9D 94 44 BC - 40 D0 DD 95 AB 1B 12 49  R.%s..D.@......I
00002E10:  5B A4 2F 50 A9 3A 07 16 - 76 75 2C 65 4C CA 44 F1  [./P.:..vu,eL.D.
00002E20:  0E AA F8 A2 8B 46 CD 4C - 3A A1 D3 E6 D2 92 82 89  .....F.L:.......
00002E30:  B9 73 4B B6 AB E3 C5 B5 - A3 F7 CB 74 57 B7 45 57  .sK........tW.EW
00002E40:  CE A1 70 99 07 51 32 BF - 36 CC 6D EB 41 06 AB 4C  ..p..Q2.6.m.A..L
00002E50:  4A 8C CD 6E 9C F9 9E 69 - FC 71 90 49 0B 87 42 74  J..n...i.q.I..Bt
00002E60:  46 4E F5 F7 35 7D 49 3D - 78 44 92 57 20 C2 D4 64  FN..5}I=xD.W...d
00002E70:  CD E6 82 50 A0 50 1D FA - 0D 60 EC B3 28 63 87 B4  ...P.P...`..(c..
00002E80:  FB 7F CE 6C B7 F7 B3 11 - FD AF 75 BD 15 1F 9C 8B  ...l......u.....
00002E90:  09 94 FD 61 B6 D3 F4 2C - 1F CA 5B A6 B1 E4 1F 0B  ...a...,..[.....
00002EA0:  12 F5 16 CF 87 86 6B 76 - BF E1 A8 27 1F BF 8D F3  ......kv...'....
00002EB0:  1A 67 F3 39 92 67 A1 1A - 9B 26 EF 30 3E CE CA 6F  .g.9.g...&.0>..o
00002EC0:  1D B9 93 76 3C A3 51 11 - D7 03 B4 FF E8 43 9D 61  ...v<.Q......C.a
00002ED0:  AC 42 F3 2D 73 C2 40 96 - 00 C6 0E 26 46 34 2B 42  .B.-s.@....&F4+B
00002EE0:  20 30 DC 2F C7 1C 25 70 - 5C 02 5C BD 0B 7D 1C 4E  .0./..%p\.\..}.N
00002EF0:  B5 44 A3 A0 EA 56 96 D0 - E5 CD EB 7A 4F 31 55 BC  .D...V.....zO1U.
00002F00:  AC 88 18 5C 73 6A 27 EE - B2 05 D1 D9 0C D1 08 27  ...\sj'........'
00002F10:  69 E8 20 D8 50 27 24 DA - 58 BF 82 1D 26 CA 9B D4  i...P'$.X...&...
00002F20:  AB 32 0A C3 15 8C 83 F2 - 4E 9D 02 3E 2F 9F 6C 67  .2......N..>/.lg
00002F30:  40 08 65 17 B0 39 54 B7 - 01 86 F2 2B D5 5B 18 E5  @.e..9T....+.[..
00002F40:  9A 18 BC 3B 57 2C C6 6C - 8F E2 94 C0 3F 53 AF 55  ...;W,.l....?S.U
00002F50:  2F 00 6B C4 C2 2E 05 34 - CE AA 4E 99 E7 F6 69 36  /.k....4..N...i6
00002F60:  A3 18 05 1B 59 D8 31 69 - 54 CC 79 C9 B4 85 F3 EC  ....Y.1iT.y.....
00002F70:  ED 5F 7D 3C C8 40 27 8D - D7 11 B4 4E 40 0C 4A 5F  ._}<.@'....N@.J_
00002F80:  6A ED 08 9E 29 E0 62 0E - 69 41 E7 F2 EE 6C CC 1C  j...).b.iA...l..
00002F90:  17 6D D3 66 8D BE 7D 63 - 6E 41 45 4A AB CC 62 B3  .m.f..}cnAEJ..b.
00002FA0:  45 44 7A A3 A1 50 A1 B6 - 86 FC 5B 69 08 63 0A A4  EDz..P....[i.c..
00002FB0:  7E 6E 4D BE D9 95 91 EB - 3D 3B 45 51 A1 34 74 E8  ~nM.....=;EQ.4t.
00002FC0:  71 E9 E4 AD 8B 0D 45 11 - 0E 9F ED 03 AA CF 82 31  q.....E........1
00002FD0:  03 0F 7A 2A 0E 3A 19 37 - 63 BF B8 26 48 C1 1F BD  ..z*.:.7c..&H...
00002FE0:  1D 8C 85 E2 A8 07 A6 61 - 27 55 4C DF FA C7 88 FB  .......a'UL.....
00002FF0:  82 89 C3 08 C5 4A C7 2F - 06 7C F1 41 EF 03 E6 01  .....J./.|.A....
00003000:  A0 A3 32 9E 38 9A DF A1 - 0B 28 5A 9A 54 4B 34 9E  ..2.8....(Z.TK4.
00003010:  07 BC D0 2D A1 A4 B2 DE - D2 03 E9 FF 6B 96 BB CF  ...-........k...
00003020:  5C C3 26 1A 40 F5 57 92 - EB 9B AE 21 A3 F4 6C 8C  \.&.@.W....!..l.
00003030:  E1 26 C9 15 5E D6 69 1E - 38 06 44 A0 D8 F1 A7 3F  .&..^.i.8.D....?
00003040:  D2 1E 00 2D 96 1F 9B 4B - 4D A2 5A 71 B5 A5 78 AC  ...-...KM.Zq..x.
00003050:  44 E3 EE AD B2 BB B2 E1 - 37 B7 54 DB 37 DB BB 84  D.......7.T.7...
00003060:  9A 33 A6 37 93 A8 E7 E2 - 9B 0A C2 69 65 CB 3B 67  .3.7.......ie.;g
00003070:  57 48 2B D4 E4 93 6E 4C - FE E9 59 B5 75 69 06 DC  WH+...nL..Y.ui..
00003080:  87 2D 1C 9C 20 B0 D0 AE - 88 CB 55 CB 84 40 CE 2E  .-........U..@..
00003090:  46 C0 CD 2A 54 6C CA 4B - 71 15 BC BC F9 B0 EF 34  F..*Tl.Kq......4
000030A0:  4F F1 6F 33 47 51 C4 9D - F0 A8 CA 90 CA DB 1F F5  O.o3GQ..........
000030B0:  3C 63 15 09 B9 97 4B 94 - A0 C3 8C 94 7D C4 7E 2F  <c....K.....}.~/
000030C0:  50 3D 34 22 5A E9 2B C6 - D8 F9 2F 33 2F 10 FF 35  P=4"Z.+.../3/..5
000030D0:  37 AD 62 B1 68 F1 CA 4A - F4 C2 E1 A5 50 AC 52 A4  7.b.h..J....P.R.
000030E0:  98 4A 0F 9A FC BF 1E 3B - 5F CD 34 D1 A8 CC FC F0  .J.....;_.4.....
000030F0:  91 0D F8 EE EA F8 8F B8 - 1D C4 3D 04 FB 3C EC AE  ..........=..<..
00003100:  11 89 02 46 A8 77 2A A7 - 36 4F 42 81 F2 45 D9 F8  ...F.w*.6OB..E..
00003110:  F2 71 4E 65 89 1D E6 01 - 38 8D 4E F9 31 81 3D EF  .qNe....8.N.1.=.
00003120:  FA 4F E6 F5 2D 6D B7 81 - 2D DF 9C 30 5C E9 83 94  .O..-m..-..0\...
00003130:  04 46 78 8D D3 0A 24 D2 - 94 A3 AB 16 F2 78 67 BA  .Fx...$......xg.
00003140:  79 7B E0 34 6A 99 02 F6 - 8E A3 09 10 E8 73 0E 95  y{.4j........s..
00003150:  85 41 5B 89 93 29 7D 50 - AE 6B 1C 5C 5D 7B E3 75  .A[..)}P.k.\]{.u
00003160:  B7 7A ED EF 3F FE DE E9 - CA 31 EF 2F 31 EE 4E 32  .z..?....1./1.N2
00003170:  7E 4F 81 B5 9D 10 A1 ED - 8D 24 DF 68 D1 F1 96 42  ~O.......$.h...B
00003180:  31 BE 01 87 25 11 BA 32 - B8 43 A9 E8 A2 67 24 8D  1...%..2.C...g$.
00003190:  24 BA CA 10 C3 EF 75 41 - 3C B7 3E 02 43 7B 92 10  $.....uA<.>.C{..
000031A0:  5F 74 ED 30 C6 44 18 77 - A7 C4 A8 72 DC 51 ED C7  _t.0.D.w...r.Q..
000031B0:  AD 26 15 2B B4 CE 44 D1 - E4 99 44 3B 75 78 A7 87  .&.+..D...D;ux..
000031C0:  BC B5 2F F9 B9 E7 DF 9E - 35 23 77 FD 81 7B E0 7C  ../.....5#w..{.|
000031D0:  E6 F8 C0 F0 3B 4F FD F2 - 1B BB 8B 64 F0 B7 DC F0  ....;O.....d....
000031E0:  E7 69 A1 C3 66 20 34 E2 - 56 E6 09 49 E2 1C 19 B2  .i..f.4.V..I....
000031F0:  89 17 3A 8B 7C 0F 2C DC - B9 24 7F 9E 6D E4 A3 8A  ..:.|.,..$..m...
00003200:  6E 28 B3 A0 97 04 75 16 - 7D 2E 8E D0 50 D8 38 D0  n(....u.}...P.8.
00003210:  A2 4B C1 97 A9 D1 9E 2F - 56 59 B9 10 B4 66 BF C0  .K...../VY...f..
00003220:  9B A2 A5 AE 56 69 1A BA - 1C F3 3F 9A C3 9C 64 41  ....Vi....?...dA
00003230:  CC 1B 06 2A 4C 8B AB 57 - E0 4C 85 C7 B3 AF 75 D1  ...*L..W.L....u.
00003240:  CC 0B 09 9B A3 1C A0 A4 - E9 49 79 29 1A E8 F1 E7  .........Iy)....
00003250:  3E D4 B2 0E BF 75 AF B7 - 69 7D B5 BE 9F E0 22 21  >....u..i}...."!
00003260:  36 94 C0 D4 06 A3 C3 8F - 87 A9 30 57 A2 C2 1F 50  6.........0W...P
00003270:  EB 3C D6 D8 B6 44 29 04 - A1 FA 70 34 CC 13 56 6C  .<...D)...p4..Vl
00003280:  44 CF D2 5D 43 CD 45 D9 - 60 39 02 28 5D 59 12 6E  D..]C.E.`9.(]Y.n
00003290:  7C B3 5E AF 53 20 A4 12 - F9 8F AD 1F 01 84 F2 4F  |.^.S..........O
000032A0:  E3 B3 09 51 E3 B1 8E 75 - 08 77 2B 2C 60 0D 2E 70  ...Q...u.w+,`..p
000032B0:  23 EC 44 70 A0 CD 2D 98 - 3D B4 D2 68 89 18 3E B1  #.Dp..-.=..h..>.
000032C0:  09 DE E7 48 52 F7 B7 93 - 7A B2 82 61 14 A0 C1 C5  ...HR...z..a....
000032D0:  E7 D8 0E 92 88 0A F0 50 - 52 91 19 A2 5F A4 FE 7C  .......PR..._..|
000032E0:  1E 04 BA 28 62 A1 CA D7 - 23 BC 0C D5 59 B0 60 A8  ...(b...#...Y.`.
000032F0:  9C 62 45 F3 7A 20 BE 5C - 8E 5F 4D A4 74 60 E0 87  .bE.z..\._M.t`..
00003300:  5F CC F4 D7 3D CF 54 0C - 6B 62 A8 A7 8C A2 49 BF  _...=.T.kb....I.
00003310:  52 FD 5C 51 E3 A1 7E A3 - BC B9 4B D7 85 3F BD FB  R.\Q..~...K..?..
00003320:  57 7B FD 09 A6 84 91 E8 - A5 B6 63 14 D4 7A 9C D8  W{........c..z..
00003330:  18 23 76 F3 23 8F E4 57 - 37 6D 3C 17 E0 82 70 30  .#v.#..W7m<...p0
00003340:  8E 06 0A 76 C4 13 8D 7D - 4A 4C AE 9D 51 24 A1 B6  ...v...}JL..Q$..
00003350:  0A 5F EA 11 5A 46 25 06 - 76 24 7D 5B 5F F1 D6 5B  ._..ZF%.v$}[_..[
00003360:  64 9C 17 FF F5 66 00 95 - 03 C5 6A 53 DD A8 DA 17  d....f....jS....
00003370:  B2 55 E5 4D E8 B7 6E 8E - B1 12 7D 18 58 23 17 FD  .U.M..n...}.X#..
00003380:  C3 21 96 55 03 37 A5 13 - 1E AF 22 87 15 62 3D AA  .!.U.7...."..b=.
00003390:  81 2A 00 92 D3 A4 A4 1F - BA AA A0 D0 DB 30 7E 80  .*...........0~.
000033A0:  E3 07 6E 1C 12 09 52 1F - E3 82 EB 15 B6 9B B0 79  ..n...R........y
000033B0:  35 C5 3E FA 03 D0 98 C5 - 28 BE 8C 8D 1D AF 1F 06  5.>.....(.......
000033C0:  55 D6 B6 88 F6 79 50 B6 - E2 76 89 71 81 68 43 79  U....yP..v.q.hCy
000033D0:  2D 33 65 59 FF CD 47 4F - AA 35 34 C8 6F BF 7E 53  -3eY..GO.54.o.~S
000033E0:  4C 71 D1 A1 28 B0 EC 25 - 6C 73 90 E9 C3 34 0D FE  Lq..(..%ls...4..
000033F0:  2E 7F 39 85 46 70 DC 76 - 40 DA 7F 28 D0 7F 4A A2  ..9.Fp.v@..(..J.
00003400:  B0 06 BB 3D 48 CA 31 EF - 2D 3B 63 6B F2 18 0D 43  ...=H.1.-;ck...C
00003410:  51 A5 1C 84 C5 88 43 8F - 2A 21 7E 31 AD E9 4C 07  Q.....C.*!~1..L.
00003420:  A3 53 8E 62 B7 11 CF CF - EC DA 94 6C 29 52 61 43  .S.b.......l)RaC
00003430:  C5 C6 B5 EA 9B EB 2A B5 - 98 D6 AD 9D E3 AC 79 02  ......*.......y.
00003440:  42 A6 BA 18 31 77 7F 94 - EE 7A 55 06 95 8F E1 09  B...1w...zU.....
00003450:  1C C6 BF B8 A6 B6 01 D3 - 10 06 E3 59 35 31 CA B9  ...........Y51..
00003460:  34 81 8B 99 C4 07 9D 66 - E5 1D 92 AE F3 CD F7 C5  4......f........
00003470:  28 E9 6B F5 03 2C 43 47 - 16 2C 6E EE 52 50 0E 21  (.k..,CG.,n.RP.!
00003480:  4B 6F 58 0F 3E DE E4 28 - 70 58 06 3C 53 31 1F 7E  KoX.>..(pX.<S1.~
00003490:  3C 0B B4 11 71 0B B0 B4 - 7E 18 50 E9 10 9B 95 6F  <...q...~.P....o
000034A0:  C3 15 B2 49 3E 85 01 A9 - 1D 05 6B 25 2B EA FA 92  ...I>.....k%+...
000034B0:  C6 DC E5 34 AA BC DA BE - F6 A1 49 81 41 14 B9 42  ...4......I.A..B
000034C0:  D9 A8 11 E0 0B 0D E8 64 - 6F 3D 3B 70 98 BE 59 CB  .......do=;p..Y.
000034D0:  7A 31 D7 7E E6 8C 6A E7 - 35 A5 46 E1 8E 13 BE 9D  z1.~..j.5.F.....
000034E0:  51 DF E0 CA 4E F5 4B B1 - 9E 88 BE AC 9C 6E 40 4C  Q...N.K......n@L
000034F0:  F3 E3 31 AC 7A 8E 03 3D - 80 50 D6 6A D1 D2 C0 23  ..1.z..=.P.j...#
00003500:  4A 46 DB 8C A3 CD AF 8D - A2 2A 56 D3 A6 C4 D2 BD  JF.......*V.....
00003510:  27 F0 29 F5 F8 F7 79 22 - 4B A8 48 6D CD 92 0F 91  '.)...y"K.Hm....
00003520:  25 CC A8 C2 87 8B A8 09 - D7 52 82 8D 97 1E 34 CE  %........R....4.
00003530:  29 77 5C C2 59 D3 5F 74 - 1E C9 4D 6E E6 A1 EC 2D  )w\.Y._t..Mn...-
00003540:  81 8F CF 48 82 20 22 E9 - A4 8C AC 27 C9 7B 5A C0  ...H.."....'.{Z.
00003550:  A6 86 6D EA C6 B6 56 AE - 42 79 C3 DE FA 38 8E 2D  ..m...V.By...8.-
00003560:  1E 3E 99 FD 9C FF 8F 96 - E4 CA 0C CF 49 2E 83 63  .>..........I..c
00003570:  9A 98 78 1A 0C 5B A3 1F - CC DD E4 10 E1 72 D7 90  ..x..[.......r..
00003580:  32 43 F0 39 E9 63 CE 72 - 2A AA 55 AC D4 7C F9 5C  2C.9.c.r*.U..|.\
00003590:  CB 3F 54 92 9C D1 71 F0 - 18 FA F6 AF CF 5A B4 5F  .?T...q......Z._
000035A0:  0B 0A F5 06 37 31 E9 10 - 81 84 89 65 81 BF 93 7C  ....71.....e...|
000035B0:  CD EC 9D 3F 50 84 76 67 - 79 E3 7E ED 8D 2C 64 D6  ...?P.vgy.~..,d.
000035C0:  19 C0 3C DB 6B 3B FA C1 - 64 60 8C 6A 61 1A EE A4  ..<.k;..d`.ja...
000035D0:  61 A8 82 D4 22 3F 60 01 - 68 37 C9 60 17 FC B6 23  a..."?`.h7.`...#
000035E0:  12 4F 99 A3 90 35 56 68 - 63 C1 EC 80 C4 5A 08 77  .O...5Vhc....Z.w
000035F0:  5C A3 C8 D2 B0 97 15 0B - 05 1C 58 B3 DA 45 23 84  \.........X..E#.
00003600:  5A AB 3A B4 FE 9E A5 F2 - 5D 53 D3 21 68 E9 74 54  Z.:.....]S.!h.tT
00003610:  67 A6 5B AE 96 54 87 0A - 5E 7C A6 6E FE 69 66 99  g.[..T..^|.n.if.
00003620:  9F 06 E2 E5 4C AD 84 5F - D0 6C 52 D9 89 41 3F 59  ....L.._.lR..A?Y
00003630:  CC 64 C8 31 F6 E1 C0 FF - 0A BC D6 EC 7F CD E3 A8  .d.1............
00003640:  42 A7 7D 47 4A BF 71 16 - A3 E7 F8 F3 15 42 B7 64  B.}GJ.q......B.d
00003650:  8B 39 7F 0E E1 54 AE 32 - E3 49 B1 0F 53 23 89 68  .9...T.2.I..S#.h
00003660:  43 49 B1 1F 61 84 8C 4C - 7C F0 A7 70 E0 49 B0 63  CI..a..L|..p.I.c
00003670:  FA 24 26 24 8A DD C3 B0 - 4E 0A D7 2C BA 12 BB 36  .$&$....N..,...6
00003680:  15 1A 62 63 0C D8 5F 0E - F8 AA 86 9F 76 86 65 D1  ..bc.._.....v.e.
00003690:  4B 70 26 2A 68 70 C2 FF - 06 D4 C0 C6 DB 7E AC 69  Kp&*hp.......~.i
000036A0:  83 83 8E 2F E7 EF A7 06 - 20 18 C5 E0 85 99 C2 91  .../............
000036B0:  40 CE 1B 45 9A A0 F8 92 - 09 17 6A A5 A1 B1 BA 99  @..E......j.....
000036C0:  B5 86 85 0E FC E5 61 CF - DA 0A 6B 2A F7 99 85 0A  ......a...k*....
000036D0:  DA 85 BE 37 DD 62 3A 39 - 2A AA DF 32 19 6E 7F 56  ...7.b:9*..2.n.V
000036E0:  89 5D EF 5C 82 14 A7 28 - 3E 71 E8 20 9C E3 0B 78  .].\...(>q.....x
000036F0:  AC E7 C4 FB 45 DD 9B A0 - DB FD CC E9 0D 04 A3 92  ....E...........
00003700:  69 CA 66 FF E8 81 FF B1 - AA BF F5 E4 5B D8 FE 6C  i.f.........[..l
00003710:  DB 88 73 6F 22 53 09 5C - 02 DA 61 A6 2E 6C 11 26  ..so"S.\..a..l.&
00003720:  71 63 48 D1 B3 60 21 74 - B2 AA A1 13 32 EE 5D 71  qcH..`!t....2.]q
00003730:  15 71 D8 BC D0 08 55 B0 - 42 11 42 81 4F B9 DF 6E  .q....U.B.B.O..n
00003740:  17 42 AD 12 38 56 7B 16 - 7F C7 61 35 A6 22 F6 9E  .B..8V{...a5."..
00003750:  C1 25 20 07 90 E7 F1 A0 - 3C 4A 8A 24 8B 61 FD 74  .%......<J.$.a.t
00003760:  7E ED 97 93 39 3D 61 AE - 23 7A 00 5B C7 CF 9D 77  ~...9=a.#z.[...w
00003770:  8B 5A 8E 50 5A 46 95 39 - F2 5A 9C 4B 55 79 4A D7  .Z.PZF.9.Z.KUyJ.
00003780:  BA E5 DF 5C FE 6B CC 54 - 23 2E D5 45 76 02 A3 23  ...\.k.T#..Ev..#
00003790:  2B 5A FC 23 C5 53 3C E5 - B8 CC AD 2A 9E 6D 1C 2E  +Z.#.S<....*.m..
000037A0:  7F D3 4B A6 F7 6B 38 19 - 14 C9 67 9F B1 0F A2 6D  ..K..k8...g....m
000037B0:  E7 1D C6 00 9F 3A C1 BF - 0B E0 14 81 58 4E BC 7C  .....:......XN.|
000037C0:  BC E0 6A 73 B7 47 A6 52 - 22 E1 52 D0 8E F0 B7 32  ..js.G.R".R....2
000037D0:  93 19 0A C2 1A D4 1D 66 - AC 0A 42 1B F9 14 FD 02  .......f..B.....
000037E0:  7A B9 48 57 9D 6C A9 35 - 43 D3 AB A9 A9 E8 3B DE  z.HW.l.5C.....;.
000037F0:  03 0A 29 50 0C 3B 68 47 - 5B ED 1D C2 C0 53 21 15  ..)P.;hG[....S!.
00003800:  BD 2B 01 3B 45 6E 40 A7 - FA 4C F4 FF CC 07 E4 32  .+.;En@..L.....2
00003810:  F9 CA 51 78 DF 4B CD 21 - 37 C0 83 2E CA E9 99 AE  ..Qx.K.!7.......
00003820:  1F 0C 73 B0 CE 05 5E 0A - 3D 67 B6 93 17 E9 C0 5B  ..s...^.=g.....[
00003830:  93 3F C2 86 AF D5 DD 7C - 91 5B B9 89 DB AA 80 D1  .?.....|.[......
00003840:  ED FC 47 35 2E 21 82 BC - C8 60 A1 E3 34 F7 D8 9D  ..G5.!...`..4...
00003850:  7A A5 65 77 06 06 CF 73 - AC 98 DA 70 D4 F6 30 13  z.ew...s...p..0.
00003860:  57 91 D4 8D DD 72 97 84 - 53 B6 91 96 72 1C 77 11  W....r..S...r.w.
00003870:  F9 4E 3C EA BC 3D CE B6 - 23 A7 3F 0C 49 D1 11 E3  .N<..=..#.?.I...
00003880:  1B 51 5E 72 1E 4F B9 EF - 39 19 19 DC F7 4E 32 EE  .Q^r.O..9....N2.
00003890:  DB 2F FC 41 1A 63 72 B8 - 19 31 A7 00 04 92 2C 75  ./.A.cr..1....,u
000038A0:  4D D0 10 42 8F 35 F7 86 - D8 73 82 7A 9D 03 31 8A  M..B.5...s.z..1.
000038B0:  41 67 6F 51 26 5C AC C4 - 5F 5D 5D 54 8C 55 F8 54  AgoQ&\.._]]T.U.T
000038C0:  8A DD 31 5D 6A B8 0D C1 - 2E AF 13 F3 D0 9A CB F1  ..1]j...........
000038D0:  E8 6F 52 22 BA 87 29 8D - 11 00 57 21 50 EE 4B E7  .oR"..)...W!P.K.
000038E0:  F2 E0 76 59 27 A9 0B 3E - 21 69 E0 6F D8 81 77 2A  ..vY'..>!i.o..w*
000038F0:  09 38 8F 41 E5 E1 19 7C - 58 2C 52 74 CB CA 4F BD  .8.A...|X,Rt..O.
00003900:  21 2B 86 59 A7 45 2F 57 - 8B AD 50 11 FA 6D AB B1  !+.Y.E/W..P..m..
00003910:  56 9E 7A A1 97 BD 19 99 - E6 73 D9 1D F6 10 19 60  V.z......s.....`
00003920:  3D 15 2F 8D F7 5A 2A B9 - 5D 5C E8 B3 4A E5 B9 E6  =./..Z*.]\..J...
00003930:  65 5C 49 EB 7A 25 B6 B3 - 8D 24 A8 B9 63 2A D2 65  e\I.z%...$..c*.e
00003940:  4E 92 F9 AF 2C 54 8A FA - EF 62 8A B6 21 0D CA 03  N...,T...b..!...
00003950:  5C FE E5 50 3D F7 61 34 - 32 F1 6F 5A 8B 93 A4 62  \..P=.a42.oZ...b
00003960:  B5 57 1A 63 EB 75 2B AC - 20 A6 2A 22 86 4D C5 02  .W.c.u+...*".M..
00003970:  31 BD A6 5C 9C 7A 6F 29 - 0A 24 EF FC BF E5 2D 9B  1..\.zo).$....-.
00003980:  6E AA 87 AB E6 49 1C 1F - 7D BF 0C A5 D9 BE 83 58  n....I..}......X
00003990:  D9 7E 33 CE 90 51 D9 EB - 8B AB 9A 04 5F 0E AF 59  .~3..Q......_..Y
000039A0:  F2 72 F8 48 05 CB 9D B7 - 5A 45 67 E3 F9 E1 30 B5  .r.H....ZEg...0.
000039B0:  9B 20 17 A1 80 27 71 9A - B0 F2 AD FA 25 E6 91 2F  .....'q.....%../
000039C0:  DB 4D 2E 97 91 CE FD 18 - B7 4C F4 2D 85 2B 90 7E  .M.......L.-.+.~
000039D0:  68 8D A1 88 E2 9F 28 41 - 40 77 D3 B9 28 8B BB A8  h.....(A@w..(...
000039E0:  75 2B BD 9D 92 AF 5A 6D - DF B4 46 D6 6D BB 90 28  u+....Zm..F.m..(
000039F0:  DF C7 7A E2 11 88 A2 80 - F6 F2 2B E4 A6 94 08 E6  ..z.......+.....
00003A00:  76 C0 9D 10 E8 FD E8 64 - D6 AA 14 80 41 C2 4E 99  v......d....A.N.
00003A10:  77 22 A8 89 C7 E8 1B F7 - FE 9D EF FC 07 FD 6E CF  w"............n.
00003A20:  6F C0 F0 33 F7 38 23 E9 - C8 C7 4B C4 F3 36 6D 1E  o..3.8#...K..6m.
00003A30:  5D 39 25 CE 1F CF 6A 95 - E0 4E B3 AF 6E 1B 43 21  ]9%...j..N..n.C!
00003A40:  29 BE 0B 7B 2D 34 F9 57 - B0 4B 00 EE 81 04 61 3E  )..{-4.W.K....a>
00003A50:  BA 45 11 72 98 7E 20 D2 - AE E6 50 92 A9 92 09 64  .E.r.~....P....d
00003A60:  4E E6 2D 50 D5 AE 07 20 - 8D B4 9D 68 D1 FD 73 3C  N.-P.......h..s<
00003A70:  4A CE 92 AB 69 CB 5A D4 - 34 C6 5D 70 04 3A 3D FB  J...i.Z.4.]p.:=.
00003A80:  AE 37 81 82 BE FF FC AF - D0 2F E6 C6 32 FB 3D 3D  .7......./..2.==
00003A90:  1B F0 1B 95 E1 BB 0B 36 - EB 80 BE 02 19 FF 23 61  .......6......#a
00003AA0:  00 C6 15 87 4B 09 81 E9 - 3C 2D AF CA E2 95 ED 9B  ....K...<-......
00003AB0:  EF 5F 43 5A A2 09 7D A0 - B8 3A A0 D1 13 C2 3E CA  ._CZ..}..:....>.
00003AC0:  69 55 F0 88 16 02 A9 A9 - 7D 2E C7 23 8E 7C 04 6A  iU......}..#.|.j
00003AD0:  B6 65 28 26 9B 87 97 AB - 7E F7 AE 5E EC CC 70 79  .e(&....~..^..py
00003AE0:  67 D5 F7 C7 67 4D 7D 92 - F6 A5 9B 92 90 BB 20 15  g...gM}.........
00003AF0:  24 76 7F 6B 40 EB 09 DB - 81 2A E4 1A 90 0C 0A 6E  $v.k@....*.....n
00003B00:  49 E0 89 6A 1B E6 CA D9 - 06 94 22 1C 80 81 10 74  I..j......"....t
00003B10:  07 96 EA 03 68 65 C7 19 - BB 52 92 00 2C 15 3E 80  ....he...R..,.>.
00003B20:  C5 1B 71 A5 A9 BE 41 91 - 77 D3 E2 F5 93 F8 FC 43  ..q...A.w......C
00003B30:  AC D9 5A 69 8F 42 3C B4 - AA 26 20 C5 32 F4 38 11  ..Zi.B<..&..2.8.
00003B40:  44 91 9A 99 A1 BF 09 80 - 44 69 C3 D2 38 54 BC 68  D.......Di..8T.h
00003B50:  14 74 B1 1F 23 88 5F 41 - DB 70 22 BE DC 3C B7 8B  .t..#._A.p"..<..
00003B60:  DE 3A E1 10 F9 2A 2F 4F - 84 A7 D2 60 B5 5A FE DB  .:...*/O...`.Z..
00003B70:  0A 9A 18 B2 08 39 03 F3 - 31 24 0D 80 1B CC BF 5E  .....9..1$.....^
00003B80:  9E 66 EA 03 41 9A F9 44 - 14 B6 22 7C 27 4F BC 30  .f..A..D.."|'O.0
00003B90:  27 28 1D B9 89 4A 81 83 - 64 92 5D D8 5E AB 5E 42  '(...J..d.].^.^B
00003BA0:  84 E0 8F 7E 36 07 8A 90 - B1 DB BC 73 AB 1D 9C 07  ...~6......s....
00003BB0:  01 A9 E9 54 F1 F4 4D C1 - 5C 39 7E 29 31 71 5F C8  ...T..M.\9~)1q_.
00003BC0:  AB 17 0F D0 8A 4F 61 01 - 6B 06 38 7B 80 6E 7F 56  .....Oa.k.8{.n.V
00003BD0:  98 25 E9 38 7B 4A E6 04 - FC 23 10 74 95 05 AB 6F  .%.8{J...#.t...o
00003BE0:  09 96 A6 DB 7D 4B CA 89 - 7D 51 21 CE A6 1C A8 6D  ....}K..}Q!....m
00003BF0:  14 02 79 D0 81 7A 38 13 - DB 28 F1 F2 FD 62 FC 68  ..y..z8..(...b.h
00003C00:  D5 05 93 5B 82 0E 7B CF - F8 30 DD B2 C0 51 3D 34  ...[..{..0...Q=4
00003C10:  85 4F 8B 3F 65 16 9D 15 - 2F FB 97 38 5F EA 31 1D  .O.?e.../..8_.1.
00003C20:  C3 B0 32 80 4D E4 70 25 - 42 6A 7C 6A C6 30 27 34  ..2.M.p%Bj|j.0'4
00003C30:  7C 39 47 9B 48 3C 99 44 - 0A 96 BA 70 DC B5 99 CA  |9G.H<.D...p....
00003C40:  D2 36 1F 4D 41 58 44 3D - A6 36 44 EA D0 A1 4C 6C  .6.MAXD=.6D...Ll
00003C50:  24 9D 07 56 AF F9 E6 D8 - F9 9A AB 7F F1 2F C0 F3  $..V........./..
00003C60:  21 DB 76 00 AA DF F8 40 - 62 02 79 15 2E E1 31 5F  !.v....@b.y...1_
00003C70:  F7 75 EC 71 4F 09 B5 B2 - C1 C4 32 56 3A DB 0C F2  .u.qO.....2V:...
00003C80:  7F E5 EF 5B C6 82 FC 69 - 5D 45 D8 ED BE F4 4E 87  ...[...i]E....N.
00003C90:  17 A6 AD C0 17 27 ED 79 - F1 DF AB 9E 89 7C 97 6F  .....'.y.....|.o
00003CA0:  6F EE B9 40 D5 55 6F 37 - 9F 3C 34 FB 53 40 17 2E  o..@.Uo7.<4.S@..
00003CB0:  5F D4 5C E5 B7 1B F3 3F - 08 5D 0C 09 C6 6D 49 D3  _.\....?.]...mI.
00003CC0:  A2 8D 32 D4 54 95 7A 1E - 9F C7 76 0A 64 E8 28 09  ..2.T.z...v.d.(.
00003CD0:  88 E7 B0 F6 92 7D 44 E9 - 08 CA 03 BF 9A 53 E2 FC  .....}D......S..
00003CE0:  8E 5A C6 AB D0 14 E3 0D - D4 B2 4A 06 92 11 11 42  .Z........J....B
00003CF0:  C5 17 17 1D D6 D7 AF DF - D8 9D 0F 60 83 53 46 1F  ...........`.SF.
00003D00:  87 1B 59 67 3F 45 11 92 - 95 B3 A5 96 29 F0 D2 08  ..Yg?E......)...
00003D10:  CF 5E 4A 85 33 4E CE F7 - F0 35 72 52 20 4C 1D AD  .^J.3N...5rR.L..
00003D20:  86 F0 9C 40 99 FC 7F 1F - DA 19 9D 73 85 FB B2 81  ...@.......s....
00003D30:  FD 6B F2 BD 18 C6 63 BB - 17 2D 69 0E C4 4A 87 58  .k....c..-i..J.X
00003D40:  EE D2 3E 1B FD 58 C9 E7 - 70 E5 0C 33 DB F1 26 4B  ..>..X..p..3..&K
00003D50:  FA 25 D6 F5 B9 23 38 7B - CD D0 00 7C 3A FD 9C F8  .%...#8{...|:...
00003D60:  18 04 49 52 D8 CE CB 2E - D1 2D B3 EA 59 81 85 61  ..IR.....-..Y..a
00003D70:  8C 16 79 ED FE 8C E5 9F - 95 AD 9E 76 61 AD FD AE  ..y........va...
00003D80:  B2 33 F8 9C 96 C5 4A 12 - A8 C0 F3 02 F6 35 9E BE  .3....J......5..
00003D90:  18 59 96 DE 3F 89 F5 67 - 19 E4 D7 B2 FC D6 9E 41  .Y..?..g.......A
00003DA0:  0D 20 B4 BA 28 A1 83 F6 - 17 08 D3 50 19 00 03 18  ....(......P....
00003DB0:  4E 13 68 D0 46 D9 AE B0 - 02 C5 11 C7 A2 98 99 F7  N.h.F...........
00003DC0:  F1 2D 61 7D 19 46 D6 69 - 1A 4B 94 CD E7 01 43 25  .-a}.F.i.K....C%
00003DD0:  63 DB D4 CC D8 1D F3 1B - 3A D0 FA B6 A3 B5 0C 3C  c.......:......<
00003DE0:  27 92 70 C1 2D 52 07 A8 - 7F A0 55 D3 AB F8 42 E5  '.p.-R....U...B.
00003DF0:  8A 4D BD 0C FF 9D DD F3 - 08 DD A9 01 C1 C5 0F 3A  .M.............:
00003E00:  73 C8 E0 B3 D4 5F FC DC - D4 FF CB 88 DA 44 1E 50  s...._.......D.P
00003E10:  4A 5A 79 65 3A E6 7D A5 - 84 4F C9 CC 45 52 CC 79  JZye:.}..O..ER.y
00003E20:  8F 4C 31 E4 F0 93 FB A2 - A1 2A 25 41 51 81 02 C6  .L1......*%AQ...
00003E30:  F9 02 0B AD 83 69 88 FA - DE 6F 87 86 BF DD 1B D3  .....i...o......
00003E40:  BD 41 2C FB E6 FE F2 4D - F1 EF FD FE 41 28 00 C8  .A,....M....A(..
00003E50:  C1 6E 04 68 7D 48 C4 CF - C9 92 62 AC DF 94 0C 3A  .n.h}H....b....:
00003E60:  E1 68 56 FE 21 96 93 FB - 3D 8C 94 44 27 C3 5C F2  .hV.!...=..D'.\.
00003E70:  E3 0A 2C E0 ED 2B EE D8 - 8C 9F 58 15 9A AE 83 E1  ..,..+....X.....
00003E80:  C1 98 06 4A 31 7A DE 56 - 82 74 A5 4A E3 AF C9 39  ...J1z.V.t.J...9
00003E90:  8D 0F 77 CA 6F 1F A5 C6 - 4D 65 A0 59 F2 3A 4B 70  ..w.o...Me.Y.:Kp
00003EA0:  30 2B 1C E4 45 18 93 1D - 52 8E 50 9B 2C 47 AC D4  0+..E...R.P.,G..
00003EB0:  4D 1E 30 6F 83 3B 46 4A - 38 88 44 48 0F EF F5 34  M.0o.;FJ8.DH...4
00003EC0:  69 48 49 8E 5C 28 13 13 - D9 DD 70 39 92 D6 D1 BB  iHI.\(....p9....
00003ED0:  5C C3 16 D4 BE 2A D6 9E - E7 D2 EB E9 16 F8 42 4C  \....*........BL
00003EE0:  E9 80 09 B8 DA 69 79 0A - 05 3B 38 40 C5 4C 32 FA  .....iy..;8@.L2.
00003EF0:  E7 C1 2E F0 8D 85 D4 E2 - 65 24 CC 51 69 95 4C 7D  ........e$.Qi.L}
00003F00:  67 7C 30 B2 29 9E 4F 0D - CD F3 F5 A3 F2 A7 3B 67  g|0.).O.......;g
00003F10:  8D 9A 68 98 D1 99 A3 63 - 1B 98 F1 DB E9 33 C4 90  ..h....c.....3..
00003F20:  06 98 EC 3D 25 17 D6 21 - C4 36 2E 27 9B 83 2B 5B  ...=%..!.6.'..+[
00003F30:  F9 93 DD 59 41 9B F2 65 - B3 43 DD 95 C5 C8 E9 ED  ...YA..e.C......
00003F40:  41 A1 6D 8B 5C 17 EC 5D - F9 F7 D3 83 40 97 2D E6  A.m.\..]....@.-.
00003F50:  DA 77 30 2D 0A 5D D6 C0 - 55 67 B1 C1 7A 0D 78 80  .w0-.]..Ug..z.x.
00003F60:  F0 3F 63 34 51 EE 30 68 - 19 56 3A A1 6F B4 69 1E  .?c4Q.0h.V:.o.i.
00003F70:  14 D6 8D 74 DB C5 69 E7 - 76 E0 C8 9A 19 55 2E D6  ...t..i.v....U..
00003F80:  28 60 C8 0C 28 24 94 F3 - E6 D3 0B 2C 2E 47 E4 72  (`..($.....,.G.r
00003F90:  2E ED 7F 3E 18 1D 8B 81 - A4 03 84 04 9D A1 D1 44  ...>...........D
00003FA0:  82 5F C2 F2 2F C1 9C 46 - 09 32 3B 67 46 FD 6D BC  ._../..F.2;gF.m.
00003FB0:  16 E7 20 04 DB 5C 7C D2 - 8F 4C E4 FF 68 F6 18 74  .....\|..L..h..t
00003FC0:  93 F8 C1 28 A8 3C 94 F5 - B8 2B 93 FB 02 9F 13 21  ...(.<...+.....!
00003FD0:  98 A3 6C D3 38 60 AB 92 - 8D F1 79 76 86 0E 98 50  ..l.8`....yv...P
00003FE0:  E7 6D 3B 9F 3B A8 D0 7B - EE 65 40 36 CD 16 8F 8F  .m;.;..{.e@6....
00003FF0:  54 3F 4F 07 06 E3 9F 65 - F9 EC A1 1F 51 42 B8 E3  T?O....e....QB..
00004000:  78 20 8A C6 A7 09 9D 12 - 7E D0 6F A2 A1 52 C3 2C  x.......~.o..R.,
00004010:  9B C3 4D 0A 1F 5E 26 6E - 55 55 CD C6 2D 7A F6 F3  ..M..^&nUU..-z..
00004020:  61 3F D7 3E 5A 14 DA 27 - 1F C7 06 7B 72 9D 57 56  a?.>Z..'...{r.WV
00004030:  4E CB F3 A6 4E 28 7C EF - 75 31 F3 28 CD E9 EB D5  N...N(|.u1.(....
00004040:  69 3B 03 E3 85 16 32 93 - EC 86 10 80 6D 26 28 0F  i;....2.....m&(.
00004050:  CC BC 49 83 58 21 37 78 - 9E 76 D6 7B 84 B1 F9 2F  ..I.X!7x.v.{.../
00004060:  A0 51 91 2F 40 12 CD 17 - 56 A6 FB 69 66 5E EA 55  .Q./@...V..if^.U
00004070:  1E CA A4 EF 6B BA 96 7D - 25 7B 85 AC 42 07 30 C4  ....k..}%{..B.0.
00004080:  F7 86 89 BF E4 9C F9 20 - 56 69 E2 94 29 A5 40 39  ........Vi..).@9
00004090:  34 73 7E AD 44 9B 28 D6 - DB A7 46 DB B4 8F FD 8C  4s~.D.(...F.....
000040A0:  5F DA 43 3E DF 4B 09 F0 - 6C FB AD 80 60 C5 D5 00  _.C>.K..l...`...
000040B0:  CE E0 3F 2C 18 95 67 BC - 5D BC CE 7D 06 7D 68 FF  ..?,..g.]..}.}h.
000040C0:  DA 63 01 24 E5 B9 83 CD - 9B 44 2D 45 F4 76 F8 B9  .c.$.....D-E.v..
000040D0:  D0 4B 66 67 30 E6 CD 6A - 40 2F 4E 89 E7 03 F0 E0  .Kfg0..j@/N.....
000040E0:  45 AB F3 01 2A 70 33 D3 - C6 3B 85 86 87 02 E2 28  E...*p3..;.....(
000040F0:  DA 42 E1 F3 DE 8E 80 FB - 2F EB CB B6 D3 AA 19 D2  .B....../.......
00004100:  66 47 0C 61 69 B2 B5 E9 - E8 98 FD C1 63 B6 76 9D  fG.ai.......c.v.
00004110:  A7 2E BF D9 78 C4 27 B7 - 92 7D AA 89 FD 77 30 FB  ....x.'..}...w0.
00004120:  31 77 C8 7A BD 48 BF B3 - DE 0F BA C1 27 74 A8 DF  1w.z.H......'t..
00004130:  06 D7 4B 6F A2 A6 51 04 - 9C DA DC 27 95 07 A7 B5  ..Ko..Q....'....
00004140:  70 3E 00 1A 47 EE 18 92 - BC 88 1A 1E 5A 7F 88 2F  p>..G.......Z../
00004150:  81 54 BD 98 07 7C 2F 05 - 43 9A 3B EB B7 DA CF 06  .T...|/.C.;.....
00004160:  A4 D2 4C AB E7 D4 F2 8D - 9A FC FB BE BA D6 03 3D  ..L............=
00004170:  CA 6F 97 BC 89 37 72 6F - 5B 6E 07 C2 22 AF 15 1E  .o...7ro[n.."...
00004180:  84 4B C9 E6 14 08 AC 55 - 03 34 5A D9 EE 1D DE 29  .K.....U.4Z....)
00004190:  96 22 4A 21 90 CD 19 AD - 2E 2F EB 67 D0 E3 59 C0  ."J!...../.g..Y.
000041A0:  F4 AB 39 44 7D 50 E3 AE - 3E C0 48 50 8B 76 94 12  ..9D}P..>.HP.v..
000041B0:  4F 9B 15 63 27 48 45 5C - 67 1A 79 D4 59 7B 11 59  O..c'HE\g.y.Y{.Y
000041C0:  61 B5 CA DD 08 28 A9 F0 - 92 08 7E 31 32 96 63 37  a....(....~12.c7
000041D0:  B4 9B F8 76 EF 6D 1C 34 - 44 90 21 7C A1 A1 A5 42  ...v.m.4D.!|...B
000041E0:  27 28 4C 00 02 CC 31 27 - AD 2B 04 56 BF A8 71 E9  '(L...1'.+.V..q.
000041F0:  6C D1 D3 C5 8E 3E D8 31 - D9 88 79 0D CC E6 D4 D5  l....>.1..y.....
00004200:  41 9A 1C DC 2E 42 4B B2 - 4D 20 87 CC 98 27 DF A9  A....BK.M....'..
00004210:  40 C9 98 E6 D5 A4 4D 54 - 83 2C B1 5E 35 B5 4B DC  @.....MT.,.^5.K.
00004220:  38 87 4E 76 9F AC E5 89 - 14 BB A2 C5 E0 1F 37 C8  8.Nv..........7.
00004230:  09 27 4B 23 D5 66 0D FF - FC C1 EB A4 79 30 47 4F  .'K#.f......y0GO
00004240:  5B F7 5E 41 64 52 5F 58 - 46 0C 2E DE AF E7 59 FB  [.^AdR_XF.....Y.
00004250:  2B F8 4E E9 ED 6D 55 FF - 15 72 DF 92 BD EB 09 27  +.N..mU..r.....'
00004260:  A5 31 BD 5C D2 D8 28 FE - 55 FB 31 0C 62 57 85 E2  .1.\..(.U.1.bW..
00004270:  8C 2D F1 6E 52 E4 35 31 - 83 69 BE B2 09 A6 66 55  .-.nR.51.i....fU
00004280:  7E CC AE D2 E3 68 C3 C8 - 6D 2E 1F D1 52 FF F4 9C  ~....h..m...R...
00004290:  69 D8 90 5E E2 28 7C 2D - A9 EE 3E C3 A9 6D 56 03  i..^.(|-..>..mV.
000042A0:  25 2C 33 39 E3 CE 52 7A - 30 FD C3 01 C7 62 D4 FA  %,39..Rz0....b..
000042B0:  26 4E 07 82 FA 4B 3B 5D - DD 5C 19 9E 55 BE D5 DA  &N...K;].\..U...
000042C0:  AC B0 F2 8A AD FE D0 17 - 39 02 6B D5 E6 A5 3B 3F  ........9.k...;?
000042D0:  ED 4D 3A F2 63 61 39 8F - 62 C2 8D 73 A1 78 4B 5F  .M:.ca9.b..s.xK_
000042E0:  8F 9E 82 D2 EE C3 AA 09 - F4 F0 94 E3 66 63 0B BF  ............fc..
000042F0:  22 24 A2 AD 8D A3 C4 F6 - 56 33 89 7D 0E EF 51 83  "$......V3.}..Q.
00004300:  35 A6 CA A9 EF 47 44 83 - 7E 9B 80 72 73 BB 89 FF  5....GD.~..rs...
00004310:  BA 8C A8 A7 56 E2 A8 09 - EA B4 54 3C E1 31 8E 39  ....V.....T<.1.9
00004320:  84 B4 06 57 64 B8 36 AD - 16 1C F4 1F 91 CC 2B 82  ...Wd.6.......+.
00004330:  C2 2D 33 51 DB CA B5 C4 - 6E 30 6A 68 9A F9 D7 0B  .-3Q....n0jh....
00004340:  A2 16 54 C1 D2 48 4A C3 - F1 62 CD 0C 69 81 D1 B3  ..T..HJ..b..i...
00004350:  3C 9A 53 4E 11 52 4E C1 - F9 D7 F0 61 11 BA A0 7A  <.SN.RN....a...z
00004360:  B7 67 82 C8 67 03 5C 74 - 76 EA 73 C9 A8 DB 9A 6F  .g..g.\tv.s....o
00004370:  0C 01 04 0A ED 5A A7 39 - BB 99 9B 52 DD 99 69 32  .....Z.9...R..i2
00004380:  4E 90 30 E5 8D 32 8E 38 - D9 10 8D FC 3C F0 D4 BA  N.0..2.8....<...
00004390:  73 C9 0A 83 15 1B 15 C3 - 7F 3C 93 22 11 E8 FB 45  s........<."...E
000043A0:  AA C3 EB 56 73 30 6D D8 - 87 83 2B 0E C7 F6 AC CE  ...Vs0m...+.....
000043B0:  11 A9 7E C6 10 A7 EB 71 - 5A D8 8E C4 22 BF 0F 93  ..~....qZ..."...
000043C0:  C0 DC D5 35 C4 4B F0 F9 - 8B CE 33 15 2F 87 8E C9  ...5.K....3./...
000043D0:  19 71 40 B9 83 89 59 46 - 9E 5F DC DC E5 06 A8 8B  .q@...YF._......
000043E0:  EE 7C 25 AA 09 6F 47 1D - 7A EA 92 FA D1 31 73 3A  .|%..oG.z....1s:
000043F0:  FE 21 CA 78 73 22 CD 86 - A0 DD 43 2F 49 7C F0 FD  .!.xs"....C/I|..
00004400:  10 EE 59 3D 75 40 F9 68 - 90 45 F9 FF 10 1D 1B E4  ..Y=u@.h.E......
00004410:  08 A5 F0 D1 A7 F0 40 6E - 42 75 78 47 9B 73 0F 52  ......@nBuxG.s.R
00004420:  65 90 EF 9E 60 AF 88 D3 - 6C 69 B8 FF 76 88 4E AC  e...`...li..v.N.
00004430:  FC 27 D5 F8 0D 3D 21 8D - D4 B4 03 6F 3C E5 62 E4  .'...=!....o<.b.
00004440:  8A 03 2E A9 77 D9 E0 A4 - 1B 03 9E 81 1D AB B6 88  ....w...........
00004450:  8D A2 82 41 3D F7 74 7C - 3A E8 7A 53 20 4A B8 85  ...A=.t|:.zS.J..
00004460:  40 F2 EC 09 CD F7 73 C3 - B3 2E 39 A5 09 33 F7 98  @.....s...9..3..
00004470:  49 7B FA E8 42 C0 3F 23 - 71 41 E5 77 21 07 6D DF  I{..B.?#qA.w!.m.
00004480:  50 AF B7 6D 27 CC 4B E0 - 7D 73 2A 94 D5 3F FB 6D  P..m'.K.}s*..?.m
00004490:  56 24 F5 FE E1 3D E7 81 - 07 A1 ED 3B F1 DD 71 1F  V$...=.....;..q.
000044A0:  80 F7 5C EA 76 69 D3 16 - FD 08 5C B6 FD 84 E6 D3  ..\.vi....\.....
000044B0:  5C BE 1B DB C9 BD 2A CC - 2C 36 3C 91 DC 0A C2 9E  \.....*.,6<.....
000044C0:  0E 3B B7 EE 37 CA 27 AD - 68 0C 2A 76 1A 99 3F 92  .;..7.'.h.*v..?.
000044D0:  EA A5 F5 AD 18 9A 81 47 - 73 01 C1 0A CB 6A 77 FC  .......Gs....jw.
000044E0:  DB 3C 30 DF D8 31 AF 7E - 5C EF 85 F2 42 0E 7D 92  .<0..1.~\...B.}.
000044F0:  EE 7A 34 DC 3F 2E 71 AC - 7F 0D C1 75 FC 9D 7F 6E  .z4.?.q....u...n
00004500:  7A 43 E3 83 3E 9B F6 C8 - 4B 5D 46 D4 33 66 EA 5A  zC..>...K]F.3f.Z
00004510:  18 D7 47 17 D1 FC 27 52 - AB 7E 96 E2 C9 1D A6 D0  ..G...'R.~......
00004520:  97 76 43 F5 AB FE C0 18 - 0C 15 60 0E B0 6D 74 9B  .vC.......`..mt.
00004530:  B1 0F 46 02 29 C3 82 90 - 5A E8 56 91 8A 75 6D 1D  ..F.)...Z.V..um.
00004540:  45 E4 5F CA 1A A8 99 51 - D2 71 3D A3 EC 85 32 46  E._....Q.q=...2F
00004550:  19 03 B5 31 C5 86 61 CA - 4F 0F D5 1E BA CD ED 76  ...1..a.O......v
00004560:  05 FB 12 7E 0B DF 51 39 - 88 D2 51 3C E2 D8 6D 4B  ...~..Q9..Q<..mK
00004570:  E0 4E BB ED D6 51 D5 61 - 55 B6 84 65 0E 7C 0C 34  .N...Q.aU..e.|.4
00004580:  24 80 10 01 6F CD C9 72 - 93 92 A4 57 B5 22 4F 7A  $...o..r...W."Oz
00004590:  03 36 C1 D0 CA A4 9A 91 - BE E2 F9 39 E2 0F 9E DE  .6.........9....
000045A0:  58 5A 49 62 1B D3 E3 8D - 57 40 35 D6 3E 0E B8 7B  XZIb....W@5.>..{
000045B0:  A4 1D 70 42 D7 5B BC 55 - A5 35 CD 3C 47 3D 11 D0  ..pB.[.U.5.<G=..
000045C0:  2D 01 B8 77 8F 56 8A 3B - 50 62 70 4B E9 B9 4E F4  -..w.V.;PbpK..N.
000045D0:  65 35 0E 44 CE F8 A2 88 - A4 19 D3 34 53 02 B7 4D  e5.D.......4S..M
000045E0:  CE 2B 7E E8 D9 85 01 BC - 4A CE 0D 24 3D 7B D9 98  .+~.....J..$={..
000045F0:  48 3C 53 31 39 85 97 E5 - 73 9F EE F9 EC 69 96 60  H<S19...s....i.`
00004600:  52 61 12 88 DD AC AF 18 - AD 35 00 34 50 07 DD AD  Ra.......5.4P...
00004610:  66 2E 9C C3 D0 FD 57 0C - 55 63 AC 17 59 D5 AB F5  f.....W.Uc..Y...
00004620:  EB 56 5C 1E 4C 0C 9F C8 - 4F 0F E6 C6 F5 0F 3B 06  .V\.L...O.....;.
00004630:  5F 3D 68 D1 F0 38 A9 40 - 1B DA B3 AF B4 FE ED 58  _=h..8.@.......X
00004640:  89 F2 8E 17 EA A8 D9 0D - BC 51 C4 07 C6 5B 0A 9C  .........Q...[..
00004650:  26 FB F3 93 34 AD A7 C8 - DD 28 BE D3 40 54 1B 3B  &...4....(..@T.;
00004660:  4C BE 73 D6 1E D3 4D D1 - BE 54 CE E8 ED E5 01 17  L.s...M..T......
00004670:  1D CF 9E 0B 7B 6A 22 20 - 41 B6 C4 8F 6C B9 8E F1  ....{j".A...l...
00004680:  1B EF F6 6F 60 9A ED D3 - 29 CF 6D BB 60 30 91 3B  ...o`...).m.`0.;
00004690:  AE AC 8C B8 F1 6B 48 C7 - 1E 29 C0 47 10 6F 19 4F  .....kH..).G.o.O
000046A0:  90 AA 4C 85 D9 AF 84 82 - C5 87 1A A5 24 D4 24 D7  ..L.........$.$.
000046B0:  66 63 08 00 B0 1C F2 C4 - BE 0B 42 C8 09 15 74 A5  fc........B...t.
000046C0:  46 30 EC E8 82 4D 57 88 - 99 E4 F6 F3 7E 05 1B E1  F0...MW.....~...
000046D0:  E1 93 3B 3F 9A A9 B8 78 - 76 38 8E B6 FC 5B 67 0E  ..;?...xv8...[g.
000046E0:  6D 23 A3 13 95 BE 3A 07 - FA 2D DE 2D 6B 55 F0 47  m#....:..-.-kU.G
000046F0:  83 F3 64 7B 08 24 15 61 - 70 4D F7 81 07 89 3F 6F  ..d{.$.apM....?o
00004700:  AE F7 28 35 A8 BE D0 85 - 39 D8 DC 35 55 0A 98 62  ..(5....9..5U..b
00004710:  70 F4 32 76 29 4F 29 2A - A8 09 51 A3 28 F5 5E 85  p.2v)O)*..Q.(.^.
00004720:  D3 E5 4E 56 CF 65 93 3A - D3 8D A3 52 0A AE 81 E3  ..NV.e.:...R....
00004730:  ED DB 24 80 54 F6 47 98 - 9C 33 4E 60 09 0A 84 E0  ..$.T.G..3N`....
00004740:  B1 45 FC C7 E0 64 C1 DA - FC 2F B3 50 0E 9E 45 FE  .E...d.../.P..E.
00004750:  5D 41 0B 7B 97 76 30 C0 - E7 A9 92 26 EC 1E 07 A7  ]A.{.v0....&....
00004760:  8F F2 A3 BC 8D D2 7D CC - CB BD 3F 6E 3A 1B E8 19  ......}...?n:...
00004770:  FB F3 61 3D 54 3C 2D F2 - B3 F6 85 2A 4A 00 6F 33  ..a=T<-....*J.o3
00004780:  9D 15 68 F4 92 3D FF E3 - 3F BB F3 9B 58 1A 8E 33  ..h..=..?...X..3
00004790:  86 11 C7 50 5A C0 B3 FB - BB 7D 6F C2 70 85 A7 BF  ...PZ....}o.p...
000047A0:  81 5F 76 17 72 B7 82 CE - 99 4D F7 0F C1 49 30 68  ._v.r....M...I0h
000047B0:  1F E3 F3 12 B7 3A 1A 0C - D2 E6 58 2E 72 DC 89 10  .....:....X.r...
000047C0:  07 94 14 E1 38 B9 2C 82 - AA B8 9C 87 DC 84 4D 4F  ....8.,.......MO
000047D0:  49 94 5C D7 45 93 3C B4 - 43 13 D9 D0 09 92 4F 0B  I.\.E.<.C.....O.
000047E0:  60 DD 9E 7F 55 3D BC E4 - 97 8C 40 A3 4E 97 CF 0D  `...U=....@.N...
000047F0:  6E 8C 13 37 FC 4C 28 93 - A3 61 E5 DC C3 A4 F5 B7  n..7.L(..a......
00004800:  F4 D1 A5 49 99 6A 5B AE - 53 5F 6B C8 81 B5 1C C9  ...I.j[.S_k.....
00004810:  89 98 55 6C 90 65 32 0B - F9 71 C7 22 BE 78 4A 40  ..Ul.e2..q.".xJ@
00004820:  8F 31 3E 0C 6B FF 5C 4C - 49 9B 9C D7 82 7C 97 F2  .1>.k.\LI....|..
00004830:  27 69 78 CD 85 6B C2 29 - B6 E5 7D B1 11 D7 00 E8  'ix..k.)..}.....
00004840:  BA AE 8C B6 B5 C9 27 03 - 7F 23 B7 7A 24 AB DA 71  ......'..#.z$..q
00004850:  C5 5D 39 63 02 5C 7D F4 - DE F4 F6 CC E3 C9 A4 D0  .]9c.\}.........
00004860:  CC E3 AD F8 77 80 4C C9 - 9F EA 4E 39 D9 87 32 7B  ....w.L...N9..2{
00004870:  E7 BF 4F DF A3 DF C1 DD - 2B 7D 7D 3E 07 FA 36 6D  ..O.....+}}>..6m
00004880:  CF 56 8F 41 85 07 80 AF - 77 D2 9A BC C5 2A 00 44  .V.A....w....*.D
00004890:  47 C2 A1 5E 03 C9 90 11 - 8F AC 9B 7E 19 05 66 F7  G..^.......~..f.
000048A0:  79 CF A3 47 C9 59 71 BD - 3E DC 9F DE 56 93 F1 AA  y..G.Yq.>...V...
000048B0:  ED 14 14 45 B8 CA 48 9D - 47 F8 4B AF 20 E8 9E 78  ...E..H.G.K....x
000048C0:  2D 03 71 96 7B 9A A0 0A - DF 4B 8B F5 61 BC AD B7  -.q.{....K..a...
000048D0:  C5 F4 8B 93 3F D4 36 F5 - F3 EF F5 21 BF 76 93 A3  ....?.6....!.v..
000048E0:  36 82 97 63 F6 C5 BE 17 - FC 8F 0E 5F AE 41 BF 61  6..c......._.A.a
000048F0:  84 69 B3 5F 2B 57 23 A2 - BC 4C 86 B2 A3 3E 10 85  .i._+W#..L...>..
00004900:  3F 5E 8B 3C 45 16 3F 84 - 8E 7E 64 10 CC 82 2B 26  ?^.<E.?..~d...+&
00004910:  4F 06 E0 FB 72 B1 24 83 - D8 3B B0 7D 82 29 08 64  O...r.$..;.}.).d
00004920:  8B 79 38 DD 16 3B 70 BB - 52 4E 82 C0 B9 51 6A 45  .y8..;p.RN...QjE
00004930:  53 87 BF FF 57 C7 A9 D0 - 2D 6F 9E 5F DB CC 05 90  S...W...-o._....
00004940:  9C B8 52 03 FA E3 2C 18 - 96 F2 43 9A 1B FA 02 1A  ..R...,...C.....
00004950:  F4 46 F3 18 5A BC 6D 56 - E8 4D 45 C6 95 1B 4F E4  .F..Z.mV.ME...O.
00004960:  C8 68 B1 88 54 CF E8 30 - 91 91 EE 22 08 EB F7 DD  .h..T..0..."....
00004970:  1D 4F B5 71 BA DD 14 BE - E8 3C 0F AC 27 08 78 EB  .O.q.....<..'.x.
00004980:  1E 8B D8 53 5F EF 30 49 - 6D 67 E3 30 95 18 A8 42  ...S_.0Img.0...B
00004990:  C1 20 CA DC 20 F0 F2 B2 - 6A 9C F8 80 84 85 23 89  ........j.....#.
000049A0:  00 E7 4B 04 F6 57 14 FE - 57 D2 E3 D7 FB 2E 51 BE  ..K..W..W.....Q.
000049B0:  16 CB 9F AA E6 66 CB 0D - B6 99 9E 5D 9B 65 FD DA  .....f.....].e..
000049C0:  D4 63 A8 62 AE 62 F8 C6 - E9 56 79 C7 1A 6B BD F4  .c.b.b...Vy..k..
000049D0:  D5 11 62 DC 53 0E 18 C1 - 61 D2 02 37 DB B3 05 7B  ..b.S...a..7...{
000049E0:  39 4E FC 42 5E ED 75 C0 - 88 BA 58 02 40 56 F7 35  9N.B^.u...X.@V.5
000049F0:  C8 17 33 FF 15 2F C7 F5 - CD CD C5 E5 DF 76 AD 53  ..3../.......v.S
00004A00:  10 B6 93 AC CB 1F AB C9 - 21 FF D7 2B 2E 68 02 B1  ........!..+.h..
00004A10:  5A 69 06 6D 6B D0 74 EF - 40 AA B9 B8 DA AA 86 78  Zi.mk.t.@......x
00004A20:  3C C1 F1 B6 2C 78 91 F4 - EB 8A 4B 62 9D 61 C6 E0  <...,x....Kb.a..
00004A30:  F9 F4 02 18 E5 FF 04 97 - B3 2B B2 E9 39 74 49 44  .........+..9tID
00004A40:  78 D1 61 16 99 BD 83 AD - F1 6B 8A 81 18 ED A8 D3  x.a......k......
00004A50:  FF 58 91 60 D9 40 EF 39 - 94 77 FA 30 75 6B 68 06  .X.`.@.9.w.0ukh.
00004A60:  77 04 79 F7 83 35 C0 58 - 98 6F EC 70 9B D5 F2 18  w.y..5.X.o.p....
00004A70:  29 89 1A D0 D5 48 D6 F4 - 4B B1 83 A1 32 9F 47 6A  )....H..K...2.Gj
00004A80:  56 28 06 F0 1D 9D 41 CF - B7 78 C2 89 C5 78 7F C5  V(....A..x...x..
00004A90:  F3 C7 2B 79 2E B7 10 1D - E9 93 B5 12 8C 90 15 A4  ..+y............
00004AA0:  8F 75 60 D3 A4 2C 4E 5B - DB F7 A5 43 AA AD 75 EF  .u`..,N[...C..u.
00004AB0:  6C 2F B2 06 4C 59 8C 4A - 72 EC 41 68 DB E3 DB AF  l/..LY.Jr.Ah....
00004AC0:  77 E5 CA E5 DA 6F 03 1B - 9F 47 1D 24 53 89 99 4C  w....o...G.$S..L
00004AD0:  24 00 C4 76 0A 21 17 F2 - F2 9B 71 BF F3 01 A1 A3  $..v.!....q.....
00004AE0:  98 8C 6B 99 94 53 80 3F - 3D 6F 3D 8A 67 B6 FB 3C  ..k..S.?=o=.g..<
00004AF0:  82 C6 BA 45 B0 B5 32 90 - 64 6D D4 0A E7 EC 62 A3  ...E..2.dm....b.
00004B00:  16 4F 1A CE 72 6E CB 18 - 50 17 A7 63 E5 C8 BB 20  .O..rn..P..c....
00004B10:  E0 0D C9 05 3E 3F 6E 23 - 09 2A 1F 30 F0 4A 41 C3  ....>?n#.*.0.JA.
00004B20:  17 CA 24 9D B0 1A 6B E3 - 86 BC 05 AF EF 2D 4A A3  ..$...k......-J.
00004B30:  B0 A8 60 EF C7 96 CC A3 - EE B5 F1 E5 1F 74 13 E6  ..`..........t..
00004B40:  2B 3E 61 51 64 F9 AC 0D - AE AF 6B 64 BD 13 A3 36  +>aQd.....kd...6
00004B50:  91 76 42 25 B8 F9 A4 28 - 73 7A 9D 79 52 22 91 86  .vB%...(sz.yR"..
00004B60:  F6 86 35 CB 99 40 6D C9 - 58 81 E6 7B A5 A7 08 3F  ..5..@m.X..{...?
00004B70:  EC BF 2A 73 C8 78 7E 27 - BD 41 22 9D 21 9F 2E 1C  ..*s.x~'.A".!...
00004B80:  60 A3 ED DA 94 1E FF 13 - 09 7D 19 72 31 48 55 03  `........}.r1HU.
00004B90:  7C D9 32 99 19 AE 10 0B - 4C 4C 6C E6 21 3C 8C 06  |.2.....LLl.!<..
00004BA0:  58 60 E9 35 A3 96 D4 CD - 98 47 11 E8 EB 59 31 F7  X`.5.....G...Y1.
00004BB0:  1D 32 45 D7 E9 EC 59 45 - 6E EF B6 DE 61 9E 72 11  .2E...YEn...a.r.
00004BC0:  6E 51 EA DE 55 CE F2 0D - F7 B8 1C 8A B0 CB B7 3A  nQ..U..........:
00004BD0:  F2 3B 8B 06 78 15 54 6C - D3 5D 4D FF 4E C8 58 37  .;..x.Tl.]M.N.X7
00004BE0:  2D 2F 11 7C 65 DB 1C E9 - 8E 60 18 D4 86 7F C4 98  -/.|e....`......
00004BF0:  8E C9 B1 F3 53 19 79 84 - 73 2F 16 46 25 A1 5A C9  ....S.y.s/.F%.Z.
00004C00:  13 0A 50 10 CD 98 2E 76 - 94 CC 3F D1 75 64 AD F0  ..P....v..?.ud..
00004C10:  09 50 0B FD DD AC 4C 62 - DC 27 FE 0E C6 C8 8B 51  .P....Lb.'.....Q
00004C20:  97 75 30 20 12 DB 77 0F - 68 CD 67 D3 3F 55 E4 99  .u0...w.h.g.?U..
00004C30:  B0 F2 58 22 D2 A2 A8 FE - 28 A3 C8 8F 88 40 60 F5  ..X"....(....@`.
00004C40:  17 28 E4 97 08 56 0B CB - 44 5B C2 73 1C 38 4F E8  .(...V..D[.s.8O.
00004C50:  67 9F 22 08 53 DE 7E 09 - 19 21 47 42 39 B1 80 FA  g.".S.~..!GB9...
00004C60:  39 A0 46 6A 64 1F 6A BB - 0D 49 37 3F 74 BC FB 12  9.Fjd.j..I7?t...
00004C70:  78 DD FB 26 A2 9C 39 70 - B6 0D 2B 8E 9C EB EB 3B  x..&..9p..+....;
00004C80:  71 01 FE 7F 24 10 CE 28 - 92 47 EB D3 7E AE 0F 30  q...$..(.G..~..0
00004C90:  97 51 F5 B0 86 C7 7E 4C - 32 DD 1A 3A D3 E5 17 52  .Q....~L2..:...R
00004CA0:  36 9C 26 2F 24 68 05 40 - 8D 6A 42 A6 8D 90 84 D7  6.&/$h.@.jB.....
00004CB0:  FA 46 E3 3F 75 5A FC 67 - 7B 89 82 06 0C F1 57 FC  .F.?uZ.g{.....W.
00004CC0:  40 DF 9E DB 1F AD 77 30 - 7E 74 39 AB 8E F6 C1 29  @.....w0~t9....)
00004CD0:  C5 A1 2E 3A BF 6A B0 9F - 37 CE 2A BD 5A 73 03 D3  ...:.j..7.*.Zs..
00004CE0:  2C D2 58 CA 61 76 8D 9A - 76 27 8E 8A 1C F2 E7 6A  ,.X.av..v'.....j
00004CF0:  AB 10 30 C0 A1 13 C6 A7 - E2 72 3D 58 8D A0 3D CD  ..0......r=X..=.
00004D00:  35 6C EB A1 1B 0C 6B DA - D4 9B CC 12 74 97 43 78  5l....k.....t.Cx
00004D10:  F3 78 6D FB 12 80 58 16 - F9 27 5F 36 1C 9D A8 51  .xm...X..'_6...Q
00004D20:  39 5C 92 F9 13 B5 19 5A - 3B 82 FB 66 69 AB 45 A5  9\.....Z;..fi.E.
00004D30:  D7 29 38 62 A3 99 AC 12 - 1B BB C3 E1 DC C0 79 EC  .)8b..........y.
00004D40:  62 37 BB C9 9A 76 C0 02 - 28 12 1C 35 0E 6C 19 6E  b7...v..(..5.l.n
00004D50:  47 81 6C DE ED 8D 1D 6C - 9B 5D 6A 6A AA 62 D4 E9  G.l....l.]jj.b..
00004D60:  3E 9A DB 60 97 56 D3 24 - 71 3D D6 C9 0D 41 13 6A  >..`.V.$q=...A.j
00004D70:  18 C3 5F 45 06 38 E0 A1 - 30 33 64 98 60 2E 56 22  .._E.8..03d.`.V"
00004D80:  61 4D D4 B8 A2 6D D5 11 - 19 E8 09 79 80 30 E8 B0  aM...m.....y.0..
00004D90:  CD 7A AD 24 BE 9B 49 94 - 42 76 BB 35 2E 82 3C FD  .z.$..I.Bv.5..<.
00004DA0:  7F 30 09 A3 50 97 6E 31 - 0E 80 B5 5C 95 B9 61 4B  .0..P.n1...\..aK
00004DB0:  E5 3A 67 EF DF D2 DB 75 - 7C DF CD A3 60 A6 1E E0  .:g....u|...`...
00004DC0:  C8 B1 FA AE 90 0B F5 57 - 35 66 A6 52 AD 27 BB A0  .......W5f.R.'..
00004DD0:  1A 13 F3 BC C2 04 9C A6 - FA 3F 8D 47 86 AC D2 3A  .........?.G...:
00004DE0:  53 DF 3A 9B 28 CB 57 81 - 5E 3F AA C4 82 8C 0E 73  S.:.(.W.^?.....s
00004DF0:  F9 53 B9 93 F8 15 E7 CF - 44 15 18 B9 6C DA 96 7B  .S......D...l..{
00004E00:  2E 5D 1B 70 7D A9 9F 33 - 63 0D E0 DA 89 7E A0 4C  .].p}..3c....~.L
00004E10:  D4 09 DC E4 7D 15 5F E5 - E2 5F 65 CD 4E E0 3A 9C  ....}._.._e.N.:.
00004E20:  93 63 FA 1E A9 DB E6 E7 - 13 67 19 75 04 BC F7 B2  .c.......g.u....
00004E30:  AC 34 EE 5D AD CC 47 DF - 2E B4 D8 CF A8 34 A9 2A  .4.]..G......4.*
00004E40:  3B 4D C6 B2 13 23 89 68 - A7 3A 8F 24 6B 0B E9 C7  ;M...#.h.:.$k...
00004E50:  E3 97 DB 3B B1 CE 48 30 - A9 5F A4 1D FB E4 63 94  ...;..H0._....c.
00004E60:  6D 86 DA 9C FF E2 32 66 - 78 C2 C3 5A 7D 63 BD E2  m.....2fx..Z}c..
00004E70:  AF 95 D3 12 66 96 E0 AE - 48 BE AF 52 8A E5 86 F9  ....f...H..R....
00004E80:  0A E7 12 3A 20 6F 37 8A - 19 75 20 C9 17 5F 60 36  ...:.o7..u..._`6
00004E90:  E0 B8 BF 64 3F F2 A6 64 - 76 29 13 8C 5E 00 DA 6D  ...d?..dv)..^..m
00004EA0:  E4 C0 B7 B8 4C D6 B2 67 - CC 7C 61 21 8E 62 79 F2  ....L..g.|a!.by.
00004EB0:  96 28 20 2C 3A BF 4B 27 - C3 DA 9E 60 5F 72 2D 0C  .(.,:.K'...`_r-.
00004EC0:  E2 DE 2C 54 53 FF DF 03 - 60 83 67 BB 3D 80 34 35  ..,TS...`.g.=.45
00004ED0:  16 30 00 9D 1C 9E 48 3B - 10 32 AF 6A 33 E8 E0 B8  .0....H;.2.j3...
00004EE0:  9C 79 17 32 BA F3 AC AB - 10 46 A9 60 4B 6E 9F 6F  .y.2.....F.`Kn.o
00004EF0:  F6 0A 77 D5 49 07 88 C9 - 18 33 E0 36 E4 33 A4 03  ..w.I....3.6.3..
00004F00:  59 F0 07 88 37 65 4D 0B - E2 CE 74 9A B9 3E D1 D1  Y...7eM...t..>..
00004F10:  6A 35 A1 33 1C D4 6C 6F - DB C0 6A F2 EE C5 35 F9  j5.3..lo..j...5.
00004F20:  98 3B 38 16 04 A2 DF 86 - 98 67 7B 83 3C DE 64 1D  .;8......g{.<.d.
00004F30:  F9 A8 33 AB A2 56 AE 7B - AA A6 B1 A8 8A CE D7 FA  ..3..V.{........
00004F40:  23 82 30 63 1D 09 A8 1B - 9D 72 20 31 4E 84 71 DB  #.0c.....r.1N.q.
00004F50:  9E F3 A5 59 23 F8 92 06 - A7 65 A4 84 67 FA CB B6  ...Y#....e..g...
00004F60:  13 FF B4 3F E6 D3 2A B1 - 26 BA 77 4B 3D 88 85 6C  ...?..*.&.wK=..l
00004F70:  BC 24 F7 89 74 1A 61 E2 - 16 AF 4A C7 FD 30 AF F5  .$..t.a...J..0..
00004F80:  A3 5F F8 0D 72 93 86 80 - 7A 76 02 0F 63 7E E7 05  ._..r...zv..c~..
00004F90:  53 A3 CD B7 83 15 78 0A - 99 94 6A A8 4B E1 8A B8  S.....x...j.K...
00004FA0:  1B 9A A0 05 0F 15 89 72 - 6C 60 87 18 84 32 72 E2  .......rl`...2r.
00004FB0:  2E 99 6E EC 69 D5 D6 B9 - B4 95 D4 AC D9 CA 2D 12  ..n.i.........-.
00004FC0:  6D B0 AD F2 2B DE 57 EB - B5 91 6B A4 EC 60 70 94  m...+.W...k..`p.
00004FD0:  9B D2 64 E9 D9 3E 18 4D - 08 C3 8D 92 50 CF A9 91  ..d..>.M....P...
00004FE0:  57 62 76 91 EC 6B CF 99 - CD F1 C5 CD E1 6E AB C8  Wbv..k.......n..
00004FF0:  6E 49 BB 70 4E F9 38 69 - 02 4B A9 68 57 D8 44 89  nI.pN.8i.K.hW.D.
00005000:  A9 27 46 19 36 7F FC 14 - EA A7 26 3A 64 3F E4 BB  .'F.6.....&:d?..
00005010:  97 48 3E 04 48 D0 0A 08 - 1C 7B 94 36 4E 23 41 20  .H>.H....{.6N#A.
00005020:  F4 F3 E9 4F 52 B4 89 7F - 9C 7F 70 79 FB EB 4C 48  ...OR.....py..LH
00005030:  4C A5 31 0B 75 CC D5 62 - A7 32 33 3D 2E 3E 83 9F  L.1.u..b.23=.>..
00005040:  43 2B 55 B5 81 CB 15 F8 - 87 D7 63 AB F7 95 41 ED  C+U.......c...A.
00005050:  0F D3 28 72 9B 85 72 52 - 6F 10 04 6B 54 17 DC CD  ..(r..rRo..kT...
00005060:  D8 A2 BB 66 09 DA A1 73 - 8C A3 EA 95 58 82 E9 7F  ...f...s....X...
00005070:  52 56 A7 13 6F 3F D3 5E - 94 12 4C 83 33 FE FE 11  RV..o?.^..L.3...
00005080:  E8 3D 80 96 AA 82 9C 0F - 87 28 90 11 FB A4 33 57  .=.......(....3W
00005090:  FF B2 39 DF 7E 48 C9 EB - 5C 0D 33 30 E4 5A BD 06  ..9.~H..\.30.Z..
000050A0:  77 0F AC A5 6B CA 65 DF - 40 68 A4 8D 6F 03 B4 39  w...k.e.@h..o..9
000050B0:  E1 81 45 CE 65 39 CA 32 - 43 DA 16 20 FE 38 CE 26  ..E.e9.2C....8.&
000050C0:  FB BF F9 0F 3C 15 F2 CB - D5 A5 1A F9 F9 5A 28 D7  ....<........Z(.
000050D0:  CF AE 9F ED D6 06 35 3E - AC A5 E4 D1 A1 B4 B3 A2  ......5>........
000050E0:  F4 26 65 D3 E0 64 56 B5 - 54 2D 0C 6A DA F7 6B 69  .&e..dV.T-.j..ki
000050F0:  15 10 EA 86 E1 06 93 3D - 60 FA 9D 62 BF 9B 05 1A  .......=`..b....
00005100:  35 29 EE 64 6F 73 6F 5B - B6 6E 12 67 8F 74 42 E2  5).doso[.n.g.tB.
00005110:  E2 ED 6F 12 AE F8 9F 0D - CC 61 7A 22 8B 02 A2 AD  ..o......az"....
00005120:  77 5E BA D0 09 FE 8E 3D - 22 58 70 CC 7C 34 6A B0  w^.....="Xp.|4j.
00005130:  C3 98 DE F4 FA 86 AB 6B - BA 78 25 CD BA 90 DD 1C  .......k.x%.....
00005140:  27 A1 85 B8 93 F1 A7 D3 - D5 FD 49 8E 50 3E CD 56  '.........I.P>.V
00005150:  57 CA E3 1F 2F 5F 1B 53 - C5 D4 E8 F1 F4 1A AC 8A  W.../_.S........
00005160:  FF 2F 89 B7 68 A5 D3 F1 - 48 75 E7 B7 41 B1 52 FE  ./..h...Hu..A.R.
00005170:  6A 4C 91 39 D5 CF 82 32 - E7 99 1F 3F 09 E3 FB D3  jL.9...2...?....
00005180:  4B 89 73 8B 38 51 0C 67 - E9 55 F7 35 E4 E4 98 24  K.s.8Q.g.U.5...$
00005190:  45 5A BC F6 1F 8F 0C 99 - 09 A2 E3 64 FC F4 5C E1  EZ.........d..\.
000051A0:  00 28 C9 2B 26 5C 4F B8 - 4C 63 3D B3 9C 1D 8A 8D  .(.+&\O.Lc=.....
000051B0:  FA 5F B6 A2 CF E0 1A A8 - B3 1E 61 98 02 16 57 40  ._........a...W@
000051C0:  5F 2F 22 37 D0 E6 D2 93 - 1F 24 68 66 BA 2D CD FD  _/"7.....$hf.-..
000051D0:  09 B3 E8 D0 B1 61 68 AF - D9 52 4C 8D 4A 16 E6 31  .....ah..RL.J..1
000051E0:  B0 C2 3D 59 05 3A C8 40 - 8D A2 78 01 46 9F 23 C4  ..=Y.:.@..x.F.#.
000051F0:  60 60 D9 EE F5 A7 1F B6 - 29 B9 3B 63 ED 6F AB 7E  ``......).;c.o.~
00005200:  9A 27 42 73 7F 84 BF 0A - 04 D4 EF 7F 61 68 CA 11  .'Bs........ah..
00005210:  E9 EB 37 81 DA 0A 42 0C - C1 37 B9 1F 00 12 34 BB  ..7...B..7....4.
00005220:  D2 C2 53 8F 18 BF DD DC - 99 1A 57 2F 23 1B E2 1A  ..S.......W/#...
00005230:  74 CB 38 B5 8E A9 71 44 - 87 BF 0B 92 E0 20 E7 D9  t.8...qD........
00005240:  A5 29 CF 34 1C 38 88 8A - 48 2F C6 CD 5E 77 71 CD  .).4.8..H/..^wq.
00005250:  CB 86 3B 0B 25 29 CA 0C - 33 55 B0 DC 23 AB AD 1A  ..;.%)..3U..#...
00005260:  35 E2 B0 56 64 E3 4A 6C - C7 37 A3 4C E8 D1 22 09  5..Vd.Jl.7.L..".
00005270:  E7 E8 2E 95 EE C6 6E 51 - 7F 4C AF 81 60 71 6F 1D  ......nQ.L..`qo.
00005280:  D5 78 5F 3E DD 13 6F DD - EF 00 3A 9A C5 FB FF A2  .x_>..o...:.....
00005290:  0E 9F 7D 62 56 EE 35 D5 - A5 6B 8F E9 3C CC 59 47  ..}bV.5..k..<.YG
000052A0:  5C 9B C2 19 0B 49 83 74 - 90 7D 96 EF 07 A3 2A 9A  \....I.t.}....*.
000052B0:  FB 7B 24 4E 18 56 49 05 - FC A7 79 C1 57 2B 64 14  .{$N.VI...y.W+d.
000052C0:  E5 24 71 5C 31 D7 0E CE - 5D F0 3A F1 67 14 05 70  .$q\1...].:.g..p
000052D0:  EB 58 30 B6 4D 52 A5 DD - 5A 85 BC E6 6A AA FE D1  .X0.MR..Z...j...
000052E0:  AF 36 D7 95 77 DB 6F BC - 4F 36 B7 B0 73 85 77 10  .6..w.o.O6..s.w.
000052F0:  D8 53 09 FC D6 39 ED 76 - E9 BA 64 17 36 85 93 F9  .S...9.v..d.6...
00005300:  74 C7 FA A0 4E 3F A9 0C - 03 02 E4 EE 36 0C 8B C3  t...N?......6...
00005310:  8C AC 93 72 89 DE AD B9 - 89 10 1B 7B 16 FC 4D D8  ...r.......{..M.
00005320:  0E E4 D1 D9 C6 31 62 52 - 23 D9 84 84 47 7C B5 6C  .....1bR#...G|.l
00005330:  4B 92 35 CB BF 72 5D 00 - B1 75 C0 DD A4 D3 22 87  K.5..r]..u....".
00005340:  49 08 0C 21 06 46 61 33 - CB 5B 1E 8A C0 5F 2B C2  I..!.Fa3.[..._+.
00005350:  05 56 2A AA BF 47 E6 2A - 9C F3 6B 26 87 BC D5 3D  .V*..G.*..k&...=
00005360:  9A CD 6E 07 67 FE E3 08 - 4E 14 DF 38 59 61 D7 E9  ..n.g...N..8Ya..
00005370:  95 45 B9 17 80 F7 59 BD - 67 91 1E 7F 78 57 4D D2  .E....Y.g...xWM.
00005380:  92 89 9E 41 0F 9B B2 A1 - 76 09 FA DD 75 DE 3D 5F  ...A....v...u.=_
00005390:  B7 11 C7 C9 41 D8 2B EB - DC AC 67 AD F5 C3 83 49  ....A.+...g....I
000053A0:  87 09 2E 01 23 AF 70 6F - 53 61 09 BC 1B 2E 0B 77  ....#.poSa.....w
000053B0:  25 BA 94 3C E2 93 F9 4F - A3 55 55 51 B7 FA 96 0D  %..<...O.UUQ....
000053C0:  2E F0 EA BD 22 D1 C5 30 - CE CD 00 D0 92 9E 46 13  ...."..0......F.
000053D0:  C6 80 4F 9F E7 0E 45 18 - 89 C0 87 2F 4D 76 AA A6  ..O...E..../Mv..
000053E0:  83 BC CE C2 B1 7D 49 39 - E9 76 DD CE 6A ED BD EB  .....}I9.v..j...
000053F0:  98 5E 4B FB 5D 35 C6 F0 - 69 11 CB E6 59 18 ED B7  .^K.]5..i...Y...
00005400:  DA 9B 8C 69 8D 75 58 48 - 9D 07 08 E7 A4 0C AA E0  ...i.uXH........
00005410:  DF D3 4D 76 DD 47 34 A1 - 9B E1 EF 10 BA 44 B6 50  ..Mv.G4......D.P
00005420:  7D DD 84 E3 CB 63 BE 54 - F1 ED 98 BE 60 D4 44 C0  }....c.T....`.D.
00005430:  36 B2 70 16 BD 0D C3 41 - 06 78 76 C9 4B 32 2F 23  6.p....A.xv.K2/#
00005440:  47 7A D2 D8 0A 44 34 D8 - C0 D2 72 AD AB 99 06 D4  Gz...D4...r.....
00005450:  AE A9 06 8E 6D DC 7F 9C - E3 C9 DE 38 E6 94 92 8B  ....m......8....
00005460:  49 DB 05 72 11 98 A3 D8 - F1 B3 1A 5F 0B 5F 41 75  I..r......._._Au
00005470:  20 1A 9C 35 8C 09 48 09 - 91 24 D9 AF 28 08 D7 2A  ...5..H..$..(..*
00005480:  18 BF 4F B3 CC E3 95 89 - 10 FF 36 99 E2 97 4E 19  ..O.......6...N.
00005490:  34 6D 9F B3 8B 49 39 9C - EB 30 4F 03 AE 53 A2 28  4m...I9..0O..S.(
000054A0:  F7 D2 AA 1C 31 62 4E 2F - B0 BF AF A7 41 34 6D C1  ....1bN/....A4m.
000054B0:  BC 3B 3C 7C 0E CE C7 F0 - 88 DB 0A 70 D5 46 88 C6  .;<|.......p.F..
000054C0:  66 D7 95 77 57 AE 5B E5 - 09 55 B4 92 5C 1E AE 24  f..wW.[..U..\..$
000054D0:  0C 2C 9F 72 B9 13 F8 5D - 5E 5F 16 F2 B0 8E 5C 22  .,.r...]^_....\"
000054E0:  6A 41 F8 A3 8E 09 ED E7 - AE 29 DC DB A8 40 C8 C4  jA.......)...@..
000054F0:  70 3B 06 A3 2B 05 F5 43 - AC 50 CC 45 5F E3 4F C3  p;..+..C.P.E_.O.
00005500:  02 D3 18 63 02 93 B0 66 - C3 A4 E1 4F E9 DC D2 1A  ...c...f...O....
00005510:  DB BB D1 8B 19 D5 F8 6B - 67 17 4D FD 91 9E 1E E5  .......kg.M.....
00005520:  15 47 09 C5 B9 75 B4 2E - FE 9D C2 3F EA 62 6D BE  .G...u.....?.bm.
00005530:  6C 15 29 9F 66 1A 7B 92 - 15 E3 C8 C0 A3 C8 45 D9  l.).f.{.......E.
00005540:  00 43 A2 2F FA 14 C3 FA - EC D3 C0 FB A3 3E A0 18  .C./.........>..
00005550:  8D C7 94 0B F2 D9 C9 79 - 64 79 4D DD 49 34 E9 C4  .......ydyM.I4..
00005560:  2A A7 82 36 06 E1 06 45 - 8C A5 B5 AC F2 8D 4C F2  *..6...E......L.
00005570:  4E E3 A4 B6 31 25 A5 B4 - E2 0E 0B 1F F8 ED 28 78  N...1%........(x
00005580:  3B 02 BF AE 4E 7B AD DE - 14 6F FA 4E DA CC E4 DA  ;...N{...o.N....
00005590:  6A E1 09 E2 23 90 A6 D4 - 52 3D 17 76 8A CF 21 39  j...#...R=.v..!9
000055A0:  2A 14 78 9F 53 6A BE 1F - 7F C5 01 B3 C6 94 C4 F6  *.x.Sj..........
000055B0:  F0 51 BE FF 43 15 75 81 - BB FA 01 B7 97 2D 57 6D  .Q..C.u......-Wm
000055C0:  79 AE 1B 9A 76 4B 64 87 - B6 24 BA 0E AB 46 08 B8  y...vKd..$...F..
000055D0:  D4 45 55 75 BE 63 87 C3 - 7F 70 76 A6 DA 3B 0D 76  .EUu.c...pv..;.v
000055E0:  3E 53 0F 13 CC 85 C5 8F - 45 71 5B 2D C2 1F 8B 7C  >S......Eq[-...|
000055F0:  48 D2 1D 58 97 5A 0D 29 - 86 43 44 C1 C8 CB 6F 49  H..X.Z.).CD...oI
00005600:  73 27 AC B0 1B 67 3E D2 - 38 86 0C 0D 03 FE 50 1A  s'...g>.8.....P.
00005610:  6A 22 EB 5B AC B1 29 8E - 1C 1E 58 D6 59 4F 51 2F  j".[..)...X.YOQ/
00005620:  2B 5D A8 01 F0 E8 6C 31 - EC 26 C6 94 D1 AA ED 95  +]....l1.&......
00005630:  51 4E 39 F7 8F F2 B3 44 - 6F 1B D7 3E 2D AE D3 2A  QN9....Do..>-..*
00005640:  FE 1B 5B EB 10 9E D5 74 - 62 4B 4F B8 79 F3 DC 9F  ..[....tbKO.y...
00005650:  72 C1 89 DD 18 C8 5D 21 - F5 DE 75 B6 74 72 02 88  r.....]!..u.tr..
00005660:  55 8A 58 09 60 7A 62 E0 - 24 B3 6C E6 71 65 C3 AF  U.X.`zb.$.l.qe..
00005670:  3D D2 33 12 8D F1 47 BE - DF C6 62 CF 2A 7F 1B DE  =.3...G...b.*...
00005680:  76 8D CD 0B 82 48 69 BF - 14 F8 20 90 74 AE 75 CE  v....Hi.....t.u.
00005690:  AB 61 59 9D 93 B5 2B E1 - D8 B1 8D 90 3C 92 75 30  .aY...+.....<.u0
000056A0:  8F D8 00 68 5A CD BF 68 - D2 B8 FF 5F 1A 99 85 5B  ...hZ..h..._...[
000056B0:  7B D4 65 D1 98 3A 83 74 - 76 C7 86 50 77 88 7F D2  {.e..:.tv..Pw...
000056C0:  69 8E 5D D9 0B CB BD FD - F4 E4 0D 7B 8C A1 6A 9B  i.]........{..j.
000056D0:  38 AF 15 79 95 2A 6B CB - D9 BB CD CD F1 1D 29 11  8..y.*k.......).
000056E0:  8F 17 E2 4F 5E C5 9A 71 - 02 A2 9F 72 35 D8 1E 0D  ...O^..q...r5...
000056F0:  5D A8 E4 F2 E5 80 C0 0C - 60 84 DA 30 80 E3 B3 E1  ].......`..0....
00005700:  C5 2B 53 9E C1 71 5D 82 - 5A 18 C1 26 8A F8 28 15  .+S..q].Z..&..(.
00005710:  02 1F 91 CA DE B3 3B 78 - B3 52 2C ED C9 4D 37 6E  ......;x.R,..M7n
00005720:  91 1B 34 AB 83 89 1F 6A - EA 24 94 84 26 CC 40 EB  ..4....j.$..&.@.
00005730:  36 E4 63 B0 92 41 47 52 - EC 2F 02 D0 46 48 87 48  6.c..AGR./..FH.H
00005740:  EE A4 F1 07 F1 2C D3 31 - F6 65 D7 07 4A E6 76 72  .....,.1.e..J.vr
00005750:  E1 B3 10 F7 F7 07 4B F4 - B0 ED 10 74 4A FF 64 15  ......K....tJ.d.
00005760:  FB FA DD 96 20 72 01 CB - 3C C7 F7 62 32 0C 71 3F  .....r..<..b2.q?
00005770:  85 DC 9B 0C 64 AF 56 76 - 0F 4F 61 FC 17 B1 53 9D  ....d.Vv.Oa...S.
00005780:  63 E8 EC D1 1F 2F A3 CF - 08 0B CF D6 F1 4C 01 7C  c..../.......L.|
00005790:  03 B2 23 19 89 AF 6D B6 - D9 5E 9C 91 6F F9 09 4A  ..#...m..^..o..J
000057A0:  99 E7 E6 E6 5D 1D 92 8D - 02 79 B8 CA 0D AD 0C 48  ....]....y.....H
000057B0:  F1 0B 9E D1 2C 62 20 8C - 23 42 73 05 77 3D 43 ED  ....,b..#Bs.w=C.
000057C0:  65 A3 51 1F 24 7E DC 8A - 77 11 88 25 18 33 F5 86  e.Q.$~..w..%.3..
000057D0:  61 D3 E5 63 EE 87 91 19 - E6 A1 7B E4 B3 37 7C BD  a..c......{..7|.
000057E0:  70 9F 34 41 C3 07 67 20 - 05 82 8B 96 5E 49 82 F5  p.4A..g.....^I..
000057F0:  EC ED CB A3 10 0A E1 61 - 04 14 FE 64 E9 BD 31 74  .......a...d..1t
00005800:  2C 17 45 6E AA BA 56 15 - 10 E6 31 A1 7C 82 38 A2  ,.En..V...1.|.8.
00005810:  B9 84 91 06 2F C3 4A 71 - 77 00 78 38 88 4B 87 5F  ..../.Jqw.x8.K._
00005820:  B9 F0 E6 33 B2 16 3A 61 - 31 6C 74 60 7B 6E 2C DB  ...3..:a1lt`{n,.
00005830:  55 81 44 9B 35 54 A8 F5 - 2D F8 03 D6 15 8A 41 43  U.D.5T..-.....AC
00005840:  EB BE 53 C2 97 91 3B 6D - 81 2D 14 E6 79 DD 3C 0F  ..S...;m.-..y.<.
00005850:  76 05 1C D0 9B 89 83 B8 - 10 B8 88 88 5B 5D 69 FE  v...........[]i.
00005860:  57 91 32 DC 85 D9 84 EE - A5 23 9A 36 3E 5B F0 6E  W.2......#.6>[.n
00005870:  D0 74 7A CD 26 95 5A EA - 7E CB 43 EE B7 2C EF C6  .tz.&.Z.~.C..,..
00005880:  E4 B1 44 55 D5 AC B7 83 - 89 FB 4F 2B 4F C5 D5 5E  ..DU......O+O..^
00005890:  36 43 BC 30 23 98 CA 29 - EC D3 1B CE B0 87 3B D4  6C.0#..)......;.
000058A0:  87 72 F2 11 F5 26 94 40 - BB 6E 77 28 0D 5B 78 62  .r...&.@.nw(.[xb
000058B0:  1C 0A DE E7 01 D2 FF AB - B2 6A 6A 89 02 89 1F 95  .........jj.....
000058C0:  FB 20 57 AF F1 CC 4A 53 - 25 D5 42 4C 7B 32 29 CD  ..W...JS%.BL{2).
000058D0:  32 63 AB 98 0E 87 5E AB - 9C EB 38 3D CE 12 1C 1A  2c....^...8=....
000058E0:  44 0A 46 D9 24 48 AD 5E - D4 2E B3 8C 8B 74 B9 89  D.F.$H.^.....t..
000058F0:  85 25 14 A2 66 A2 2B 23 - 06 3D BA 20 CE 19 9D E4  .%..f.+#.=......
00005900:  C1 10 C3 E1 E3 55 B7 1F - 43 25 CF 69 D3 89 7F 43  .....U..C%.i...C
00005910:  8E 0B DD 40 0E DD C6 C8 - 73 D3 62 E6 3C E7 AB 7F  ...@....s.b.<...
00005920:  82 A1 2F 39 07 8A 89 D2 - 3A 00 8D 1D 1D D1 CB 3F  ../9....:......?
00005930:  E3 F2 A0 28 1D 21 55 92 - AF BE 28 8E 69 50 7A 41  ...(.!U...(.iPzA
00005940:  A3 90 82 24 31 3F C2 47 - 7E 43 8E C4 C2 34 D8 5F  ...$1?.G~C...4._
00005950:  8A A6 73 35 EC 1D 38 BE - E9 3B 01 08 86 71 59 CB  ..s5..8..;...qY.
00005960:  AF 42 5B 55 5D 4F 47 A7 - 11 4E 3F 78 10 0C 75 78  .B[U]OG..N?x..ux
00005970:  17 A9 9C 25 00 B8 95 6F - 38 C2 95 F5 EF E7 54 3B  ...%...o8.....T;
00005980:  FD E8 28 5C 5B DC 94 95 - 4E C1 13 92 05 6B 79 88  ..(\[...N....ky.
00005990:  A6 CB 2C 10 CA 37 2B F9 - B0 0E 8A 96 CF 18 54 E3  ..,..7+.......T.
000059A0:  05 26 EE 03 AA 26 AF B6 - 9C AF 06 ED CB C7 08 2F  .&...&........./
000059B0:  D9 3B F5 F8 69 BE 97 11 - B3 F9 CA F7 20 D8 46 4F  .;..i.........FO
000059C0:  76 A9 A5 02 4D 87 8A E8 - 57 F5 F9 25 D6 2C 58 98  v...M...W..%.,X.
000059D0:  9D DF 4B 9A 3E 97 94 F6 - 46 D0 51 BB 64 EE D7 8E  ..K.>...F.Q.d...
000059E0:  7C 24 9B 66 8C 1B EA 32 - 8A D8 75 B0 AC 03 2C 55  |$.f...2..u...,U
000059F0:  D6 FD DC 07 3B 24 62 30 - C0 70 7D 2A D3 E3 89 A2  ....;$b0.p}*....
00005A00:  28 67 2A A8 3F A8 59 F3 - AB CE 74 77 E3 BB 84 56  (g*.?.Y...tw...V
00005A10:  D2 C0 47 4A 63 AE C3 E1 - B4 88 01 CE 25 4D 2F E0  ..GJc.......%M/.
00005A20:  CF 80 4C C9 74 A0 5E 6F - 25 1A 73 E4 09 B0 66 BE  ..L.t.^o%.s...f.
00005A30:  63 0F E7 D2 26 9F A4 AD - 9C 5D 84 14 B4 D2 52 DE  c...&....]....R.
00005A40:  89 EB 07 00 17 F9 68 C9 - B4 43 53 99 89 EC 47 48  ......h..CS...GH
00005A50:  D8 0A E7 38 43 62 D0 E9 - 83 16 7E 0A D6 D9 80 46  ...8Cb....~....F
00005A60:  EE FB 2B 2D 50 33 C8 07 - A1 D4 78 AD D6 74 F4 38  ..+-P3....x..t.8
00005A70:  B3 23 D4 29 69 D3 09 DE - 99 F9 F3 EA A5 6B FC 51  .#.)i........k.Q
00005A80:  0E 53 FB E0 FD A7 57 7F - CA 89 2C 13 19 CD 0F BC  .S....W...,.....
00005A90:  3C 38 31 E3 FD B3 94 EE - 04 6B 35 41 6C 66 D0 29  <81......k5Alf.)
00005AA0:  20 1E 89 74 1E F4 29 9E - 08 FA F7 C3 8D 48 29 A6  ...t..)......H).
00005AB0:  F7 91 BA 54 F4 A4 A9 ED - 83 61 59 DF 89 B7 0E 27  ...T.....aY....'
00005AC0:  47 CE FB AD 91 CC 07 6D - 3A 12 05 D2 55 93 B3 B3  G......m:...U...
00005AD0:  58 54 9E 04 96 96 D5 63 - 1E 37 1D 79 28 D4 BD 54  XT.....c.7.y(..T
00005AE0:  34 76 2E D3 2B DD 61 59 - 10 95 88 00 81 E8 E1 64  4v..+.aY.......d
00005AF0:  59 DD 3F AB 2E EE 40 57 - C4 81 05 86 C5 98 0F 42  Y.?...@W.......B
00005B00:  5C 04 74 03 28 F9 32 C3 - 6D 61 E7 20 71 5A EB 47  \.t.(.2.ma..qZ.G
00005B10:  D3 BC A3 51 2F FB 37 9F - 3C 2F A4 EC 33 53 33 85  ...Q/.7.</..3S3.
00005B20:  E1 4A DD C3 48 85 CB CC - 74 58 72 29 91 E2 17 79  .J..H...tXr)...y
00005B30:  FF 42 A9 F2 91 62 FD 76 - 59 FE 30 78 0A 0A 97 61  .B...b.vY.0x...a
00005B40:  16 FA A8 8D C7 1B 48 DC - 63 F4 F6 77 F6 3B 27 6A  ......H.c..w.;'j
00005B50:  06 72 EE 3B 85 A9 08 E0 - CE F8 A6 B5 FF D3 1E CD  .r.;............
00005B60:  21 14 13 E7 97 D1 26 7E - DB 7A 7E EF 24 9F E2 23  !.....&~.z~.$..#
00005B70:  D1 B9 FF EC 79 87 FA F7 - E3 C9 5D 10 E6 7A 17 9E  ....y.....]..z..
00005B80:  E0 45 9A F0 2A CC 18 DE - D9 E7 55 B6 08 C4 29 C9  .E..*.....U...).
00005B90:  72 9A 9F 87 36 3A A6 32 - 3A 75 A8 A5 21 DF 1D 6A  r...6:.2:u..!..j
00005BA0:  87 86 3F B4 E8 93 43 35 - EA 6F 0D FD E2 E1 16 E4  ..?...C5.o......
00005BB0:  01 3B 75 43 65 A8 C1 5A - DD 06 B5 6D 40 62 3A F0  .;uCe..Z...m@b:.
00005BC0:  05 DA A6 17 98 F2 6B 98 - 00 BB C5 D9 E6 24 1C BC  ......k......$..
00005BD0:  ED 25 B9 2D 14 C1 01 27 - F3 AE 54 70 B3 2D 28 4C  .%.-...'..Tp.-(L
00005BE0:  D4 1E 23 2F 3A 82 4E B7 - 20 3E 9D 14 35 4A DE AA  ..#/:.N..>..5J..
00005BF0:  BA 97 DC 40 58 F2 5B 97 - E0 88 57 92 2A 5D 83 2E  ...@X.[...W.*]..
00005C00:  2E F9 8A F0 3D F0 7D FB - 61 8A B6 75 D5 74 8D 6D  ....=.}.a..u.t.m
00005C10:  26 4D 78 89 18 04 35 A2 - 6D 3B FE A2 5C 85 0C D9  &Mx...5.m;..\...
00005C20:  D8 BB CA 06 11 14 38 F4 - 72 47 3F 01 61 53 EB D3  ......8.rG?.aS..
00005C30:  51 14 94 0C 54 14 3B 49 - B8 FE 0C 51 F9 52 45 C4  Q...T.;I...Q.RE.
00005C40:  4D A0 37 C3 0D F3 89 0F - 99 98 18 12 9F 38 01 94  M.7..........8..
00005C50:  21 83 7B 66 21 AA E4 94 - DE D7 7C 10 26 48 69 4E  !.{f!.....|.&HiN
00005C60:  8B B1 10 AB C1 1C 16 B9 - E1 59 BB F9 7D 4C 5E 80  .........Y..}L^.
00005C70:  2B E5 AB B6 CC CE 42 8D - 32 EB 57 E3 9D 65 42 90  +.....B.2.W..eB.
00005C80:  A0 78 9F 50 AA A2 CC B9 - 5C 49 76 A9 D5 D7 D9 15  .x.P....\Iv.....
00005C90:  6E AF 9F E3 73 25 24 30 - DC BA 4C F2 80 39 4C 26  n...s%$0..L..9L&
00005CA0:  FE DB BB 9B A4 16 B5 08 - 3B C1 20 D6 56 40 B8 C2  ........;...V@..
00005CB0:  78 55 CC A0 07 57 06 E1 - 37 B4 9B CB E1 EE 66 95  xU...W..7.....f.
00005CC0:  B4 97 A6 33 B4 73 48 11 - A6 D4 05 53 DD E3 32 AB  ...3.sH....S..2.
00005CD0:  D7 6D BE 5F B0 FD EB 44 - E1 42 12 B8 0C 4F C1 2B  .m._...D.B...O.+
00005CE0:  43 38 50 AA AE 01 20 23 - 1B B6 09 BE E7 D8 E0 D1  C8P....#........
00005CF0:  1E 19 DA 02 B4 57 63 08 - 3B AF 19 72 C3 94 47 A3  .....Wc.;..r..G.
00005D00:  FF 46 56 39 2F 00 29 99 - A7 6F F8 6F 8F 34 9B 7C  .FV9/.)..o.o.4.|
00005D10:  D0 AE 16 BF 56 92 52 A8 - 7C 25 0F 26 55 16 06 2A  ....V.R.|%.&U..*
00005D20:  8B F6 B7 1F F9 31 95 63 - BF 2F 2B 55 ED 66 FA B2  .....1.c./+U.f..
00005D30:  8B 68 68 C2 41 DD 6B 34 - 53 A6 25 36 69 EF E4 D1  .hh.A.k4S.%6i...
00005D40:  F7 E8 5D 22 CF 10 15 4C - 21 F6 35 6D 0B 45 7A 44  ..]"...L!.5m.EzD
00005D50:  DB 4B BB 70 70 84 06 AD - 1D D0 3D 70 32 55 D5 22  .K.pp.....=p2U."
00005D60:  4B 7C E8 31 B5 81 63 CA - A6 8F E8 FE 1E 54 C0 15  K|.1..c......T..
00005D70:  25 00 6C B8 E1 ED 67 68 - DB 98 8C 83 13 A9 95 F3  %.l...gh........
00005D80:  43 98 0E 8F 65 A8 CC 99 - E3 18 8D 8B 99 AC 7E 36  C...e.........~6
00005D90:  5B 76 1F BA 5E 12 D1 47 - C1 E9 F0 1F B9 07 24 EB  [v..^..G......$.
00005DA0:  8D 29 47 2A 14 04 EC FB - 38 7C 50 DE 5D F2 46 31  .)G*....8|P.].F1
00005DB0:  B5 84 98 74 08 AC B5 4B - 9C 74 F1 A2 E0 9F F9 8D  ...t...K.t......
00005DC0:  9B A2 AD 27 91 52 3F 85 - A9 BB 28 C8 E8 AD 12 B3  ...'.R?...(.....
00005DD0:  94 01 0A D1 58 E6 51 0E - 4E E3 6B 18 9C 88 77 2D  ....X.Q.N.k...w-
00005DE0:  25 A4 5C 2A 5A EE 74 AE - 39 5B AC 8C 55 B8 81 D6  %.\*Z.t.9[..U...
00005DF0:  B5 F2 5B 8F 6D 24 F1 DF - 19 F9 FB CC D7 47 8A 39  ..[.m$.......G.9
00005E00:  69 06 A3 9B 9A 29 4A 51 - 61 4D C7 31 B0 53 04 1E  i....)JQaM.1.S..
00005E10:  8F 55 8E 35 FA 63 07 E6 - 32 2D BC 60 53 9F 7E 2D  .U.5.c..2-.`S.~-
00005E20:  D0 A4 F6 3E AF 96 8B 74 - 38 1A F5 0C B5 87 B9 B0  ...>...t8.......
00005E30:  34 D6 BA 08 8B F9 F4 63 - 94 63 26 42 5C 52 B2 75  4......c.c&B\R.u
00005E40:  92 0F 2B 5B 7C B5 F9 5A - 40 BB F1 4D 51 4F B0 99  ..+[|..Z@..MQO..
00005E50:  DA 0B 00 87 18 77 52 24 - 80 DB 7F 1A 2D 85 6C 2F  .....wR$....-.l/
00005E60:  D6 51 58 04 A7 61 79 CE - 15 47 25 91 B2 62 07 5F  .QX..ay..G%..b._
00005E70:  59 5A 79 45 51 76 C3 65 - 4F 3E 8C 47 DA 47 06 9E  YZyEQv.eO>.G.G..
00005E80:  C1 C2 8D 4A 2F 5E E5 63 - C3 1E F5 43 B8 69 29 7B  ...J/^.c...C.i){
00005E90:  E9 C5 DE 32 74 39 BF D8 - CF 1F 93 29 6F C9 69 A2  ...2t9.....)o.i.
00005EA0:  27 32 D3 45 33 39 7E B1 - 84 44 7A FC 52 7A D3 18  '2.E39~..Dz.Rz..
00005EB0:  C4 FF EA B7 14 A3 40 1C - F7 54 54 22 59 0F 95 F2  ......@..TT"Y...
00005EC0:  F9 8C 0B 7C BD 58 42 73 - BE E6 A2 15 2A 0C 89 F7  ...|.XBs....*...
00005ED0:  C8 2F A2 3F 36 8B 43 2C - 65 C6 3F 9E DB 92 E0 39  ./.?6.C,e.?....9
00005EE0:  F9 6D 89 85 BC 74 DC F2 - A9 9B 1F D4 1A C1 E4 40  .m...t.........@
00005EF0:  7C 5C 03 E9 8C DA 64 31 - 61 92 85 60 79 69 BF A1  |\....d1a..`yi..
00005F00:  E8 E0 7C 4C F8 0F A4 25 - 93 9C 49 63 95 DD 02 46  ..|L...%..Ic...F
00005F10:  D4 94 1D 2C FD 1E A4 23 - 20 66 7B AC 15 F5 EC 69  ...,...#.f{....i
00005F20:  4C 4F 97 AE E3 4C 28 CD - E5 DF 0D 84 48 1A 72 D9  LO...L(.....H.r.
00005F30:  C7 84 32 A0 B3 5D 76 E3 - 65 AC 49 C4 8F 65 17 B3  ..2..]v.e.I..e..
00005F40:  E4 CB 15 90 56 B0 21 FD - 95 4D C0 56 E6 8B C7 7E  ....V.!..M.V...~
00005F50:  BC D5 55 D6 3B CB 6E 06 - E5 B0 EE 2B C8 67 E5 DD  ..U.;.n....+.g..
00005F60:  C5 87 1F D1 3B 4A 4C 9A - 41 35 D7 22 EA 9E 8F 2E  ....;JL.A5."....
00005F70:  35 01 A5 A2 9C E7 FA C8 - F0 26 2D 97 91 47 DE B0  5........&-..G..
00005F80:  FF 08 1A 88 54 85 87 8D - 4F 74 64 78 8C C5 D8 AC  ....T...Otdx....
00005F90:  6E 2C 49 81 69 F0 24 76 - 15 69 3A 4A CC 96 EA 54  n,I.i.$v.i:J...T
00005FA0:  29 EE 6D 78 A6 F0 0D 1B - 50 D3 80 5F 9D F9 72 FA  ).mx....P.._..r.
00005FB0:  12 98 D6 59 CD 8A BB 1E - 2C DD FD A2 45 79 A3 38  ...Y....,...Ey.8
00005FC0:  10 C8 3C 39 FF 19 3B F9 - 85 FC 67 52 C4 53 AF 05  ..<9..;...gR.S..
00005FD0:  7E 8F E8 D8 AC C9 EE C2 - C1 31 B6 DF D0 D0 5A 6E  ~........1....Zn
00005FE0:  30 9B 49 15 A3 71 55 CF - 0E 14 EF 80 EC A5 20 17  0.I..qU.........
00005FF0:  1E 79 CD 0B 9D 81 39 0B - 33 48 BA 6E E1 7A 4D D9  .y....9.3H.n.zM.
00006000:  40 09 FE 4A 95 13 8F F5 - 7E 46 1E C0 65 7E 83 9A  @..J....~F..e~..
00006010:  FD 37 45 DA D7 72 48 4E - 9C 3B 93 02 E8 09 A9 A6  .7E..rHN.;......
00006020:  C6 DC C5 7F 1D 18 1F D2 - AE B8 1D F8 C6 AE 68 E9  ..............h.
00006030:  72 E6 F0 CA A6 D1 3D 64 - DF 7C 92 CA CC 1E 89 4B  r.....=d.|.....K
00006040:  79 56 BA 28 56 09 1D DF - 82 FE 8A 53 42 2C 80 43  yV.(V......SB,.C
00006050:  53 B4 5D C2 A9 D4 37 D2 - F3 B6 25 F7 D5 A7 3E A6  S.]...7...%...>.
00006060:  17 81 D6 A9 D6 79 06 27 - 66 4D 77 4E DA 50 30 C1  .....y.'fMwN.P0.
00006070:  2D 07 E4 22 BF 87 87 F9 - E0 2F 9D 41 AC 34 35 06  -.."...../.A.45.
00006080:  0D A9 87 66 A7 67 43 BA - A9 2C 6A 09 0A F6 F5 40  ...f.gC..,j....@
00006090:  E3 34 8B 03 98 42 61 62 - 25 07 15 76 D8 B2 F7 51  .4...Bab%..v...Q
000060A0:  8E 9A A1 49 0D 0B 23 12 - 5A 8A 3F 83 71 D1 F6 3F  ...I..#.Z.?.q..?
000060B0:  42 6F 3D 4B 0C FF 0E 9B - 6D CB 24 6B 46 DC 30 FB  Bo=K....m.$kF.0.
000060C0:  E2 1B 3B D0 6F 17 E9 63 - 77 AB 94 B9 EE F9 95 74  ..;.o..cw......t
000060D0:  89 BE E8 D5 1B AC A3 75 - B6 0A AF DA 92 5E B6 B4  .......u.....^..
000060E0:  5E AC 6D 03 E4 BE BA 23 - 68 F3 85 85 F4 B9 2E 62  ^.m....#h......b
000060F0:  57 AC 4A 91 E5 6D 0B DE - 30 99 4D E4 A1 10 6C 24  W.J..m..0.M...l$
00006100:  9C 63 FB 5A D3 8B 9E 12 - C2 02 BC 7C F6 AF 70 D2  .c.Z.......|..p.
00006110:  D3 75 6D ED 42 C9 1F 0F - 13 E2 B7 97 4A F1 0E 82  .um.B.......J...
00006120:  31 D8 84 37 02 64 28 1C - 16 D7 44 F6 2C 10 23 CD  1..7.d(...D.,.#.
00006130:  4E 16 F9 36 CF 5D 15 28 - A7 C4 B8 F7 D4 B5 03 45  N..6.].(.......E
00006140:  9C 75 1D 4B 91 50 F5 5C - F6 76 9D B0 D5 EB 05 A1  .u.K.P.\.v......
00006150:  F3 19 C2 67 DD 08 23 7E - 02 C6 09 A8 3E 44 3F 81  ...g..#~....>D?.
00006160:  FE 4E C3 11 E3 AE 5A FE - AE 37 98 51 1D F1 64 84  .N....Z..7.Q..d.
00006170:  91 13 96 42 C6 46 AC 7D - 2A 68 25 AD A7 0B 12 A2  ...B.F.}*h%.....
00006180:  88 E9 84 3E EE 9C 7E E2 - 04 B2 70 B3 13 09 11 78  ...>..~...p....x
00006190:  30 4F A6 78 C7 8C 5D 7C - C9 67 5F F5 66 4B B2 AB  0O.x..]|.g_.fK..
000061A0:  77 9D 90 5D AA F4 33 B2 - 4A 06 1B 53 01 A3 36 7F  w..]..3.J..S..6.
000061B0:  52 E2 F7 6E 9F FE 39 E6 - F8 52 9C 38 DC 0A FA E4  R..n..9..R.8....
000061C0:  B0 6A 0F 5D 2E 81 25 CB - 99 1E 96 F2 0D F6 59 56  .j.]..%.......YV
000061D0:  41 2C A6 E1 66 91 91 BA - 0B 10 78 4F 87 F4 CF 32  A,..f.....xO...2
000061E0:  33 CB 4F 45 64 21 7D 9C - 5F BA ED B4 7A 09 73 37  3.OEd!}._...z.s7
000061F0:  B8 01 B8 99 3F 74 2B 9C - 76 77 67 13 87 04 16 75  ....?t+.vwg....u
00006200:  20 55 57 22 6B 05 C8 A9 - EE 75 68 87 BE 69 B8 15  .UW"k....uh..i..
00006210:  EF 2B 46 7F 10 5B AD CF - B3 9C BC 2B D1 9E C6 D6  .+F..[.....+....
00006220:  38 49 59 FD BB A9 0E F9 - 46 09 18 89 80 F0 3D B4  8IY.....F.....=.
00006230:  31 E3 7A 7F B5 42 98 45 - 37 99 83 E1 32 25 EB 43  1.z..B.E7...2%.C
00006240:  78 52 1E 72 FF BF B7 C8 - 12 02 84 B4 95 5F F7 FB  xR.r........._..
00006250:  69 27 33 85 60 04 F6 2D - 3A 13 5E 1B 72 1B 09 0B  i'3.`..-:.^.r...
00006260:  80 5E 28 70 FD 8D 8F 77 - 1D C2 DA 46 9F D6 2D A1  .^(p...w...F..-.
00006270:  67 58 45 37 21 07 3A 8C - 95 63 A4 96 D1 C5 7B 43  gXE7!.:..c....{C
00006280:  C4 8C E5 E9 DC BD 29 8C - 1D C8 99 0F 06 18 38 FF  ......).......8.
00006290:  B5 E8 E0 D9 F4 16 AD 18 - 68 38 1A D0 B1 2A 91 BA  ........h8...*..
000062A0:  9F 58 2C 4B 23 08 28 BC - 92 9F 40 D5 93 92 65 B9  .X,K#.(...@...e.
000062B0:  79 97 9B 12 13 65 F8 43 - 99 43 84 2D D8 A0 52 B8  y....e.C.C.-..R.
000062C0:  41 C6 D1 C9 5C BC 45 C0 - 89 0A 0C CE 01 17 07 2F  A...\.E......../
000062D0:  1C 19 3C 8B 1B BC 64 58 - 60 E0 93 2E 4B 8A A7 4C  ..<...dX`...K..L
000062E0:  A9 05 93 91 BA 89 11 DE - BE 63 C2 E5 31 35 A4 A7  .........c..15..
000062F0:  1D E4 21 D0 0F 45 9D 70 - 35 7F 7D AC 70 85 05 7A  ..!..E.p5.}.p..z
00006300:  C3 45 D8 32 26 65 DE 3F - F1 FC E5 38 24 5D 47 21  .E.2&e.?...8$]G!
00006310:  4E 69 73 BA 79 1B 02 A4 - 63 1B 09 70 9C E7 D2 A3  Nis.y...c..p....
00006320:  DF EB 15 EB 9C E2 C6 25 - D9 08 A6 96 76 DE 9F 0A  .......%....v...
00006330:  D6 D6 19 60 7F 23 2B DD - 91 8C B5 9D 63 A1 75 DD  ...`.#+.....c.u.
00006340:  8E A8 2A 85 C9 A2 4F 72 - 0D 0A 48 8C E6 A4 53 09  ..*...Or..H...S.
00006350:  55 AC 8C EF 21 55 68 93 - 18 93 09 7D 8C C4 5F D5  U...!Uh....}.._.
00006360:  2B 87 26 39 7E AD DE BF - 6A B5 95 7D 56 12 D7 BA  +.&9~...j..}V...
00006370:  48 D4 28 9A C0 0D D8 13 - CF 72 3D 4B FA BC 10 A6  H.(......r=K....
00006380:  40 80 23 20 52 06 8D 4A - 42 1B A9 E2 AE A3 35 04  @.#.R..JB.....5.
00006390:  9D 58 BE 5C 49 51 15 3A - AE BE D2 D0 AA 6C 28 08  .X.\IQ.:.....l(.
000063A0:  C4 17 FD DA 0F D1 62 4F - 12 C5 62 9D 13 34 63 CB  ......bO..b..4c.
000063B0:  8B 11 F5 83 26 5C 4B 73 - BA D2 5C 35 E2 41 A7 6B  ....&\Ks..\5.A.k
000063C0:  42 A7 36 D6 90 1F D0 4A - 66 F3 76 7C 22 D8 05 B6  B.6....Jf.v|"...
000063D0:  12 49 CA F1 32 02 61 42 - DF 88 83 30 40 D9 59 05  .I..2.aB...0@.Y.
000063E0:  6E F2 B8 76 16 D2 A7 BA - 29 72 53 63 6B F9 43 C1  n..v....)rSck.C.
000063F0:  B3 F5 88 D7 34 15 C6 E8 - 2B DA 2A DF 40 5C 78 33  ....4...+.*.@\x3
00006400:  90 D6 B5 8F E6 AE 57 5A - BB 7F 91 1A 4E FA 61 83  ......WZ....N.a.
00006410:  FF D1 D1 63 94 C8 15 8B - CE F5 5A F7 6A D2 B8 78  ...c......Z.j..x
00006420:  26 BC 87 66 E5 CA 0A 1E - 14 01 11 0B DE FC 89 5F  &..f..........._
00006430:  50 F4 0D 3B 0E 8B 9E 27 - 4B 7A E7 F8 CD FE 60 67  P..;...'Kz....`g
00006440:  D8 79 5B B8 31 A3 20 AF - AD B0 53 9D 82 C6 26 3E  .y[.1.....S...&>
00006450:  00 91 D5 0F 5E 5A 92 69 - 4E 3A 41 4F 37 EF 22 75  ....^Z.iN:AO7."u
00006460:  67 F6 5C C5 5D 22 ED 56 - 71 C4 D2 A0 FE 72 81 D3  g.\.]".Vq....r..
00006470:  76 80 8A F3 F0 C5 BE FF - 8F 02 C6 E5 94 C7 E7 D4  v...............
00006480:  9C EF 95 74 D5 F8 FC 3C - 84 AD 4A 87 4F 5F A5 00  ...t...<..J.O_..
00006490:  9F E1 53 FB 76 03 B2 4C - 3D 66 16 74 EE FD E4 FE  ..S.v..L=f.t....
000064A0:  0B 85 4B 19 42 4F 82 BC - 32 C3 64 FB 4B 30 BB AA  ..K.BO..2.d.K0..
000064B0:  C3 13 E4 78 8B 2D 93 28 - 1B 72 F5 C8 9D 81 74 8C  ...x.-.(.r....t.
000064C0:  CC 90 FD 65 49 CD CB CC - 35 52 1E 40 0B D7 CF 96  ...eI...5R.@....
000064D0:  DC 14 9D 9D 9F E0 10 EC - 01 2D A5 87 EC BE 4B 02  .........-....K.
000064E0:  22 41 EF 1E 54 38 BE 05 - 5B BE 15 F2 0B 1F 5F FD  "A..T8..[....._.
000064F0:  68 2C 5F F5 2F 0A 9D 86 - 7F 28 58 6F 4A 8E 51 1E  h,_./....(XoJ.Q.
00006500:  FE 67 50 48 81 23 75 8A - A9 40 B2 A9 03 C4 BA 16  .gPH.#u..@......
00006510:  B0 F5 23 B5 54 A8 3B C9 - A2 44 4D 40 4D FB B0 0F  ..#.T.;..DM@M...
00006520:  F2 19 F5 12 ED 71 AD 72 - A0 CF 9E 21 B9 78 14 38  .....q.r...!.x.8
00006530:  A3 7D 87 68 74 F9 C2 D1 - 1F CF 1E AF A5 5E 4B C3  .}.ht........^K.
00006540:  46 BB 76 D1 0B 7A 0B 31 - 6E E8 34 F9 28 86 2C 32  F.v..z.1n.4.(.,2
00006550:  12 83 54 93 DD 67 88 98 - D0 7D 6C BD 9E DC 21 AB  ..T..g...}l...!.
00006560:  28 54 08 3D D1 79 8C 95 - E8 A0 DB 57 7C 04 84 0A  (T.=.y.....W|...
00006570:  A9 ED DE C5 76 1C 23 C4 - 91 33 A0 FA 01 5C 56 25  ....v.#..3...\V%
00006580:  04 92 20 F5 B0 D5 FF F5 - 3C 60 DB 6A 83 B2 CA 31  ........<`.j...1
00006590:  B2 2B 88 86 27 B3 A9 FB - F3 52 D2 30 85 1B DB C9  .+..'....R.0....
000065A0:  E7 78 FC DC B3 87 4F FA - 0D 41 EF 37 27 7F DC 82  .x....O..A.7'...
000065B0:  9E 3E 2D ED F5 04 20 7C - 0E 3C 14 F7 EF 48 83 15  .>-....|.<...H..
000065C0:  6F 1E 00 01 98 49 D2 EC - 2F DE 47 04 45 6C 24 CA  o....I../.G.El$.
000065D0:  CB F1 01 44 EC DF 49 8D - 9A 0F 92 55 92 B6 D7 CD  ...D..I....U....
000065E0:  79 48 EF 75 A3 72 63 58 - C3 AE C8 66 97 8F 77 9F  yH.u.rcX...f..w.
000065F0:  3D 50 4D 5E 7D E2 64 6D - BF 64 92 1D 89 50 39 1F  =PM^}.dm.d...P9.
00006600:  1A D6 FB FD AD CB 72 CF - AE B6 2A 4F 9D 84 51 3B  ......r...*O..Q;
00006610:  C2 8F F1 61 D2 F4 5A 15 - 11 CA EF 7F 0C B4 D9 42  ...a..Z........B
00006620:  CB 7B FE 08 42 99 58 53 - 0E C5 1B E3 53 D4 0D 11  .{..B.XS....S...
00006630:  84 16 C1 AB 47 5A 66 53 - 99 F1 8D A9 C4 FB 8E FC  ....GZfS........
00006640:  DE 1D AA AC 20 E2 AC 0F - 50 5A A9 98 BC F6 A8 89  ........PZ......
00006650:  98 71 87 6D 64 A2 41 39 - A5 10 14 60 7D 4D 58 AE  .q.md.A9...`}MX.
00006660:  C7 88 B2 EC D8 70 DC BF - B6 A9 DB 3D 42 D4 6C 6D  .....p.....=B.lm
00006670:  8A 74 81 DA 44 08 20 7E - 7D 8F 5F 93 14 D6 8A 89  .t..D..~}._.....
00006680:  B5 93 80 26 4A F7 3F 04 - B4 2D 76 40 C5 FC E3 AC  ...&J.?..-v@....
00006690:  81 EB 09 DC 3C C5 73 98 - 3C 2C B3 BF 5B 43 D2 1A  ....<.s.<,..[C..
000066A0:  6C 85 99 B9 5C 50 29 3E - DB EC D8 8C 09 47 84 E2  l...\P)>.....G..
000066B0:  46 48 B3 5B EB 9D 67 BB - C7 F7 9F F2 D6 B7 91 C9  FH.[..g.........
000066C0:  DD 21 A0 67 9B 15 22 86 - 4D 0C 7A E3 B0 33 05 FF  .!.g..".M.z..3..
000066D0:  97 5B 48 00 03 2E 4B FE - 58 40 7E 0E C2 F6 38 D9  .[H...K.X@~...8.
000066E0:  D4 C4 D1 65 66 F7 21 55 - AC F3 08 3A DE 60 8B 22  ...ef.!U...:.`."
000066F0:  73 E3 86 E0 E5 B0 4D 32 - 28 F4 E3 8A B6 E0 ED E1  s.....M2(.......
00006700:  1C 41 52 37 07 DE 5B D3 - 60 00 2B BB A0 C9 A9 23  .AR7..[.`.+....#
00006710:  C5 19 63 C4 91 14 A8 A2 - 3B EC 23 C0 D3 9D C2 5D  ..c.....;.#....]
00006720:  84 63 AB 81 92 E9 BB 54 - A7 F6 F9 4E 90 07 7D 00  .c.....T...N..}.
00006730:  39 9D D6 03 B6 C6 43 C4 - 23 C3 24 3A 1F 81 30 39  9.....C.#.$:..09
00006740:  5B 89 CB AC 1B 7B 8E A9 - 59 C5 39 29 FC 2D 21 0E  [....{..Y.9).-!.
00006750:  0E B8 7A D7 46 2D 98 89 - CE E6 D6 4B D8 01 BC DD  ..z.F-.....K....
00006760:  B8 FB F2 8A 8D 2B 20 2F - 15 4D FF 1D 3F 72 89 72  .....+./.M..?r.r
00006770:  2F 2F 9B 75 18 AB 7A A3 - 4F 78 03 04 5B 8E A7 40  //.u..z.Ox..[..@
00006780:  65 93 3F F5 0B 28 D9 DB - C8 20 BC 51 F5 67 F2 57  e.?..(.....Q.g.W
00006790:  97 A9 6F FD D4 C7 B4 82 - 82 89 A3 F1 8B D9 D5 81  ..o.............
000067A0:  48 54 5C 28 54 BA C6 D4 - 48 CA 84 52 50 92 A2 49  HT\(T...H..RP..I
000067B0:  C2 19 9B AF 6C D3 45 0E - 9E 7F D8 4C 88 90 CA 50  ....l.E....L...P
000067C0:  53 03 0E 38 4C 3B F4 0D - CC 67 0C 25 71 DB 70 71  S..8L;...g.%q.pq
000067D0:  87 B3 71 C9 F5 67 D8 52 - 48 B0 9B 6B 85 A8 3B DA  ..q..g.RH..k..;.
000067E0:  CF 90 39 1D 7D 86 9D 0A - 22 79 5E 45 41 39 97 0D  ..9.}..."y^EA9..
000067F0:  57 66 4B 7E 2A 7E 65 C2 - C4 A8 15 35 1D A2 0A B1  WfK~*~e....5....
00006800:  BD 93 70 4F C2 E6 5A BC - E8 05 6E 5C FD C1 A0 CB  ..pO..Z...n\....
00006810:  9F 39 9B 62 4E 4D B1 0E - 50 77 C6 5D AF 1B CA D5  .9.bNM..Pw.]....
00006820:  86 8F 4E C2 45 75 75 BF - F8 A3 35 4A CE FF 11 CA  ..N.Euu...5J....
00006830:  CE 81 15 DB 0E 0C 21 03 - F1 17 C5 F8 1C 31 76 69  ......!......1vi
00006840:  D0 11 09 99 0A 3F B9 D2 - 0A 13 3C 68 78 76 C3 12  .....?....<hxv..
00006850:  0F F1 7C 33 C4 06 78 71 - 14 42 CD 04 26 16 01 47  ..|3..xq.B..&..G
00006860:  46 0C BD 11 23 58 F8 06 - 97 4B 26 81 21 C8 27 7A  F...#X...K&.!.'z
00006870:  E9 A4 9B EE C8 98 07 F5 - 3C FD 7F EC 80 B1 50 60  ........<.....P`
00006880:  F4 FC DF 9E 54 75 76 85 - 8A D0 9E CD C9 77 74 95  ....Tuv......wt.
00006890:  11 78 BA 2D FF B4 1E C9 - 7E 1D D0 64 8F EE 17 18  .x.-....~..d....
000068A0:  C0 25 26 F5 F9 8D 0C FF - E1 50 68 71 8F FD EF B6  .%&......Phq....
000068B0:  6E 02 BA 8E 13 F8 03 0F - 79 68 3A BB 43 00 B2 5D  n.......yh:.C..]
000068C0:  B3 FB 3A 7E 94 6B 0F 39 - 9C 43 71 BB D9 2D 91 7B  ..:~.k.9.Cq..-.{
000068D0:  D0 FD 8F BC 25 AB 60 9B - 94 1D 76 54 7C BF 59 B8  ....%.`...vT|.Y.
000068E0:  0A BB 01 75 6A BA E4 49 - D3 A4 BB 16 A3 06 7C 94  ...uj..I......|.
000068F0:  3F 90 27 7D 99 D2 50 23 - 08 32 B6 19 4F 27 50 11  ?.'}..P#.2..O'P.
00006900:  31 62 16 1F 3A E8 38 54 - 9B A8 B3 A6 19 FA 29 10  1b..:.8T......).
00006910:  9A 0D 1F B1 84 3E A9 42 - 4E 09 91 06 8D A4 7E 6D  .....>.BN.....~m
00006920:  1C 7E 0D 97 A0 43 3D D2 - 57 B2 27 A6 41 40 CA 40  .~...C=.W.'.A@.@
00006930:  98 75 8E 83 81 65 E8 11 - 8B 3C F5 67 FD A8 AA 55  .u...e...<.g...U
00006940:  AC 95 E6 CE 2C 75 EC CB - 35 70 41 39 82 C7 96 71  ....,u..5pA9...q
00006950:  B8 01 5D 9C DB 96 D4 BD - 5F 6B 72 F6 FC 4D E1 A6  ..]....._kr..M..
00006960:  AE 3E 48 D7 7E B3 B7 2F - 6E 88 8A 76 4D 93 89 C4  .>H.~../n..vM...
00006970:  2A CF B7 83 EA 51 DF F6 - FA BC 98 CF 62 23 E3 20  *....Q......b#..
00006980:  07 9E 53 1E E7 01 FD 81 - F8 70 3C C9 DA CA D6 34  ..S......p<....4
00006990:  40 56 C7 06 DD AC EC 02 - 21 40 F9 B7 61 7D 42 A2  @V......!@..a}B.
000069A0:  95 58 F3 D4 92 44 4E FD - 9C 16 9E 69 A6 87 08 79  .X...DN....i...y
000069B0:  8A 6F 23 54 9D DD F9 54 - A9 B7 5E 4A C6 AD 6E 87  .o#T...T..^J..n.
000069C0:  83 EB BE F7 43 46 E3 E0 - 59 F7 AF C4 1F F8 2C 21  ....CF..Y.....,!
000069D0:  66 3C 5C 26 64 9F 02 2F - 8C 3E DA C9 EC 61 FE 8F  f<\&d../.>...a..
000069E0:  23 09 EE F1 22 00 5B 79 - 24 02 3C FF BF 6C 7C 43  #...".[y$.<..l|C
000069F0:  2E 48 50 5A F1 8B FA 26 - B5 54 02 39 04 9C F3 CC  .HPZ...&.T.9....
00006A00:  81 E4 F4 03 6D 37 4C 95 - 6A 65 97 FD 36 13 FE 1B  ....m7L.je..6...
00006A10:  8A F5 CD C9 23 3E 48 54 - 27 7E 85 7D 68 0A 9C 11  ....#>HT'~.}h...
00006A20:  68 0D 61 92 61 B6 B7 F4 - 07 01 FE BC 00 B3 8E 9C  h.a.a...........
00006A30:  7C E1 A7 DF 7D 35 11 D0 - 1E 78 54 83 B6 62 61 0F  |...}5...xT..ba.
00006A40:  31 D6 D9 55 CC 04 DE AB - 8F 20 61 FD B0 A0 61 B3  1..U......a...a.
00006A50:  C2 20 74 18 4B 38 B6 71 - BA 9D 5D C5 4B 20 F5 8B  ..t.K8.q..].K...
00006A60:  86 70 B8 4E 71 15 F9 1D - 1F 04 D3 CE 7D 96 D7 4A  .p.Nq.......}..J
00006A70:  C2 82 73 94 7E 67 5A 1B - C6 CB CE 86 46 2D 39 B3  ..s.~gZ.....F-9.
00006A80:  5F 84 FD 57 44 4B 5C 40 - C5 92 B2 E4 8E A7 F3 DA  _..WDK\@........
00006A90:  87 FE E8 17 B4 70 D4 42 - CC 0B E0 9E 84 26 68 EF  .....p.B.....&h.
00006AA0:  22 BB 49 5D 4C B6 62 BD - 56 19 95 3B F6 6D 49 E7  ".I]L.b.V..;.mI.
00006AB0:  B0 7F 52 21 00 7E 33 F1 - 36 4A C8 91 E5 6B 76 EA  ..R!.~3.6J...kv.
00006AC0:  79 6B D3 3B 00 79 66 B4 - 33 E9 20 22 63 C2 4B C3  yk.;.yf.3.."c.K.
00006AD0:  A5 7D 1A C3 56 F7 82 20 - A1 F5 2F 05 47 5C F0 1E  .}..V...../.G\..
00006AE0:  DB 72 BB E8 B5 2F 84 6B - 49 29 47 CB B2 BF 18 EB  .r.../.kI)G.....
00006AF0:  22 3E 4B 73 FE 89 E9 9E - BA D1 71 AC 10 80 80 98  ">Ks......q.....
00006B00:  B1 E0 4F 87 31 5D 4E 8C - B3 45 C7 DA 44 A4 F2 C9  ..O.1]N..E..D...
00006B10:  B6 09 65 30 EA 41 95 B7 - C8 1E 06 BB EA 33 FD A9  ..e0.A.......3..
00006B20:  09 0C 23 E6 93 2B 05 C9 - 93 8B 72 5F FE 43 0F 23  ..#..+....r_.C.#
00006B30:  3E D8 C4 3A CD 73 41 A0 - 37 11 5D 34 89 A4 5A 61  >..:.sA.7.]4..Za
00006B40:  32 1A D1 75 A7 C6 3E 4F - C6 33 4E EB 67 56 4B F2  2..u..>O.3N.gVK.
00006B50:  C3 E3 F1 21 57 C7 ED 81 - C4 90 DD B2 21 06 A9 DF  ...!W.......!...
00006B60:  80 ED DD 8D 0D DD D2 2E - 18 F8 CA 59 4A 24 11 93  ...........YJ$..
00006B70:  55 C9 52 08 45 A7 F0 21 - F9 42 D8 C0 B3 9C 4A A3  U.R.E..!.B....J.
00006B80:  1F EC 39 C1 4C 52 8B AF - BC D5 EC 1A DA 3B 50 4B  ..9.LR.......;PK
00006B90:  A3 39 4E 1F 6A 30 9D BF - DA 89 69 55 E1 CF 56 F3  .9N.j0....iU..V.
00006BA0:  ED 5F E7 2F 70 24 68 6A - 96 07 D4 D9 56 CB 34 76  ._./p$hj....V.4v
00006BB0:  AD 5C 55 A4 BA CE 47 94 - 6F F9 7F 15 75 D4 77 EF  .\U...G.o...u.w.
00006BC0:  C6 B3 48 88 27 90 3C 57 - C7 B3 82 B8 38 6F EF C4  ..H.'.<W....8o..
00006BD0:  C2 FA EB EC 07 C9 0B 45 - 2D FD 29 71 D4 B4 77 9A  .......E-.)q..w.
00006BE0:  BC 09 F3 70 FB 8F B4 7B - 90 B5 24 CF E8 83 A9 3C  ...p...{..$....<
00006BF0:  D6 49 2E F5 04 6C B4 49 - 7A 0E DE B8 0B 08 AA A8  .I...l.Iz.......
00006C00:  10 D5 A8 EB D1 D2 61 33 - CF F3 EE A3 F0 76 68 0A  ......a3.....vh.
00006C10:  66 82 B9 EE 94 2D 60 98 - 74 27 4F 0D FD 6B A1 BB  f....-`.t'O..k..
00006C20:  C8 16 2F 2E 33 E1 A5 87 - 94 BC DF 55 69 45 01 C9  ../.3......UiE..
00006C30:  AE 71 9F B2 BF 21 DD 64 - 12 4E E6 79 C5 74 14 F5  .q...!.d.N.y.t..
00006C40:  C9 3D 76 D3 4C 06 3C 72 - B7 A0 7D D4 96 C5 2D 5F  .=v.L.<r..}...-_
00006C50:  F1 BB DB 03 83 19 8A EE - 6F 71 EB 97 8E 87 EF 06  ........oq......
00006C60:  2E D4 F1 3A 13 B5 79 9E - E6 8E 22 21 D9 A9 96 99  ...:..y..."!....
00006C70:  11 BC E6 2E DE A7 4C 46 - 4E 36 84 C7 11 94 E9 2E  ......LFN6......
00006C80:  96 31 1F B8 86 E3 DA 0B - 86 8A 62 CF 78 6F 73 BB  .1........b.xos.
00006C90:  54 69 C1 D1 94 BE A9 FF - F8 5B E0 D9 2A 13 5F 61  Ti.......[..*._a
00006CA0:  C4 23 5A D7 15 04 EF 0E - 45 E5 C8 DC 2D 7F A9 65  .#Z.....E...-..e
00006CB0:  27 FF 34 91 1A A8 5D 8F - 48 66 48 92 D3 1E E7 D5  '.4...].HfH.....
00006CC0:  35 A1 26 70 58 55 93 4A - E7 5C 4F FC 2B 11 4E 5C  5.&pXU.J.\O.+.N\
00006CD0:  F6 24 62 C0 0B CC 5E AA - 01 7D 7E 45 BF B2 49 21  .$b...^..}~E..I!
00006CE0:  1D BE 02 A9 60 04 D6 0C - 92 57 9C 4C 42 7B C6 7E  ....`....W.LB{.~
00006CF0:  F9 A8 27 73 B3 A2 7D B6 - 78 15 83 CD 20 8A BE 24  ..'s..}.x......$
00006D00:  94 A1 94 1F 5A A8 5E 3E - D6 36 A3 97 AE B0 B5 88  ....Z.^>.6......
00006D10:  BC AF C4 BB EA C1 0F EF - 45 DC CF C2 5D 18 78 30  ........E...].x0
00006D20:  AD A1 EF 8F DE 73 20 BA - D1 3F D3 83 0D 3C 8A DD  .....s...?...<..
00006D30:  2C 05 7A 50 BA 15 12 01 - F5 E3 1B F8 51 BF BD 3F  ,.zP........Q..?
00006D40:  CA 60 92 0F 5F 0F F2 3B - A1 FC 7F 29 5B 2F 8D 75  .`.._..;...)[/.u
00006D50:  6B 1C 3E 81 4F B1 E4 B1 - 39 85 59 E5 2D 6C 9B 36  k.>.O...9.Y.-l.6
00006D60:  5B 4F 32 00 E7 EC 3C D8 - F5 00 13 2F 6F 82 EB 96  [O2...<..../o...
00006D70:  B6 D2 42 7C AD 27 EC F1 - 41 12 BC 6E 9B C5 18 11  ..B|.'..A..n....
00006D80:  CD A8 30 64 43 DB A6 FD - BA FE 97 79 2B 5E AF F1  ..0dC......y+^..
00006D90:  03 58 36 76 9E 72 3F AD - 7C 05 85 D3 56 AC 37 FE  .X6v.r?.|...V.7.
00006DA0:  B1 19 0D 2C BB D8 AC E4 - ED 12 11 58 A8 08 3F C1  ...,.......X..?.
00006DB0:  E2 7A 9F 9C 9F D5 31 30 - E5 5C 6B 57 2D 2A 97 A5  .z....10.\kW-*..
00006DC0:  93 53 E8 3D 9F AC 31 D6 - F4 83 BE 28 F2 68 8A 45  .S.=..1....(.h.E
00006DD0:  98 A4 40 42 E1 C4 0D 38 - C9 1F F6 75 DF 98 AF 85  ..@B...8...u....
00006DE0:  30 B6 FA 75 02 C4 F0 AC - B3 13 74 F7 28 85 BC 16  0..u......t.(...
00006DF0:  A2 DD 3B 4D 76 EF 05 52 - F2 2C F6 F2 83 FC A8 8B  ..;Mv..R.,......
00006E00:  D6 E2 5C 10 79 E5 84 28 - CE C7 47 8B 27 C4 87 07  ..\.y..(..G.'...
00006E10:  B3 4D F8 81 13 BE 2C E0 - CE 0C A0 F9 F1 1E E0 90  .M....,.........
00006E20:  9D EF 4E 91 7B 98 0B BD - 35 94 20 FB F0 30 BC 05  ..N.{...5....0..
00006E30:  C4 4B F7 21 34 D3 DD 57 - A6 2D 11 03 84 20 E9 69  .K.!4..W.-.....i
00006E40:  00 00 E2 4A F6 AA 2F DA - BC 29 7B 14 E6 A4 40 D1  ...J../..){...@.
00006E50:  4E EB E0 3A D9 DD CA 20 - F4 8A 77 DE 25 02 04 A7  N..:......w.%...
00006E60:  E9 F4 62 3E 6D 12 A0 0B - EC E1 C1 80 0E 20 3E C2  ..b>m.........>.
00006E70:  45 DC 74 73 E8 E7 A7 52 - 72 4A F9 1D 99 E4 12 97  E.ts...RrJ......
00006E80:  75 AE EF D7 78 57 B4 19 - C8 DB 19 3B 2B 09 72 7F  u...xW.....;+.r.
00006E90:  FC E0 5C 92 5C 2C 57 B9 - 5B 68 37 15 66 16 25 9A  ..\.\,W.[h7.f.%.
00006EA0:  83 1D B9 C4 40 52 DF 61 - 28 BA 83 C1 E0 C7 D6 94  ....@R.a(.......
00006EB0:  82 1B 4C 90 3D BE 48 1A - 15 C3 C0 05 DA 84 CA 42  ..L.=.H........B
00006EC0:  BA DF 9E 6A F6 7E F9 2D - 1C F7 3E 69 E7 01 9D 33  ...j.~.-..>i...3
00006ED0:  11 CB 18 74 0B 9E 67 89 - 28 F4 1F B8 0C FE E5 ED  ...t..g.(.......
00006EE0:  9D 2A 39 31 A0 87 8A D8 - 71 66 B0 EE 26 54 86 F9  .*91....qf..&T..
00006EF0:  5F 51 CF 06 E9 CC 10 AC - F9 19 6F 18 AA 54 EB 3B  _Q........o..T.;
00006F00:  7E C1 54 4E 2C ED C3 3F - 97 4F 7E 3E 85 A2 05 33  ~.TN,..?.O~>...3
00006F10:  94 EC 27 5C 4A 0C 55 7F - 3D B3 9F F4 D7 BC E2 4E  ..'\J.U.=......N
00006F20:  E8 2E E5 9D 77 1C 8C D3 - 9B 20 BB BB 4B E4 FE F6  ....w.......K...
00006F30:  1A FF B5 DE 5F BF 80 A9 - 75 68 7B 7F CD 3B 56 87  ...._...uh{..;V.
00006F40:  E8 C1 7E 2A 58 12 9D 02 - 23 CE C0 3B 52 00 77 0A  ..~*X...#..;R.w.
00006F50:  87 CA 10 A5 17 80 A2 70 - 30 ED 5F 7B 0B 0A 92 46  .......p0._{...F
00006F60:  79 3E 46 87 02 B4 6D 2D - F3 77 4E 3E 35 14 E4 E5  y>F...m-.wN>5...
00006F70:  55 19 DF 6B 7F D6 75 BA - D1 AE E0 76 7B D3 B1 57  U..k..u....v{..W
00006F80:  68 7C DD 7E 1E 1E 3D 6D - E5 E3 9D DF 69 F4 48 70  h|.~..=m....i.Hp
00006F90:  E3 1E 53 17 0F B8 C9 0A - 4A D5 C2 97 4C 30 B9 C5  ..S.....J...L0..
00006FA0:  51 D8 07 D6 E4 D7 1E FF - 0C 56 96 65 47 AC 56 26  Q........V.eG.V&
00006FB0:  52 0E C0 58 8B 01 95 20 - 80 B1 6B 91 E2 DC A7 03  R..X......k.....
00006FC0:  7C 07 72 C1 5A D3 DE 18 - 76 C1 A1 75 5F C1 7E A7  |.r.Z...v..u_.~.
00006FD0:  F0 9C 34 47 2F FC 0B 9E - B3 99 CD 99 20 45 E2 7A  ..4G/........E.z
00006FE0:  CC 54 C7 E8 33 AB 69 26 - 8D C9 17 2A 8F E9 68 3A  .T..3.i&...*..h:
00006FF0:  D4 CE 23 80 39 C2 43 8F - F3 85 56 E8 AC 73 42 43  ..#.9.C...V..sBC
00007000:  BE 60 AB 99 5A 34 DE 74 - A5 79 5F 08 43 6C 45 A4  .`..Z4.t.y_.ClE.
00007010:  07 77 EE 10 24 35 C9 53 - 54 B8 B6 5F 3C DA 40 5B  .w..$5.ST.._<.@[
00007020:  FB D4 BB 6A 90 E5 BE B3 - CC 2F 84 B2 5E A1 60 6D  ...j...../..^.`m
00007030:  0D 48 CA 3A 39 E0 A7 48 - 8D A5 3B C6 52 27 C0 6E  .H.:9..H..;.R'.n
00007040:  27 85 C5 CA 8B 30 93 7E - C5 E5 CD 69 91 1A 7E 37  '....0.~...i..~7
00007050:  A2 36 2D A0 4E A8 3A D9 - CC 18 40 CF 5C 64 13 28  .6-.N.:...@.\d.(
00007060:  DC 17 63 8D 2A AC E6 C1 - FE 58 C3 B6 A2 D1 06 3C  ..c.*....X.....<
00007070:  A1 8D 81 41 05 60 BD 9B - 06 E7 BA C6 FE 6B BC 60  ...A.`.......k.`
00007080:  1C 19 22 0B 48 65 C9 47 - DA 81 C5 D2 F0 1D A5 9E  ..".He.G........
00007090:  EB CB EE 5F A8 2C B2 89 - 43 07 B2 B1 83 4C CD FA  ..._.,..C....L..
000070A0:  70 16 09 E9 8E AE 17 6B - 7A 1D 2F 45 54 30 18 D1  p......kz./ET0..
000070B0:  F5 C0 38 F6 86 BC B6 76 - 13 C1 0C 3D CA 77 86 0B  ..8....v...=.w..
000070C0:  03 88 1A 32 5F 9A 0D 84 - 33 A7 89 10 DF 05 71 E9  ...2_...3.....q.
000070D0:  A2 DB 07 EB 63 2E 13 2F - 66 43 A5 2D 04 55 F4 B5  ....c../fC.-.U..
000070E0:  DD 04 5C A6 00 8C 7A 06 - 80 A9 36 6B 1F 05 80 6C  ..\...z...6k...l
000070F0:  4C D0 C7 87 3B 16 D9 BC - 35 F3 6E 3E 23 D4 8A 4E  L...;...5.n>#..N
00007100:  06 45 4B 1F B6 60 BF 19 - DA A2 35 16 28 22 6E 2E  .EK..`....5.("n.
00007110:  BE BB 4D 36 EB 9F 68 69 - 08 20 F7 1E 64 55 33 26  ..M6..hi....dU3&
00007120:  28 83 BC E8 59 75 20 C7 - 3B 83 3F 12 F9 18 C9 2E  (...Yu..;.?.....
00007130:  85 DE CC 0D EF 1F F6 7F - 9D 06 F4 CE 13 A7 4A 0C  ..............J.
00007140:  81 20 38 2B ED 9E 5F 52 - 0B 46 24 35 6A 62 C5 AE  ..8+.._R.F$5jb..
00007150:  45 6C FD 91 F1 1A 30 1A - 94 1B E3 B4 6F 04 25 B5  El....0.....o.%.
00007160:  EB 8B 31 48 ED 49 C8 15 - CE 0E D9 72 8C 30 6C 16  ..1H.I.....r.0l.
00007170:  D7 DD EA E4 27 A2 DD 5D - 1E CF 0E 36 D2 86 75 1E  ....'..]...6..u.
00007180:  BC 59 85 A0 8A 5E BF CF - 27 8D 50 56 13 FF 84 D0  .Y...^..'.PV....
00007190:  17 92 1C 38 24 37 61 0A - E0 7A 1E 21 2E CA 40 38  ...8$7a..z.!..@8
000071A0:  DC 57 9B C3 A7 6E 92 0F - EC DF 19 15 13 E2 25 DB  .W...n........%.
000071B0:  00 7E CE 40 E8 7B B3 BB - 20 49 55 3B 9A D9 7F A7  .~.@.{...IU;....
000071C0:  99 8A A9 36 4C 71 CA A5 - 15 A0 D8 C6 1B EF CF 6C  ...6Lq.........l
000071D0:  DD 6C 40 34 28 88 36 F2 - A3 C4 6B D3 3E 6C 03 F9  .l@4(.6...k.>l..
000071E0:  CC CE DF DB BE E0 29 DC - 4B 63 55 32 16 CE DD 22  ......).KcU2..."
000071F0:  12 90 31 BA 17 08 44 15 - AC 63 C3 F9 E4 6F 55 F1  ..1...D..c...oU.
00007200:  9D A4 AC B4 47 34 C2 D0 - 54 13 57 90 B6 49 8A 7C  ....G4..T.W..I.|
00007210:  A4 FE 9D 49 BA 5B 02 11 - 0C 1B 83 FB EA 15 0A DD  ...I.[..........
00007220:  B0 CE A5 A2 B2 75 A8 4F - 4B 10 4F 8A 27 E4 E6 A0  .....u.OK.O.'...
00007230:  88 A8 90 6C 88 7F 6E 45 - 67 2A 7C EF 31 7D 9A A5  ...l..nEg*|.1}..
00007240:  2C 66 46 B3 F4 C3 5D AF - A3 8D 23 C6 E3 63 01 A5  ,fF...]...#..c..
00007250:  70 BD A0 75 29 6E 72 F6 - A0 F9 75 4B 4B 5F 51 F6  p..u)nr...uKK_Q.
00007260:  0F B8 5A 58 96 F3 01 AC - 7C 5D F3 D1 FD 74 45 47  ..ZX....|]...tEG
00007270:  B0 2D 58 3A 2D 9B 15 08 - DB D8 45 1D EC 6E D3 23  .-X:-.....E..n.#
00007280:  AE 55 5A EA 55 F9 30 9B - 98 46 BB 9D DF 13 1F 45  .UZ.U.0..F.....E
00007290:  BC 5C 87 B8 63 6A 3D 80 - 54 AC 16 F4 9B 33 2C 9B  .\..cj=.T....3,.
000072A0:  6A BD 3A 9D 15 A8 55 B0 - F7 B8 9C BD D2 9D 0A BA  j.:...U.........
000072B0:  1E DA EC CA 64 D6 BC 66 - BC AD F6 4D 0B 04 53 B5  ....d..f...M..S.
000072C0:  A5 D9 BD 53 AF B3 3F FB - 8D E8 2F B4 BA 58 EA 02  ...S..?.../..X..
000072D0:  F1 86 8B 4D A4 01 33 79 - BE 6A 73 93 6E D1 0D 85  ...M..3y.js.n...
000072E0:  26 46 25 FD C2 93 54 45 - 28 3B 97 2D 72 69 EF 50  &F%...TE(;.-ri.P
000072F0:  7C E9 B7 1F E0 05 EA E4 - 38 B4 7A 23 54 97 F5 DC  |.......8.z#T...
00007300:  7A 40 0D 73 80 BC E0 E0 - C8 7E 81 EF 1F 6C 49 6F  z@.s.....~...lIo
00007310:  DA 3D 73 9D 23 CF EB 99 - 0F 81 A6 F3 CD 5F A8 C2  .=s.#........_..
00007320:  A4 2D 9B BA D3 8C DF B6 - 35 2B 46 E3 7C F1 8C 85  .-......5+F.|...
00007330:  48 C3 27 F0 75 74 67 4C - CB BD 5E C7 2D C3 2B 63  H.'.utgL..^.-.+c
00007340:  A8 74 6B 85 96 FD A0 7E - 03 0A 43 92 52 6E 0B 38  .tk....~..C.Rn.8
00007350:  FC DF 48 6D 49 DC 23 7C - CD 94 5A 7E 4B 36 38 54  ..HmI.#|..Z~K68T
00007360:  2D 69 70 C4 6F 77 D8 4F - 24 78 22 05 D8 B1 C3 A9  -ip.ow.O$x".....
00007370:  38 CE 3D 41 26 5F E3 82 - BA 77 2F D1 2B 9F EB 7C  8.=A&_...w/.+..|
00007380:  3B BA B9 6F C7 F3 34 B1 - 26 52 94 AE 44 74 E3 21  ;..o..4.&R..Dt.!
00007390:  0E 7C D0 E1 47 38 0B 89 - D9 C6 4D 9F F4 96 37 82  .|..G8....M...7.
000073A0:  39 A0 8A E9 C0 02 20 FF - BB 7B 21 B8 CF 40 CF 33  9........{!..@.3
000073B0:  6B 03 90 B0 0B A1 D0 25 - EF 68 D3 0C 03 C4 CE F1  k......%.h......
000073C0:  AC CF 9B 1E 6B ED 83 74 - 00 0F 2C 75 74 63 61 E7  ....k..t..,utca.
000073D0:  8D 62 75 C9 CC F8 88 C5 - D5 F8 08 8E 2A D1 76 7D  .bu.........*.v}
000073E0:  EC 92 BB 58 B2 13 A2 65 - 4C BA F3 B5 07 93 1F C2  ...X...eL.......
000073F0:  8F D7 FD AB 9C 47 76 8C - 52 C8 BF 31 B0 05 CF 4D  .....Gv.R..1...M
00007400:  96 C0 79 BF 56 D8 34 A0 - 52 54 A4 56 AF 53 1F 63  ..y.V.4.RT.V.S.c
00007410:  74 6A BD DD 25 66 B0 14 - CB 56 97 4F 72 A4 AD 40  tj..%f...V.Or..@
00007420:  ED E8 FE 90 8C BB E3 34 - D3 0B C8 2B E2 93 13 7C  .......4...+...|
00007430:  E7 89 FD F2 1E 0D E4 37 - F5 F1 87 89 E1 22 06 D3  .......7....."..
00007440:  D9 51 8E AD 95 CF 84 6F - EF 0B 95 69 12 1F 85 15  .Q.....o...i....
00007450:  A5 38 FE D8 0A FE DB ED - 7A 28 6B 6D 12 CA E3 9C  .8......z(km....
00007460:  F9 CF 27 34 54 9B 47 01 - F8 A3 FA 4C AF E7 2F 14  ..'4T.G....L../.
00007470:  97 DB A7 7B 1B F3 63 C9 - 26 18 F0 19 F1 17 C9 68  ...{..c.&......h
00007480:  8A 3C 83 7C 33 AD 6D 61 - A1 18 37 8B CA C2 BD 92  .<.|3.ma..7.....
00007490:  BD 40 53 9E 05 71 31 AE - D3 D0 FA 29 C2 5B 62 A2  .@S..q1....).[b.
000074A0:  DA 3E 82 25 43 18 44 D2 - 15 5C 05 3A 7C C3 50 B0  .>.%C.D..\.:|.P.
000074B0:  6C 87 D8 CE FE 99 A5 2D - D1 6E CE 69 52 25 C3 CA  l......-.n.iR%..
000074C0:  92 41 A8 B7 C0 5F B4 03 - 6E 57 BE C0 80 DB 3D 39  .A..._..nW....=9
000074D0:  75 83 DC F3 00 BA 72 25 - 56 CA 12 C4 73 0D 12 51  u.....r%V...s..Q
000074E0:  AB CA C4 92 1C 18 46 67 - 32 12 46 01 A3 1A CE 23  ......Fg2.F....#
000074F0:  88 12 AB B8 9F 5F 18 AA - 14 5D D3 3D 15 31 A5 4F  ....._...].=.1.O
00007500:  3E 97 0B E7 FF 6B 7E D6 - DD CE 25 66 E2 F3 8D 5A  >....k~...%f...Z
00007510:  F6 39 88 FC 99 1B D3 AA - 40 A8 36 9C 8F 63 79 43  .9......@.6..cyC
00007520:  91 14 56 73 AA 12 BA 17 - EE 51 E0 23 07 92 F7 E0  ..Vs.....Q.#....
00007530:  8F C1 76 D2 32 23 F3 F8 - 68 DC F8 38 5B EC AA 1C  ..v.2#..h..8[...
00007540:  8C DE 11 99 B0 84 C2 35 - 1E 7D 71 D1 41 43 30 81  .......5.}q.AC0.
00007550:  F3 50 41 D1 69 62 E2 48 - 25 29 4A 29 55 06 54 5E  .PA.ib.H%)J)U.T^
00007560:  62 1E 1B 87 2C DA A2 B1 - 87 17 6B 7F 13 65 2F BF  b...,.....k..e/.
00007570:  F3 42 A2 30 0F 92 07 F2 - 01 79 34 09 94 F8 A2 2B  .B.0.....y4....+
00007580:  E1 94 50 4D DC B7 14 57 - A8 C4 F5 0D 0D FF 40 78  ..PM...W......@x
00007590:  25 38 5A 89 47 56 11 85 - DE FD B0 D3 17 E0 C6 3B  %8Z.GV.........;
000075A0:  72 DE 93 79 39 9D 81 03 - 6B 3A 9A DD 68 A7 CD 8A  r..y9...k:..h...
000075B0:  51 41 93 02 32 98 FD 21 - D5 6C F4 8D FA E1 AB AC  QA..2..!.l......
000075C0:  90 73 3C 09 31 6D 89 94 - 41 C6 1A B4 D1 27 36 93  .s<.1m..A....'6.
000075D0:  A9 E3 9A A0 6B FE 19 87 - DB D0 0C 87 7F 63 65 1D  ....k........ce.
000075E0:  76 B6 27 52 4C FB 8C 40 - BE F8 E8 15 C6 8E 30 10  v.'RL..@......0.
000075F0:  F6 42 8F 88 77 DF 97 1A - 28 34 5F 83 00 DD 99 87  .B..w...(4_.....
00007600:  10 A5 E5 8C A5 08 89 77 - 40 B1 AE 03 9E EB 90 E5  .......w@.......
00007610:  B2 35 E4 B8 88 DD 43 5D - EB FD 00 F1 6C FA 64 77  .5....C]....l.dw
00007620:  68 38 C4 20 6F 7F F3 FB - 3F C1 1C 64 F2 8B 21 D0  h8..o...?..d..!.
00007630:  C3 E8 91 72 FB E9 CD 14 - DF 01 5C 6E 88 4B B8 56  ...r......\n.K.V
00007640:  C4 4F E8 D6 E7 45 5E F1 - CA F3 E9 90 C3 6B 7A AD  .O...E^......kz.
00007650:  2F 5C A6 97 37 F4 16 AC - 3F C0 E3 A8 5D 66 51 5C  /\..7...?...]fQ\
00007660:  AC 24 1B 7A 24 64 8D D0 - DF 4D D7 62 50 81 CE C2  .$.z$d...M.bP...
00007670:  33 C6 39 D5 9D 4C D1 8A - 68 07 9B C2 CB 21 05 7C  3.9..L..h....!.|
00007680:  3A 75 3B FC 60 EA 7E D0 - FF BA 7E AD 09 5A BA 50  :u;.`.~...~..Z.P
00007690:  BE 95 44 C1 02 BA E4 B9 - 98 05 2C E9 A3 5C DF EB  ..D.......,..\..
000076A0:  E5 4E A5 17 1A 9B 54 E1 - DF 12 7E 8F 13 02 9A 31  .N....T...~....1
000076B0:  47 61 5E 3B 39 DD D1 D9 - D1 8B 05 07 A4 F1 CB C3  Ga^;9...........
000076C0:  83 F9 48 F2 C9 A4 BF E3 - 4F 5E 79 C9 E7 DF 0D 09  ..H.....O^y.....
000076D0:  BB CA D0 D0 75 91 64 C9 - 8A A5 D1 7C 98 F4 26 0B  ....u.d....|..&.
000076E0:  4B 66 96 A3 16 F0 D1 DB - F5 53 1D C2 D1 04 AC 9E  Kf.......S......
000076F0:  16 74 D1 A6 2E 79 85 3B - 8A 71 FB 13 8C 7A E2 85  .t...y.;.q...z..
00007700:  3B DB 6B 35 F4 FA E7 B0 - A4 AC 0C 96 4A 9B 7A 27  ;.k5........J.z'
00007710:  BC 9D B3 9E 30 89 E8 0C - 6C 1E BB 3E 89 C9 25 A0  ....0...l..>..%.
00007720:  CF B1 5B 73 C1 97 9B 1F - AF 82 54 69 8F D6 65 AB  ..[s......Ti..e.
00007730:  E7 AD 9A 31 03 31 64 B5 - DF CD 3A 06 7E 94 39 94  ...1.1d...:.~.9.
00007740:  09 FA 9D 87 DD E8 23 2D - 78 07 1A 29 40 FF A0 DD  ......#-x..)@...
00007750:  60 B3 BD 3C 07 75 B2 A0 - EF ED D4 02 C5 F7 89 23  `..<.u.........#
00007760:  0F 6F FC B1 3D EA 43 2E - 7F F4 74 EE 77 F1 8A FE  .o..=.C...t.w...
00007770:  13 C4 16 FD AE 5E E9 37 - 39 CC 73 89 B2 F2 54 B6  .....^.79.s...T.
00007780:  D2 B1 E3 DC 37 A9 B0 62 - 91 AA 11 3B 3A 7E 53 83  ....7..b...;:~S.
00007790:  42 E6 D9 79 27 66 F2 89 - FB 04 15 CA 29 09 73 8E  B..y'f......).s.
000077A0:  1E 58 29 5A 2E AB 59 C8 - 13 CE BF B0 CE E4 60 B3  .X)Z..Y.......`.
000077B0:  20 94 99 2E 84 6A D2 67 - 70 58 A8 33 05 81 EB E0  .....j.gpX.3....
000077C0:  11 F5 AA 84 41 00 40 A6 - 8A 6F 96 AA 55 90 97 B7  ....A.@..o..U...
000077D0:  AC 55 54 11 2B AD E9 19 - 4A D6 A7 C5 77 08 4E A1  .UT.+...J...w.N.
000077E0:  52 C8 40 DF D4 A5 4D 41 - 9B 0A A1 A1 0A EF CC 29  R.@...MA.......)
000077F0:  3C 7A B8 56 04 F2 36 58 - 07 81 33 41 5D 16 2D 37  <z.V..6X..3A].-7
00007800:  AF 67 0D 63 71 C4 76 95 - F4 A9 59 86 91 5F 19 5F  .g.cq.v...Y.._._
00007810:  C3 80 0E 1C 0B 25 5F 0F - 7F C1 A4 A9 09 12 F5 3A  .....%_........:
00007820:  C3 A4 65 05 25 00 32 C1 - 7F F9 BA 41 34 A1 C2 EC  ..e.%.2....A4...
00007830:  28 1C 96 6F 60 86 37 83 - C3 DB 11 3E 48 F4 D3 C5  (..o`.7....>H...
00007840:  61 C6 60 23 10 7C ED 02 - EF 4A 42 06 C0 57 9D E1  a.`#.|...JB..W..
00007850:  89 48 8B E4 6F 28 C1 61 - 0B F2 2C 84 7B D2 9C 1C  .H..o(.a..,.{...
00007860:  A4 A0 CC E3 0D 5E EA 83 - 5A 78 82 61 7A 9E 8F 12  .....^..Zx.az...
00007870:  DE E8 1E D7 EA E2 9C CD - 35 80 03 47 58 7F D3 46  ........5..GX..F
00007880:  8C 4F F8 61 5D 4E F8 F7 - 1E A4 94 68 59 B5 C2 21  .O.a]N.....hY..!
00007890:  5A B0 80 CF 25 45 C3 68 - 9A AE F4 B9 90 5C 04 A8  Z...%E.h.....\..
000078A0:  0D 20 49 6C 77 E9 08 15 - 41 F9 A3 7D F0 6A E3 85  ..Ilw...A..}.j..
000078B0:  1D 22 0E CF D2 93 91 10 - 4D 62 84 F3 42 62 5D 27  ."......Mb..Bb]'
000078C0:  4B 68 AB 94 FD 7D 93 C4 - 15 1A 48 50 DA DA 65 B8  Kh...}....HP..e.
000078D0:  73 37 DC E1 C0 E5 67 A4 - 9E 09 DF 86 18 AC CC DC  s7....g.........
000078E0:  64 F3 4A D3 B3 07 67 24 - D2 32 44 9A C1 42 BB 9B  d.J...g$.2D..B..
000078F0:  66 6B C0 AB 34 81 66 33 - F7 81 38 26 28 7F D4 71  fk..4.f3..8&(..q
00007900:  2D 08 31 F2 29 7E 86 93 - C1 2D F2 6A 13 FE C9 B5  -.1.)~...-.j....
00007910:  22 74 BE 3D 52 29 05 87 - 8D DC DA B9 6F 10 E6 BA  "t.=R)......o...
00007920:  F0 A7 59 15 A9 90 1D 36 - 4E 1A FD 6B 19 C0 95 35  ..Y....6N..k...5
00007930:  98 A3 88 F8 26 B2 F3 13 - 12 45 ED A3 41 D9 57 75  ....&....E..A.Wu
00007940:  83 3C 8F 5E 63 A2 CA EE - 33 9F A3 C3 A2 1D 44 B3  .<.^c...3.....D.
00007950:  17 D0 02 F7 DE 00 D7 EB - 47 7D DC F0 BB F4 40 46  ........G}....@F
00007960:  F2 F4 C4 00 C5 9A FA 0E - 7B 51 F3 B2 99 C8 16 F5  ........{Q......
00007970:  50 C0 14 D5 2F 7C 29 8E - 87 54 69 35 E4 99 C7 E9  P.../|)..Ti5....
00007980:  5C B6 89 36 50 7C E7 D9 - D7 61 8C 54 6B E1 C6 4A  \..6P|...a.Tk..J
00007990:  68 06 E6 28 CD 23 CB C1 - A3 8C F0 1F 14 CD E5 34  h..(.#.........4
000079A0:  95 44 50 6D FB 02 1C E6 - F2 84 0A 2E 2F EA 04 74  .DPm......../..t
000079B0:  C7 C6 C5 09 33 7E 0F 1A - 2F 93 2A 61 1C 8F 14 D7  ....3~../.*a....
000079C0:  4F E8 E2 0C B5 61 88 D2 - FC 74 77 41 78 9D 23 5E  O....a...twAx.#^
000079D0:  EC A2 FB 2C 90 20 A0 6A - 48 E1 D6 D2 F1 57 DD 3C  ...,...jH....W.<
000079E0:  8F 67 E4 CC 4E 8E 17 49 - DA B8 19 EA A0 16 DC 6C  .g..N..I.......l
000079F0:  B0 4A 0A 44 3D 0B E1 E8 - CA 7F 8C 95 9C B0 72 A1  .J.D=.........r.
00007A00:  E1 D7 E0 E9 D8 E9 FF 06 - 92 E5 F5 FC F0 A9 F1 BD  ................
00007A10:  07 B4 40 6A B9 A8 78 F2 - 67 25 E1 8F A2 64 EA 7D  ..@j..x.g%...d.}
00007A20:  2A E1 1E 69 47 9B E6 90 - F1 4A 1F 0B 21 A4 CE 94  *..iG....J..!...
00007A30:  8F 33 7D DE C9 62 9E A1 - D1 6A 1C EE 7F 33 BA 8F  .3}..b...j...3..
00007A40:  D0 EF 0B BC 58 AB 23 7F - 95 5C 44 FA 18 F9 96 8B  ....X.#..\D.....
00007A50:  1B 99 45 86 1A 71 E4 AB - 43 B5 35 A9 01 9B 99 3A  ..E..q..C.5....:
00007A60:  09 B9 E0 C7 81 F8 54 91 - 9E 08 E0 7A C8 FC 18 70  ......T....z...p
00007A70:  C3 E1 92 67 5C FF BB FE - E7 E8 35 5E 98 30 06 FD  ...g\.....5^.0..
00007A80:  61 BA 6E 40 A2 A5 FE 70 - 89 60 BB 93 9B 0A 8A 98  a.n@...p.`......
00007A90:  F4 83 01 53 6E 70 23 06 - 0A A2 88 C4 10 3C CF 57  ...Snp#......<.W
00007AA0:  99 87 D3 34 E1 79 5C CA - 3D 70 CF B6 23 8C 1E A7  ...4.y\.=p..#...
00007AB0:  D3 B0 BF 07 F0 16 8B 70 - 4C 6F 0D 99 A8 31 5E F0  .......pLo...1^.
00007AC0:  72 95 9E 4A F2 82 EB 92 - AC 50 E7 94 7D 5D 1C CD  r..J.....P..}]..
00007AD0:  E1 6E 21 27 3D DA 77 3E - 10 78 8A 8D 3E 22 70 39  .n!'=.w>.x..>"p9
00007AE0:  75 C4 0F B2 33 BE 67 8E - A1 CA BD 81 3D E8 4D FB  u...3.g.....=.M.
00007AF0:  B0 D1 84 10 31 37 B6 F6 - EB 67 16 52 40 AA 59 06  ....17...g.R@.Y.
00007B00:  2E 7A E4 5E F0 05 53 1A - 1C FD AE CA 5D E7 19 20  .z.^..S.....]...
00007B10:  7F 3F 6A 28 F4 D5 9A 86 - 50 C5 B1 26 2D 40 87 E4  .?j(....P..&-@..
00007B20:  BF 4F 40 8B 09 11 6F 48 - 4A DC 14 5F 32 60 E4 65  .O@...oHJ.._2`.e
00007B30:  0A 15 D2 CE 06 D0 57 6D - FD 5C 49 83 D6 E6 85 BC  ......Wm.\I.....
00007B40:  D4 11 5D 82 64 23 D3 C7 - E2 5A 5C 1E 5F BB E0 B6  ..].d#...Z\._...
00007B50:  03 44 5B A9 FD 45 E4 3F - 07 92 E8 01 61 9E F2 2A  .D[..E.?....a..*
00007B60:  99 EC FF 25 D6 1F ED 15 - 09 6D 48 3F 60 F5 32 C2  ...%.....mH?`.2.
00007B70:  E6 69 8A 32 2C 1F 46 8D - E0 B4 4A 5F 96 E7 5E 56  .i.2,.F...J_..^V
00007B80:  83 80 41 A0 FD 3A C5 5B - A8 E3 48 6D 84 B5 0B E9  ..A..:.[..Hm....
00007B90:  28 9C AA 05 08 47 B7 19 - 0C E8 D4 9B 10 38 21 F4  (....G.......8!.
00007BA0:  4F DA EF 19 17 DC 24 D0 - 46 94 04 39 51 B8 8D A7  O.....$.F..9Q...
00007BB0:  4E 95 80 C4 93 56 8F 02 - 2B C3 8B 9E 63 0F FA 2F  N....V..+...c../
00007BC0:  79 79 D6 F4 0A D9 3F 1A - B7 51 93 44 DA 3E FB 20  yy....?..Q.D.>..
00007BD0:  1B D0 BD D2 DB 92 BC AD - 6C 03 8D CA 8D 6A 49 EB  ........l....jI.
00007BE0:  A2 7D 22 5A 6D 17 6F 35 - 7C B4 02 3F 8C 5D 87 2A  .}"Zm.o5|..?.].*
00007BF0:  C5 0D DA B8 35 0A BD 56 - 41 F3 1E F5 D1 0E 84 B1  ....5..VA.......
00007C00:  61 16 06 1D D4 53 9B 8C - DC 49 D2 DC 02 AC 90 F0  a....S...I......
00007C10:  4D 3A 50 16 87 9B 3A 9B - 55 2B D4 3F 98 53 5D 56  M:P...:.U+.?.S]V
00007C20:  DC BD EC E0 54 12 64 14 - 12 C8 B2 E5 6E 61 68 59  ....T.d.....nahY
00007C30:  9E CF 8F AB DC AE 73 20 - 3D C2 83 E2 8F FD 91 58  ......s.=......X
00007C40:  4E 44 ED DA 57 E6 80 A7 - BE F3 39 75 F5 22 A1 84  ND..W.....9u."..
00007C50:  2C F5 F6 E7 F2 1B B7 15 - C1 1A 2A BB BF 3D AE C8  ,.........*..=..
00007C60:  BE 92 F1 34 31 A5 81 D3 - 97 CA 11 1D 09 63 7F A0  ...41........c..
00007C70:  C4 F6 79 FA 2F 4D F4 E6 - 4A 6D 16 49 97 08 3F F9  ..y./M..Jm.I..?.
00007C80:  60 55 9E 5C C5 17 88 98 - 70 3E B4 73 7D 9A F6 9A  `U.\....p>.s}...
00007C90:  EE 63 5C FF 6A B0 C5 41 - 73 A1 E4 0A F7 0B F7 F1  .c\.j..As.......
00007CA0:  CC 5E 6C 04 DB 49 A7 68 - 83 BB 88 F7 A5 3B 5E 83  .^l..I.h.....;^.
00007CB0:  B3 F2 7F 32 1C 37 04 51 - 55 53 2F 22 DD AB 73 6E  ...2.7.QUS/"..sn
00007CC0:  D2 38 BC 8A AC A7 BC E3 - EE 20 83 6F 19 18 84 33  .8.........o...3
00007CD0:  2A F9 2D 44 F1 87 E6 ED - BC 7B AF C5 9E 2F 0B 5F  *.-D.....{.../._
00007CE0:  05 52 DD B1 C1 B1 C8 4F - F8 D9 65 AF 59 9A 68 A6  .R.....O..e.Y.h.
00007CF0:  69 D4 D2 02 FD F2 F5 33 - 9A F0 71 9B 35 25 36 C8  i......3..q.5%6.
00007D00:  60 42 4A BA 26 E2 F3 03 - 46 E8 1A 93 9C 74 A3 58  `BJ.&...F....t.X
00007D10:  E6 7E 21 99 B4 93 CF 8E - 3F 03 4B B3 46 E8 E4 D6  .~!.....?.K.F...
00007D20:  7C C7 D3 99 4B AF 19 6B - 30 9D B5 11 1A 9C E9 5C  |...K..k0......\
00007D30:  FF A2 F9 EE 84 CC 0A 75 - 21 B0 3D A9 D7 EA 19 35  .......u!.=....5
00007D40:  7F 9E 70 B0 B7 1E 3A 0B - 97 D9 41 BD D0 0F 7C 5E  ..p...:...A...|^
00007D50:  69 40 73 5E 4D 6F B0 F0 - F7 A7 C5 0C 92 32 6A 25  i@s^Mo.......2j%
00007D60:  E7 25 7F 2E A7 D1 08 70 - 30 82 5B 6D EA 3F 7A 6A  .%.....p0.[m.?zj
00007D70:  AE 0C 33 BE B8 2A 1F BC - E1 82 83 66 C7 44 CB 97  ..3..*.....f.D..
00007D80:  65 37 3E 17 D6 E7 99 C3 - 80 68 83 E0 EA EC EF CC  e7>......h......
00007D90:  F8 99 A3 3C 80 5E E0 C7 - FA 64 03 A4 07 19 90 62  ...<.^...d.....b
00007DA0:  10 B6 86 70 EF 58 7E B0 - 47 70 58 F5 0D 07 AB 96  ...p.X~.GpX.....
00007DB0:  24 E0 7A 3A 67 FC 2E 3C - 3C DA 6F 55 2C FC 79 56  $.z:g..<<.oU,.yV
00007DC0:  3F 59 74 E4 34 13 94 25 - 14 96 30 34 47 C3 9B 29  ?Yt.4..%..04G..)
00007DD0:  D6 26 41 50 D1 82 2B BF - 82 D3 D4 78 56 72 79 C9  .&AP..+....xVry.
00007DE0:  09 B1 B4 8C FC F4 10 1F - 73 1F 77 37 4B 80 19 61  ........s.w7K..a
00007DF0:  97 A4 8C 92 AC 5C BE 2E - BE AB D6 B1 16 58 22 4C  .....\.......X"L
00007E00:  4B 50 4F 23 41 19 60 8A - 36 D5 50 DD EF 68 E0 5C  KPO#A.`.6.P..h.\
00007E10:  01 99 C2 B0 B6 CE FD 26 - 83 92 71 25 1D 5F 3B 83  .......&..q%._;.
00007E20:  A9 31 3E F0 0D 86 C7 A8 - B6 DD 1E 49 E8 2C B8 B7  .1>........I.,..
00007E30:  E2 97 E8 87 6A CC D1 76 - 2B 7D 80 78 48 72 20 39  ....j..v+}.xHr.9
00007E40:  B0 BD 9A 13 BF 8A 0C 74 - BB 8B C6 F3 F2 02 E6 46  .......t.......F
00007E50:  5E 67 4C 3A 1F 28 70 1A - 3C E0 4A 04 8E 07 2A 7B  ^gL:.(p.<.J...*{
00007E60:  D3 F1 28 7E DB FB DC AB - 76 61 B8 D4 9E 94 66 D7  ..(~....va....f.
00007E70:  CF 2B 03 3B DA 08 06 7D - 53 38 D8 B2 A8 1D B7 50  .+.;...}S8.....P
00007E80:  D0 A7 CD 30 26 93 3A 21 - 2E B6 E6 79 4D 53 26 58  ...0&.:!...yMS&X
00007E90:  32 7A 68 D7 C5 C5 A9 97 - 46 F9 FB 71 AB 97 F3 42  2zh.....F..q...B
00007EA0:  1E D2 55 21 1A 13 4C 3F - 1D 84 DF CA 71 18 39 C4  ..U!..L?....q.9.
00007EB0:  4A D8 03 33 A6 A6 43 15 - 20 BA B5 D8 A2 37 E6 8C  J..3..C......7..
00007EC0:  F3 5E 10 37 D7 AF A6 C9 - B1 CC F1 74 8F F5 14 B9  .^.7.......t....
00007ED0:  EE 4F 1B E6 7F 28 3C 09 - 08 FF 0D 27 7D E6 0E C0  .O...(<....'}...
00007EE0:  F4 A6 31 70 55 2B 35 94 - 9D E7 AB 0D BA 91 27 7E  ..1pU+5.......'~
00007EF0:  47 0C ED EB AE 88 DF 3A - 30 18 52 A8 EF 41 F4 EE  G......:0.R..A..
00007F00:  26 E0 5F FC 7C 82 28 64 - 84 02 B6 F4 1E B6 B4 53  &._.|.(d.......S
00007F10:  5B 1C 91 09 7E D4 16 31 - E7 4E B9 C2 89 7C 7E 02  [...~..1.N...|~.
00007F20:  50 08 A3 AA E7 04 57 D7 - 5F 94 4C 33 A7 E2 C4 3A  P.....W._.L3...:
00007F30:  23 BE 6B 25 CA 06 EB 65 - A1 7E D9 FF 61 47 86 4A  #.k%...e.~..aG.J
00007F40:  B8 D5 FC 1D 96 55 B6 A9 - 7E 2D A8 D0 DE 0B 20 8F  .....U..~-......
00007F50:  C1 CE D0 FE E1 97 AE CA - 9F 2C 36 02 52 A7 60 92  .........,6.R.`.
00007F60:  EC 6F EA AA 17 DF F6 4B - F0 A5 09 12 A0 43 61 C4  .o.....K.....Ca.
00007F70:  96 39 88 F1 BD 20 DE F7 - B6 3D 99 A2 99 EA 3A 97  .9.......=....:.
00007F80:  21 94 3D 81 BC DE 53 F9 - B8 09 8C 2D 3E CA BB 5A  !.=...S....->..Z
00007F90:  73 42 75 A7 86 45 F0 06 - 5A AE 97 F6 23 16 91 21  sBu..E..Z...#..!
00007FA0:  CC 81 25 3D 5C 2E D6 ED - 4B 6B CD 25 4D 70 E4 A2  ..%=\...Kk.%Mp..
00007FB0:  67 A4 D2 25 67 83 24 1B - B5 17 17 1D B4 45 6B 14  g..%g.$......Ek.
00007FC0:  FA D8 FC 7C 6A 2B 08 EB - 73 2A AA 38 0D E9 6A 8F  ...|j+..s*.8..j.
00007FD0:  62 01 D0 C0 AE 1E B6 A6 - AB 6E 04 11 B5 2F 85 51  b........n.../.Q
00007FE0:  66 D0 77 95 98 22 A6 C6 - B8 98 CB 16 86 14 00 15  f.w.."..........
00007FF0:  36 B6 55 0A 8F 45 68 74 - 43 83 C5 60 2A 15 92 FF  6.U..EhtC..`*...
00008000:  AC 35 B6 57 F5 51 E5 BD - 02 89 F0 37 36 76 03 95  .5.W.Q.....76v..
00008010:  97 50 18 23 EA 73 95 3F - E2 3D 1E 82 1A EA E1 9F  .P.#.s.?.=......
00008020:  ED 10 47 0A 49 AB BD 11 - 45 D6 18 B4 9F C1 79 B4  ..G.I...E.....y.
00008030:  5A DC 99 9F CC 40 EF 53 - ED 49 FA B7 E4 E1 36 B0  Z....@.S.I....6.
00008040:  D9 9E CE ED FA 69 F6 7C - E4 85 B5 14 91 22 2D 71  .....i.|....."-q
00008050:  36 DC D3 08 76 E8 4C DD - EC C7 46 9F EB 90 DD FD  6...v.L...F.....
00008060:  68 A7 1C D1 BE B0 12 1F - 37 0C BD 77 CA 4D 2A A5  h.......7..w.M*.
00008070:  9B 77 74 FD C9 45 48 2B - 31 53 C7 2B 88 AA 8E 52  .wt..EH+1S.+...R
00008080:  0A 36 CE 33 76 15 52 45 - 45 19 94 BA 61 17 FB BB  .6.3v.REE...a...
00008090:  F5 5E 25 40 58 E4 82 F9 - 56 B0 04 A3 68 8B 7B 0B  .^%@X...V...h.{.
000080A0:  BD 93 80 01 FB 2D CE 29 - 38 6B 6F 35 5B C7 C1 97  .....-.)8ko5[...
000080B0:  66 20 D2 4D 6F 50 16 59 - 64 46 61 AB C3 37 59 40  f..MoP.YdFa..7Y@
000080C0:  A5 B2 FA 12 2C 68 A0 10 - 9B C4 B1 8D 4E 5D FC 53  ....,h......N].S
000080D0:  07 8B 69 C3 5C 83 1D 06 - 95 89 ED 5D 0B A0 92 C8  ..i.\......]....
000080E0:  4E 4F 4C 1D DC 09 BA 8C - D8 93 12 BD 69 FB 69 38  NOL.........i.i8
000080F0:  8F 78 56 DE 81 09 CE 81 - F4 F4 93 C0 52 DE E4 3D  .xV.........R..=
00008100:  D3 62 13 A3 2B B7 9D CF - F0 39 DF 03 D1 2F 5A A6  .b..+....9.../Z.
00008110:  5E 16 C1 21 DF C6 53 3B - 0A 6C 2A C4 68 00 81 56  ^..!..S;.l*.h..V
00008120:  F2 2F 1F A5 1E 6B 28 81 - 15 88 97 08 CB 52 DF 92  ./...k(......R..
00008130:  5A E7 8D 6C 3C 59 D4 F9 - 2E 0B 9F DD 75 99 C8 C2  Z..l<Y......u...
00008140:  44 4B 7C DB D5 16 5D 14 - CF 15 CB 49 96 45 6D 58  DK|...]....I.EmX
00008150:  8D 8E 91 F7 BB 5C 13 27 - BB E0 BF A6 AF 2B 3D B8  .....\.'.....+=.
00008160:  3E 62 93 30 60 E7 98 06 - 6D C6 1A 84 EA A7 69 30  >b.0`...m.....i0
00008170:  9E 2A 7B C1 4B 62 83 0B - 51 27 A5 7A 0E 83 5A 58  .*{.Kb..Q'.z..ZX
00008180:  44 6F 38 8F 3A 70 7D E7 - 04 A4 2C AC EB 6F 7A 34  Do8.:p}...,..oz4
00008190:  A8 E2 52 28 E8 D2 DE BD - E0 48 5F 3E 1F 72 81 1F  ..R(.....H_>.r..
000081A0:  F3 F5 A7 6F 78 06 6D 14 - 0E 10 F4 E6 D8 30 5A 56  ...ox.m......0ZV
000081B0:  64 9D 35 1B 51 6F 10 07 - 30 29 4C 06 36 F5 26 12  d.5.Qo..0)L.6.&.
000081C0:  A0 D6 C9 8F 4E 0F 73 0D - CB 84 3A FB 87 AE 5C F0  ....N.s...:...\.
000081D0:  7E 49 2C 24 E3 C9 69 D7 - 38 C6 64 B0 EF 18 9F DA  ~I,$..i.8.d.....
000081E0:  33 40 EC 9B E9 99 B0 EE - 37 AE DB 3A 17 E5 0A F7  3@......7..:....
000081F0:  C0 A9 A7 BD B7 2F 1C 64 - 58 53 E1 53 BB 50 40 FA  ...../.dXS.S.P@.
00008200:  4F EB 5C D9 2D 9F 52 E5 - 14 92 30 D8 6A F6 65 5A  O.\.-.R...0.j.eZ
00008210:  67 1C 83 D3 F2 A4 E8 89 - 90 8A 42 E9 49 F4 CB B1  g.........B.I...
00008220:  27 CD 2B BD 24 A8 44 4E - C0 4E 44 70 87 30 32 DE  '.+.$.DN.NDp.02.
00008230:  1B C3 D5 23 20 38 FC 52 - 1F 37 F6 E0 64 B9 74 BA  ...#.8.R.7..d.t.
00008240:  23 65 24 91 51 BF 64 10 - 5B D5 78 CB 83 A6 5D F8  #e$.Q.d.[.x...].
00008250:  34 7B 0F 4D 40 25 E3 10 - 24 5F F5 94 D8 D8 0B 0F  4{.M@%..$_......
00008260:  99 4A 72 3C 28 EE E9 CC - 63 EB 07 7F 91 D9 04 F2  .Jr<(...c.......
00008270:  D3 BE 99 13 DC A8 43 FC - F6 B7 A6 D2 BB B2 2A 02  ......C.......*.
00008280:  35 48 2E 48 83 DF 86 4A - 22 8D 40 F6 A6 54 0D 47  5H.H...J".@..T.G
00008290:  4F 8F A1 89 AC D6 90 6C - D9 33 C3 F7 C6 B2 E5 51  O......l.3.....Q
000082A0:  78 D1 8E F3 0D CD 64 10 - B4 F3 04 6D 32 21 52 D0  x.....d....m2!R.
000082B0:  A1 CF 99 48 0F D9 E8 AE - BF AD CB 61 40 41 FA 3B  ...H.......a@A.;
000082C0:  F9 7A 96 91 DE 9B DD 88 - 4B 18 10 09 D5 C0 0C 2A  .z......K......*
000082D0:  3E FD C9 2A A8 DF DE 5C - B0 FF 83 0E 2D EF 7D 60  >..*...\....-.}`
000082E0:  55 54 52 DB D0 AB 2F 11 - 9F C8 F6 4B DD 50 DA A5  UTR.../....K.P..
000082F0:  99 3D 1A D9 EA 72 C5 3A - 64 96 C2 ED 59 12 43 C1  .=...r.:d...Y.C.
00008300:  A7 B7 EA 3E E2 03 49 74 - B8 AB 46 1E 35 E7 9A AE  ...>..It..F.5...
00008310:  48 A5 63 C5 BE 5C 5F 4E - F5 63 A7 84 D6 A1 2C 34  H.c..\_N.c....,4
00008320:  71 D9 DB 5F F0 DE 29 7D - BF E4 6E 48 B1 66 19 43  q.._..)}..nH.f.C
00008330:  E4 E2 45 FF 06 1E C7 4E - F6 EE 92 65 91 48 1A FE  ..E....N...e.H..
00008340:  C7 D1 43 21 F6 69 CD 12 - 77 D3 F2 0A 4A 87 1E 0E  ..C!.i..w...J...
00008350:  8A A6 DF 7F 92 FA 31 CF - 56 20 91 AB A2 87 EE 20  ......1.V.......
00008360:  A0 A3 85 19 38 33 4B AE - 8B 60 4B 93 2E E2 37 F5  ....83K..`K...7.
00008370:  73 DA 95 15 E8 EB D2 B5 - A9 BB 68 1E 41 56 A6 CB  s.........h.AV..
00008380:  8F 96 C6 C3 84 DD A1 83 - 57 F0 93 C7 4A 1B 7A 5D  ........W...J.z]
00008390:  F9 31 96 47 6F 48 2E 80 - 20 10 DC B6 87 AF B3 36  .1.GoH.........6
000083A0:  79 EA BB 2C A6 15 EE 21 - 34 82 32 8E F4 7B F0 C1  y..,...!4.2..{..
000083B0:  50 73 F4 67 6D 5E C8 05 - E7 58 7A 18 A9 CC 2B 48  Ps.gm^...Xz...+H
000083C0:  0C 1B B7 95 52 1F 00 60 - F9 7E 95 4E F3 55 39 F1  ....R..`.~.N.U9.
000083D0:  44 AB 25 00 C5 11 9E F1 - EA D1 5F 3A 29 EB 15 C0  D.%......._:)...
000083E0:  66 A1 A7 CC 8D 80 1A E4 - 29 34 FA 58 59 13 17 27  f.......)4.XY..'
000083F0:  83 31 34 9B 7D 97 2F EB - F8 95 50 71 39 A5 BC 56  .14.}./...Pq9..V
00008400:  6A 4D 80 8E 6F 25 9B 65 - FE C1 68 F1 EC 53 11 FA  jM..o%.e..h..S..
00008410:  4A FD D2 AB 51 71 CB C4 - 59 89 BB 26 2B 87 B1 73  J...Qq..Y..&+..s
00008420:  EE 3C 04 C7 CD 61 2F 8A - DB 1E 79 77 B4 28 0D B3  .<...a/...yw.(..
00008430:  5F C5 44 17 62 27 42 1C - 53 41 D1 E8 C9 15 63 97  _.D.b'B.SA....c.
00008440:  08 69 8C D9 13 EB 04 F2 - 11 2B 98 E2 25 83 9E 67  .i.......+..%..g
00008450:  D6 6C 9F 0F 15 20 29 D1 - F4 D4 BA AF 49 D7 18 12  .l....).....I...
00008460:  37 2B 9F 95 02 85 08 18 - 8C D1 85 0F 5A 66 87 45  7+..........Zf.E
00008470:  67 FC C0 0E A5 37 7B 17 - FB 7E EF 24 29 AA C8 96  g....7{..~.$)...
00008480:  45 BF 53 46 3F 48 3D 81 - 0E E8 AC E8 C1 3F 74 E5  E.SF?H=......?t.
00008490:  D5 96 F5 F3 51 A3 30 D4 - 5B 26 B3 5B 51 5D F3 17  ....Q.0.[&.[Q]..
000084A0:  07 D9 09 C8 4B DD 04 15 - D8 E1 33 C7 CA 4B DA BA  ....K.....3..K..
000084B0:  EC 46 E9 15 A6 32 EA D4 - 38 8A D7 16 CA 18 4A 4B  .F...2..8.....JK
000084C0:  60 F6 C6 81 F4 9F 0D 78 - 79 97 5C B9 67 F5 DF 67  `......xy.\.g..g
000084D0:  AC 18 A7 23 CD 94 40 C9 - 70 4C 7C DE B3 1B A7 E0  ...#..@.pL|.....
000084E0:  46 7F 63 49 AE B5 DF D5 - 3D 52 F5 95 8A 12 8B 61  F.cI....=R.....a
000084F0:  17 27 95 36 A1 94 F6 E1 - F8 1F BC 52 06 9F 49 B4  .'.6.......R..I.
00008500:  A6 6E 0A 59 5F D8 9D AF - 5E E8 30 4D B1 99 E6 41  .n.Y_...^.0M...A
00008510:  A0 3C 75 6B 2F 26 92 72 - 3C F9 2D 48 58 AE 06 BD  .<uk/&.r<.-HX...
00008520:  69 E8 07 8C F5 D8 CC 3E - C7 3F BF A9 75 BD F7 6B  i......>.?..u..k
00008530:  FE B2 EB 64 44 32 CC B3 - 89 FB 7E AF AB 80 B0 92  ...dD2....~.....
00008540:  7C EE 17 40 97 18 5E F5 - 48 47 A6 A7 C6 C2 C2 41  |..@..^.HG.....A
00008550:  A3 BB BB 66 41 80 73 16 - 8F 61 8F 12 18 1A BB 9E  ...fA.s..a......
00008560:  CD DF A7 C5 97 12 4A 16 - 79 AB 06 F6 CD D6 E7 16  ......J.y.......
00008570:  B9 CC 26 55 E5 87 DF D0 - 29 BC FE DA C6 94 C6 E4  ..&U....).......
00008580:  43 B9 55 3B 49 DD C4 C5 - E8 B2 2F 81 CD DE E7 5B  C.U;I...../....[
00008590:  08 1B AB 92 0E 9A 13 7F - 88 28 0C 2B DC B1 72 AC  .........(.+..r.
000085A0:  F3 06 FE D3 51 9C 21 8C - 17 AF C6 D1 EA DE FF 2A  ....Q.!........*
000085B0:  DF 11 51 3B 18 F3 21 26 - 5B BF 95 55 09 6A 26 99  ..Q;..!&[..U.j&.
000085C0:  6E BC EC 82 9E 80 D1 EC - B8 B4 BE 09 78 A9 C4 39  n...........x..9
000085D0:  77 43 06 C7 9A 78 F8 5B - C1 74 F7 CE A8 8B E4 58  wC...x.[.t.....X
000085E0:  BD CA 61 A1 6E C4 5F D9 - 8B 29 0C B4 B4 09 D3 E5  ..a.n._..)......
000085F0:  12 CD 86 BD 7C 99 11 A7 - CD 8F D6 11 EA 74 30 06  ....|........t0.
00008600:  F6 AC 37 13 D5 45 1E 67 - 61 AF 66 12 8F AA A8 B9  ..7..E.ga.f.....
00008610:  CE F5 52 60 0A 28 42 97 - 09 67 8B BC 9D BE 9A BA  ..R`.(B..g......
00008620:  BC 8D 61 06 F3 44 06 C4 - 54 7B 5E E5 2A A0 2A 1C  ..a..D..T{^.*.*.
00008630:  FA 26 52 40 22 6D 25 88 - 20 1F 3F BE E0 F8 4E 53  .&R@"m%...?...NS
00008640:  F3 89 F9 25 67 23 D5 96 - D2 C4 5C 86 61 54 54 FC  ...%g#....\.aTT.
00008650:  AC 53 2A 4B 66 B7 51 75 - 30 75 C0 54 53 C5 DE 27  .S*Kf.Qu0u.TS..'
00008660:  B7 AD B9 5F 7C E1 7E 6E - 82 8C 33 CA 02 CA B3 BA  ..._|.~n..3.....
00008670:  14 B9 B8 62 F1 60 6C 87 - BD B8 C7 64 6D 00 2D 9B  ...b.`l....dm.-.
00008680:  E9 01 D7 32 9A B6 F6 7E - 8F 21 E0 A9 00 B2 8E BE  ...2...~.!......
00008690:  C2 AD 90 AB BC C4 F8 41 - B6 99 57 1C 70 CE 72 C7  .......A..W.p.r.
000086A0:  CF CF 3B 44 55 06 81 D4 - 16 03 DA A5 38 B0 DC A1  ..;DU.......8...
000086B0:  AE 38 84 4F D5 75 CC 60 - E0 3B 8D 28 47 44 55 ED  .8.O.u.`.;.(GDU.
000086C0:  37 11 2D 19 D9 40 99 7E - D7 24 24 B5 77 A8 91 F3  7.-..@.~.$$.w...
000086D0:  BC 6E 8C 60 6A 54 39 0E - 50 FE 07 EC C3 1F 8B 6C  .n.`jT9.P......l
000086E0:  DD 0E 7D 6D 53 AD 46 9C - 68 B1 85 C1 BC E8 AB F1  ..}mS.F.h.......
000086F0:  33 77 48 3D 46 6A F7 E9 - EB 96 E4 C4 54 4F BE 6C  3wH=Fj......TO.l
00008700:  8F 2E 65 0F E2 AF D2 68 - 13 4D 13 65 D3 06 79 11  ..e....h.M.e..y.
00008710:  68 2E 67 A3 AC 0F A4 A7 - 0C 56 05 70 54 5C BE 84  h.g......V.pT\..
00008720:  A4 9F 07 4A 38 73 78 6A - 1A C7 B5 0D 74 5A 17 9F  ...J8sxj....tZ..
00008730:  A5 58 AB 0A 38 42 90 06 - 82 DF F2 B4 62 72 97 EF  .X..8B......br..
00008740:  FE 28 24 7E 2A BA 60 CA - 8A 42 7D 7F 18 FF 1C D8  .($~*.`..B}.....
00008750:  9A 29 E4 57 92 50 DD 35 - E3 0C CE 95 69 49 8E 57  .).W.P.5....iI.W
00008760:  08 7F 1F AD F7 B4 47 86 - E8 FB 25 F4 5E 69 36 54  ......G...%.^i6T
00008770:  31 5A 6A BC 69 56 AF FC - BD D7 1B D4 DE 1E CC C9  1Zj.iV..........
00008780:  19 A5 B9 DF CD E3 87 18 - 3D 90 43 89 22 DC BA 16  ........=.C."...
00008790:  E9 CF C1 B5 E0 6B D8 5C - EE 9A B9 7C 7B 68 41 3B  .....k.\...|{hA;
000087A0:  4F 59 18 10 A2 E3 C7 62 - 28 70 30 45 9B C1 1F 9A  OY.....b(p0E....
000087B0:  A1 D1 D4 A1 2D 59 33 9B - C1 F2 8D AB AC FE 33 2A  ....-Y3.......3*
000087C0:  3E F8 6B A5 E9 D9 01 0A - 10 A6 2A 5A CC 21 74 00  >.k.......*Z.!t.
000087D0:  CE B7 B0 A6 FB 1E CE FF - 7F 9B C3 C9 23 7F 67 15  ............#.g.
000087E0:  65 41 C0 1C 72 21 50 0B - 4F AF 15 6B CA A1 5E 30  eA..r!P.O..k..^0
000087F0:  CE C3 90 5F CB 45 EC 71 - 06 95 3C E1 25 90 51 70  ..._.E.q..<.%.Qp
00008800:  85 96 99 74 9B 7D 7B 43 - EB 95 0B A8 BD 4C DC B8  ...t.}{C.....L..
00008810:  97 3D D4 CD 15 58 AE 0D - 55 AC 39 39 AB F7 1D 24  .=...X..U.99...$
00008820:  FB E5 6F 38 D7 83 D6 FD - AD 10 A0 C1 A4 37 91 33  ..o8.........7.3
00008830:  69 9F AE 0A 19 79 BD 2A - FA B4 A4 B4 FB 70 7C 9D  i....y.*.....p|.
00008840:  97 5A F8 43 FB 8B EF 82 - 52 8B 5F FE E5 FC 30 9B  .Z.C....R._...0.
00008850:  22 26 C9 D2 44 68 9A 99 - 41 E9 51 92 00 D3 6F F1  "&..Dh..A.Q...o.
00008860:  69 92 77 DF 60 45 23 7E - DD C5 A5 C8 CA 83 BD EB  i.w.`E#~........
00008870:  5A 8C F0 74 26 8D BF EC - 98 1F 17 70 2D 65 83 DB  Z..t&......p-e..
00008880:  D6 4D DC A4 B3 62 A6 73 - DA B3 D7 30 50 E7 61 09  .M...b.s...0P.a.
00008890:  38 39 B9 28 CA CD 8E CF - DA 72 6C 59 E5 44 9C 12  89.(.....rlY.D..
000088A0:  1C BD B6 F4 D5 B7 CC 38 - C8 88 2C A8 8E 0F B7 EA  .......8..,.....
000088B0:  2C 00 A8 F9 AC 09 C5 7E - 7F 9B F1 DE 21 A8 C0 53  ,......~....!..S
000088C0:  1B 62 6C 25 EF 88 AF 10 - 8C 54 EE C4 37 35 83 35  .bl%.....T..75.5
000088D0:  F5 7A 72 E1 6D 48 14 AB - 8C 20 05 7F B3 44 BE C1  .zr.mH.......D..
000088E0:  E2 0A A8 AC 60 9A 87 33 - D9 53 44 8A 8C 1F 6C F2  ....`..3.SD...l.
000088F0:  7A 43 06 49 57 17 C3 BA - 8D C8 CF 62 AB AE 79 4C  zC.IW......b..yL
00008900:  3C 68 EE 5A 79 5B D4 0F - E7 8F 02 C5 1C D2 29 80  <h.Zy[........).
00008910:  C6 01 F8 6B 9F C3 42 32 - 85 B6 25 C0 EF F9 10 E9  ...k..B2..%.....
00008920:  E8 E2 88 77 F5 88 97 BA - FA 57 36 65 9D 34 F3 3B  ...w.....W6e.4.;
00008930:  69 49 49 55 2E 59 C2 B8 - F2 B3 FB 20 FF EA E9 17  iIIU.Y..........
00008940:  52 B8 57 F7 55 07 21 79 - CD E6 1F CE D9 64 4E C8  R.W.U.!y.....dN.
00008950:  3D C6 18 A6 C4 67 A3 C4 - A5 04 52 CE CC 81 C9 B7  =....g....R.....
00008960:  13 B7 86 AB 89 9E 73 C3 - 80 69 70 C2 22 33 B5 F8  ......s..ip."3..
00008970:  B7 86 47 B7 04 70 E1 82 - 3D A7 E2 3E 11 87 D2 31  ..G..p..=..>...1
00008980:  69 94 7A 6C A6 65 E5 7E - 18 42 8A 93 3E 3C 3F D5  i.zl.e.~.B..><?.
00008990:  59 3C C4 0F 84 EB F2 8A - 6C BF 3D 11 B3 67 C1 7D  Y<......l.=..g.}
000089A0:  3F 4A 73 1E 40 22 7D 47 - 46 06 0D 7D C3 DE 73 4A  ?Js.@"}GF..}..sJ
000089B0:  00 FC E4 9D 1D 8E 9F B6 - 23 27 A5 71 BB DD 45 1E  ........#'.q..E.
000089C0:  10 89 E7 45 95 7F 5C F6 - DA B4 33 FA DA 34 73 79  ...E..\...3..4sy
000089D0:  2E AE 18 99 A7 DC 97 B3 - D3 E3 6C E4 31 E1 66 29  ..........l.1.f)
000089E0:  C7 64 56 55 21 5B 3F 72 - 3A 63 B0 F8 3F 32 3C EA  .dVU![?r:c..?2<.
000089F0:  EB 4A AA 49 04 22 D8 CC - 5D 06 C8 34 93 00 19 C3  .J.I."..]..4....
00008A00:  7D F7 6D BB DF 2C DF 96 - 5B AF 52 60 9E AA D9 1F  }.m..,..[.R`....
00008A10:  7D AB 9A 48 F1 FE 00 1C - 80 D5 C0 FA 24 EE 94 1B  }..H........$...
00008A20:  A6 A4 53 8A C4 6C 30 61 - 67 06 3B 7B C3 49 FB FE  ..S..l0ag.;{.I..
00008A30:  84 D9 E9 2A 49 5A 22 6A - 57 C4 10 BC 98 B5 02 9E  ...*IZ"jW.......
00008A40:  A8 39 0D E6 E0 26 6E D8 - B7 9E A9 E6 71 0B EA 55  .9...&n.....q..U
00008A50:  D4 14 D7 33 32 59 B7 16 - 1E CB 07 A3 7D F8 49 13  ...32Y......}.I.
00008A60:  CF 48 CC 54 91 8C F0 69 - 98 BF 36 13 E6 F2 E8 44  .H.T...i..6....D
00008A70:  8C 83 42 BB 73 B1 57 E2 - F4 48 E5 05 9D 05 26 86  ..B.s.W..H....&.
00008A80:  5E 8E 7C 73 34 D8 8C 50 - EC 19 02 60 7A F8 D3 45  ^.|s4..P...`z..E
00008A90:  A4 05 71 46 CA 5B 79 11 - 97 0A EA FC AB F3 F7 63  ..qF.[y........c
00008AA0:  03 16 1F 19 50 44 FD 57 - 51 F2 13 27 72 DA E7 AB  ....PD.WQ..'r...
00008AB0:  05 DA A5 BA 77 B7 15 06 - 42 B0 EA D3 8F 6E CC 13  ....w...B....n..
00008AC0:  8E C5 38 ED A8 C3 E5 69 - C0 4A CA 69 33 FA 62 82  ..8....i.J.i3.b.
00008AD0:  4B 24 D8 EC ED DC 0F C5 - D4 37 44 0B AD DA 63 A6  K$.......7D...c.
00008AE0:  EC 2B 7B B3 76 44 6B 00 - 5C 6E B5 A5 F4 0D 75 84  .+{.vDk.\n....u.
00008AF0:  D2 0D E8 F2 7A 35 83 DA - A7 CD A0 3B 7C 91 29 A1  ....z5.....;|.).
00008B00:  76 A2 C3 FA FB 6C A0 1F - D9 B6 35 45 E4 BB 8E 93  v....l....5E....
00008B10:  7C D4 F1 03 DD B8 B7 97 - 93 CB 73 65 97 59 23 3C  |.........se.Y#<
00008B20:  4B 39 0A 7A 58 2C C8 DF - 28 21 CD 57 C2 83 C1 93  K9.zX,..(!.W....
00008B30:  D8 03 AD F3 10 EB FB F3 - 98 17 8B F6 CD 8E E8 0A  ................
00008B40:  86 BD EF D2 CD C0 59 A9 - BC D0 D9 15 21 0C 26 AD  ......Y.....!.&.
00008B50:  4E 0E 70 42 D5 8A 92 94 - 19 BF F7 C4 5B DD B3 F6  N.pB........[...
00008B60:  E9 01 0A F8 9C 4E C6 E4 - E6 11 89 FC F0 96 D6 C7  .....N..........
00008B70:  11 4B 48 5E 1B B1 61 A7 - A0 06 7A 3B 8E 0E 52 95  .KH^..a...z;..R.
00008B80:  08 F2 5F EC 6A 9A 05 8A - 23 87 C8 F0 B0 41 F9 9B  .._.j...#....A..
00008B90:  FC 9C A2 83 E7 55 08 D5 - 5E A1 BA 83 1C A5 35 B3  .....U..^.....5.
00008BA0:  29 88 18 37 4C 47 38 31 - ED DC 3F E0 B6 90 B5 10  )..7LG81..?.....
00008BB0:  EC 74 8F 1A B9 DF B6 C9 - FA 90 97 38 78 5D E7 9C  .t.........8x]..
00008BC0:  70 D6 02 BD D4 12 F6 24 - 25 6A B0 DC 73 87 B6 4E  p......$%j..s..N
00008BD0:  37 75 0E 31 07 4E D2 CA - A2 05 4C 29 9D 88 CC 72  7u.1.N....L)...r
00008BE0:  09 3E 90 13 89 58 2E 4F - 0E 62 1C 01 C2 45 7B 89  .>...X.O.b...E{.
00008BF0:  CC 42 43 8C C6 5F 4F 96 - 6A 4A 3E 2F D5 C6 C9 8D  .BC.._O.jJ>/....
00008C00:  26 4A 45 CC 22 1E 16 92 - 95 74 C1 98 46 51 6C 03  &JE."....t..FQl.
00008C10:  BE 1C 34 D4 79 4E B6 BE - 7B 03 E2 8D 9A 12 36 A5  ..4.yN..{.....6.
00008C20:  DB 03 3C 60 03 F5 92 7B - B0 40 3E 45 FD 5E 3B 4B  ..<`...{.@>E.^;K
00008C30:  0C B9 E2 C2 37 17 F2 2A - BA DC DD F9 8A 3C 16 46  ....7..*.....<.F
00008C40:  78 90 BD 38 80 70 23 62 - 3F CB 0A 1F 3C 93 AE 18  x..8.p#b?...<...
00008C50:  A9 E7 56 02 D5 E9 C8 77 - AF 23 14 BE 23 5B 00 0F  ..V....w.#..#[..
00008C60:  AA 0A BC 15 09 B7 22 46 - 23 1A 67 2C 1D 13 1E 96  ......"F#.g,....
00008C70:  3D E6 27 FA AC 67 8F A0 - C8 43 4B D3 4E 8B 43 7E  =.'..g...CK.N.C~
00008C80:  E8 CB D8 EF 83 A8 E6 0D - 32 A5 A2 28 E0 11 B0 40  ........2..(...@
00008C90:  93 4D 48 6F D3 EA BA 59 - 21 58 A4 59 B9 E8 63 59  .MHo...Y!X.Y..cY
00008CA0:  AD EB A4 0F 7E 64 BD 14 - 36 62 BF 66 97 DA 94 E2  ....~d..6b.f....
00008CB0:  B8 83 CA E7 4C 22 44 84 - 54 A2 CF B6 E5 2B 1B 73  ....L"D.T....+.s
00008CC0:  F6 E6 47 11 EB 2A DA 15 - 79 22 D9 18 44 8A 86 E6  ..G..*..y"..D...
00008CD0:  9C F7 D3 BF 20 0C 63 B6 - 62 F9 0F C4 D8 54 13 CF  ......c.b....T..
00008CE0:  82 2F 86 22 CC 7A CE 54 - 12 39 42 A5 FA 27 6A AE  ./.".z.T.9B..'j.
00008CF0:  5D 62 3C 0F 6B 36 4C 68 - 3C F8 C4 F3 08 10 83 09  ]b<.k6Lh<.......
00008D00:  4C F2 EB CE D3 D2 77 C5 - 11 A8 48 21 66 B0 CB 34  L.....w...H!f..4
00008D10:  26 E6 15 B0 49 53 2A 9F - D6 BE 86 79 B8 65 CB 4F  &...IS*....y.e.O
00008D20:  CC FA 5C DF C3 1E B1 E3 - F0 30 29 EC 02 AE D8 5D  ..\......0)....]
00008D30:  1D 47 98 13 1E 05 36 A2 - 4F C1 C1 DF E6 E2 C3 BE  .G....6.O.......
00008D40:  CA 23 BA 2A 82 55 DC 48 - 50 28 2C C1 D0 F5 1D B3  .#.*.U.HP(,.....
00008D50:  38 30 D9 2F D8 1D 0D CB - 8E D1 0B 5C F0 34 25 9B  80./.......\.4%.
00008D60:  98 72 0E F5 4A 72 81 9B - 86 DE F8 93 93 44 39 BC  .r..Jr.......D9.
00008D70:  C9 3A 68 41 84 07 BF 06 - 7F 0B F3 71 45 18 DC F0  .:hA.......qE...
00008D80:  76 FD 4A 18 4F 88 A0 34 - 69 14 50 9E 57 B4 10 1E  v.J.O..4i.P.W...
00008D90:  1A 8F 46 AD B8 A6 DE D2 - 66 CF 52 68 97 EA A1 9F  ..F.....f.Rh....
00008DA0:  4E 91 82 60 CE 48 F7 6A - 68 72 92 10 27 AF 40 E1  N..`.H.jhr..'.@.
00008DB0:  02 C7 02 74 F1 DC 69 FB - C4 88 31 EC 0D 54 DB ED  ...t..i...1..T..
00008DC0:  B9 9D EB 2D F9 80 AB 57 - 63 CF 3D 75 44 AD 5A 86  ...-...Wc.=uD.Z.
00008DD0:  24 8E 02 59 C0 E7 54 56 - 48 0E 29 A0 C3 E1 91 9A  $..Y..TVH.).....
00008DE0:  D0 79 DE AB 3D 84 55 83 - A3 16 9E B8 D4 10 6E C2  .y..=.U.......n.
00008DF0:  9C 56 CF 81 B0 56 29 96 - 7A 2E CF 37 8B 32 D1 94  .V...V).z..7.2..
00008E00:  EC DD D6 BC 7D DF 70 31 - A7 E7 F2 58 71 9F 63 DB  ....}.p1...Xq.c.
00008E10:  58 4D 9B 20 7C 4F E3 82 - 80 42 8C D7 9B FD 05 4C  XM..|O...B.....L
00008E20:  1C 8B 5C F7 3F 57 D4 3B - 6D 34 17 F0 F9 04 19 0E  ..\.?W.;m4......
00008E30:  02 77 C1 7E 0F 4B 85 63 - C1 48 7F C5 36 A4 F6 09  .w.~.K.c.H..6...
00008E40:  E7 C2 73 18 38 D2 92 44 - E3 39 97 98 0E 79 04 8F  ..s.8..D.9...y..
00008E50:  6F CB A9 5B 6B 07 99 9D - 46 78 3B 67 DB 14 CD 17  o..[k...Fx;g....
00008E60:  83 4B 33 85 DE C6 EF 36 - 99 BE 7B C7 E1 11 2A 97  .K3....6..{...*.
00008E70:  B0 87 EF E3 E5 C6 69 DD - 1D BD EE 41 07 9A EA 66  ......i....A...f
00008E80:  A8 03 64 DC 09 9C 60 EF - 7C 65 3F FB C6 33 26 61  ..d...`.|e?..3&a
00008E90:  A1 D3 73 E1 BF 1E D1 79 - 6B 5B F1 ED A2 00 33 B8  ..s....yk[....3.
00008EA0:  F4 6D 6D C5 96 2E BE 60 - 3F A6 B1 00 5E EC B3 30  .mm....`?...^..0
00008EB0:  70 3D FD A3 18 89 C8 7E - 27 05 E2 C0 39 3E 7F 77  p=.....~'...9>.w
00008EC0:  AF F5 40 53 29 49 BE C1 - FE 3B AA 56 2F 66 13 04  ..@S)I...;.V/f..
00008ED0:  50 4D 01 7A CB 05 25 8A - A4 FF A4 2A BA 9D 36 A3  PM.z..%....*..6.
00008EE0:  A9 3D 6F E5 A5 0D DE AB - 11 99 B8 FD 40 07 54 EA  .=o.........@.T.
00008EF0:  5D B1 80 E9 02 1C 25 A8 - E0 19 D4 18 45 32 E0 5D  ].....%.....E2.]
00008F00:  E4 E8 1F 5F 03 DD 51 C5 - 83 77 95 F9 4A E6 11 E5  ..._..Q..w..J...
00008F10:  67 C2 5D 02 39 F4 85 03 - DA DC 28 2C 70 4B 47 19  g.].9.....(,pKG.
00008F20:  53 30 9A B5 38 27 65 38 - 3B A5 37 C7 13 18 82 BA  S0..8'e8;.7.....
00008F30:  77 AE FB 12 10 68 C1 2D - 7A 00 C6 7C D8 49 39 C1  w....h.-z..|.I9.
00008F40:  EC 1A AC DE 2E 58 54 15 - BC 69 3C D8 F2 F1 F9 34  .....XT..i<....4
00008F50:  66 FF 2F 99 DC C0 FA AF - 1A 62 19 B2 6C 6A EC 7E  f./......b..lj.~
00008F60:  86 B6 07 F9 A6 35 F4 12 - 32 2B CA 9F 5F 40 BD 24  .....5..2+.._@.$
00008F70:  B1 D4 47 ED 69 B9 C5 19 - 91 58 7D 24 B8 C7 DC AF  ..G.i....X}$....
00008F80:  F2 E1 CD 2C 59 89 9F B3 - 3B DA 4D B9 F8 7C F9 2B  ...,Y...;.M..|.+
00008F90:  64 3E 16 3A DC F7 DB A6 - D5 B0 F1 6F D8 33 AE 3D  d>.:.......o.3.=
00008FA0:  66 DF C4 4B 2F D6 9A A4 - AF BB 68 71 8C ED 53 79  f..K/.....hq..Sy
00008FB0:  83 64 C0 C0 17 1F A9 90 - 52 19 E1 39 50 AB 85 4A  .d......R..9P..J
00008FC0:  CA 65 67 1B E1 37 B4 13 - 6F BE A8 B2 2F F8 71 F0  .eg..7..o.../.q.
00008FD0:  70 64 D1 C2 2D F2 B6 72 - 31 63 14 37 B8 8B 2D 9C  pd..-..r1c.7..-.
00008FE0:  59 94 F4 83 97 A5 78 2B - 82 B9 B2 72 01 52 CA 88  Y.....x+...r.R..
00008FF0:  55 EA F7 AE 39 BE 90 E2 - 5D EB 44 6A EE 15 88 F8  U...9...].Dj....
00009000:  31 A9 85 1A 97 99 2A BF - CC D8 1F E0 21 AC 22 FB  1.....*.....!.".
00009010:  D9 24 D7 23 B5 E7 49 20 - 98 D8 C8 D6 76 AF 0F 2D  .$.#..I.....v..-
00009020:  61 D9 CA 22 70 04 F4 31 - D9 83 87 48 7D 6E 99 02  a.."p..1...H}n..
00009030:  A7 AC 15 E7 87 04 2F 54 - C4 FD 0D C1 49 91 BF 66  ....../T....I..f
00009040:  34 5F B8 FE 4C 25 A4 0E - B7 6E 13 32 94 03 E8 61  4_..L%...n.2...a
00009050:  C1 4E 6C 9A F8 2C 2E 90 - 5C AF CE FD 3A 96 4B CA  .Nl..,..\...:.K.
00009060:  E0 D9 B0 75 4F A4 61 A6 - E3 3E C7 EF 91 B8 AA 81  ...uO.a..>......
00009070:  C6 B4 F1 D1 21 4B 8B 16 - 5B 36 A0 CB 40 73 F5 6E  ....!K..[6..@s.n
00009080:  66 23 6F 21 1C B1 D9 C6 - 7B EE 52 B5 6B 52 A6 17  f#o!....{.R.kR..
00009090:  1C DF 10 3D D7 43 FE F5 - 7F C9 8B EA 20 B7 DA EA  ...=.C..........
000090A0:  12 89 E0 2C 8B 32 56 3C - 6E 37 6C 1C FC AB 97 AE  ...,.2V<n7l.....
000090B0:  60 56 71 15 15 0F 12 A8 - D2 24 69 D9 C3 1F D8 ED  `Vq......$i.....
000090C0:  EB 10 66 C0 6B 2C DF E1 - 4B 82 0D A9 BD 02 60 C1  ..f.k,..K.....`.
000090D0:  0C 82 4B CD 8A C0 2B A1 - 26 2E 4C 00 6E 41 6E E1  ..K...+.&.L.nAn.
000090E0:  FA 99 9E D8 0B 78 40 59 - 9D 15 74 DF 6E 8D 6A 6A  .....x@Y..t.n.jj
000090F0:  2A B8 4B 5B F4 90 D5 9A - 05 B2 7C 52 7B 76 F1 74  *.K[......|R{v.t
00009100:  E3 AA 10 5D 22 51 0D 71 - 9A 46 FD 4F 5F 84 83 D9  ...]"Q.q.F.O_...
00009110:  0B E0 24 58 DD E7 BB DD - 63 56 44 44 5F 28 5A 81  ..$X....cVDD_(Z.
00009120:  D8 69 70 85 34 5A 4B 2C - D4 5B F4 82 B3 BC 2B 62  .ip.4ZK,.[....+b
00009130:  82 2C D5 1B 2C 7F 54 41 - D1 29 70 4F 9D 5A CD 49  .,..,.TA.)pO.Z.I
00009140:  93 B0 C8 F8 65 C2 C5 D3 - C8 1D 70 EE 3D 7D A4 BA  ....e.....p.=}..
00009150:  B3 D2 59 7D 6C E5 34 A1 - 83 24 F9 E3 37 01 72 A0  ..Y}l.4..$..7.r.
00009160:  94 86 2D EC 1C AB 3D D4 - 1F C8 14 69 D4 B9 03 7B  ..-...=....i...{
00009170:  12 3F C3 A6 04 1B 1C C5 - AC 48 50 A1 AD B5 19 BC  .?.......HP.....
00009180:  F5 F5 48 EF 83 FB 99 23 - 74 DC C0 C7 17 97 55 23  ..H....#t.....U#
00009190:  3B A7 FC FF E1 56 49 FE - 50 4D 77 83 24 BE B9 10  ;....VI.PMw.$...
000091A0:  9E 7A C0 7E BE F0 2A FB - EB 1C C1 F0 BF 00 BC 6F  .z.~..*........o
000091B0:  1B 76 C9 4F E0 80 54 F6 - 65 D1 28 9B FA 59 1A 98  .v.O..T.e.(..Y..
000091C0:  08 37 A6 47 A9 B8 0C B6 - 2A 80 0C CB E4 AF 01 CC  .7.G....*.......
000091D0:  A0 68 9C 39 CB F0 16 B7 - 05 12 F7 7B C2 A3 FC 28  .h.9.......{...(
000091E0:  B2 2A EE 25 A2 05 11 B0 - 47 A1 D9 6C A4 2F B2 6E  .*.%....G..l./.n
000091F0:  B9 9C 6E B0 6A E7 AE 04 - CC 24 5F 55 9C 9E 77 D4  ..n.j....$_U..w.
00009200:  E1 63 4B 99 5F 6C A1 FD - 82 AA 77 BF A5 74 F7 70  .cK._l....w..t.p
00009210:  50 1F 07 F6 E7 1A 72 9C - 40 9B EA 6A 73 5C F0 81  P.....r.@..js\..
00009220:  1C 1E FA B7 3E A2 65 E4 - 4C 9B 8C EC F7 2B 44 46  ....>.e.L....+DF
00009230:  DA 32 3E AE 52 3E 4F 0A - 61 81 2A 20 78 8E 97 5B  .2>.R>O.a.*.x..[
00009240:  8F EF 5D ED 82 02 8E BD - C8 A3 F0 92 1C 0B BD 60  ..]............`
00009250:  7B BF DF AF C5 09 93 D1 - A0 55 AB A9 B5 E8 EA BA  {........U......
00009260:  CD 53 75 53 8A 0E 1F 0F - 71 CE 40 23 98 A7 4D 9B  .SuS....q.@#..M.
00009270:  5C 34 55 7F 4D 33 F5 D8 - A1 06 A8 F5 FB 40 75 76  \4U.M3.......@uv
00009280:  DF 96 CF F2 7C FC FF 8B - DA 2A 7B 7C 21 7B 70 0A  ....|....*{|!{p.
00009290:  F5 AD B5 9C 34 F0 48 C1 - B7 64 05 50 41 57 35 AA  ....4.H..d.PAW5.
000092A0:  73 5A 9C 4F 1A F6 E0 7D - 2B 46 3A 8A AA DA 1E C8  sZ.O...}+F:.....
000092B0:  77 C7 93 A4 8D 9A 25 4B - 83 A4 3E 1A A1 38 DB 8A  w.....%K..>..8..
000092C0:  FF C3 3B 75 07 20 2A 2C - 63 2A 3E B6 8E 21 EF 66  ..;u..*,c*>..!.f
000092D0:  4B 3E 5A C2 36 A8 E7 65 - 69 9F B7 D4 72 8A BE D6  K>Z.6..ei...r...
000092E0:  43 F9 C7 3D B7 B4 F0 97 - 94 0D 3F 6E 5C C3 DA 0A  C..=......?n\...
000092F0:  EE 78 A0 DC 38 49 91 EF - AF FF 09 00 B2 66 8F B6  .x..8I.......f..
00009300:  C9 1C 56 1A 54 84 D6 A0 - 85 A4 0D 34 B6 E8 52 B2  ..V.T......4..R.
00009310:  A0 9B 4E B1 FB 65 28 18 - 8C 3B C4 C2 D8 84 7D 66  ..N..e(..;....}f
00009320:  E1 07 C7 DE 3B B9 4E AD - 36 8A 20 8F 34 C1 E2 9D  ....;.N.6...4...
00009330:  B7 4E 48 31 84 0D 41 8A - 77 4F 36 75 29 C3 90 B6  .NH1..A.wO6u)...
00009340:  BA EE 47 F4 51 51 B1 C2 - 13 12 6A 06 71 3B 34 96  ..G.QQ....j.q;4.
00009350:  27 A8 7D A9 DF 31 3E 7D - 49 0B 2C D3 18 0F A3 14  '.}..1>}I.,.....
00009360:  12 29 5E 6E C7 9F 0E B3 - 7C 83 E9 CC 33 EE DA 67  .)^n....|...3..g
00009370:  EF 03 2B A5 9D 2C 55 FC - 76 64 07 89 B5 1E 9E A5  ..+..,U.vd......
00009380:  4D 44 16 16 39 11 F6 9A - F3 6B 9C BD E8 FB DB 91  MD..9....k......
00009390:  7F 56 9E 97 D5 08 54 E3 - 6B 81 AD 0A 7C 61 4D 48  .V....T.k...|aMH
000093A0:  30 5D E8 49 8F D3 CA F2 - 28 DB 47 DD 3D 45 27 E6  0].I....(.G.=E'.
000093B0:  E1 4A 04 30 F2 5B 1A 00 - EB 59 D8 39 24 66 AD 32  .J.0.[...Y.9$f.2
000093C0:  A5 90 56 04 CE FD 62 43 - 0D 1F A4 38 29 E4 40 B2  ..V...bC...8).@.
000093D0:  F6 42 44 CB 56 4D 3D CC - 74 6D 0E 31 EA F1 BD 8B  .BD.VM=.tm.1....
000093E0:  53 1F A7 AE 3B 4C AB 17 - A8 6F 09 F4 01 DE DE 3E  S...;L...o.....>
000093F0:  21 63 53 AD 53 AD 2A 0F - EB A2 A4 46 CB 7D B1 3E  !cS.S.*....F.}.>
00009400:  A1 68 0B 5A 08 0A 0B C7 - 2F 78 F6 B2 AC 6B F1 21  .h.Z..../x...k.!
00009410:  15 31 D0 92 30 EF 46 0B - 01 4E 7E 3D 96 36 7D CD  .1..0.F..N~=.6}.
00009420:  8A CF B3 44 76 EE 2D 3A - 75 8E BC D9 F7 72 DA E5  ...Dv.-:u....r..
00009430:  9B 4C D1 D6 C3 2E 59 6E - C3 9B 29 4B 60 AB BF 80  .L....Yn..)K`...
00009440:  D2 51 19 AF EB 2A A9 56 - 7C 0C E4 69 1F 30 DB CA  .Q...*.V|..i.0..
00009450:  7B 71 19 98 E6 6B 37 2B - 11 7E C9 AB 13 78 19 C5  {q...k7+.~...x..
00009460:  C5 A8 39 0E FA 75 E1 BE - F5 E6 2B 85 6C DC 82 21  ..9..u....+.l..!
00009470:  79 CE 86 73 67 83 FF 15 - 67 59 B5 11 D3 CF 6C 80  y..sg...gY....l.
00009480:  16 B6 1C 11 6D 34 E4 C8 - DA 8D F7 2C 65 05 E8 03  ....m4.....,e...
00009490:  BB 5B DD 03 17 40 9A 25 - 63 08 1F 02 74 BC 2C 0A  .[...@.%c...t.,.
000094A0:  9C BA 54 81 DD 57 8C CD - A2 50 4B E9 07 24 FD 7C  ..T..W...PK..$.|
000094B0:  A1 7A E8 98 05 E9 E6 27 - 92 66 DD BB 04 2E 78 09  .z.....'.f....x.
000094C0:  AB 17 2B F9 C0 41 5C DE - 95 F7 E9 02 47 22 B1 56  ..+..A\.....G".V
000094D0:  B3 71 6D 26 51 77 B7 15 - F3 6E AD FD 14 20 7E DC  .qm&Qw...n....~.
000094E0:  F1 AC B0 3E 04 5F 15 EE - 96 41 2B 0C C7 D3 B4 A9  ...>._...A+.....
000094F0:  21 67 3C 0E DC BF 66 39 - CF AA 07 20 FB 4D 0C F2  !g<...f9.....M..
00009500:  54 43 0D E6 34 5C D6 80 - D2 05 EC F9 0F 10 41 34  TC..4\........A4
00009510:  E8 71 67 1C 88 78 BC B5 - 8A 40 72 C6 6B 58 E5 8B  .qg..x...@r.kX..
00009520:  85 61 93 D7 DB 3B F7 B2 - B7 58 16 B1 12 C0 2C 79  .a...;...X....,y
00009530:  19 D8 94 BD 6E 02 8E 13 - F0 FA CE 11 89 BF 5A 8E  ....n.........Z.
00009540:  9F 63 5E 10 88 DA D9 C3 - D2 C2 8F 98 4E A7 98 D9  .c^.........N...
00009550:  B4 09 2A 0B 34 7D C3 F3 - 63 3B 00 C8 5F 71 1B 29  ..*.4}..c;.._q.)
00009560:  1E 81 77 ED F6 B7 A8 EC - A7 53 E2 8B 07 0E 2F 8F  ..w......S..../.
00009570:  8B 31 CB C1 97 95 A6 2D - 0A E2 18 E9 C0 54 21 95  .1.....-.....T!.
00009580:  FA 12 91 5E 3B A7 FA 5B - B7 39 A4 E2 B8 BD CA 84  ...^;..[.9......
00009590:  51 34 CB D0 73 2A 15 EF - 9C 08 D8 11 D1 42 C2 D1  Q4..s*.......B..
000095A0:  41 C2 EE 72 FD 42 80 94 - 2E 2A 61 F1 14 48 0F 1D  A..r.B...*a..H..
000095B0:  60 EC 21 11 41 39 40 57 - 0B 67 00 61 D5 33 DB 74  `.!.A9@W.g.a.3.t
000095C0:  9C 11 A8 F7 56 20 E9 BD - 00 D8 42 5F 53 65 62 8C  ....V.....B_Seb.
000095D0:  1E 89 C1 FA 62 2D F0 AA - 03 E7 8B EE A7 9D 46 7D  ....b-........F}
000095E0:  ED 18 33 0F 82 B7 88 A7 - 6C D2 E4 39 A9 D4 0B A1  ..3.....l..9....
000095F0:  BE 2A 03 3C 16 CC 62 8F - 65 E7 04 CE 5B E6 8E F1  .*.<..b.e...[...
00009600:  05 7A 2B 68 02 FB AA 15 - DB 6E B2 F0 FB CA 1B CC  .z+h.....n......
00009610:  FB 96 0C 13 07 3A DD 1F - 5A 4E D7 35 A2 47 D8 2D  .....:..ZN.5.G.-
00009620:  AB C9 03 DE F7 BF 0C 97 - 9F 0E 2D 1E 93 E4 67 EE  ..........-...g.
00009630:  58 BA 99 62 AD 7D F3 E9 - 55 45 64 1C 18 74 30 CC  X..b.}..UEd..t0.
00009640:  29 DF 83 04 A4 D6 8D A6 - 62 AA AC DC 76 71 C9 59  ).......b...vq.Y
00009650:  3B CE E4 1B CB 3E E7 E4 - 06 DE A3 A3 C2 F1 79 EA  ;....>........y.
00009660:  FA C5 7D DC 28 E5 04 EF - 31 6F 12 83 F1 93 47 03  ..}.(...1o....G.
00009670:  D8 96 4E 85 52 A3 B6 D7 - C6 BF C6 AE 3A 73 9E D8  ..N.R.......:s..
00009680:  D7 4C 20 1C 68 93 93 CD - 7F 8D 2F E2 FD 87 73 41  .L..h...../...sA
00009690:  2B 7D A0 96 70 F6 DF 1B - 91 E5 1A F4 78 5B 5A FC  +}..p.......x[Z.
000096A0:  8C 4B 3D 94 FE EB 44 64 - 25 77 AE 58 7A E4 73 7F  .K=...Dd%w.Xz.s.
000096B0:  62 FD B7 4E 20 33 55 CA - 3A EC AE 9D 99 90 4E EF  b..N.3U.:.....N.
000096C0:  89 C8 A7 11 A5 1D AA 26 - 52 DF C8 17 4F FF FF 16  .......&R...O...
000096D0:  C4 72 C7 0E 5A 78 E9 67 - D7 A6 7C 3A 1E 7C 30 40  .r..Zx.g..|:.|0@
000096E0:  5A 95 A6 68 24 B4 65 C3 - D5 BC 67 79 37 AC E1 74  Z..h$.e...gy7..t
000096F0:  BD EF 7E 07 83 80 37 F0 - 92 B5 19 E0 4D E9 93 CC  ..~...7.....M...
00009700:  70 BD B8 79 55 F5 55 8A - 7F F9 89 2F C2 C4 D6 C7  p..yU.U..../....
00009710:  6F D9 A0 FD CC F8 2C 1A - 94 A6 22 B7 81 69 20 47  o.....,..."..i.G
00009720:  DC 0A 37 BE 7F 5D 11 2C - 76 00 73 E9 3B A3 CB D4  ..7..].,v.s.;...
00009730:  B9 6C DB E1 38 80 ED 8F - A0 1D 50 C7 97 51 7F 87  .l..8.....P..Q..
00009740:  38 2A BB 76 48 AD A5 2D - 92 EC FD 82 EA FE 8E 7C  8*.vH..-.......|
00009750:  C5 33 FC 1F FB 4C FF 15 - 44 26 B7 83 A3 40 89 A7  .3...L..D&...@..
00009760:  9A 03 D8 5F 3E E3 47 B6 - 41 00 81 7D 44 52 EB 83  ..._>.G.A..}DR..
00009770:  92 AB 3B A4 C2 AF C9 CE - 95 60 CA 9B 63 DC 3A 7E  ..;......`..c.:~
00009780:  2C 07 4E 6E 52 81 DD 42 - F7 31 95 8E 95 5B 11 F6  ,.NnR..B.1...[..
00009790:  12 25 D6 2E 4A C5 90 88 - A1 7A 0B 7C 1D C9 0F EE  .%..J....z.|....
000097A0:  F6 3F 7B FE B5 45 AD 00 - EF 57 49 40 07 91 55 21  .?{..E...WI@..U!
000097B0:  3A 15 0F 3F 5B 6B C2 A3 - 1F 89 AF 41 B3 E3 A6 6C  :..?[k.....A...l
000097C0:  67 4B 96 98 EF 17 D0 03 - B3 75 B0 EF 27 EE C6 3C  gK.......u..'..<
000097D0:  FC F8 F3 3F 53 68 AD 29 - D0 B9 F8 C7 C9 1C EA 53  ...?Sh.).......S
000097E0:  14 66 8E 25 8E 7B 57 A3 - 0D B3 88 28 1A DC 7A 9D  .f.%.{W....(..z.
000097F0:  72 8C 73 B6 CD 94 61 93 - 86 4B 6D 05 37 44 F0 8F  r.s...a..Km.7D..
00009800:  90 E1 44 66 E6 5F 44 7F - E5 AF D2 E8 D7 CF D6 DD  ..Df._D.........
00009810:  9C C8 33 A6 CB 7C 80 21 - 2F 84 4E EF 13 6D 05 E0  ..3..|.!/.N..m..
00009820:  43 50 1A AA 0F 35 83 2B - 0A 56 CC E3 3B 5E 7F 4B  CP...5.+.V..;^.K
00009830:  E1 EA 6F 34 47 F3 8B 2F - 0B 9D AF 05 FC 7C DD 24  ..o4G../.....|.$
00009840:  91 5F EC 68 CB 72 1C 31 - EF A9 0F A9 5F E2 25 DD  ._.h.r.1...._.%.
00009850:  BC D1 9D EA 71 59 2F F2 - 24 EB F8 52 99 F7 92 AE  ....qY/.$..R....
00009860:  CC 33 C9 73 1F A4 2E 5B - AF 78 72 52 6F 33 9E 13  .3.s...[.xrRo3..
00009870:  BC CD BE 74 7C A1 E6 EE - CA 50 A5 37 A3 00 5E E7  ...t|....P.7..^.
00009880:  09 BA 35 BA 8D 0D A3 5E - 71 F6 67 51 A0 36 DA B4  ..5....^q.gQ.6..
00009890:  AB 43 F3 F3 B3 34 ED D6 - 5A 3F 0C 4A 6D D2 E7 05  .C...4..Z?.Jm...
000098A0:  40 A1 A2 DA 48 D3 6C 98 - 42 1B 3D 8D C4 9B 62 33  @...H.l.B.=...b3
000098B0:  6C 0F 69 D1 F0 EE 3C 5D - 7B B2 C4 91 4B 80 49 6A  l.i...<]{...K.Ij
000098C0:  04 49 B2 06 D4 77 4E BC - 59 D3 EF 90 47 45 2A 75  .I...wN.Y...GE*u
000098D0:  EF 50 02 57 24 B0 B3 D9 - 10 54 AA 59 7B 8A 16 99  .P.W$....T.Y{...
000098E0:  C1 8A 80 13 2C D1 9F CE - 6A 3B 2B AD 61 59 8D E1  ....,...j;+.aY..
000098F0:  D9 BE 97 24 ED 7C 77 37 - 70 14 5F 01 24 78 DD 74  ...$.|w7p._.$x.t
00009900:  84 D5 6B 3C E4 01 2F 7F - F0 20 63 7B AA F1 C9 07  ..k<../...c{....
00009910:  DB 13 27 57 E9 8A 8B 71 - 66 6B 87 02 6B 3C 9D 12  ..'W...qfk..k<..
00009920:  8E 88 AA 15 78 97 96 BD - AA 2F 6C 0A E9 1A 5E AB  ....x..../l...^.
00009930:  CE 90 40 41 89 A3 AA 45 - 9B 80 A1 B5 72 50 21 BC  ..@A...E....rP!.
00009940:  BD 01 45 34 23 83 4C 5D - 2F 8A 6E C1 E5 32 04 11  ..E4#.L]/.n..2..
00009950:  FB 36 BC 03 75 B2 91 B7 - 22 EC 26 08 A5 77 0D 38  .6..u...".&..w.8
00009960:  99 76 B6 46 30 D1 DE F2 - A0 53 29 BA B1 5D DE 7E  .v.F0....S)..].~
00009970:  4D 0B D8 8F F9 AC 6B 2C - B1 01 0D AA 61 1D A0 5B  M.....k,....a..[
00009980:  DE EB 8F F4 AB 8D 2B C7 - 9E 7B EE D1 6F 74 35 71  ......+..{..ot5q
00009990:  F7 4D 79 4B 8C FE 00 3C - 92 32 22 AA E1 79 D5 88  .MyK...<.2"..y..
000099A0:  3E 97 DD AD 69 E7 3A B2 - 88 10 F3 B3 33 E2 89 40  >...i.:.....3..@
000099B0:  4A A4 1D 2C A3 E9 E6 76 - 3C C8 7D 1A 99 4A CA 36  J..,...v<.}..J.6
000099C0:  89 C8 E1 6D 14 AA 9D 39 - F8 7E 55 D7 D3 06 D2 5D  ...m...9.~U....]
000099D0:  9E C2 FF F9 17 4F 7A 98 - 0C 98 9D 96 6C 6B 8E 2E  .....Oz.....lk..
000099E0:  00 7E 15 CB E1 8F 76 FA - 90 98 96 70 B9 04 D0 6A  .~....v....p...j
000099F0:  67 F1 57 85 31 CD 83 4B - 8D 33 C0 D6 41 E8 5D 40  g.W.1..K.3..A.]@
00009A00:  D0 59 7A 50 E5 7F 47 02 - 5E 1D 54 1C B2 68 02 8E  .YzP..G.^.T..h..
00009A10:  36 89 68 D1 2D 0A C5 6D - 13 D6 18 6E 8E 94 BA 4E  6.h.-..m...n...N
00009A20:  87 B3 64 EA E7 F8 00 D5 - 07 5D 10 DA 66 6B 42 BB  ..d......]..fkB.
00009A30:  9A 68 99 B2 72 75 42 04 - E0 3E CF 5D C7 C8 14 B6  .h..ruB..>.]....
00009A40:  67 69 64 67 7E 97 04 0F - 6A 60 98 3E 8C 0F 1E BB  gidg~...j`.>....
00009A50:  8D 93 3A 67 6A 39 FC A4 - 05 90 2F 6D A1 69 E7 B0  ..:gj9..../m.i..
00009A60:  2C 90 08 2F 1C E1 94 E9 - A1 3F 9F 5F 3A 17 C9 EA  ,../.....?._:...
00009A70:  DA 01 DD F4 F5 29 3A 8B - 3A AA CD C0 FC 9E A8 AC  .....):.:.......
00009A80:  35 C4 1D 59 27 59 7B 4B - AD 9A 26 11 E2 21 B3 19  5..Y'Y{K..&..!..
00009A90:  56 51 9E FC 57 43 45 97 - 19 C0 6D 49 2F EB B9 4E  VQ..WCE...mI/..N
00009AA0:  C0 D8 E8 FD A7 24 A3 2F - F0 23 2E BE 55 6A A6 AC  .....$./.#..Uj..
00009AB0:  EC BE E5 84 6D EC BC 3A - 65 26 CA FD 92 9A 41 14  ....m..:e&....A.
00009AC0:  75 C9 54 95 AD B4 7E A2 - EF 56 54 9A 08 9E 25 42  u.T...~..VT...%B
00009AD0:  5B 58 12 7D 48 14 50 4F - E4 95 34 FF 35 5B A4 B7  [X.}H.PO..4.5[..
00009AE0:  D6 17 CF D5 0C E3 C7 24 - 76 93 64 36 5A 6E 15 14  .......$v.d6Zn..
00009AF0:  6D 0F BB 3B FD 82 E7 19 - 85 51 29 26 ED 93 B2 D5  m..;.....Q)&....
00009B00:  05 5A 84 7E 1E 99 A9 32 - BF 06 A5 66 64 D1 F9 25  .Z.~...2...fd..%
00009B10:  B1 B2 1B 46 DF 84 3B 57 - B8 90 AC E0 F4 98 10 5B  ...F..;W.......[
00009B20:  F9 E9 3E 9A 39 F4 6F 54 - 58 36 5F 18 36 9F BE DB  ..>.9.oTX6_.6...
00009B30:  4E A3 0E 3A F7 C7 5A 4F - 7B 0F C0 EB B3 0A F8 B1  N..:..ZO{.......
00009B40:  63 44 7D 4E 1C 63 91 E2 - 05 06 FD 14 D9 05 7A C4  cD}N.c........z.
00009B50:  CB 88 D1 1D 7D 05 B7 86 - 8B C9 45 A4 67 BD A3 AE  ....}.....E.g...
00009B60:  43 87 AC AB 61 DD D8 2F - D2 C2 54 A4 8F AF A0 47  C...a../..T....G
00009B70:  39 9F B5 21 23 C6 77 AF - 1E 9C 0C A5 59 C3 F7 3C  9..!#.w.....Y..<
00009B80:  28 C4 0B F4 34 03 14 60 - C6 BC 9B E8 19 16 B5 AE  (...4..`........
00009B90:  15 4F C8 06 88 42 0A DF - 4C 5B C2 D8 5D 28 70 AE  .O...B..L[..](p.
00009BA0:  CD EB 9B FB 4A 1D 4B A2 - E1 70 A0 2C C5 B6 FD C3  ....J.K..p.,....
00009BB0:  37 54 D1 8C E2 AD 11 0E - 7A 66 F9 2D B0 ED B0 63  7T......zf.-...c
00009BC0:  41 F4 5F C0 95 1A 4D BC - 25 76 B3 2F 07 EB 14 C1  A._...M.%v./....
00009BD0:  25 19 74 71 10 B3 51 75 - 89 AF 32 9E 91 F6 AE D4  %.tq..Qu..2.....
00009BE0:  DB 3A 97 A9 96 9F A2 ED - 85 20 20 58 6C 95 9D EC  .:.........Xl...
00009BF0:  E9 3C BE FF 45 B6 09 91 - 9E 33 CE E3 C1 7C 01 AC  .<..E....3...|..
00009C00:  6A 58 42 61 C5 3A F9 53 - 3A 0E F5 E1 C1 D3 60 21  jXBa.:.S:.....`!
00009C10:  C4 31 99 83 E8 A6 25 50 - 63 27 9D 37 75 BB CC 14  .1....%Pc'.7u...
00009C20:  2E ED 32 A3 FA FA 2C 6A - DF 26 28 28 66 22 56 3A  ..2...,j.&((f"V:
00009C30:  E2 B4 01 C3 A1 54 65 5B - C5 F7 3C 65 82 CE 7A 07  .....Te[..<e..z.
00009C40:  9E 27 57 69 C3 05 97 D0 - 38 08 31 AF 84 D8 09 F4  .'Wi....8.1.....
00009C50:  5A DA DC AE 97 8A C3 66 - EF 68 B3 A4 08 CF C9 75  Z......f.h.....u
00009C60:  8C AB C2 35 0A B0 06 55 - 07 DE C0 64 C7 84 FB F7  ...5...U...d....
00009C70:  20 E1 29 E7 71 9E 70 79 - 62 12 24 30 40 ED E2 56  ..).q.pyb.$0@..V
00009C80:  EA 34 B4 E3 92 67 A7 01 - 65 78 27 58 62 32 C0 45  .4...g..ex'Xb2.E
00009C90:  47 F2 DF FF 4C 2A BF E0 - ED 93 86 89 70 C4 C6 AF  G...L*......p...
00009CA0:  11 A3 06 1E 74 53 26 0C - 4E 2B 16 54 86 F1 14 B5  ....tS&.N+.T....
00009CB0:  21 E0 24 1F 08 CB F0 74 - 0B 1C F2 CF 56 D8 7A 7D  !.$....t....V.z}
00009CC0:  ED 71 41 39 F8 A5 B1 76 - CF 09 07 A4 11 BC 87 DB  .qA9...v........
00009CD0:  4F 24 72 0B A0 D8 DE BF - F8 B4 95 D0 25 71 3A 48  O$r.........%q:H
00009CE0:  E6 6B 4C 35 2E 7E 87 B8 - EB 39 AE C6 E0 81 B3 2F  .kL5.~...9...../
00009CF0:  6A F3 22 85 91 52 74 4A - 2F 25 A3 99 4D 62 9D 56  j."..RtJ/%..Mb.V
00009D00:  C3 5B 85 63 EA D2 FA 86 - 85 62 D7 75 96 AE A7 13  .[.c.....b.u....
00009D10:  9E B8 46 84 7E B9 27 F7 - 86 12 0F BF AF EA BE A9  ..F.~.'.........
00009D20:  C0 33 30 80 84 9D 57 83 - 68 EA 41 63 75 2C 28 AA  .30...W.h.Acu,(.
00009D30:  4C CE 64 4C 57 40 CC C0 - E7 88 FB 22 EC A6 75 80  L.dLW@....."..u.
00009D40:  0D E5 CA 00 F1 51 1F 7D - AC 84 A4 80 34 AD F9 2D  .....Q.}....4..-
00009D50:  EE AB 0B 0E 35 F0 6A 3B - 25 80 06 09 6D F8 7C 32  ....5.j;%...m.|2
00009D60:  B5 5B 01 CE 66 46 C3 5F - A2 CF B5 02 39 C2 22 3B  .[..fF._....9.";
00009D70:  A6 96 34 FC 14 06 C9 91 - 5F 03 43 E8 FF 2A 17 8E  ..4....._.C..*..
00009D80:  62 78 E3 DE 0B 12 78 88 - 07 1B F6 BC 28 1A 0B EB  bx....x.....(...
00009D90:  66 34 6C 75 E1 32 97 1D - 15 68 41 30 D2 41 FB A5  f4lu.2...hA0.A..
00009DA0:  1E 17 25 DD A5 B8 CA 8B - 19 9E 3E 75 64 63 12 78  ..%.......>udc.x
00009DB0:  89 93 8D F0 EA E6 55 E1 - B2 19 F2 04 7B 74 DF AA  ......U.....{t..
00009DC0:  A2 6C 35 23 5D 77 D3 E4 - 92 4D C6 17 48 8D 6F 15  .l5#]w...M..H.o.
00009DD0:  F5 56 29 03 E5 8C A2 A1 - 08 93 D0 37 91 CC 52 AF  .V)........7..R.
00009DE0:  E3 6F 68 AD 59 D2 62 62 - 25 2B 22 DF 7C 72 1A A6  .oh.Y.bb%+".|r..
00009DF0:  4C ED 96 37 6F DF F0 5E - 52 FA ED 06 07 14 F6 E3  L..7o..^R.......
00009E00:  98 5A D4 66 C7 D6 83 D3 - EF 51 53 05 49 54 E0 C6  .Z.f.....QS.IT..
00009E10:  81 42 AF E3 E5 12 87 41 - D6 F2 45 09 C9 62 B4 96  .B.....A..E..b..
00009E20:  84 E8 60 65 0A 7A C7 7A - 80 71 E7 E7 84 0E 90 1E  ..`e.z.z.q......
00009E30:  7A D2 D5 FD 47 97 C0 1F - D8 89 3C E9 22 76 E8 5B  z...G.....<."v.[
00009E40:  F4 BD 14 53 70 00 7D E7 - 80 08 7B 90 CB AD BE 3F  ...Sp.}...{....?
00009E50:  AB F9 24 3C 23 D6 06 43 - 70 32 86 42 E0 7C 48 A4  ..$<#..Cp2.B.|H.
00009E60:  0E 0C 51 24 85 BA EA 50 - 18 52 14 CE 27 E1 CB 7F  ..Q$...P.R..'...
00009E70:  7A 6F FE 78 A0 ED AC 74 - 8A F6 FF E8 19 88 8D B2  zo.x...t........
00009E80:  2C CE F8 80 48 0E 27 63 - 65 08 F2 AD 4D A4 6D 57  ,...H.'ce...M.mW
00009E90:  DE 9A 0C 10 F3 CC 26 0A - DA CF 58 D6 88 1A C8 16  ......&...X.....
00009EA0:  0F AE 3F F1 D7 4A 34 E4 - 29 DB 88 00 4C F1 88 F0  ..?..J4.)...L...
00009EB0:  7B 56 E3 A0 75 4F B3 06 - 46 16 77 32 37 73 93 24  {V..uO..F.w27s.$
00009EC0:  11 D3 A0 97 5F 95 F0 FE - DA 2F BA 92 57 48 2C 27  ...._..../..WH,'
00009ED0:  75 7F 01 D3 B5 0B 87 0F - C8 F9 F9 A4 15 D6 B3 5F  u.............._
00009EE0:  4B 6D 54 2D E3 E8 D9 D8 - 8B 27 F8 63 62 F2 8F D7  KmT-.....'.cb...
00009EF0:  BC 94 67 66 BD 3D E0 A0 - A7 B5 86 42 A4 40 05 3E  ..gf.=.....B.@.>
00009F00:  92 F9 C2 FD 2E 34 92 28 - 72 88 F8 36 20 46 98 F6  .....4.(r..6.F..
00009F10:  A2 30 78 43 13 53 1D 4D - 1C 39 16 02 28 33 DE 35  .0xC.S.M.9..(3.5
00009F20:  B6 97 BF BC 2B 3F E9 21 - BB 2F 05 DC 88 BB C8 C7  ....+?.!./......
00009F30:  13 8D 5B 58 7A 80 73 5E - 11 CD 19 F0 AB A0 F4 C4  ..[Xz.s^........
00009F40:  39 28 2F A2 F7 E0 82 85 - B2 DB EB E9 DB 0A F0 D1  9(/.............
00009F50:  F0 1F 59 2B AD E3 51 D8 - 85 57 C9 79 CE 26 E7 EF  ..Y+..Q..W.y.&..
00009F60:  38 B1 43 28 44 59 85 C9 - 06 FA BF 99 FF F5 48 FE  8.C(DY........H.
00009F70:  77 42 C7 DD 0B 93 1A B5 - 33 FD 7E 57 09 D6 96 CD  wB......3.~W....
00009F80:  1E 4E A3 98 1C DD E0 61 - 46 D9 C2 C2 85 AF 26 F4  .N.....aF.....&.
00009F90:  64 BB 2E FE DA 46 A5 E4 - E0 72 7C C9 68 FD 62 B0  d....F...r|.h.b.
00009FA0:  20 FA 19 4D C8 DD 75 05 - 0A 2E 59 DF DC AD 67 C9  ...M..u...Y...g.
00009FB0:  AC B1 27 32 5D A5 DF 58 - 02 2D 8F 07 49 A4 DF A2  ..'2]..X.-..I...
00009FC0:  D9 13 58 C3 59 3F E1 C6 - 0C 18 2F BD 5C 40 F3 84  ..X.Y?..../.\@..
00009FD0:  FF B3 16 AC 02 25 54 0A - FD 8E B0 F7 58 6C 5C 12  .....%T.....Xl\.
00009FE0:  5B C6 4C 00 14 98 07 C4 - A9 85 51 38 26 DF 13 85  [.L.......Q8&...
00009FF0:  C1 4F 4F 37 C0 41 B0 24 - 2A D3 66 AC AC 14 53 07  .OO7.A.$*.f...S.
0000A000:  DF 7A 82 80 46 25 26 C5 - 1C 72 B7 C4 31 91 72 A4  .z..F%&..r..1.r.
0000A010:  5C 4D 9E D3 52 4A 8F 7D - B7 30 93 BB 04 D0 A3 11  \M..RJ.}.0......
0000A020:  41 D3 98 CD 44 B8 6D 20 - C2 CF 3E EB F5 0C B4 A6  A...D.m...>.....
0000A030:  F3 AB F4 C2 83 07 2D 34 - B6 7B D9 27 72 66 A8 4E  ......-4.{.'rf.N
0000A040:  54 CD 03 29 F0 99 66 13 - 77 22 5D 30 35 89 58 31  T..)..f.w"]05.X1
0000A050:  E6 CD ED EC 69 31 CE FB - F7 92 9B 42 CA 95 5D 73  ....i1.....B..]s
0000A060:  FC 6F 24 B1 66 A7 C9 A1 - 8C 03 04 AA BA 6E 53 22  .o$.f........nS"
0000A070:  97 F6 9F 86 B4 7A 93 7B - 98 74 54 35 9E 41 FC F9  .....z.{.tT5.A..
0000A080:  4A FE 4F EB B1 3C 71 B2 - F4 CD D4 AC 5F 9D C1 C4  J.O..<q....._...
0000A090:  C7 7F 82 C0 78 5B F2 C3 - D8 C8 9A 2C F0 42 3E 7F  ....x[.....,.B>.
0000A0A0:  49 08 ED D0 7D 1E ED 71 - C9 83 56 7A A7 0F 47 68  I...}..q..Vz..Gh
0000A0B0:  DE E4 58 48 CE 89 9B 86 - FA 9C 04 78 8A C1 22 CC  ..XH.......x..".
0000A0C0:  AD 51 E7 66 3F E0 95 0E - BF CA 0A CB 40 95 BF 02  .Q.f?.......@...
0000A0D0:  DB 52 4D CC 9E 8B 2B 29 - CC 40 E4 96 8D 44 3A 78  .RM...+).@...D:x
0000A0E0:  17 60 B7 DB D7 BF EB A2 - B4 67 75 ED FE 0D 17 D0  .`.......gu.....
0000A0F0:  A8 D1 3E AE 16 0C C5 A1 - CF 59 CA A9 4D 44 63 3D  ..>......Y..MDc=
0000A100:  3D 09 E9 BA D4 82 EE 4C - 07 6E 9B 75 A5 DF FF E9  =......L.n.u....
0000A110:  CD 9B 52 2F EA 09 9F 63 - C1 0C C1 58 39 F9 A0 15  ..R/...c...X9...
0000A120:  29 52 6F 2E 14 CF 10 25 - FD 80 6D 58 3E A0 E3 6E  )Ro....%..mX>..n
0000A130:  05 FA AB 58 7C 53 C1 88 - 4A E6 B6 99 C1 13 3D 19  ...X|S..J.....=.
0000A140:  88 DE 0E 44 A8 4F 18 6F - 4F 9A 40 A7 0E 25 9B D0  ...D.O.oO.@..%..
0000A150:  40 40 54 93 BD 29 FA 02 - FA 75 F8 CA 18 6F DC C3  @@T..)...u...o..
0000A160:  88 F2 23 B4 93 F7 B4 FE - AD 02 DA EA AA B6 16 8F  ..#.............
0000A170:  1F EB 76 DD B5 0E 76 3A - 66 62 E7 98 0E 15 E5 4A  ..v...v:fb.....J
0000A180:  2E 34 3F 19 AD 5D FA C6 - 73 CB E2 23 66 A2 85 E8  .4?..]..s..#f...
0000A190:  5A 8E 1E 07 41 EE 13 FE - F7 CC D2 BB 1B AE D7 23  Z...A..........#
0000A1A0:  CF BE 17 51 90 22 06 68 - 08 66 1B 04 A8 CB 05 B8  ...Q.".h.f......
0000A1B0:  22 EB 11 0D FC 37 4E 66 - 1A 61 98 95 1D 5F 19 5B  "....7Nf.a..._.[
0000A1C0:  67 35 9F 53 DC 43 30 DA - 8B 2D CD 07 A6 83 19 C6  g5.S.C0..-......
0000A1D0:  A2 2A 14 BF 41 E0 83 8E - 31 3E F0 8C 97 E9 78 10  .*..A...1>....x.
0000A1E0:  04 20 7D 88 A5 A4 11 7D - 1E 85 C4 34 C1 A1 EB C4  ..}....}...4....
0000A1F0:  F5 BC C3 1D 4F 30 C4 2A - 98 EC 40 64 38 D6 60 3C  ....O0.*..@d8.`<
0000A200:  C1 51 5F 03 60 E2 FB 31 - 13 41 86 B3 13 6A 40 0A  .Q_.`..1.A...j@.
0000A210:  00 8C 7B 0F D8 34 B1 86 - A7 48 FF A4 36 92 E1 C4  ..{..4...H..6...
0000A220:  4E 6D 08 D5 6F D5 DB 27 - B1 8A 37 CA CC 2D 55 FC  Nm..o..'..7..-U.
0000A230:  9F D2 CE 53 8B 06 5D A6 - 23 71 F5 56 48 A9 62 6D  ...S..].#q.VH.bm
0000A240:  CD DE 59 D8 2A 9B 46 6C - CC 36 EF 20 3A 43 14 8C  ..Y.*.Fl.6..:C..
0000A250:  46 04 8C 3B 73 B3 B9 2D - 20 6D 14 21 25 DF 1F A4  F..;s..-.m.!%...
0000A260:  3D 21 83 BD 70 F4 71 A6 - 62 29 F0 4B 59 E1 82 6C  =!..p.q.b).KY..l
0000A270:  B9 CC AA BB 56 3B C3 E0 - C1 83 17 CD 0C F7 BB 9C  ....V;..........
0000A280:  AA 6D 65 C1 0B C8 61 51 - 10 53 C7 BA 4D 9E E3 6F  .me...aQ.S..M..o
0000A290:  E9 1C 2E 56 54 2F 7D 5E - 91 A4 41 9A 52 A4 51 64  ...VT/}^..A.R.Qd
0000A2A0:  09 81 D3 04 15 D3 6A 92 - 34 71 5F 27 14 DF DF 1A  ......j.4q_'....
0000A2B0:  07 EB E2 62 F4 62 42 6D - 94 01 57 26 B4 39 AB C4  ...b.bBm..W&.9..
0000A2C0:  B9 B2 E9 32 BC 92 0D 9B - B2 57 4A A1 D3 2C 6D 5D  ...2.....WJ..,m]
0000A2D0:  7C 8D AE 3B E2 AC 68 AF - 6D E7 AC 6F C7 15 B1 35  |..;..h.m..o...5
0000A2E0:  6C C2 AF 6D B9 85 FE D3 - 68 5A 44 E5 4F 2A CD 52  l..m....hZD.O*.R
0000A2F0:  A7 ED 74 2C 45 7F 55 BA - 74 E7 6C CA 2B 23 70 44  ..t,E.U.t.l.+#pD
0000A300:  D4 97 69 C5 16 E5 BC B8 - DF 6C AB C2 F5 CE 64 D5  ..i......l....d.
0000A310:  82 41 F3 DA 02 3D 57 B5 - 78 E5 D4 26 9A 03 27 ED  .A...=W.x..&..'.
0000A320:  67 62 1A 9A D5 45 1F 27 - F5 EB F5 A6 83 FA DD 38  gb...E.'.......8
0000A330:  E7 10 F9 57 E8 1E BF EC - 6C 4D 0D D8 A8 13 27 CC  ...W....lM....'.
0000A340:  52 D7 59 2C 2B 5A 08 0B - BC B1 3F BB E6 44 27 D7  R.Y,+Z....?..D'.
0000A350:  B4 7F 11 8D 37 7B EF D9 - 25 C0 2A 4E 79 4C 2C FB  ....7{..%.*NyL,.
0000A360:  71 F0 C8 DA 51 39 5C 0E - C3 5F CC 7A D3 4F 3A 28  q...Q9\.._.z.O:(
0000A370:  42 C5 9A B6 47 18 71 14 - F9 83 73 AD 5D FB BA 96  B...G.q...s.]...
0000A380:  F6 7A 37 35 9B 57 A0 7F - 82 BE 61 F0 C8 B4 EC 73  .z75.W....a....s
0000A390:  08 47 65 B4 03 D2 DE 6B - A4 75 E2 65 D5 5D 61 56  .Ge....k.u.e.]aV
0000A3A0:  14 ED 54 23 F3 F8 44 F6 - A9 62 FD 1B 79 E1 A5 A3  ..T#..D..b..y...
0000A3B0:  75 DB E7 89 60 F7 97 83 - CB DC A0 18 5A 29 82 21  u...`.......Z).!
0000A3C0:  D2 24 AD DA 95 0E A7 D1 - D8 77 BD C3 56 10 34 BB  .$.......w..V.4.
0000A3D0:  06 BF 3F 3B 72 2F 6D CC - A1 CF 23 7F D0 8C 72 32  ..?;r/m...#...r2
0000A3E0:  53 E5 BB 1A E6 C5 E9 0A - A6 25 59 88 97 7E 0C 13  S........%Y..~..
0000A3F0:  63 AB 1E 81 78 79 8C CE - E5 AF 1C E1 9D 36 92 6A  c...xy.......6.j
0000A400:  DA 3C D3 1C 08 2A 41 0A - 25 90 D6 0C 82 A0 D3 B6  .<...*A.%.......
0000A410:  C6 16 EF 0D 30 74 6F 4C - E9 65 20 95 BB 7C 5C 6D  ....0toL.e...|\m
0000A420:  36 93 84 E1 49 25 2F 46 - E7 16 B7 E6 53 6D 30 88  6...I%/F....Sm0.
0000A430:  EF CF 5E 7F 56 06 AC A7 - DD 4A 9B 20 E2 94 BE 0F  ..^.V....J......
0000A440:  CE 48 44 C9 91 EC 4D 6A - 09 FE FA 2A FA 60 C8 18  .HD...Mj...*.`..
0000A450:  D5 96 B9 59 13 50 8A 42 - 4D 1A 37 17 DA 62 71 83  ...Y.P.BM.7..bq.
0000A460:  3C 5B 0F FF CF 30 FC 65 - 56 40 9C 70 4A 80 C7 51  <[...0.eV@.pJ..Q
0000A470:  E3 AD 29 1E 93 12 B2 33 - 5F 1E 85 B3 1D 73 DC FB  ..)....3_....s..
0000A480:  EE FA AE A8 9B 70 94 64 - 9B 70 DB C1 2D C7 B6 D2  .....p.d.p..-...
0000A490:  B5 94 FE 7F 47 C9 BB C2 - 9B ED 20 A4 97 E1 49 6E  ....G.........In
0000A4A0:  A3 92 E5 45 57 5C 33 E2 - 5E FE 4A A1 97 0D C5 59  ...EW\3.^.J....Y
0000A4B0:  93 94 6A 73 3E DF 0E BD - 99 85 D9 FD 25 9E 53 E9  ..js>.......%.S.
0000A4C0:  ED E2 4D 74 2B 05 4F 3B - FD C2 CA A3 8D 7C 06 F7  ..Mt+.O;.....|..
0000A4D0:  0E EC 1A 58 6B 6C B4 DE - 00 67 56 76 D9 C9 E6 86  ...Xkl...gVv....
0000A4E0:  BE 92 AD 8D 2D C4 84 5F - 5E 94 9D 92 A9 5C 8C 90  ....-.._^....\..
0000A4F0:  32 2F 6E E2 74 92 57 C9 - F4 A8 1F 2E 84 7F 6B ED  2/n.t.W.......k.
0000A500:  2F C3 24 41 70 92 76 FA - C3 E5 3A 5B 5F 1A 7E 1F  /.$Ap.v...:[_.~.
0000A510:  3D BD 58 93 47 58 3A 0F - 61 AC F9 44 FB D3 A4 87  =.X.GX:.a..D....
0000A520:  D5 83 3D 59 F2 4C B8 CF - 21 5A 39 35 EE 6C AB 28  ..=Y.L..!Z95.l.(
0000A530:  71 B7 72 A8 D6 57 7E 4A - 1E 26 C6 86 4E EA CF F9  q.r..W~J.&..N...
0000A540:  DE 6B DC CA 3A 96 61 A4 - 58 86 6E 75 65 E1 E5 3A  .k..:.a.X.nue..:
0000A550:  30 61 D2 DD D6 A7 75 D6 - FC C8 1B 50 6B 76 85 5D  0a....u....Pkv.]
0000A560:  53 14 63 53 58 51 5C 2A - 0B CB 81 83 27 B5 24 04  S.cSXQ\*....'.$.
0000A570:  5C FF 3D CA 97 6D 20 DE - 1F 8D 56 F4 AA 96 E7 F9  \.=..m....V.....
0000A580:  FD 3E 0A DE FE 7E 96 47 - 6F 46 22 C2 DC 52 61 E5  .>...~.GoF"..Ra.
0000A590:  98 9D 54 E0 9A FA F3 BB - FB E1 2A 04 DC 79 C2 36  ..T.......*..y.6
0000A5A0:  74 55 F5 76 51 5E D3 1B - 16 8E 0B 66 39 F1 E1 73  tU.vQ^.....f9..s
0000A5B0:  9C 11 3F 59 5F 5B DA 86 - 95 3B B1 F1 6C A7 7E 01  ..?Y_[...;..l.~.
0000A5C0:  B7 9C 1F 36 D2 E5 5D 30 - 3C 1F BB DA 99 E0 42 62  ...6..]0<.....Bb
0000A5D0:  8E F7 53 92 2B 05 57 3A - A8 92 1D 4B 2D F9 07 6B  ..S.+.W:...K-..k
0000A5E0:  3E D4 9D 1B 18 9E 19 F5 - 32 E5 29 D3 12 49 71 81  >.......2.)..Iq.
0000A5F0:  1E A9 E3 CC FD 53 F1 77 - D3 C3 7D 7A 12 1A 73 74  .....S.w..}z..st
0000A600:  B4 76 3B FB 2C DA 21 BA - 5E 15 F2 8D 9A DB 20 F7  .v;.,.!.^.......
0000A610:  67 D2 83 96 E4 2F 88 BE - 72 FE 73 1A CF 6C D7 22  g..../..r.s..l."
0000A620:  1B D2 DF 4E 06 A2 39 05 - CB 7F 1B DB AC 06 60 42  ...N..9.......`B
0000A630:  EC AA AA D6 31 95 8A 3C - F3 F6 06 43 8A 25 5F D7  ....1..<...C.%_.
0000A640:  F4 E7 91 D8 ED 5B 26 89 - C9 A6 CD 25 53 9D FB 2A  .....[&....%S..*
0000A650:  87 DF 6F 07 01 2A 08 D7 - 02 47 99 F9 BD E2 6E C1  ..o..*...G....n.
0000A660:  38 BC 5E 87 36 7D 1A F3 - 5D 3F 36 C2 F3 89 B1 ED  8.^.6}..]?6.....
0000A670:  AC 6B D3 B1 C7 5F 77 06 - 4E FD 90 75 1E 85 55 99  .k..._w.N..u..U.
0000A680:  42 0C 4E 9A F1 5F 40 A7 - 09 D8 E4 54 8E B5 C3 33  B.N.._@....T...3
0000A690:  1F 43 ED 76 BF 53 74 C4 - E2 53 87 89 B2 6A 0A 61  .C.v.St..S...j.a
0000A6A0:  9C F3 DA CD 83 07 8F 95 - 2A 7C 36 C8 47 25 CC AE  ........*|6.G%..
0000A6B0:  D7 06 13 DE 02 4C 7C 58 - 0A C8 1C 81 2F F2 BE 1B  .....L|X..../...
0000A6C0:  6D CE 09 73 F3 8F 84 AE - 5D 13 19 9B C6 76 5C 0A  m..s....]....v\.
0000A6D0:  59 B2 61 8F 7B 51 9F C3 - FA 8C EA 20 E1 B5 B9 00  Y.a.{Q..........
0000A6E0:  65 C1 DD A1 26 09 60 76 - 1A 90 FB 44 7C A8 85 9E  e...&.`v...D|...
0000A6F0:  AE DA AC DE FF 6A 01 2E - D2 12 F1 C2 03 51 77 78  .....j.......Qwx
0000A700:  07 22 D5 4D C6 57 B3 61 - 22 4A 9A 30 28 47 21 DA  .".M.W.a"J.0(G!.
0000A710:  AA 60 74 DF A2 71 A9 17 - DA 2D F6 EE A9 01 69 CD  .`t..q...-....i.
0000A720:  9D C8 5A C4 EF 6B 04 38 - 6D 8F CD 00 A0 BF 5F EC  ..Z..k.8m....._.
0000A730:  7C 70 41 FF A5 50 CF 9E - C7 84 9B 82 5C B2 6C 69  |pA..P......\.li
0000A740:  80 F6 0F 48 3C 80 2A F0 - 77 E4 7A E3 5F 8E 72 9D  ...H<.*.w.z._.r.
0000A750:  93 6A 9C B1 38 DD D8 5A - C5 CE 01 33 1A 4D 62 F4  .j..8..Z...3.Mb.
0000A760:  5F C2 AD FB 3F 42 F5 03 - C0 F4 6E 14 EA FC 97 13  _...?B....n.....
0000A770:  CD 4C E9 B1 47 A1 F9 27 - 33 58 2C FA E6 1B 63 A3  .L..G..'3X,...c.
0000A780:  CC EF 08 B8 70 F7 14 FF - 0A F3 8C EC 3F 3E BF 15  ....p.......?>..
0000A790:  07 48 B1 1B 5D C8 AC 76 - 04 78 84 A9 89 EF C7 CC  .H..]..v.x......
0000A7A0:  6F B7 49 64 57 F0 B6 74 - 81 46 F4 45 E3 0A 06 24  o.IdW..t.F.E...$
0000A7B0:  C5 C4 E3 F0 77 6C 36 C1 - 3E CE B8 A2 60 F3 9A E4  ....wl6.>...`...
0000A7C0:  A4 2D 5A E9 32 4E 25 AD - BD 4A F7 5C 90 38 22 FE  .-Z.2N%..J.\.8".
0000A7D0:  16 73 3E 2D DF BF 33 BE - 05 F7 94 B9 25 74 42 9F  .s>-..3.....%tB.
0000A7E0:  99 C9 EA 6C F9 10 89 8A - 9C 60 5A 1D CC 2B 0D BE  ...l.....`Z..+..
0000A7F0:  55 E7 46 3F 36 15 93 E6 - 79 EF 29 7D D5 24 F9 B0  U.F?6...y.)}.$..
0000A800:  6D AC BB F7 CA A5 1C 4E - E1 EF 2B FD FB CA 24 56  m......N..+...$V
0000A810:  57 89 B0 A3 DF B6 B6 E7 - 6B 77 F4 55 C9 66 5C 9B  W.......kw.U.f\.
0000A820:  A0 E8 A0 61 A8 73 22 FA - B9 25 20 97 E1 19 58 7B  ...a.s"..%....X{
0000A830:  BF 0C 55 A0 A5 B3 17 A8 - 9D 28 4A 8A 5A DB BF 5C  ..U......(J.Z..\
0000A840:  83 58 73 AD FB BF 13 00 - 59 87 33 6A 1C 56 39 35  .Xs.....Y.3j.V95
0000A850:  6E 7F C4 FF 62 23 5B 61 - CD 86 1F F5 76 50 19 3A  n...b#[a....vP.:
0000A860:  A7 DB 40 F1 AE 49 90 3E - AA 2A 8A 6D A8 FF E0 67  ..@..I.>.*.m...g
0000A870:  44 DB D4 0A 97 E2 EE 6F - 46 86 53 FC 6D 68 27 71  D......oF.S.mh'q
0000A880:  C1 D4 BE 19 AE 72 E8 C1 - E2 DC 80 FB DC 32 E0 78  .....r.......2.x
0000A890:  9F A0 5B 31 0A E8 B5 45 - 32 8B E1 AB AB 9C 46 A1  ..[1...E2.....F.
0000A8A0:  FA DA 32 02 D4 67 12 1F - DE 94 EE D7 DE 60 C7 4C  ..2..g.......`.L
0000A8B0:  F6 CC 9E 06 E8 98 71 E1 - FF 9E 80 1E 15 6F D4 97  ......q......o..
0000A8C0:  D4 42 DF B9 09 EA 53 DA - 1D 81 63 BA 76 46 B3 11  .B....S...c.vF..
0000A8D0:  32 74 85 F9 72 70 5C EE - C3 D6 92 25 04 9C 6F 90  2t..rp\....%..o.
0000A8E0:  8E D7 06 3F 5F 33 5C E3 - B7 3E 6E EF 5F 29 2A 54  ...?_3\..>n._)*T
0000A8F0:  83 3D 73 48 17 5A E4 32 - F0 96 F4 8C 30 DA A3 39  .=sH.Z.2....0..9
0000A900:  B8 E1 2B 38 4A 86 0D C9 - A3 11 20 B7 3D 62 31 49  ..+8J.......=b1I
0000A910:  4F 38 C2 56 91 FF A1 40 - 05 35 2F AF ED 89 C9 9D  O8.V...@.5/.....
0000A920:  C4 D5 8A FF 50 D4 A2 87 - B0 73 BE FD E2 AF 08 C4  ....P....s......
0000A930:  55 FE A1 53 C8 9B 21 F7 - 08 50 66 91 57 43 15 41  U..S..!..Pf.WC.A
0000A940:  69 D6 1F 86 F5 FF 4D CA - 7C 45 87 44 E3 7B 0F 31  i.....M.|E.D.{.1
0000A950:  B3 03 E3 76 D3 9E 8B 2E - EA CC 6C AD 53 52 1F 54  ...v......l.SR.T
0000A960:  6A E6 78 08 35 15 F4 90 - A5 E9 29 6D 46 47 56 43  j.x.5.....)mFGVC
0000A970:  8E B7 5E 33 37 8F 79 7E - 8E 37 23 61 2B 6C 58 58  ..^37.y~.7#a+lXX
0000A980:  84 94 DE C3 F6 47 5D C2 - 49 5F 29 6D 83 AA 13 5D  .....G].I_)m...]
0000A990:  7D 43 4B ED 4B 0D 77 74 - F2 C8 E0 B1 E7 D0 F4 8D  }CK.K.wt........
0000A9A0:  DA E8 CF 66 AC DF 80 90 - 41 A1 AE D8 4F 79 34 6F  ...f....A...Oy4o
0000A9B0:  1C 47 FC 3A A6 C7 51 4F - 70 31 DE C0 62 7D E2 D1  .G.:..QOp1..b}..
0000A9C0:  82 05 31 7F BD 4D 26 AB - 1B CA AB 08 B7 83 D4 AF  ..1..M&.........
0000A9D0:  E2 FE AF 57 1F D9 C7 59 - 52 C0 F0 D5 61 D3 F9 D0  ...W...YR...a...
0000A9E0:  43 22 8D 11 AB 24 E3 C0 - B3 A0 52 AC 55 95 80 BD  C"...$....R.U...
0000A9F0:  35 8F F7 73 34 4F 51 5B - 6C 1B 47 75 11 CD 55 6F  5..s4OQ[l.Gu..Uo
0000AA00:  5A 2D B7 6E 49 AC 47 34 - E3 A3 82 C9 F2 18 7B A6  Z-.nI.G4......{.
0000AA10:  11 5E 81 4E 20 ED A9 3F - 4C F2 A8 18 0C 7D C1 40  .^.N...?L....}.@
0000AA20:  C7 87 81 58 38 20 56 A8 - A7 3D 63 C2 D0 81 21 30  ...X8.V..=c...!0
0000AA30:  0C 12 3A 00 76 4E 7B 8B - F7 65 7D 5D 31 9A B5 D5  ..:.vN{..e}]1...
0000AA40:  76 63 A3 F7 28 A4 D7 DF - 1E 4F 37 EF A5 64 66 66  vc..(....O7..dff
0000AA50:  0C B6 5F 26 B3 61 E9 30 - AB 13 27 E1 76 40 33 FB  .._&.a.0..'.v@3.
0000AA60:  94 61 E7 FB D3 B5 9D 46 - 59 B6 4D A9 A1 1A 67 94  .a.....FY.M...g.
0000AA70:  0F D1 88 D7 14 A8 56 16 - 24 C9 28 3E 7A 9B 5E 06  ......V.$.(>z.^.
0000AA80:  91 F1 62 2A 3C AD E4 1E - E7 30 2F D2 8B 1C 3A DC  ..b*<....0/...:.
0000AA90:  96 AC D6 69 CC 41 98 72 - 29 EE 76 98 4A 19 E8 26  ...i.A.r).v.J..&
0000AAA0:  44 91 BF 7B 55 D7 67 99 - 53 3E 88 DE 25 BD 82 19  D..{U.g.S>..%...
0000AAB0:  4B 01 AC 4C 4F B2 BC 42 - 2F E2 EE D1 33 5F FE E4  K..LO..B/...3_..
0000AAC0:  3C 51 D0 CA F6 79 7D BB - D9 E0 06 1C 0D 83 CD CA  <Q...y}.........
0000AAD0:  74 97 44 9E 8A D7 C7 75 - 46 D7 92 EA 2F A7 77 DD  t.D....uF.../.w.
0000AAE0:  2D 8D 9C 85 C8 57 4C 4E - FA 09 6E 6D 25 F5 B4 90  -....WLN..nm%...
0000AAF0:  96 73 11 75 CC FE 18 D3 - 3B 6F 4E 7D 22 6D 3B EB  .s.u....;oN}"m;.
0000AB00:  0C 5F 48 2C 22 BF E6 50 - 4B 04 C5 0C 25 5C 21 AB  ._H,"..PK...%\!.
0000AB10:  A1 18 39 DF B1 A4 95 1F - 79 3B 57 02 53 93 28 2D  ..9.....y;W.S.(-
0000AB20:  BE 26 3D CE 3C 68 43 6A - 41 E9 CC BB AF 07 EB F8  .&=.<hCjA.......
0000AB30:  28 95 A1 9A 80 21 6C 87 - 8E 4F 34 54 21 FD 1B B4  (....!l..O4T!...
0000AB40:  73 31 7E A0 84 6D 66 9F - 9D 45 D7 1D C2 CD B6 83  s1~..mf..E......
0000AB50:  2F E0 3C 0B 9F D6 DC A2 - BC D3 0A 1E 29 83 E8 D2  /.<.........)...
0000AB60:  90 A8 4F 4B F8 68 FD BB - C8 75 01 90 52 2F A3 BC  ..OK.h...u..R/..
0000AB70:  8A 97 EE 0B 5B 00 31 F7 - E9 2C 39 E9 D1 EE E0 B1  ....[.1..,9.....
0000AB80:  D4 DE 10 2D 62 9E 2D 99 - 78 04 BD 92 11 24 02 AE  ...-b.-.x....$..
0000AB90:  1B FF 8D 22 91 0E 7D 80 - 10 7D 80 A5 A2 33 66 C4  ..."..}..}...3f.
0000ABA0:  87 77 52 E1 88 3A BD 9E - 9A 2E 7E F4 72 AF FF 43  .wR..:....~.r..C
0000ABB0:  A3 4B 92 83 B9 14 CB 9E - D0 2C E1 42 34 86 7A E7  .K.......,.B4.z.
0000ABC0:  DC EA 40 E0 D1 17 F7 1A - 4D 4B DF 5D 83 86 E6 F9  ..@.....MK.]....
0000ABD0:  18 E8 34 8C 79 AC DD A3 - 60 5B 41 21 15 68 D9 E6  ..4.y...`[A!.h..
0000ABE0:  C5 5F B9 A8 EF B1 54 32 - 5A 2A E0 8A 12 EC 22 55  ._....T2Z*...."U
0000ABF0:  C3 D0 89 79 CF 71 CD 83 - 32 98 A2 C7 C4 C5 24 DB  ...y.q..2.....$.
0000AC00:  E4 14 50 F0 7F AA 6C C4 - 0A 50 C9 7E E1 BB AF 9A  ..P...l..P.~....
0000AC10:  9A A8 1B B6 1A 8C 02 BC - 6A 76 86 AC C9 FD ED CA  ........jv......
0000AC20:  9E 3C 28 09 55 E5 84 F8 - F4 01 AE 2D FF 40 2B EE  .<(.U......-.@+.
0000AC30:  49 BE 10 4F 61 C2 2A C5 - 5E 9B 6B 8C 67 97 87 91  I..Oa.*.^.k.g...
0000AC40:  69 EA BB FE 21 39 B6 DD - 79 E9 01 DC 85 CC 4E 76  i...!9..y.....Nv
0000AC50:  7C 5D 22 CE 2B 4B 60 51 - 97 89 2E 8B 6C 07 2E B1  |]".+K`Q....l...
0000AC60:  CE 67 B6 A8 6D 7D 90 4D - E3 4C F4 62 F2 14 DD 2D  .g..m}.M.L.b...-
0000AC70:  95 FD 88 DB 31 17 3E DF - A5 9B CB 8D 26 22 0E 75  ....1.>.....&".u
0000AC80:  50 42 03 E5 80 12 71 0E - 64 D9 94 54 2B E8 2D A5  PB....q.d..T+.-.
0000AC90:  F7 7B 9D A2 AE 56 8D BD - 27 A9 F2 EA 36 AF 05 67  .{...V..'...6..g
0000ACA0:  04 20 E6 2B 46 59 F3 3B - 0A 9A 14 5E 58 BE D2 FE  ...+FY.;...^X...
0000ACB0:  82 B9 6F 7B 3F BC 59 EE - C7 11 28 A0 47 B3 2E 6A  ..o{?.Y...(.G..j
0000ACC0:  6F 8E 93 74 C7 A5 10 DE - D6 32 5B 80 91 6D 93 ED  o..t.....2[..m..
0000ACD0:  BE EB 29 D9 86 B4 82 92 - 00 9D 0C E9 60 2D 62 59  ..).........`-bY
0000ACE0:  C0 E6 F8 7D 5B 15 3E C6 - 51 02 19 30 4A 37 5B E5  ...}[.>.Q..0J7[.
0000ACF0:  93 09 77 76 B0 A2 35 ED - 56 1D 8E 82 71 9A E3 6A  ..wv..5.V...q..j
0000AD00:  AE 31 80 38 92 5F 1F 03 - 68 43 30 20 2D EC 02 02  .1.8._..hC0.-...
0000AD10:  76 31 10 E0 DC 65 1D 45 - 07 EE 85 BA 7A 1D 1D 00  v1...e.E....z...
0000AD20:  3A 2C 18 A1 92 F3 C4 C9 - EB C4 06 17 C6 CE F8 94  :,..............
0000AD30:  D7 D7 24 B9 C0 DA 9C FC - 88 25 05 FA 21 2D F3 23  ..$......%..!-.#
0000AD40:  60 F5 F4 CC 7E 6C A7 8B - B2 CE 4D 12 78 71 04 EB  `...~l....M.xq..
0000AD50:  22 52 65 70 C0 00 12 AD - 3E B0 AF 27 42 57 DD D9  "Rep....>..'BW..
0000AD60:  61 29 05 71 93 19 7C 37 - 1A C6 4A D8 07 23 48 D7  a).q..|7..J..#H.
0000AD70:  2E B4 D5 C8 66 32 49 29 - ED E3 C2 C9 C0 EB F7 A4  ....f2I)........
0000AD80:  52 FA 08 34 11 F4 EC F9 - 48 74 FB EE 10 92 55 2A  R..4....Ht....U*
0000AD90:  63 73 67 9E EA B5 E3 E2 - 84 3C 72 E5 53 55 5D FE  csg......<r.SU].
0000ADA0:  76 80 1B 21 75 31 D5 50 - F6 7F 5B B4 D5 27 E0 8D  v..!u1.P..[..'..
0000ADB0:  E6 00 C6 60 B8 E5 9D 3F - 34 44 E9 7B C1 02 86 85  ...`...?4D.{....
0000ADC0:  D5 2E 13 66 D2 30 FD 64 - 74 93 E8 03 28 12 1F 00  ...f.0.dt...(...
0000ADD0:  95 49 50 57 71 33 86 02 - 17 65 92 ED 92 50 E8 06  .IPWq3...e...P..
0000ADE0:  3E 46 AE 5E 0A BF 8E C1 - 0A E3 3A 4B 86 BF 2D B2  >F.^......:K..-.
0000ADF0:  41 D6 1A 57 33 06 08 FB - D1 6F 76 7D 1E 3A EF 08  A..W3....ov}.:..
0000AE00:  07 0E 5D 23 81 AF 2B 7B - 27 77 76 F3 E4 48 90 37  ..]#..+{'wv..H.7
0000AE10:  8B A9 E3 47 AB 13 C3 98 - E0 09 11 4E 18 94 29 45  ...G.......N..)E
0000AE20:  15 69 4F ED 7A 08 44 0A - B2 5C 04 47 DB 78 E7 33  .iO.z.D..\.G.x.3
0000AE30:  06 C2 4A 40 61 36 B4 77 - 4D 87 FD 78 41 22 5D 77  ..J@a6.wM..xA"]w
0000AE40:  81 51 6A E0 AF DB 0D 0E - DF 98 78 8A 3E 37 64 F8  .Qj.......x.>7d.
0000AE50:  D5 43 53 63 CE 54 80 D7 - 8C 13 D2 1F FE 6F 68 64  .CSc.T.......ohd
0000AE60:  88 17 B7 50 93 3B 59 18 - 21 3A 63 A3 A6 D8 9D DC  ...P.;Y.!:c.....
0000AE70:  E1 D1 BF EB BB 2C 3D BF - CE 5A 64 B3 51 5C F5 4F  .....,=..Zd.Q\.O
0000AE80:  D4 11 AE DE 3E 22 CB 1A - D5 C7 0C 0B A3 E1 4A 2B  ....>"........J+
0000AE90:  F8 06 48 7D 6F 63 00 8B - 73 62 61 C0 4A 0B 28 42  ..H}oc..sba.J.(B
0000AEA0:  46 05 1A B7 60 2A F1 66 - 17 E7 4F AD 03 20 54 9D  F...`*.f..O...T.
0000AEB0:  7D 32 8D DF D0 98 67 45 - D9 1D 16 5F EC AB 1F 45  }2....gE..._...E
0000AEC0:  A7 5B 7C 5D 39 E1 9B A3 - 03 29 1A 6C 57 5E 63 7F  .[|]9....).lW^c.
0000AED0:  C3 1C 24 B8 26 02 04 5E - 29 C2 B0 CC 33 70 69 40  ..$.&..^)...3pi@
0000AEE0:  E3 AC 03 BD FB D0 F1 64 - 25 2C 32 28 16 80 56 5E  .......d%,2(..V^
0000AEF0:  6C C1 E8 17 D4 C6 14 F7 - 77 59 CB AD A4 7F 17 B1  l.......wY......
0000AF00:  3E 28 EB FB FD 95 C2 11 - 47 B9 F8 0D F2 45 27 FB  >(......G....E'.
0000AF10:  FB D1 E6 F5 1C 25 B6 0B - 99 3C B3 34 AD A4 D5 E9  .....%...<.4....
0000AF20:  B4 CD ED F3 AD 91 6A 70 - E6 D4 8A 2C 9B 00 3B CB  ......jp...,..;.
0000AF30:  AD 7E B7 67 BB 5F 27 B0 - BB A1 97 0C 73 A1 ED 01  .~.g._'.....s...
0000AF40:  2C 9F 68 09 C5 E3 17 4B - 5F AD 80 C7 67 D7 89 91  ,.h....K_...g...
0000AF50:  95 70 E0 98 F3 AA 9F C4 - 3B DD 47 7B 7E 25 23 10  .p......;.G{~%#.
0000AF60:  60 CB 12 3C C2 65 EC 1F - DA DF 9A F0 A5 E9 F0 1D  `..<.e..........
0000AF70:  50 67 EF 19 04 4E DA 95 - 76 04 6E 8B 82 98 00 06  Pg...N..v.n.....
0000AF80:  13 CD 36 1B A8 CD E5 FB - 4A 9E E5 77 88 C0 20 72  ..6.....J..w...r
0000AF90:  73 BC 13 B3 3C BB 43 4C - DF BD B6 1C 7E 3E D2 7D  s...<.CL....~>.}
0000AFA0:  03 0F 4B F2 3B 26 24 3E - 2C F6 3D DA 61 A4 43 4F  ..K.;&$>,.=.a.CO
0000AFB0:  3B D9 13 77 77 DD F8 76 - 3F 16 73 84 E0 D6 3D DA  ;..ww..v?.s...=.
0000AFC0:  77 D7 16 EA AF A6 04 C8 - 41 45 9F EA A6 E1 3C 0F  w.......AE....<.
0000AFD0:  54 91 60 4F CE 56 0B CC - D3 54 C5 F5 48 48 41 4E  T.`O.V...T..HHAN
0000AFE0:  F6 4B 06 C9 EB 45 D7 6A - 57 A5 A4 D7 DB 45 BC D5  .K...E.jW....E..
0000AFF0:  C6 B5 5A 00 F4 BB 76 21 - 77 EA DA A8 D4 34 2C 08  ..Z...v!w....4,.
0000B000:  BA 55 70 3D 1E 2D DD 35 - AF E0 E2 EB 89 E6 A7 00  .Up=.-.5........
0000B010:  C7 45 1A 46 E6 24 50 AF - 77 BE D2 5D B9 90 AD 5C  .E.F.$P.w..]...\
0000B020:  20 2E E6 A3 92 36 1D EA - 2A FC 4A 67 83 2D 7C B1  .....6..*.Jg.-|.
0000B030:  9B 9D 48 0F 2B 3F FC 54 - 92 4C 1D A2 C7 8A CC 92  ..H.+?.T.L......
0000B040:  58 9B 0C F9 03 25 F9 F2 - B9 BC 0F F3 17 C7 53 A4  X....%........S.
0000B050:  8A D9 49 CF FB BD 5B 88 - DE A1 3B DD FC C5 8D CB  ..I...[...;.....
0000B060:  AB D7 92 EE 13 8C B4 73 - 92 D6 04 03 F7 95 3A B2  .......s......:.
0000B070:  E0 65 AA 4B 04 36 8D 95 - 2D 5F DF A8 66 B8 99 D9  .e.K.6..-_..f...
0000B080:  0C BF 35 C8 6E D3 88 86 - 38 82 53 82 F0 01 22 29  ..5.n...8.S...")
0000B090:  90 BE F0 D5 4E 22 E4 A0 - EE 44 23 96 84 94 3B A2  ....N"...D#...;.
0000B0A0:  01 68 E0 2B 08 C5 56 26 - CE 8D 76 86 07 46 C4 3D  .h.+..V&..v..F.=
0000B0B0:  7D 79 6C 91 E9 B6 F3 D7 - DE 15 79 9F 47 75 AE 22  }yl.......y.Gu."
0000B0C0:  35 6B 01 A0 1F 21 0E E3 - F2 67 C3 3E 0C BC C1 69  5k...!...g.>...i
0000B0D0:  90 62 F6 FB AD 39 0D 8A - 6B 0A 37 31 8C 6A E4 B1  .b...9..k.71.j..
0000B0E0:  6F 0C 7C 8D 87 F6 83 1D - 7F 4F C4 C5 81 07 AB 98  o.|......O......
0000B0F0:  6D 27 6D C0 9F E2 02 50 - D0 2A EA D7 01 AE 9D 39  m'm....P.*.....9
0000B100:  04 01 E4 2B 7C 4F 6A 91 - 9C BA 5C 6C 1A 7A C0 4F  ...+|Oj...\l.z.O
0000B110:  91 37 4B D0 5D ED D2 77 - 62 05 A3 B9 AC 83 B4 95  .7K.]..wb.......
0000B120:  2F 2B 74 88 E0 DA 3E A8 - 05 63 56 96 50 DE D3 63  /+t...>..cV.P..c
0000B130:  AE 5A C6 77 AC 5A 09 04 - 3D 60 D4 AF BF C5 A0 AF  .Z.w.Z..=`......
0000B140:  19 35 09 35 18 B6 68 62 - 78 7F 94 10 B6 CA 0C 39  .5.5..hbx......9
0000B150:  06 D6 C1 DE BE 1E 15 B1 - 31 10 1A 7F 7C 8C 34 4D  ........1...|.4M
0000B160:  DF BB 20 73 E1 47 7F 40 - 56 ED 37 53 6C AF 3E 74  ...s.G.@V.7Sl.>t
0000B170:  EC B4 80 77 86 2F B2 79 - 5F 95 E1 38 F4 EF 76 CC  ...w./.y_..8..v.
0000B180:  5A 85 53 BE 73 C3 82 F5 - FC C4 D8 C0 A3 5A 8D B9  Z.S.s........Z..
0000B190:  25 CE 09 32 15 53 5E A4 - 3A 60 E7 FC C8 B5 B4 AB  %..2.S^.:`......
0000B1A0:  A5 8F ED 0F AA F8 AB DD - AB 96 49 9E FB 13 1B C5  ..........I.....
0000B1B0:  A3 19 C9 2E EA 53 77 50 - AA DF 8A C8 95 8B 33 38  .....SwP......38
0000B1C0:  00 7E 32 7E D8 F2 AA D5 - AA 28 BB B2 5F C6 74 B9  .~2~.....(.._.t.
0000B1D0:  77 80 CF F1 54 81 9C 9C - 16 52 DA B3 63 D0 B4 6D  w...T....R..c..m
0000B1E0:  D6 05 64 11 6A 6D 29 8D - 40 CF F9 E9 D7 D7 82 4F  ..d.jm).@......O
0000B1F0:  77 30 7F 16 56 ED B7 03 - 75 93 C1 84 DA 23 40 21  w0..V...u....#@!
0000B200:  12 F9 BF E6 D0 F3 75 87 - C3 47 78 BB 26 6F 75 5E  ......u..Gx.&ou^
0000B210:  4E 8F 4A 5A 30 A4 68 F9 - 96 75 94 31 6C A8 61 78  N.JZ0.h..u.1l.ax
0000B220:  23 0E 8F DC AC 6A 9D 51 - 5D 88 B0 6A EA 03 50 B1  #....j.Q]..j..P.
0000B230:  65 8A D1 CD 75 1B 84 7A - 2A E6 94 A5 BE 13 5A 49  e...u..z*.....ZI
0000B240:  64 6D 5A D5 D8 D7 F5 40 - 32 97 78 7C 7A 1A 49 87  dmZ....@2.x|z.I.
0000B250:  30 CE 9B 68 41 96 70 49 - 23 77 D7 DE B6 AB 11 E1  0..hA.pI#w......
0000B260:  A3 A8 E5 35 B3 A2 EA F8 - 3F 09 35 B5 40 8F F1 54  ...5....?.5.@..T
0000B270:  90 74 6A DA F4 EA 10 7F - 8D 62 19 F6 DE 9A 93 CD  .tj......b......
0000B280:  F7 0C D4 24 99 80 96 96 - E2 8C 30 59 F9 DA 2E 87  ...$......0Y....
0000B290:  B5 D4 39 52 2F FA D2 DE - 7F 88 79 18 D2 DB 3F 96  ..9R/.....y...?.
0000B2A0:  8E CD 7A 3A 28 8F 06 BA - 81 0E 01 8B 17 2B E2 CF  ..z:(........+..
0000B2B0:  26 29 0D 13 B2 30 50 83 - FD 62 C6 62 A0 CA 91 25  &)...0P..b.b...%
0000B2C0:  A1 2D 92 31 D3 D0 03 65 - 63 AC 43 05 97 AC D2 1C  .-.1...ec.C.....
0000B2D0:  F5 44 D0 84 1C 7C 36 9B - 53 69 4E 0C 53 1E 25 93  .D...|6.SiN.S.%.
0000B2E0:  F1 91 AD 04 65 26 E8 E0 - D8 EC D2 1A 16 F0 DA 0B  ....e&..........
0000B2F0:  34 0C 2E E6 8C F9 6F AF - D7 D5 AC 29 5F 7F 90 20  4.....o....)_...
0000B300:  E6 2F CA 1C F1 72 6C 14 - 3F 73 06 ED 96 63 A5 4C  ./...rl.?s...c.L
0000B310:  77 DF D6 C9 FE 75 CF 34 - C7 2E FD 91 08 92 98 E2  w....u.4........
0000B320:  B6 90 03 FB 5B C7 A6 53 - 01 8C 3E A7 EA DA 65 B4  ....[..S..>...e.
0000B330:  59 0A 0D D0 D2 12 B6 14 - EE F3 EF 04 ED 23 3E 5B  Y............#>[
0000B340:  85 6C B7 04 53 0D EF 6E - 46 70 1B 88 DD A3 0D 49  .l..S..nFp.....I
0000B350:  64 7D 90 16 AD AF 84 BD - 2E 05 CD A4 D7 BB 0D 97  d}..............
0000B360:  F3 F9 07 7A EA 61 A2 68 - C1 21 4D 88 A7 C6 C5 A2  ...z.a.h.!M.....
0000B370:  C9 DA 69 EE 41 D6 BF 82 - 00 74 62 80 76 30 4B A4  ..i.A....tb.v0K.
0000B380:  41 FA 85 F6 DE A9 50 F6 - D4 B0 0B AC B5 4F 3F BC  A.....P......O?.
0000B390:  55 C6 7A A3 51 BA D8 8B - 53 72 1B A0 D3 32 BE 5F  U.z.Q...Sr...2._
0000B3A0:  92 78 E4 45 A0 73 EC D1 - C7 F0 4F 96 4E 93 7F 55  .x.E.s....O.N..U
0000B3B0:  97 44 FD 46 20 98 0D 7E - 32 E4 05 04 98 4C CC F1  .D.F...~2....L..
0000B3C0:  A6 48 A3 B2 04 BE D2 AE - EC 78 27 2A AA F1 52 E5  .H.......x'*..R.
0000B3D0:  49 CB 6C 70 92 F3 3E 59 - 7F 51 A4 0F 64 28 B5 51  I.lp..>Y.Q..d(.Q
0000B3E0:  DE 2F D0 DE C6 76 0D 3E - 75 14 8F E1 41 93 08 A5  ./...v.>u...A...
0000B3F0:  FE E6 2F CB 63 04 F8 52 - 3D FA 57 D9 08 A4 79 AD  ../.c..R=.W...y.
0000B400:  ED 29 F2 BC BD 1A 3C 58 - 51 37 DB A8 28 4A 67 40  .)....<XQ7..(Jg@
0000B410:  0E D3 AC 2D 1B 61 E5 0A - 26 98 D9 7B C6 F6 82 37  ...-.a..&..{...7
0000B420:  68 F2 13 28 95 73 AA 5D - 15 50 98 08 E0 29 93 93  h..(.s.].P...)..
0000B430:  B8 C8 75 A9 56 0E 20 28 - C2 EE 2A E5 79 E5 25 2F  ..u.V..(..*.y.%/
0000B440:  52 47 F2 DE 30 3C 9E 37 - 0E 4F 06 EE 68 CF 39 84  RG..0<.7.O..h.9.
0000B450:  B6 43 32 3F 11 BB CF 05 - F1 20 85 8E 17 BB 73 F7  .C2?..........s.
0000B460:  9E 3E 83 69 0B E8 79 35 - 64 16 F7 64 2B 3F 64 C4  .>.i..y5d..d+?d.
0000B470:  BD F8 99 9C 6F A8 04 EA - 61 6F 3D 2E DF 2F 48 3C  ....o...ao=../H<
0000B480:  55 BC 5F B1 E6 4B DB 3A - CF 59 01 27 81 DE 7A 91  U._..K.:.Y.'..z.
0000B490:  E9 DE F0 6F 46 52 88 E0 - 10 E1 0F F9 10 E5 15 76  ...oFR.........v
0000B4A0:  67 88 AC CA 27 86 6A C1 - E9 C8 52 F1 4B C7 6C EE  g...'.j...R.K.l.
0000B4B0:  E9 5C 3D 87 C4 37 C1 4D - AB CC 7C 20 FB BB 81 2B  .\=..7.M..|....+
0000B4C0:  62 9F 21 47 93 F5 12 BC - AD F5 4D 99 46 F8 A8 56  b.!G......M.F..V
0000B4D0:  72 F7 28 BC 77 17 82 C5 - 27 EC 24 89 49 4E B3 3E  r.(.w...'.$.IN.>
0000B4E0:  6A 08 9C 86 F9 EA EB 35 - 2C 1A 1E A9 2E 9C 04 F1  j......5,.......
0000B4F0:  5C D3 B5 11 1D F6 0E 87 - D7 7D FE CE 42 8D 68 81  \........}..B.h.
0000B500:  5F A3 62 42 5A 9C 30 4B - 10 62 63 9D E1 DF 07 50  _.bBZ.0K.bc....P
0000B510:  A6 8D 9F C8 48 88 28 3F - C1 07 5F 84 7F 7F BC FB  ....H.(?.._.....
0000B520:  47 04 7F 7B 15 EF BC 28 - FD 4E 55 E4 C3 7D AC 36  G..{...(.NU..}.6
0000B530:  9F AE 78 07 29 92 4C 40 - 2D 15 11 85 CE B9 39 6E  ..x.).L@-.....9n
0000B540:  C6 0A EE 71 37 37 E2 6A - 04 E6 E4 46 B7 46 2B 44  ...q77.j...F.F+D
0000B550:  4D 97 3D 0B 31 05 DE BE - 6B 1E E1 DB 0A 11 CE 59  M.=.1...k......Y
0000B560:  25 AA 25 9B 3C A5 7C B7 - 32 CB F6 96 5D D2 D2 B5  %.%.<.|.2...]...
0000B570:  2D D7 0B 6F 83 6A CD 65 - 90 F8 2B 97 74 90 8C 50  -..o.j.e..+.t..P
0000B580:  F0 AB 16 A3 78 50 D8 1C - E6 65 26 33 69 E1 30 35  ....xP...e&3i.05
0000B590:  A9 1F BA 1D 7E A1 EE 76 - 7C 23 54 2D A5 5D 96 35  ....~..v|#T-.].5
0000B5A0:  DC 1B 76 38 95 93 99 81 - 79 9A 50 83 E7 28 40 B3  ..v8....y.P..(@.
0000B5B0:  0C FB 38 52 0F C5 A1 82 - F1 E9 4F 89 C2 93 09 CC  ..8R......O.....
0000B5C0:  31 96 33 8C CF 5E 80 6E - 57 B6 81 4E 65 1A 48 CC  1.3..^.nW..Ne.H.
0000B5D0:  0B 6F A2 86 E0 F0 43 DD - 01 B1 46 79 68 CC B7 02  .o....C...Fyh...
0000B5E0:  A1 E7 48 95 6A B5 4C AC - 28 14 26 4D F2 75 88 C3  ..H.j.L.(.&M.u..
0000B5F0:  93 F6 74 0E 03 D7 70 51 - 17 BD DC FB 6D D5 10 41  ..t...pQ....m..A
0000B600:  B0 B6 C4 D9 4F FE EA 39 - CB 10 B4 F4 95 74 8D 24  ....O..9.....t.$
0000B610:  55 FB F8 8F 2A 6F 04 6C - A0 8C B9 A8 08 AB 0D A5  U...*o.l........
0000B620:  D2 AB 40 50 DA A8 6F F2 - E1 0B 56 29 A6 78 1F B1  ..@P..o...V).x..
0000B630:  02 1D AC EE 50 A8 D7 A3 - 72 86 70 1C DC D6 C3 19  ....P...r.p.....
0000B640:  A7 3C EE 57 8A E2 36 26 - EF E0 52 5B 07 C6 DC 15  .<.W..6&..R[....
0000B650:  47 31 F4 86 87 86 8A 90 - 0D AB EC F0 58 F9 14 69  G1..........X..i
0000B660:  4C 80 FD 78 84 8C B5 2F - 1C B3 F6 B3 96 01 7E CD  L..x.../......~.
0000B670:  7E B1 4B E7 8C 78 06 A4 - 9B DD 3F 12 16 52 C9 73  ~.K..x....?..R.s
0000B680:  1F 54 9F 70 0F 0B 1F FD - E9 54 EA A9 37 63 8E C4  .T.p.....T..7c..
0000B690:  B0 A0 F6 FE 90 45 15 EC - 14 78 8F E8 50 28 30 BD  .....E...x..P(0.
0000B6A0:  60 5B A9 1A 6C DC D6 74 - AA CF 1C 97 03 E5 CF C4  `[..l..t........
0000B6B0:  2B 3B 92 F9 E1 AE 8D A1 - CE E6 63 39 B0 8E 59 30  +;........c9..Y0
0000B6C0:  68 50 4D F9 BF C6 51 8F - BB 5A 94 73 AC 70 68 0A  hPM...Q..Z.s.ph.
0000B6D0:  D3 42 7C 23 4A D1 C2 0A - E5 C1 03 EA F5 E2 28 55  .B|#J.........(U
0000B6E0:  C4 82 21 1D 00 04 27 B3 - 7B 27 3B A8 5C A3 A7 99  ..!...'.{';.\...
0000B6F0:  E0 A1 50 A8 A4 AA 24 D4 - A1 62 C6 C1 25 AD 90 D6  ..P...$..b..%...
0000B700:  4A D5 CA 8C F9 AE BC 73 - 03 D4 4F 3C 1A 4C C0 4C  J......s..O<.L.L
0000B710:  48 56 73 63 67 D7 4D 42 - A5 05 DC 89 7F 73 C3 6D  HVscg.MB.....s.m
0000B720:  61 45 13 C7 E0 9B 70 CB - FB 40 88 99 80 F3 08 47  aE....p..@.....G
0000B730:  7A 5C 88 D9 D0 31 F7 F6 - C4 62 F5 44 65 0F 94 28  z\...1...b.De..(
0000B740:  E6 C3 7B 65 E3 5C 74 01 - 36 DC BB 08 F7 38 6E 9A  ..{e.\t.6....8n.
0000B750:  DB A2 70 D9 5B F7 98 18 - 46 98 52 54 1B EF 59 B6  ..p.[...F.RT..Y.
0000B760:  A1 38 7E 09 46 E5 EC 79 - 5C 05 7F 27 0B 9A 1C 26  .8~.F..y\..'...&
0000B770:  72 75 CB B7 EE AA 56 8B - 5D 59 1A 08 F8 1D 44 80  ru....V.]Y....D.
0000B780:  26 11 C3 54 E7 A6 89 72 - 4F F1 97 42 B1 7D 27 BF  &..T...rO..B.}'.
0000B790:  0E 4B 95 08 27 E4 19 19 - 05 5B 4C AF FB 76 A3 3A  .K..'....[L..v.:
0000B7A0:  8F 4C 80 39 24 3D 39 9E - D4 95 75 2B 1E 3C 60 1D  .L.9$=9...u+.<`.
0000B7B0:  5F 63 7A 7F A4 BC 45 FE - 63 DC 91 3A A1 7D 2C E0  _cz...E.c..:.},.
0000B7C0:  DF A2 73 6E 5B F3 CD A5 - F0 68 01 8A C4 21 58 0C  ..sn[....h...!X.
0000B7D0:  DA 46 80 86 8D 83 26 23 - 0A C7 AE 20 78 87 87 84  .F....&#....x...
0000B7E0:  D1 5C FA FE 11 AA 8C DF - 6D AD 8F 7F 3A 45 FD EF  .\......m...:E..
0000B7F0:  46 D4 DF 1B 7B 98 E0 07 - 4B A2 15 0F 03 9F 2F 30  F...{...K...../0
0000B800:  EB 91 25 A8 C3 2D 11 B2 - 15 9D 0D 66 3C C1 F3 62  ..%..-.....f<..b
0000B810:  8F 1D 9B D0 BF 4E 3A AB - 3F 33 BB 69 FC A1 06 1A  .....N:.?3.i....
0000B820:  56 48 BE 97 37 01 1A EB - 21 F9 E9 81 AC F7 D0 71  VH..7...!......q
0000B830:  CD 39 84 82 F6 E3 DB 5B - E3 EF FA 74 E4 D0 10 BB  .9.....[...t....
0000B840:  FE 8B 19 10 BC CA DB 9D - 5C A2 74 74 BB 70 0F 9E  ........\.tt.p..
0000B850:  5F 6E D1 01 32 31 93 F3 - 83 78 B1 5A E4 B4 D4 12  _n..21...x.Z....
0000B860:  83 BC ED 9B 0F 4A 75 67 - C5 3A D4 A2 F1 FF B2 41  .....Jug.:.....A
0000B870:  2D FA E5 A1 91 D6 AF 8E - F3 B2 C1 00 26 F4 3F F6  -...........&.?.
0000B880:  BE BA B0 72 7B 41 7C 9B - 1F A0 53 1C 12 B3 80 0E  ...r{A|...S.....
0000B890:  4A AB A2 3B 80 05 31 00 - AB 8E 83 E8 5C E7 F4 E0  J..;..1.....\...
0000B8A0:  7C AF 51 9C EA 29 40 DC - FA 02 37 41 DF F9 E1 93  |.Q..)@...7A....
0000B8B0:  B0 63 47 78 17 98 62 1F - 74 A9 48 63 59 A3 ED D5  .cGx..b.t.HcY...
0000B8C0:  E4 BB 3D CA E0 2F 11 01 - 23 F1 C5 30 99 93 1F EE  ..=../..#..0....
0000B8D0:  2D 93 F3 8D D8 B6 E8 FC - A8 7F 90 CB 6A BF 74 1E  -...........j.t.
0000B8E0:  E3 D8 F3 57 D1 C7 E5 64 - 51 EE 81 3A 48 EE 62 83  ...W...dQ..:H.b.
0000B8F0:  B9 11 99 90 18 7E 1F 44 - 1C 99 1C 77 74 2D 49 14  .....~.D...wt-I.
0000B900:  B9 26 0E 17 57 A2 39 B8 - AF B0 05 76 0A 7A 72 93  .&..W.9....v.zr.
0000B910:  A7 3D 8F F4 54 DB C3 CA - C0 4B 6F D4 68 54 8F C8  .=..T....Ko.hT..
0000B920:  EB DB EA 4E 69 C0 55 D1 - 5B 94 D1 9C 71 94 B3 7A  ...Ni.U.[...q..z
0000B930:  F0 C5 F4 7E 58 0B 28 76 - 61 21 65 E2 3B 5E DD 00  ...~X.(va!e.;^..
0000B940:  D6 80 DC 48 97 FF A3 B6 - 93 2F 68 C3 5F 0B 62 C7  ...H...../h._.b.
0000B950:  99 BF 55 A2 E1 9C 1B 5C - 8A E4 F1 3C 61 41 54 AD  ..U....\...<aAT.
0000B960:  28 DB 34 4B 0D 84 07 3F - B7 59 5D 13 D2 1D 14 00  (.4K...?.Y].....
0000B970:  94 FE BF 47 DC 49 86 1F - 11 96 56 46 F7 20 1B 4B  ...G.I....VF...K
0000B980:  92 59 3B 95 D4 0B FF 2E - E5 38 E6 B9 DE C8 D8 D2  .Y;......8......
0000B990:  53 B2 31 B8 E2 5A 0E E0 - CF 51 BC 96 44 30 63 6C  S.1..Z...Q..D0cl
0000B9A0:  13 EB 7D 48 9C 4C 38 DB - 1B 56 FB 53 0E C4 58 9C  ..}H.L8..V.S..X.
0000B9B0:  5F 45 0E 8F 22 76 54 EB - F6 43 46 D9 8F F4 BF F0  _E.."vT..CF.....
0000B9C0:  2C 4C 6E FD F4 BB 96 AF - EF 47 6A 99 89 71 DE F3  ,Ln......Gj..q..
0000B9D0:  B9 D3 C8 C3 80 41 97 A4 - C1 E4 B3 55 7C 9D 29 DB  .....A.....U|.).
0000B9E0:  2A F1 2F BA 36 B0 86 E9 - CD 1C 40 C5 A6 FC 2B 59  *./.6.....@...+Y
0000B9F0:  CE C0 47 52 7E 2E 31 A4 - 45 9D 7F 60 EC 20 B7 B3  ..GR~.1.E..`....
0000BA00:  8C 4D FA 1B 5D FB 81 B9 - D1 8A 53 0A 18 C0 47 DA  .M..].....S...G.
0000BA10:  AF 3B 3E 95 0F 9F 2D 37 - 94 C9 4A AA 61 14 C6 A5  .;>...-7..J.a...
0000BA20:  13 65 1E 41 28 3E 94 5A - 3A 9F 42 7A 5C 94 37 5D  .e.A(>.Z:.Bz\.7]
0000BA30:  7C 19 B1 8E 21 34 82 C6 - EE B5 50 89 FA 2F 4B C2  |...!4....P../K.
0000BA40:  2B D7 48 9F 40 6C DD EA - 4B F6 15 7E 65 F0 A9 FD  +.H.@l..K..~e...
0000BA50:  15 58 D4 C7 D2 81 AB E2 - 0A DD E2 8D CF 5C B9 5F  .X...........\._
0000BA60:  E4 F3 1B 51 DD 29 50 43 - E1 1B 4E E0 18 6D 6B 50  ...Q.)PC..N..mkP
0000BA70:  22 D8 25 43 EF BC 89 AA - 97 42 D1 5C 6C DC 93 18  ".%C.....B.\l...
0000BA80:  40 A9 22 57 C2 87 69 7C - B7 B3 00 25 F0 F8 96 DF  @."W..i|...%....
0000BA90:  57 A2 C4 CB 68 06 4B 65 - 4B EA 8B 4D 2B 64 86 7D  W...h.KeK..M+d.}
0000BAA0:  57 CF C8 1C FE 33 C4 28 - 20 DE B9 0F D2 1D 10 BC  W....3.(........
0000BAB0:  F3 73 D8 2A 22 4B 72 5D - DB E4 31 2C AF C2 A9 26  .s.*"Kr]..1,...&
0000BAC0:  F6 89 0D 01 FC C3 72 1C - 64 73 13 31 88 18 4E 6E  ......r.ds.1..Nn
0000BAD0:  23 86 16 C7 DB 32 A5 35 - F4 7B A5 C5 9F 8C 59 0E  #....2.5.{....Y.
0000BAE0:  CC D6 2C 11 CF BD D9 76 - 1D 1E B9 9E 71 8E AA 0A  ..,....v....q...
0000BAF0:  A2 94 D8 07 B0 8D 16 22 - 33 8A 7F 18 80 4B 82 34  ......."3....K.4
0000BB00:  36 26 62 B9 14 BF 2B FC - 3C 1E 6E 9B 6D B2 D8 22  6&b...+.<.n.m.."
0000BB10:  82 30 9C BE 55 6C 6E C2 - 7D AF 24 C6 BE F5 1B DC  .0..Uln.}.$.....
0000BB20:  C2 37 1F E1 8B 45 50 F8 - 61 46 0A 81 F6 B2 39 23  .7...EP.aF....9#
0000BB30:  C9 EC AD 68 13 B9 55 C2 - 56 C3 DA 4C 86 D4 7F E4  ...h..U.V..L....
0000BB40:  52 1C EE 94 40 9C 1A AC - 79 43 74 DC A1 78 0E 2C  R...@...yCt..x.,
0000BB50:  FD 3E 3E 60 6B 55 0E 17 - 5D 55 D7 E4 DB E7 37 F3  .>>`kU..]U....7.
0000BB60:  BE 53 8F 1C 57 AF 77 F7 - 42 79 D4 97 C8 2C 85 85  .S..W.w.By...,..
0000BB70:  F5 28 68 15 1C DD 98 91 - A8 6A EF 2B DB 6D 85 9C  .(h......j.+.m..
0000BB80:  AD 0A 9C A1 21 D9 7B B0 - E1 F1 AB F2 32 27 FD 63  ....!.{.....2'.c
0000BB90:  94 E2 8E BE 41 F5 A3 96 - 0C EF FB 47 3B 29 82 FB  ....A......G;)..
0000BBA0:  F5 47 65 4E AE CA 99 DB - 42 60 A7 97 35 96 9C 3F  .GeN....B`..5..?
0000BBB0:  EF 2B 92 9C EC DE 72 E9 - 5D 42 C7 F6 F9 22 54 C0  .+....r.]B..."T.
0000BBC0:  AE 44 BC F4 09 0E A8 51 - 59 B4 A5 8D 7B 37 8B BB  .D.....QY...{7..
0000BBD0:  E4 DA D0 7C 61 F5 0F C2 - BD 43 A7 25 47 8D 6B 51  ...|a....C.%G.kQ
0000BBE0:  17 08 5C 3B C8 1A 0D 7D - B7 1B 6F 46 65 D2 89 56  ..\;...}..oFe..V
0000BBF0:  57 AD BE 15 48 37 10 9D - 7E 15 1D AB 0E 9E E4 5C  W...H7..~......\
0000BC00:  D8 7B CC 50 B3 C0 EC CD - 15 E1 E6 53 19 08 29 6E  .{.P.......S..)n
0000BC10:  39 21 10 D0 6C 27 09 AA - 15 89 E1 2F 5B 4F 3A DE  9!..l'...../[O:.
0000BC20:  56 93 A2 50 A8 C2 72 D0 - 92 DB F2 90 3E 1F 7A 02  V..P..r.....>.z.
0000BC30:  D2 F6 9F F7 7F 98 3D 57 - 54 38 4E B6 43 0E C2 F3  ......=WT8N.C...
0000BC40:  42 20 23 01 A9 97 85 BA - B4 D3 35 4C 1C 35 CB 6A  B.#.......5L.5.j
0000BC50:  D6 0C E1 F5 A1 FE DA 6E - B6 EF 35 21 3E F9 95 C7  .......n..5!>...
0000BC60:  BD 9D D4 66 1F 02 8A 4F - 39 67 45 17 4A 2B 94 3B  ...f...O9gE.J+.;
0000BC70:  C8 1B 24 F2 48 55 AD 9E - CC 77 7C 3C D1 AE 5B 58  ..$.HU...w|<..[X
0000BC80:  CC E8 B8 D6 12 65 33 75 - 8A 15 85 46 ED 5B AC A1  .....e3u...F.[..
0000BC90:  F5 C0 E2 FB C4 69 EA E9 - 2A 07 4C 86 3A 4D C6 57  .....i..*.L.:M.W
0000BCA0:  EF 1B 0E 40 88 9B 18 0F - 2A 8A FE EC D9 E4 8E 1A  ...@....*.......
0000BCB0:  00 2B EC D6 DC 6D 18 AB - AB 49 FB 86 18 F2 5C 30  .+...m...I....\0
0000BCC0:  39 2A 68 FA 47 DC 1D 58 - AA 0D C2 EF EC 1C 37 D6  9*h.G..X......7.
0000BCD0:  63 EE 4E 58 77 D5 79 C2 - BC 37 56 ED BB 45 8C 84  c.NXw.y..7V..E..
0000BCE0:  3D DD 2F B3 8C 73 6B E9 - 19 C4 B7 F3 BD 5B 82 EB  =./..sk......[..
0000BCF0:  C2 2F F3 33 CE 5B 26 33 - FD 15 1B C1 BC D3 D6 D3  ./.3.[&3........
0000BD00:  31 4C BF D3 D5 9F A4 F5 - FB A3 A1 0C E6 91 DA 0F  1L..............
0000BD10:  5A 5C D9 81 3C E9 FE 58 - D1 69 95 18 E2 6E 8C D0  Z\..<..X.i...n..
0000BD20:  DF 92 4D 50 C7 C8 45 75 - 9D B4 2D F5 D3 92 17 1C  ..MP..Eu..-.....
0000BD30:  4A 67 26 5A 07 A6 83 99 - 3F B4 CC 2C D2 5B DD 57  Jg&Z....?..,.[.W
0000BD40:  98 D6 0F 4A 6D 9B FE 9F - E3 84 AA 4C 09 D2 BF 74  ...Jm......L...t
0000BD50:  1C 7B 57 75 B6 B9 53 0D - 49 A6 BA F4 54 E7 2D FF  .{Wu..S.I...T.-.
0000BD60:  0A 6D D8 22 D2 73 5A B3 - E8 8E 34 3E 7B 43 7E 56  .m.".sZ...4>{C~V
0000BD70:  26 0B 3B 60 9C DF 29 12 - 6E D9 E1 D2 1B D1 5E 35  &.;`..).n.....^5
0000BD80:  68 E7 E9 C0 58 29 4B DA - E0 DA B0 A8 0A BD 80 80  h...X)K.........
0000BD90:  68 28 FD F6 AC 3B 19 9D - 98 54 B2 CA DC 70 13 43  h(...;...T...p.C
0000BDA0:  1B 90 26 3D 0D B4 91 FF - 8E 5D 77 94 29 33 41 DA  ..&=.....]w.)3A.
0000BDB0:  24 86 15 24 63 69 D4 63 - 96 27 8B B5 A8 E1 FF 39  $..$ci.c.'.....9
0000BDC0:  B6 DE 0C EC 6B 84 57 A6 - B1 6A 4F 64 36 B3 5A 83  ....k.W..jOd6.Z.
0000BDD0:  8E 2B EB BE 07 7C 4A DE - 7B EC C9 15 8A 97 B9 12  .+...|J.{.......
0000BDE0:  DB C2 46 28 C3 08 27 D2 - 9C 26 D7 AF D8 4C 7A ED  ..F(..'..&...Lz.
0000BDF0:  DC 4F 7E 08 27 DC AF 2E - 3D 49 D1 ED 7B 2B B4 34  .O~.'...=I..{+.4
0000BE00:  6F AE FB FC FA 21 E0 12 - E3 EC C2 40 68 99 E9 49  o....!.....@h..I
0000BE10:  44 7F DB 35 27 C5 78 B8 - 10 14 DC DD F2 52 D3 73  D..5'.x......R.s
0000BE20:  B9 7D 01 AF B0 C9 91 43 - 48 F7 F8 64 1B 4A F2 65  .}.....CH..d.J.e
0000BE30:  62 34 42 5C 17 18 D9 6E - 20 D8 BE B2 8C 4E 02 C7  b4B\...n.....N..
0000BE40:  50 EB 7E 8E 9E 88 78 32 - 61 16 58 DC 24 9F A8 B4  P.~...x2a.X.$...
0000BE50:  22 57 65 DD D8 BA 18 66 - C0 AA 31 81 CD E6 19 1B  "We....f..1.....
0000BE60:  B1 D3 91 8C C5 80 85 C0 - 58 4E 65 68 14 72 D0 2B  ........XNeh.r.+
0000BE70:  70 ED B8 A6 B2 53 85 09 - 44 61 96 18 C0 B1 25 E0  p....S..Da....%.
0000BE80:  AD E2 A5 CC 82 8B 1D CD - AA 58 9D 21 18 83 47 A7  .........X.!..G.
0000BE90:  50 40 43 2E 53 6C F3 03 - F1 DE 1A 1A E6 63 71 B2  P@C.Sl.......cq.
0000BEA0:  DB 44 1B 68 7B 5B 89 4D - 2E 57 58 7C D4 0F DD 89  .D.h{[.M.WX|....
0000BEB0:  AA 38 32 8B DC C3 A5 D8 - 15 27 48 6B 73 A6 6F 6C  .82......'Hks.ol
0000BEC0:  4D F3 C5 97 16 AB A9 82 - EE 8A FE 72 E7 2A 70 1A  M..........r.*p.
0000BED0:  CF 6D 35 5E 27 67 CC B7 - A9 E4 13 E4 27 1A 3F 5F  .m5^'g......'.?_
0000BEE0:  F7 6F C1 41 E1 1E D5 AD - 0F B9 CF 89 3A 50 46 C2  .o.A........:PF.
0000BEF0:  F8 98 89 C4 3F DC F1 55 - F4 1C D8 E4 B9 99 C2 8D  ....?..U........
0000BF00:  33 3B D6 23 68 65 45 3C - F2 0C 8F 94 C9 73 51 62  3;.#heE<.....sQb
0000BF10:  FB E9 25 17 C6 26 E9 DF - 93 08 5C CB 43 FC B6 EF  ..%..&....\.C...
0000BF20:  A7 54 0C 18 0D 16 A2 1D - FF E5 49 A4 0C 20 81 55  .T........I....U
0000BF30:  1E 63 7B C8 C8 6A 67 6E - 13 5D 32 5B 6B 69 DC A6  .c{..jgn.]2[ki..
0000BF40:  26 CC 5A F9 4A CF D0 23 - 6A 0F 38 A3 0A F0 E2 2D  &.Z.J..#j.8....-
0000BF50:  68 40 C0 DA 8E 36 EC 41 - B2 A8 56 B9 6B F3 AE 50  h@...6.A..V.k..P
0000BF60:  41 B2 DD C2 0B 19 B2 50 - D9 15 CF 46 65 CC 91 4F  A......P...Fe..O
0000BF70:  95 2D 8F 03 16 A7 6F AF - 73 F4 DD F7 3F 04 9C 24  .-....o.s...?..$
0000BF80:  31 78 45 E3 98 33 F1 71 - 92 61 F4 C5 4C C5 81 0D  1xE..3.q.a..L...
0000BF90:  4F 89 3F B6 ED 90 47 62 - 40 0C 7A 84 5B A6 B6 1E  O.?...Gb@.z.[...
0000BFA0:  FD 29 23 7C 96 83 F2 69 - 1B 8E 75 1B B9 03 62 94  .)#|...i..u...b.
0000BFB0:  76 2F C1 9D 3F 50 55 7B - 0C 17 29 4C 22 8B 49 4C  v/..?PU{..)L".IL
0000BFC0:  E9 DF 1D 2C 63 D4 4F 9E - A9 F6 F8 D5 D5 38 E2 2F  ...,c.O......8./
0000BFD0:  60 BD B2 D7 D0 E5 E4 8F - 6B DF 25 4C CE 30 EE 75  `.......k.%L.0.u
0000BFE0:  C3 7A 2A 9C B8 E9 6C 10 - D2 A2 B3 A9 D4 2C 52 07  .z*...l......,R.
0000BFF0:  92 EA FB 6A 6F 19 07 57 - 95 09 B6 E9 CC 20 55 A0  ...jo..W......U.
0000C000:  6C 4C 12 BD 11 7F D7 C4 - E0 FC F8 74 CA 6E 66 3D  lL.........t.nf=
0000C010:  4E 6B C9 EF 03 C9 04 23 - 7F C8 2F 39 F4 27 46 33  Nk.....#../9.'F3
0000C020:  4E 93 0C 6C 9E 24 BF E8 - DB 44 4A DE 4A A6 C5 BB  N..l.$...DJ.J...
0000C030:  E4 41 85 FD E7 57 07 DF - 85 60 AC 1C B5 28 80 9A  .A...W...`...(..
0000C040:  AA 46 68 51 85 41 C8 17 - F2 D5 AF 59 9B 9D F7 16  .FhQ.A.....Y....
0000C050:  CF 2A 9B 73 1D 02 AA 1A - 63 48 E1 58 CF BD 6D 85  .*.s....cH.X..m.
0000C060:  DC 70 4D 04 2E 18 10 7B - 38 1E 06 95 CF D2 7E C3  .pM....{8.....~.
0000C070:  FE 3C 21 7B 3F 07 B2 88 - 63 4A AF F6 7A 6F CA B4  .<!{?...cJ..zo..
0000C080:  18 83 DB 01 CA 90 8B 56 - B2 00 6C FD 7B 0E BD 34  .......V..l.{..4
0000C090:  8E D0 B5 BA 76 78 30 DF - D1 DC 05 99 8E 38 5D 0F  ....vx0......8].
0000C0A0:  00 B7 2C 07 BE 6E D3 D1 - 19 14 5C 6D 7C 88 E4 A1  ..,..n....\m|...
0000C0B0:  4A 7D 4E 2F 4E 58 F2 16 - 4D DC 60 85 8C 69 97 B6  J}N/NX..M.`..i..
0000C0C0:  18 8D 11 F2 DC 1F B8 FD - 68 63 0F F9 9E 7D 06 16  ........hc...}..
0000C0D0:  49 85 0E 32 E5 BF 37 D1 - 04 3C 79 5B 39 55 68 BD  I..2..7..<y[9Uh.
0000C0E0:  5D 23 60 BB 0F 54 D1 EA - 14 A4 00 8D 5D E2 6D B7  ]#`..T......].m.
0000C0F0:  74 6E 8F D0 34 86 75 DB - AD D7 AC 0E AF 05 B1 E2  tn..4.u.........
0000C100:  C4 88 96 1A 2E 7C 05 7D - AC C5 7E E3 97 6C AE 3C  .....|.}..~..l.<
0000C110:  CF A5 13 CB 0E 47 68 8A - F6 D1 30 C1 94 B9 DD A6  .....Gh...0.....
0000C120:  2F 89 75 F1 D2 E5 18 F1 - B7 42 EC 95 54 CD 7D 8D  /.u......B..T.}.
0000C130:  12 E1 7D 31 2C 2E 32 9E - E9 68 87 19 4A 05 4F 81  ..}1,.2..h..J.O.
0000C140:  CC CD DA 97 E6 15 92 D4 - 20 33 69 8E 91 C1 47 AE  .........3i...G.
0000C150:  AE E2 E6 BB 20 45 59 E7 - 78 53 F3 E2 5C 49 60 1B  .....EY.xS..\I`.
0000C160:  94 EB F9 5D AC BC 37 23 - 0A 6E D9 9B 91 EC 99 F4  ...]..7#.n......
0000C170:  56 92 FE 58 4D 9E C3 E1 - 1C A9 6D 90 EF 06 6B E0  V..XM.....m...k.
0000C180:  46 5C 98 6D EA B8 59 78 - E0 FA 3A 34 65 9A 6E 15  F\.m..Yx..:4e.n.
0000C190:  B3 68 D5 48 59 8D 4B 57 - 3F E2 38 30 D1 25 B0 FE  .h.HY.KW?.80.%..
0000C1A0:  66 C2 B0 D3 BC 42 08 20 - 70 57 97 6F 4B 1A 82 A4  f....B..pW.oK...
0000C1B0:  F0 81 81 43 79 7B 9A DF - F5 BD AD 42 13 A1 00 62  ...Cy{.....B...b
0000C1C0:  AD EC B7 2F 39 A0 49 BF - F5 48 BC A9 CD 6F EB 7C  .../9.I..H...o.|
0000C1D0:  CC 64 A3 5D 21 12 3E 0A - 82 EC 39 D4 9A DA B6 E4  .d.]!.>...9.....
0000C1E0:  79 5C BB 0C BA AD B4 4A - 5E 5B A7 1F 72 52 A8 50  y\.....J^[..rR.P
0000C1F0:  7C D8 4E 32 44 A8 77 B6 - 0F 03 DF 73 86 38 2E 06  |.N2D.w....s.8..
0000C200:  60 8C 8A E8 FA 30 4E DC - FA D9 4D 2C 14 E1 47 9A  `....0N...M,..G.
0000C210:  B8 71 A4 AD B7 E7 66 13 - E5 EB 55 60 9F FD 29 DD  .q....f...U`..).
0000C220:  56 FE 35 85 C3 E3 89 1C - 38 30 CD E1 09 2D C5 85  V.5.....80...-..
0000C230:  F5 40 11 BB B4 A6 88 DD - BE 20 C0 65 D0 D8 5E 58  .@.........e..^X
0000C240:  5C 1A FD 11 87 FC 97 63 - BB 8C B7 CD 76 3C 17 53  \......c....v<.S
0000C250:  0E EC AC FA 70 86 30 CB - 93 62 2B 2C CD 3B C0 10  ....p.0..b+,.;..
0000C260:  A7 CC CB 44 44 1C 5F 91 - F5 A9 7A C3 E5 3C 85 FE  ...DD._...z..<..
0000C270:  71 12 8D C1 D7 B0 82 0B - EA 38 FA 60 29 CD 27 95  q........8.`).'.
0000C280:  5C AE B3 6C 8B FF 0B A3 - 12 02 E0 28 AF 1C 3A 20  \..l.......(..:.
0000C290:  1E 78 32 69 F4 F3 AB A5 - CF 5C 1F FE A3 42 C2 1A  .x2i.....\...B..
0000C2A0:  AE F2 84 E9 A7 B1 F2 BB - 0A 5E 49 18 F8 6A 5D F4  .........^I..j].
0000C2B0:  BD C0 DB 71 58 F6 88 58 - 13 FA F5 58 09 7E 03 FE  ...qX..X...X.~..
0000C2C0:  AD 3E C7 B7 F9 69 76 17 - 3B 3B 95 3C 20 0A BC 42  .>...iv.;;.<...B
0000C2D0:  86 E4 8F B6 DA 36 73 CB - A5 F8 D8 37 19 87 3F 64  .....6s....7..?d
0000C2E0:  69 07 CB 4C 2F A3 52 51 - 6D 09 17 85 71 E9 F9 E5  i..L/.RQm...q...
0000C2F0:  57 5A 05 9F F1 37 98 B8 - E6 87 19 68 7E C5 13 AE  WZ...7.....h~...
0000C300:  96 EF 6B B9 C5 AE D7 06 - 2B 0E 2B 03 54 50 73 81  ..k.....+.+.TPs.
0000C310:  BF 3A 71 A5 52 AC F2 24 - 22 AF 2E A6 1A 47 07 9D  .:q.R..$"....G..
0000C320:  DD A7 C7 AB 82 F4 DA 16 - AD C9 BC 63 A4 7D 52 F5  ...........c.}R.
0000C330:  E9 3A 1A 26 A4 BE 8D F7 - 2A 31 E9 19 E8 F8 3B 25  .:.&....*1....;%
0000C340:  AA 70 1F 06 57 57 27 A3 - 0C BB 30 83 AD BC 67 74  .p..WW'...0...gt
0000C350:  45 16 F4 FC 35 94 3E 3C - 71 ED F9 A0 25 5E 3F C0  E...5.><q...%^?.
0000C360:  A5 E2 FC FA 61 BE 29 E4 - 7F 1E 25 81 23 FB DB 4A  ....a.)...%.#..J
0000C370:  90 46 A3 F8 01 F8 A6 C9 - AD 60 13 D8 1C 7D 72 19  .F.......`...}r.
0000C380:  C9 EC 21 4B 53 FE 41 6D - 28 08 DF 7D 3B 89 F1 7E  ..!KS.Am(..};..~
0000C390:  D0 30 C2 43 1F 7A 36 61 - B3 28 56 C1 F8 0A E4 12  .0.C.z6a.(V.....
0000C3A0:  62 6C F8 C4 CA 45 EA B9 - 38 04 4B B7 B8 02 B1 94  bl...E..8.K.....
0000C3B0:  31 A2 8D 47 51 14 93 06 - 58 6C 4A EE 11 0E 60 41  1..GQ...XlJ...`A
0000C3C0:  D1 FC 45 94 E4 2D 44 4A - BE AD 3B C9 FC B7 BE CE  ..E..-DJ..;.....
0000C3D0:  72 0E C6 E8 5A 24 DB 44 - AC 81 4F 81 1D 11 A8 25  r...Z$.D..O....%
0000C3E0:  F6 C9 1C AC 89 94 3B D3 - 87 E1 B3 E0 01 FA 21 FF  ......;.......!.
0000C3F0:  AA 38 85 E7 8B 04 06 A7 - EA 4B 6C 01 12 41 31 25  .8.......Kl..A1%
0000C400:  46 9A D4 A4 8F CF 9F E5 - 2C 31 54 A7 7B 7A AE 7A  F.......,1T.{z.z
0000C410:  60 79 9E 0B 80 B3 46 3D - 15 8F B7 85 B9 00 E5 62  `y....F=.......b
0000C420:  3D EE 51 41 C7 14 15 2B - A0 05 34 1C 94 0A 4B 0D  =.QA...+..4...K.
0000C430:  F2 CF 8B CF 1D 7A 18 08 - 30 B9 58 E8 42 5C 5B 29  .....z..0.X.B\[)
0000C440:  C3 EA A8 2F 72 1C 6F 0D - 54 30 DA 85 DC AB 73 22  .../r.o.T0....s"
0000C450:  70 B7 A3 C7 AE 5E B1 EC - 56 67 AE C5 E0 56 1C 38  p....^..Vg...V.8
0000C460:  68 DA 26 10 E9 5C 8A 64 - 19 36 52 6D A3 E9 04 B4  h.&..\.d.6Rm....
0000C470:  4F 1E 99 DA 86 32 C5 33 - 00 16 17 6D 95 CE EE 67  O....2.3...m...g
0000C480:  44 0E E1 E4 B2 9E 61 3E - 0F 43 3E F3 C7 E0 8F 08  D.....a>.C>.....
0000C490:  43 6C EB 4C 44 22 25 4F - B6 87 B0 4E DF 43 40 39  Cl.LD"%O...N.C@9
0000C4A0:  0C B2 C6 50 B7 44 DD 2B - 43 B4 23 33 37 32 8C 88  ...P.D.+C.#372..
0000C4B0:  40 03 99 5F AB 4B F7 4C - 6A 9F 60 BB 0C 36 52 33  @.._.K.Lj.`..6R3
0000C4C0:  41 62 00 BC 7C 8D 82 5D - 97 AE 8B 02 CF 71 15 43  Ab..|..].....q.C
0000C4D0:  0B 72 94 E4 12 AC B8 F8 - BA F4 21 0B 6E 5A 94 20  .r........!.nZ..
0000C4E0:  69 91 CF 41 ED 74 60 88 - D1 7A 12 98 10 D0 FD 0D  i..A.t`..z......
0000C4F0:  1A 87 D7 65 0F D9 08 75 - D9 A9 F2 DA 32 12 72 B9  ...e...u....2.r.
0000C500:  92 75 CD 27 08 62 00 8B - D8 7C 2C C8 2C D9 76 43  .u.'.b...|,.,.vC
0000C510:  B5 45 33 E4 E4 6B 09 9A - 0F 09 11 D6 BD E0 E8 E2  .E3..k..........
0000C520:  63 2D 53 49 D5 2B 3C 1B - E3 A9 5C 36 CD 12 76 E3  c-SI.+<...\6..v.
0000C530:  27 6E 2E 12 57 D8 79 D5 - 58 A9 7E 2B 84 8F D0 B3  'n..W.y.X.~+....
0000C540:  BF 77 E7 4E E3 AD 13 B5 - 64 3A E9 7A 7E 72 87 43  .w.N....d:.z~r.C
0000C550:  CB 4F 5F 7E 09 BA 64 86 - DB 18 2E C5 41 A7 C0 24  .O_~..d.....A..$
0000C560:  15 E1 9B 7B 05 BE F4 F0 - B0 A7 93 A7 1D 1F 86 5A  ...{...........Z
0000C570:  CA 17 2B C2 C6 C0 6C 1F - 0B DE 83 6E 61 28 D6 DC  ..+...l....na(..
0000C580:  13 C7 31 D3 78 8D DA B8 - 00 09 C9 7C 92 E9 51 24  ..1.x......|..Q$
0000C590:  81 0A FA D6 34 87 16 3F - 99 65 40 D3 30 16 9A E1  ....4..?.e@.0...
0000C5A0:  7C AD AF 2D F8 22 1C F6 - 60 24 A6 6C 51 66 2C C6  |..-."..`$.lQf,.
0000C5B0:  F5 B8 D4 96 8E 80 56 6B - FE 3C 9D CC D4 2A 43 F1  ......Vk.<...*C.
0000C5C0:  B3 06 8D 26 94 EE B4 3A - 73 B8 66 DC 78 61 02 90  ...&...:s.f.xa..
0000C5D0:  82 82 08 E1 F4 D1 E8 8E - E9 AB CB 19 09 D1 04 4C  ...............L
0000C5E0:  E6 C6 56 58 96 1D 54 ED - 96 EC 18 A2 DF AA BB 69  ..VX..T........i
0000C5F0:  53 A8 35 E5 F8 37 0B D2 - E1 7E 44 05 34 35 14 28  S.5..7...~D.45.(
0000C600:  3A DE 1B D2 BB 23 D8 9D - 4A 64 36 E4 57 26 73 A2  :....#..Jd6.W&s.
0000C610:  D1 AF 2C F4 8C F9 54 BC - 8C AE EF 50 F2 50 1B 3B  ..,...T....P.P.;
0000C620:  19 93 22 51 AA D8 29 F0 - 39 83 A5 6E E5 29 AE 26  .."Q..).9..n.).&
0000C630:  42 8D E9 FD C2 A9 06 25 - F7 C6 4E 8E 04 8C 7E D6  B......%..N...~.
0000C640:  C6 7B AE 0E A7 51 9D 20 - A9 E9 77 1C C8 14 A7 A7  .{...Q....w.....
0000C650:  44 DC E2 4B 64 74 59 9C - 4C C5 D4 0A 83 CA A1 A7  D..KdtY.L.......
0000C660:  3C 1F D7 4B 9F A2 F8 22 - 20 26 07 70 2F DC 3B F7  <..K...".&.p/.;.
0000C670:  F5 0B CC 12 78 88 C7 57 - 79 F4 E7 21 0B A5 8C 25  ....x..Wy..!...%
0000C680:  4E F1 26 34 3D F0 FC DF - 10 15 A1 FC 53 42 CE DD  N.&4=.......SB..
0000C690:  EC 13 54 49 48 5B C8 CF - B3 9B 25 80 96 F5 BE A6  ..TIH[....%.....
0000C6A0:  EC 56 CF 05 9F 9A 6F A1 - AA D0 6F 66 7D B6 A9 F9  .V....o...of}...
0000C6B0:  0C 9D E4 41 53 BD DC 51 - 6A 2F 8E 96 0D 57 A0 23  ...AS..Qj/...W.#
0000C6C0:  A8 67 A8 0F BE DD 90 BC - 09 7C 6D 51 49 85 BA C9  .g.......|mQI...
0000C6D0:  55 52 35 10 BB CD 83 D7 - B0 E8 E4 DB 98 F2 68 DB  UR5...........h.
0000C6E0:  36 60 B6 20 D5 6A D4 22 - 37 65 EB B0 24 BE 4E 03  6`...j."7e..$.N.
0000C6F0:  2A 99 F0 6B D0 85 8B 18 - 38 59 A7 8C 20 7D D9 BA  *..k....8Y...}..
0000C700:  11 85 56 CF 28 AA 2E 38 - 2B 58 AE 0C 8E E1 A3 F8  ..V.(..8+X......
0000C710:  EA 51 89 DE B8 96 D2 06 - DD 5B 80 95 31 F9 0C 18  .Q.......[..1...
0000C720:  5D F4 D1 D5 58 61 15 C8 - 18 C9 29 20 E8 81 21 55  ]...Xa....)...!U
0000C730:  CF E6 F5 C7 88 AC 91 C6 - C9 B6 1F 13 26 CF E8 07  ............&...
0000C740:  B0 F5 AC 82 88 FC D7 E7 - DC 52 98 F5 2C 09 F7 E0  .........R..,...
0000C750:  63 6E 99 C1 9A 92 E5 86 - 5D C2 A6 6D 28 5E F9 BF  cn......]..m(^..
0000C760:  3E D7 78 EF C9 C0 33 58 - 20 60 3D 68 8E 98 F2 87  >.x...3X.`=h....
0000C770:  E1 FF FF 75 CE A6 9D FE - 5E CC C7 5F D0 94 2F D1  ...u....^.._../.
0000C780:  C8 7F 1B E6 B9 66 2D 4A - 29 5D CB F8 21 62 0D 74  .....f-J)]..!b.t
0000C790:  5A BA 14 3B 87 CE 95 8E - 80 89 93 5E 7D 20 49 6D  Z..;.......^}.Im
0000C7A0:  B7 E1 18 BA C4 31 F4 85 - 4E 20 EC 26 F1 01 41 1A  .....1..N..&..A.
0000C7B0:  B1 78 8B C5 DE B5 0E E0 - AC DC F8 0A BC 51 4C 7B  .x...........QL{
0000C7C0:  79 AE 79 BB 9E 08 C3 AC - B8 39 89 7C EA 42 79 1E  y.y......9.|.By.
0000C7D0:  AF 0C 0D 5F 57 A2 82 18 - 82 68 3E 98 4E 88 38 FA  ..._W....h>.N.8.
0000C7E0:  46 99 58 2C 86 1E 4E FA - 52 69 C6 AC EB 9D 69 44  F.X,..N.Ri....iD
0000C7F0:  2E 76 09 DD 5D 39 78 0F - C1 53 89 31 20 67 9D C7  .v..]9x..S.1.g..
0000C800:  AF 46 3C C6 E2 F7 AF D0 - 22 B3 4D 51 A2 81 53 9A  .F<.....".MQ..S.
0000C810:  AF 3E 73 52 B1 5F DA A3 - 91 14 37 09 66 59 32 69  .>sR._....7.fY2i
0000C820:  B7 48 27 E9 25 DE 98 11 - BE FF D9 85 A0 C3 13 E6  .H'.%...........
0000C830:  29 58 84 F8 27 A3 74 F3 - F8 45 4C 1E 4F CE 06 A0  )X..'.t..EL.O...
0000C840:  F7 E5 C7 F5 9F E6 AE 69 - 6C 48 39 A4 25 90 B9 97  .......ilH9.%...
0000C850:  7A 6F E8 1E E2 9C C9 A5 - 06 B8 AB 48 65 97 48 A8  zo.........He.H.
0000C860:  04 37 10 FE 2C 32 5D 20 - D9 C7 FB DB 3A 82 F0 5B  .7..,2].....:..[
0000C870:  15 D9 59 B8 1E 77 D6 C7 - 4D 9B DF B9 29 F5 06 63  ..Y..w..M...)..c
0000C880:  C3 AA 7B 31 77 F6 CE C2 - F5 4D A1 B8 61 4A 5E BA  ..{1w....M..aJ^.
0000C890:  E5 A4 6B 9E AF 40 3A 95 - 36 46 08 F2 52 0E E4 CE  ..k..@:.6F..R...
0000C8A0:  88 4E 3B D2 AB D9 40 13 - EA 0F 91 8A 79 41 29 C2  .N;...@.....yA).
0000C8B0:  50 BC 0F 92 F1 24 36 FB - 13 AB 2C 15 47 D3 4A CB  P....$6...,.G.J.
0000C8C0:  86 F0 62 E8 20 B0 37 8A - D7 D2 F3 72 68 53 F8 0C  ..b...7....rhS..
0000C8D0:  E4 37 42 83 C4 D8 4F 79 - 37 B7 B9 48 A6 61 F3 F9  .7B...Oy7..H.a..
0000C8E0:  32 E5 A8 A9 C4 D2 C7 25 - A6 AB 8F 92 EB A0 D5 02  2......%........
0000C8F0:  DB 9D 44 B7 0D 49 09 7C - B6 4F B6 71 4C 49 70 3B  ..D..I.|.O.qLIp;
0000C900:  13 80 28 28 C6 0F 64 FF - 4C B7 77 C4 E7 23 7F 04  ..((..d.L.w..#..
0000C910:  F8 5E 1D 04 9F F2 6E 84 - 00 9B C9 E9 57 38 C5 71  .^....n.....W8.q
0000C920:  1A 6C EC CF EB BA 55 79 - 61 4E F0 86 A0 4C 37 12  .l....UyaN...L7.
0000C930:  89 EA 1F A4 6B F3 5C 67 - FC 42 3F E3 78 6D 6E 82  ....k.\g.B?.xmn.
0000C940:  E4 DD C5 D9 5D 52 A3 7F - A6 2C 99 0F 99 9D A0 9A  ....]R...,......
0000C950:  03 90 EE CB F7 B8 88 4F - D0 84 B6 6F 99 34 D1 40  .......O...o.4.@
0000C960:  00 C5 2A 28 C3 3F 09 94 - D9 45 0D E1 71 44 45 CF  ..*(.?...E..qDE.
0000C970:  53 F7 85 CF 66 24 97 8F - 9D 23 C7 E3 AF 28 92 D7  S...f$...#...(..
0000C980:  BC D1 78 F8 8E 52 F3 A6 - AB 7D 2D D7 92 B6 F6 D1  ..x..R...}-.....
0000C990:  E2 10 37 14 F9 6E FA 69 - 32 D7 85 EB 30 0A 90 36  ..7..n.i2...0..6
0000C9A0:  D8 44 E2 EA 23 CA CC 9C - CA AF D0 83 FC E2 95 21  .D..#..........!
0000C9B0:  52 3A DC B6 51 7D 05 8C - 94 0C C4 A6 E0 AD C6 39  R:..Q}.........9
0000C9C0:  6F A7 15 6A 23 77 19 14 - 6E 5F D7 2D C7 EC 61 3F  o..j#w..n_.-..a?
0000C9D0:  6B 13 60 6F 03 24 BF 45 - 31 C4 B1 22 D1 27 68 5A  k.`o.$.E1..".'hZ
0000C9E0:  6C C1 5E 5E 8C E5 8A EF - 4A 5F C0 46 FD 0A 5F 6C  l.^^....J_.F.._l
0000C9F0:  36 9B 2E DE D3 DB 08 16 - 68 E6 27 49 BF FA 76 5E  6.......h.'I..v^
0000CA00:  65 7A 9A C4 4A B5 DE 3F - B7 D0 4E EE 14 63 7D 7F  ez..J..?..N..c}.
0000CA10:  36 DD 30 92 B6 18 3C 15 - 22 7C 09 14 7B E1 6C 17  6.0...<."|..{.l.
0000CA20:  D1 02 73 DA 1B 94 F9 C1 - 15 0C 51 4D BD D6 24 02  ..s.......QM..$.
0000CA30:  3A 54 A0 01 DE 49 ED 58 - CB FB C2 0A C5 E5 F1 5C  :T...I.X.......\
0000CA40:  8B 44 A3 F1 A4 51 DE B5 - 3C 63 6F 14 CD 1F 1D 5B  .D...Q..<co....[
0000CA50:  DE 4A 8A 6E E2 7B 35 B6 - 86 68 14 31 1D C9 FA 10  .J.n.{5..h.1....
0000CA60:  5C D9 DA 35 37 32 B9 47 - 81 52 6E 79 3E EB 6E DF  \..572.G.Rny>.n.
0000CA70:  76 A2 2B BF 65 69 F8 3B - E8 46 3B 44 25 83 52 8B  v.+.ei.;.F;D%.R.
0000CA80:  78 69 F6 A3 82 B4 59 05 - 51 FE 81 56 5C 40 EC 7B  xi....Y.Q..V\@.{
0000CA90:  94 62 54 28 2F 73 21 A7 - 9A F4 C0 1B 9D 31 35 95  .bT(/s!......15.
0000CAA0:  8B 90 2A C2 E4 C2 5A 99 - 16 F3 C9 2E BE F6 83 57  ..*...Z........W
0000CAB0:  FA 09 16 1B 4B 8D 5A 00 - 0C 87 60 8A 0F 3A 4E A9  ....K.Z...`..:N.
0000CAC0:  FD 19 AD 04 69 AA 9C 02 - DB BE E5 2F 67 F0 8F 11  ....i....../g...
0000CAD0:  AC A3 5C 43 1A BE B0 87 - 53 F0 38 9D D7 A6 0A 94  ..\C....S.8.....
0000CAE0:  D5 83 70 B8 61 DB 03 97 - 6A CC 4F B6 69 1A 10 96  ..p.a...j.O.i...
0000CAF0:  37 0E CF FF 4D A0 EA E3 - 4A A5 25 21 14 C1 11 86  7...M...J.%!....
0000CB00:  8C 09 1C C7 0F A8 32 F4 - 42 35 CA 6C 41 51 BE B9  ......2.B5.lAQ..
0000CB10:  85 3F 3B 93 11 65 4C 00 - 41 A1 82 F9 9A 15 84 89  .?;..eL.A.......
0000CB20:  A2 24 31 D6 AE 7E C0 FB - 0E 5A E6 E0 EA 39 34 A4  .$1..~...Z...94.
0000CB30:  84 47 60 B9 0C 19 09 D3 - 14 E1 41 07 FB 35 61 90  .G`.......A..5a.
0000CB40:  6B 38 CE 45 46 CF 1B D8 - 0F 33 74 A8 2E 0D 74 51  k8.EF....3t...tQ
0000CB50:  A1 75 55 13 3B F4 E6 E7 - 49 B7 E6 73 E6 4F 36 5D  .uU.;...I..s.O6]
0000CB60:  5C AD 9A EF E3 7E 2C 05 - C0 1D 89 DD 9A D1 57 BF  \....~,.......W.
0000CB70:  DB 91 A1 8D FC 4B 74 64 - 95 2F BC 88 7B 55 A6 AD  .....Ktd./..{U..
0000CB80:  D2 C9 3F 56 94 F4 6D A6 - 7C E2 BB 00 12 3D EC E2  ..?V..m.|....=..
0000CB90:  DB F7 FE E8 0D 62 EF B5 - 5E 07 4C A1 42 84 9F 18  .....b..^.L.B...
0000CBA0:  45 9C 9A 6D 12 BB EF A4 - 4E B5 36 96 FA 93 B4 55  E..m....N.6....U
0000CBB0:  21 3F 9E F4 BA 21 B3 1F - D7 CE 5E 7D 9F CE A8 4E  !?...!....^}...N
0000CBC0:  8D F2 5A 61 FD 80 AF 06 - 93 CB 50 F1 A2 51 F4 09  ..Za......P..Q..
0000CBD0:  09 43 E0 25 78 68 EC 0F - D0 D9 8D 72 27 FD A6 03  .C.%xh.....r'...
0000CBE0:  19 AE FB A2 79 EE F2 FC - 27 DC F8 D6 84 5C 4B E2  ....y...'....\K.
0000CBF0:  83 8E 40 D1 B6 D0 C2 0E - E3 6C A0 33 41 10 E8 84  ..@......l.3A...
0000CC00:  13 F1 1E 23 AF 89 49 28 - 91 17 5E 7F EB 24 68 A9  ...#..I(..^..$h.
0000CC10:  CC 60 DA F3 B6 B8 DB F9 - CD 3F C9 25 5D 14 4E 41  .`.......?.%].NA
0000CC20:  FC E9 14 2F 5A 61 D1 BA - 7F F2 57 EE C5 6F FA 09  .../Za....W..o..
0000CC30:  9C A2 88 F0 ED 6A 01 2A - 3B 38 BA 75 A8 00 B0 2A  .....j.*;8.u...*
0000CC40:  2E A5 5D 14 F3 B6 34 43 - 15 11 19 BA B4 95 37 49  ..]...4C......7I
0000CC50:  70 F9 E1 F8 B9 15 D0 62 - F9 51 D1 73 90 84 8A 8E  p......b.Q.s....
0000CC60:  C4 28 C4 89 5A 23 97 1A - 09 27 55 8D A1 F1 19 B3  .(..Z#...'U.....
0000CC70:  7B 10 F5 E0 61 C7 36 A1 - 43 55 B5 E2 CB F7 9E 99  {...a.6.CU......
0000CC80:  DC F5 42 C9 AB D3 3E 06 - F0 10 38 0E 5C A3 E9 C2  ..B...>...8.\...
0000CC90:  E3 91 A6 EE AE 48 7A 0A - 5B 07 1E 2A EF CC 68 38  .....Hz.[..*..h8
0000CCA0:  11 82 90 86 0A E0 7E CF - 9B C8 CB 37 13 3F D9 20  ......~....7.?..
0000CCB0:  EC B4 62 0C 4D BF 3F 30 - C3 28 41 FC 92 76 7A 19  ..b.M.?0.(A..vz.
0000CCC0:  7B 94 6B 92 BF A1 00 E8 - FD 7D 36 73 C0 00 C0 5E  {.k......}6s...^
0000CCD0:  C3 00 C1 64 B0 26 61 A5 - 1F 96 E3 1C EC D0 47 AA  ...d.&a.......G.
0000CCE0:  BE 65 E6 E7 1B 54 C7 E6 - 12 F6 09 48 6C 24 DC F9  .e...T.....Hl$..
0000CCF0:  A9 6D 4C 56 7A AA 4B 96 - 45 C2 93 39 87 E9 D1 97  .mLVz.K.E..9....
0000CD00:  D7 E7 A3 E5 1D BA EB 34 - 81 56 DC D0 4D 50 C8 71  .......4.V..MP.q
0000CD10:  C7 C5 A4 E5 B0 A3 CB EF - FD 34 3A 58 CD E5 98 E9  .........4:X....
0000CD20:  9E 70 EB CA 45 50 63 88 - 40 20 D2 5F 8D 4C A6 3D  .p..EPc.@.._.L.=
0000CD30:  E4 4D A4 5B 81 EC 35 3D - 69 3D 0C F2 BA AE F8 8F  .M.[..5=i=......
0000CD40:  56 77 61 DF 15 D4 9E 84 - C0 DC F0 A5 36 BF 71 31  Vwa.........6.q1
0000CD50:  70 52 D8 6E 20 69 66 28 - 74 D5 49 13 90 EF 75 6B  pR.n.if(t.I...uk
0000CD60:  17 CF 4B 3F E2 01 15 74 - 3A 4E C2 F7 43 1A ED 14  ..K?...t:N..C...
0000CD70:  23 4B 09 4B 48 C4 8B 92 - 29 F8 88 78 B5 7D B6 2D  #K.KH...)..x.}.-
0000CD80:  5C 38 99 23 F8 A6 B1 EF - 40 93 15 03 9E 57 32 D5  \8.#....@....W2.
0000CD90:  4B F0 98 10 86 A9 96 E8 - B2 41 A4 32 A6 23 D5 16  K........A.2.#..
0000CDA0:  78 19 D2 93 C6 8A 94 DC - A6 93 C0 BA 99 3E A2 06  x............>..
0000CDB0:  2F 1B 8C 93 5E EF FE C1 - 2B 12 47 A4 C2 37 05 D1  /...^...+.G..7..
0000CDC0:  ED F6 6D 77 E4 CC 43 AB - 79 5A 94 B5 46 FD 5B 9C  ..mw..C.yZ..F.[.
0000CDD0:  52 81 61 6F 10 85 10 36 - 40 52 6A 49 E9 EF 7F 68  R.ao...6@RjI...h
0000CDE0:  2E DC B5 74 57 0C E2 AC - 59 D8 8A 82 85 14 98 3B  ...tW...Y......;
0000CDF0:  C2 67 65 B6 50 2B A6 FF - DB CC 7B E5 12 72 FC 6F  .ge.P+....{..r.o
0000CE00:  4F 00 08 B6 FD 74 03 78 - 0B EC 9A 51 8E 41 FC BF  O....t.x...Q.A..
0000CE10:  EA C3 26 A1 97 49 3F E4 - 07 DE DA 2F BC 69 85 78  ..&..I?..../.i.x
0000CE20:  DA 36 BB 46 BA 51 40 1D - 76 EF 53 38 3B AF C9 2D  .6.F.Q@.v.S8;..-
0000CE30:  F7 CC F2 96 45 45 54 61 - A6 B3 A8 29 68 7D EC B2  ....EETa...)h}..
0000CE40:  40 16 B5 49 D0 A4 C6 96 - CB 49 27 03 24 02 C7 E1  @..I.....I'.$...
0000CE50:  55 EC E5 00 FB 9F 1F 02 - E9 28 95 16 C8 76 3E 54  U........(...v>T
0000CE60:  F2 BF F4 28 AD 6C 67 74 - 9B 87 87 28 0E 4C 4B 46  ...(.lgt...(.LKF
0000CE70:  35 C9 5A 68 57 F7 28 36 - B6 45 7B 31 CE E4 97 36  5.ZhW.(6.E{1...6
0000CE80:  EC 66 1B 47 05 9B F7 6C - ED E2 C2 30 A2 F7 89 EB  .f.G...l...0....
0000CE90:  CD 1F 36 13 F2 F6 42 1D - E3 03 28 48 DA ED 42 A9  ..6...B...(H..B.
0000CEA0:  A3 F5 45 93 6E 34 75 FC - B5 1F 80 3C 37 64 E7 71  ..E.n4u....<7d.q
0000CEB0:  4C 32 5E DF 7F DD 94 7D - 9B 4B B4 90 5F 1E 00 30  L2^....}.K.._..0
0000CEC0:  F9 52 0E 4D 81 B7 01 52 - E3 84 ED F3 FF 03 74 0A  .R.M...R......t.
0000CED0:  EE 5B 89 3A A8 B3 D2 15 - 26 E8 64 71 48 40 3C AB  .[.:....&.dqH@<.
0000CEE0:  CB 99 1C 4A 2D 97 64 B3 - 43 90 13 5B E0 13 95 B7  ...J-.d.C..[....
0000CEF0:  10 1F F1 9B 40 23 95 9B - 8F F3 3A D8 18 36 FF 60  ....@#....:..6.`
0000CF00:  86 6A BA 1E CF 5B 73 CD - DC 12 80 11 B0 2B E7 D6  .j...[s......+..
0000CF10:  6F B6 6C EE 31 19 FC 52 - 01 2C F9 38 22 04 3C 6F  o.l.1..R.,.8".<o
0000CF20:  92 21 F7 A5 A3 7D A0 F2 - E2 BF DB A6 C6 A5 43 12  .!...}........C.
0000CF30:  46 28 B3 D4 7E DA 0A 49 - A5 8B F0 DA CF 9C E7 CD  F(..~..I........
0000CF40:  B9 66 7E 35 FC BA DE 6E - 14 8D D1 A8 01 99 78 0D  .f~5...n......x.
0000CF50:  B9 21 1B 80 09 A0 87 AD - 46 B6 57 60 CF 8E B5 C6  .!......F.W`....
0000CF60:  03 3E 9C 22 B9 16 58 3A - CE C0 C9 3B 0F 37 81 D9  .>."..X:...;.7..
0000CF70:  C7 42 81 8B B2 B7 A9 39 - FD C7 77 BA C8 A2 FB B3  .B.....9..w.....
0000CF80:  D7 99 EA 8C 00 73 DE 90 - E9 A1 E9 F2 17 4F 29 7D  .....s.......O)}
0000CF90:  58 AA AA 0A 03 1D BB 92 - BD 92 24 8C A1 F7 2A E2  X.........$...*.
0000CFA0:  A1 5B 17 55 A3 46 BE 99 - 76 31 D1 37 67 50 9B 88  .[.U.F..v1.7gP..
0000CFB0:  7C 95 C4 15 ED 3D 53 28 - 98 E7 AF A1 46 FB 1A 8B  |....=S(....F...
0000CFC0:  85 3F 63 C3 B8 CB 2C 09 - 4B D0 1D 52 8F D6 1D CE  .?c...,.K..R....
0000CFD0:  6D D4 62 52 B5 03 49 30 - AC AF 2B 56 60 E2 CC D8  m.bR..I0..+V`...
0000CFE0:  2A BA 4E EA 48 C3 D0 E8 - 32 CA 90 FC 6B E6 A7 03  *.N.H...2...k...
0000CFF0:  68 40 77 16 86 CB 16 50 - 8E 48 B3 E9 31 4B D9 21  h@w....P.H..1K.!
0000D000:  0A 1B 3E 21 55 58 68 E8 - 24 F9 DC 34 5B 87 D1 71  ..>!UXh.$..4[..q
0000D010:  25 F2 DD 14 FC E0 75 00 - E5 B2 30 AF 49 C3 64 18  %.....u...0.I.d.
0000D020:  B8 29 43 5A 64 FC 2B 7E - B0 BD 1F 92 8B F6 B3 45  .)CZd.+~.......E
0000D030:  2E 80 E5 E3 E5 95 89 0D - 8A 95 2E 75 5C 96 73 34  ...........u\.s4
0000D040:  0A F6 AD D0 6D E9 58 75 - 84 AE 75 AA 6B 26 07 32  ....m.Xu..u.k&.2
0000D050:  E9 D4 65 A7 90 89 8B DA - 51 B0 85 4F C4 25 EB 7B  ..e.....Q..O.%.{
0000D060:  EB 62 B0 6B E9 0D 5A 1F - 44 5E 8B 28 7F AC 72 AA  .b.k..Z.D^.(..r.
0000D070:  AB 9F 8E BE 4C E3 5C AE - FB E0 1C DC 44 69 A6 08  ....L.\.....Di..
0000D080:  E4 3E 21 D0 00 A2 B7 F9 - E7 AE 5D A6 51 CF 00 63  .>!.......].Q..c
0000D090:  DC 47 EA DD 8A 31 76 0F - 13 31 26 14 0A 87 31 1C  .G...1v..1&...1.
0000D0A0:  A8 2E F0 04 29 FE FA A4 - 90 0D B7 F3 84 58 EC D8  ....)........X..
0000D0B0:  EC 04 AA 44 AE 4C B9 15 - 52 49 08 75 98 9A C7 D0  ...D.L..RI.u....
0000D0C0:  A2 C5 4C EE 29 94 62 BF - 7C CC B6 4A DF 16 DF 33  ..L.).b.|..J...3
0000D0D0:  65 70 35 6E D3 9C 8B 6C - F8 B9 DD B4 D0 DB F3 1C  ep5n...l........
0000D0E0:  D8 E8 DD 03 1C 26 37 84 - AD 6E 22 8C 64 A9 6E 97  .....&7..n".d.n.
0000D0F0:  93 CF 93 CC 10 85 22 D2 - 86 78 B6 4B F9 3D 31 41  ......"..x.K.=1A
0000D100:  96 99 0C 91 02 42 71 AF - 1D 3F D9 AD 25 B5 BD B2  .....Bq..?..%...
0000D110:  71 C1 E9 05 8D D3 F9 FA - 48 D8 FF D5 16 9C D6 EB  q.......H.......
0000D120:  9C 22 FB 9F F1 35 93 2E - 17 52 54 AF C2 77 F2 35  ."...5...RT..w.5
0000D130:  0B F4 B8 FD 9C 5D 5C 66 - 22 8B 20 7F 80 17 44 69  .....]\f".....Di
0000D140:  A3 AE 6C C7 FD 77 D6 3D - 68 F6 E2 E9 30 61 28 19  ..l..w.=h...0a(.
0000D150:  7F 15 7D 7D E6 48 4B 81 - 6E 76 EC 61 71 9F 7C B2  ..}}.HK.nv.aq.|.
0000D160:  6C 2B D5 68 9D C4 83 8B - EF 8D 9A EA EB 92 F9 33  l+.h...........3
0000D170:  6E 75 AD DF 84 CA 16 96 - 7F D9 AA 4A 39 58 51 BD  nu.........J9XQ.
0000D180:  52 D6 7B C1 34 D8 0F D8 - F0 70 81 8B 48 C3 27 93  R.{.4....p..H.'.
0000D190:  E9 74 F9 F8 51 7B 02 1B - DC 70 61 15 A3 46 4A 54  .t..Q{...pa..FJT
0000D1A0:  E5 CE 44 A4 E3 5D 2C 81 - B2 E4 5F A1 79 35 17 17  ..D..],..._.y5..
0000D1B0:  14 4B 08 0C 5B E1 A7 8C - 3A 28 E4 C8 DC BD 0E 11  .K..[...:(......
0000D1C0:  86 FC F6 88 63 0B F4 37 - 5F B9 5E 19 77 01 76 DB  ....c..7_.^.w.v.
0000D1D0:  47 5F 9E 97 84 18 16 1F - 39 67 DB 1E 8B 7F FE 17  G_......9g......
0000D1E0:  B0 19 A2 85 D5 C5 66 55 - B7 B3 03 3A 86 10 04 F3  ......fU...:....
0000D1F0:  DE AF B2 52 A7 35 29 47 - 21 ED 2D 83 0B FA 3E 7B  ...R.5)G!.-...>{
0000D200:  40 4A EE CE AF D2 C5 28 - F3 60 97 D9 88 2A 66 19  @J.....(.`...*f.
0000D210:  A3 29 A7 77 C0 00 CD 59 - F8 A4 7E 24 03 24 FD 1E  .).w...Y..~$.$..
0000D220:  CE 4B C8 4D C0 67 A7 E0 - 1E EF 08 19 96 0E 7A A0  .K.M.g........z.
0000D230:  F2 FF 1E B3 14 FA 60 6C - A5 B6 F7 49 F0 B8 36 C0  ......`l...I..6.
0000D240:  10 03 35 C8 CE DA 93 DC - 03 A7 36 D9 F3 C4 91 52  ..5.......6....R
0000D250:  39 AD EC EB A8 B2 BD DB - 17 FF C6 6E 8F 0B F9 99  9..........n....
0000D260:  41 6B 9B FE E2 05 D2 13 - 5A 97 CA 51 1F 05 B2 0D  Ak......Z..Q....
0000D270:  8B 51 4A EA 7A 39 82 3E - 8C 14 59 C1 40 8A FD CD  .QJ.z9.>..Y.@...
0000D280:  17 0A 11 36 61 F0 5F 1A - 06 CD 14 8D C5 67 B0 90  ...6a._......g..
0000D290:  70 CF 94 D8 A6 57 2E FE - C9 07 14 7B E7 45 88 DA  p....W.....{.E..
0000D2A0:  9E 51 42 ED 80 DC E3 1D - E8 CE AD 51 C5 1D 8A 4C  .QB........Q...L
0000D2B0:  DD 5E 20 45 4F A4 C6 8D - 9E 80 35 9A 0D 5D 2A 4A  .^.EO.....5..]*J
0000D2C0:  72 3E F9 90 10 21 81 DA - C7 E6 D7 EF B4 8E 3C 66  r>...!........<f
0000D2D0:  9B 77 6F D1 8B C0 81 07 - 06 FC 07 A5 EB AC 2B 4C  .wo...........+L
0000D2E0:  C6 FB 21 21 F9 68 10 6B - 53 8B 35 C7 6A 08 1C 93  ..!!.h.kS.5.j...
0000D2F0:  E3 F5 9D 47 79 E9 A9 8A - 15 C9 15 F0 27 FC 66 29  ...Gy.......'.f)
0000D300:  98 06 C2 11 AB 34 BB E8 - AB CE 7B 14 DC 3B DB FB  .....4....{..;..
0000D310:  5A A8 F7 27 7D 73 D2 98 - 5B 09 23 C3 2D 47 A6 F6  Z..'}s..[.#.-G..
0000D320:  8A 15 EF 50 9D D0 C5 61 - 9A 4C F1 18 FD B2 A0 E3  ...P...a.L......
0000D330:  C5 87 98 FF 88 9F 28 09 - CD 36 63 B0 32 58 24 DE  ......(..6c.2X$.
0000D340:  71 EE BC 4B 35 93 91 B7 - 84 98 3B 59 C1 7F 1D C4  q..K5.....;Y....
0000D350:  4A 5D 26 6E 28 26 9F 23 - D3 13 C8 26 59 27 26 1C  J]&n(&.#...&Y'&.
0000D360:  E8 A0 F5 B0 21 F3 C6 11 - BC 77 D5 93 12 DD D5 AF  ....!....w......
0000D370:  6F 61 B8 30 DA A3 13 C7 - F6 B9 2A 52 59 DE DE F0  oa.0......*RY...
0000D380:  46 63 6D D1 8B 3B BA 88 - 71 36 D2 70 3A 85 3E A3  Fcm..;..q6.p:.>.
0000D390:  96 AE 10 7F AC C0 DA 0B - 7C 03 D0 F1 69 72 EF B6  ........|...ir..
0000D3A0:  6B 18 59 C8 6A EF A9 65 - CE 62 D0 17 93 49 6C B6  k.Y.j..e.b...Il.
0000D3B0:  3C A1 3A FA 0A 6A D3 6F - 14 E2 1F 26 A8 FD C4 7F  <.:..j.o...&....
0000D3C0:  0A C2 6F BF 6B 24 19 8F - DB CE 84 06 79 68 D0 BF  ..o.k$......yh..
0000D3D0:  FF 0A 9D 42 59 80 2D 72 - 1F AE F6 DB DC 5A 26 D2  ...BY.-r.....Z&.
0000D3E0:  87 EB AA 8C E4 29 A8 2D - 4E BD 5F 17 22 15 F4 42  .....).-N._."..B
0000D3F0:  F4 CA D2 CB 8D 80 E7 77 - 63 63 28 8E 51 A4 7B AA  .......wcc(.Q.{.
0000D400:  A5 43 FC D3 E1 B4 CC 84 - CB 03 18 EE 50 92 AF 6E  .C..........P..n
0000D410:  B9 44 94 58 A5 F1 67 2A - 7A D1 A2 BF D9 59 33 66  .D.X..g*z....Y3f
0000D420:  2C 59 34 B3 E8 F7 56 F5 - C2 33 56 F0 14 5E 15 80  ,Y4...V..3V..^..
0000D430:  8C 55 28 F3 3B D0 F8 09 - F8 5E 98 01 AA 88 C7 9B  .U(.;....^......
0000D440:  37 26 E0 FB 9C AF 1F 05 - F6 7A F6 26 34 EF 65 C4  7&.......z.&4.e.
0000D450:  B3 2B 46 F8 DB 75 CE 44 - BF FD 2D A1 46 6F F3 E5  .+F..u.D..-.Fo..
0000D460:  56 1D 26 32 62 C8 1D 97 - 2F E1 1F C5 83 FF FB C2  V.&2b.../.......
0000D470:  8D 6D 54 77 72 CE AC 91 - F5 66 89 3D 77 3E 02 61  .mTwr....f.=w>.a
0000D480:  D7 23 7A 3D 65 F5 25 68 - 22 BB 20 6A 75 67 2F 1C  .#z=e.%h"..jug/.
0000D490:  33 48 CD B0 95 CD 9E 06 - 81 45 22 F3 32 D7 7F 2E  3H.......E".2...
0000D4A0:  92 39 EC C4 03 24 B7 D3 - 2F 14 58 3A 72 92 D7 F2  .9...$../.X:r...
0000D4B0:  A1 79 A9 2C A5 8F D7 D5 - C1 D0 7D EE AA 8C 6B 16  .y.,......}...k.
0000D4C0:  AA EA C8 14 0B 67 32 D0 - 09 A4 A3 9A BE 11 CC 46  .....g2........F
0000D4D0:  E3 B0 DC E4 0E DA F0 41 - 44 E2 58 9F 94 D6 3C 24  .......AD.X...<$
0000D4E0:  2A BE 30 9C C4 A5 23 0F - 82 D1 F8 75 6E 31 A8 9D  *.0...#....un1..
0000D4F0:  2B 13 18 91 D3 02 E2 D0 - 24 18 4F FC 11 12 26 48  +.......$.O...&H
0000D500:  6A 84 5F 6D 46 2F 89 8F - 25 BD 7C 50 05 24 5B CE  j._mF/..%.|P.$[.
0000D510:  1F 64 32 D6 B7 B9 90 4D - 7C 62 76 A6 C6 93 09 77  .d2....M|bv....w
0000D520:  5B 71 47 27 95 CB F9 65 - 74 A2 EE D3 46 8B A6 DF  [qG'...et...F...
0000D530:  80 D5 77 51 20 D5 89 34 - 13 72 0C 5A CE 79 F9 54  ..wQ...4.r.Z.y.T
0000D540:  30 61 82 23 A7 C3 4A 76 - B1 24 0A C0 3F 71 FC 6B  0a.#..Jv.$..?q.k
0000D550:  21 09 40 57 F0 60 2F 02 - C4 8E 30 0F E7 DF D0 BA  !.@W.`/...0.....
0000D560:  25 82 8E 23 42 42 DC C2 - 54 3B B2 24 CD 45 FF 8C  %..#BB..T;.$.E..
0000D570:  A5 76 35 1A FC F5 25 7A - 3D 1E 53 53 2E EF FA C8  .v5...%z=.SS....
0000D580:  86 0C 94 C8 69 4F E1 97 - 45 0F 8A E5 07 BA FE 8E  ....iO..E.......
0000D590:  88 89 7F BC 1C 29 B6 3D - 68 0A C2 07 26 8C 21 A0  .....).=h...&.!.
0000D5A0:  26 E9 75 11 AA 30 5A 54 - 86 02 C1 18 D5 40 4F AC  &.u..0ZT.....@O.
0000D5B0:  10 5F E2 06 6D 95 AA 23 - E0 04 AB 3F 5A 20 DC 14  ._..m..#...?Z...
0000D5C0:  74 9E B1 1B E2 66 47 92 - CC 16 D8 68 30 45 42 3E  t....fG....h0EB>
0000D5D0:  0E 70 B2 6A C0 87 56 3E - 71 28 5F F1 F0 D4 8C EA  .p.j..V>q(_.....
0000D5E0:  E3 B6 C8 0D 69 1B DF BB - 99 89 1E 13 19 89 26 30  ....i.........&0
0000D5F0:  19 94 CE C1 C9 78 3B B9 - 87 26 F5 00 4C EA C3 4A  .....x;..&..L..J
0000D600:  EC BE FA 45 8D ED 50 88 - 64 21 39 63 4C 46 39 5F  ...E..P.d!9cLF9_
0000D610:  85 28 5E 84 8F E3 3B F0 - D5 5C DC 73 0C AD D9 AC  .(^...;..\.s....
0000D620:  FB FB 29 DA 44 84 0E B5 - A6 0C 07 3B 64 BD B7 6C  ..).D......;d..l
0000D630:  D9 82 7A 9B CB 4E DF D8 - 64 2A CF 1A E8 C2 F0 61  ..z..N..d*.....a
0000D640:  79 D6 29 76 77 5A 51 95 - 96 AA 37 EB 82 14 A6 BE  y.)vwZQ...7.....
0000D650:  D7 0F 1F 89 70 C8 2C 61 - 1D E8 DD F1 B0 7C 56 E0  ....p.,a.....|V.
0000D660:  A5 94 D3 71 6B AC 6C C6 - 23 68 A1 72 9C 6B 5B DE  ...qk.l.#h.r.k[.
0000D670:  B7 32 CB E8 3C 55 9F 3C - 71 D9 4D 52 90 7E 06 D1  .2..<U.<q.MR.~..
0000D680:  A2 B1 B2 F2 C3 1D 8B DA - A5 47 89 51 CE 2C AD 52  .........G.Q.,.R
0000D690:  91 81 FF 6D 00 05 5C 00 - 6C B7 30 CF DE 28 F1 43  ...m..\.l.0..(.C
0000D6A0:  50 C7 3D C6 7F B5 B0 41 - 44 AF 32 94 40 B0 70 0B  P.=....AD.2.@.p.
0000D6B0:  5B 5A E0 07 57 DE D6 B0 - E8 15 FE A2 CD A6 FE DA  [Z..W...........
0000D6C0:  DA B9 F1 1D 28 49 80 6A - 9F FB B5 59 C0 02 10 5B  ....(I.j...Y...[
0000D6D0:  05 00 6E AB 58 3F 41 10 - 43 3E 78 CF 2D C4 F7 08  ..n.X?A.C>x.-...
0000D6E0:  F2 8E EA C0 F9 E4 D0 9B - 73 09 91 2E B4 C8 2A FF  ........s.....*.
0000D6F0:  4C 61 B5 A8 82 13 E4 64 - 21 CB 26 F9 79 81 16 2F  La.....d!.&.y../
0000D700:  DF 77 DD 6A 21 5B 7A 70 - 1A B5 21 54 7A 48 E0 6C  .w.j![zp..!TzH.l
0000D710:  89 4A 64 5C 55 39 F1 5C - 59 2B BD 13 15 F0 DC 93  .Jd\U9.\Y+......
0000D720:  35 C1 FD 5A FB C6 CB 91 - 2B 59 A9 A4 34 53 0C 82  5..Z....+Y..4S..
0000D730:  A9 1E 7B 27 60 9C 6F FD - A4 10 55 5F CF 66 96 6C  ..{'`.o...U_.f.l
0000D740:  3B 53 C3 60 0C D7 99 52 - AA 8A BD 6C B5 2F 74 DD  ;S.`...R...l./t.
0000D750:  69 0E AD 4D 73 4D 5B E9 - 36 D3 E1 94 65 37 87 0D  i..MsM[.6...e7..
0000D760:  A7 BC A4 3D EA 75 C2 A2 - C3 13 C6 C4 80 9C 97 7A  ...=.u.........z
0000D770:  B5 25 8F D5 9F 49 F6 17 - 08 6D D6 99 CF FB 9D 6B  .%...I...m.....k
0000D780:  D0 BA AE 97 83 53 BE AB - 37 FC 30 D0 2B 62 00 C9  .....S..7.0.+b..
0000D790:  48 F4 59 6D 51 BC 42 58 - EB 06 24 D9 FF 9E 45 C3  H.YmQ.BX..$...E.
0000D7A0:  7C FB 06 63 DD F3 BC 4A - EC 4A 08 1E 5B 51 2D 1D  |..c...J.J..[Q-.
0000D7B0:  CE 4E DF 00 17 8F 8B 0E - 52 9F 59 77 E5 8D D7 B5  .N......R.Yw....
0000D7C0:  E3 10 11 11 B1 CF 73 66 - B3 3E 53 2A 42 3F 49 97  ......sf.>S*B?I.
0000D7D0:  1B 40 57 84 13 1D 23 1E - BF 72 80 60 B6 C8 A7 0F  .@W...#..r.`....
0000D7E0:  DC 56 6D 05 F2 28 F3 19 - 3F B5 C2 5F C2 5E 8B D4  .Vm..(..?.._.^..
0000D7F0:  57 40 AD 9E 58 14 50 1E - 07 39 16 DF 71 BE 81 BD  W@..X.P..9..q...
0000D800:  9E 47 29 B4 D7 8A F7 83 - B0 1D 6E D8 D4 B0 35 60  .G).......n...5`
0000D810:  FD A7 55 0B B6 C3 3A 79 - F5 2F 26 A3 06 24 2A 3C  ..U...:y./&..$*<
0000D820:  75 84 AB 2C 4A 4C 89 8D - 86 05 AB DA 7A CA B4 A8  u..,JL......z...
0000D830:  67 2B 22 85 31 96 D8 74 - EB 1E 1D F3 85 B4 0F 19  g+".1..t........
0000D840:  86 F4 5B 21 23 C1 69 12 - BD C7 B5 A0 32 9B DC 8C  ..[!#.i.....2...
0000D850:  A2 8F B0 27 42 E8 B8 CF - F6 AC 97 4D CF 84 16 5B  ...'B......M...[
0000D860:  06 3D C9 E3 F3 DD E6 A3 - 62 20 49 10 93 C0 E9 38  .=......b.I....8
0000D870:  39 6A 76 14 9A 62 27 92 - 05 37 CB 7C BC 27 E4 1C  9jv..b'..7.|.'..
0000D880:  47 D8 95 26 13 8B 3F 17 - E5 77 4E CE 4E 34 B8 EA  G..&..?..wN.N4..
0000D890:  AF B0 14 0D 66 35 0A D4 - 8E B1 E4 6C 7C C7 21 98  ....f5.....l|.!.
0000D8A0:  5C 15 E3 A6 A2 3B A1 53 - 7F 5C 1A 94 13 BA 07 2C  \....;.S.\.....,
0000D8B0:  C6 8A 1C 8C B6 7D F0 2F - D9 42 AB 8A BE ED 9A 88  .....}./.B......
0000D8C0:  88 3A 4C 62 B4 40 55 05 - 5A 31 18 1D 7F 87 F7 48  .:Lb.@U.Z1.....H
0000D8D0:  CC 15 00 A7 53 C7 00 D6 - 17 03 2D A3 C0 EB 05 62  ....S.....-....b
0000D8E0:  D6 34 82 E9 D0 7B 96 23 - 2C 5B 97 18 55 E6 A5 74  .4...{.#,[..U..t
0000D8F0:  1C CE 5F 21 49 82 34 B4 - 14 6D EF CF 4F 7A E5 44  .._!I.4..m..Oz.D
0000D900:  53 F0 19 8F 79 7A 5E BF - A6 10 F6 AF DF 1C B1 F7  S...yz^.........
0000D910:  34 FB 84 BB 79 FB B8 D6 - 21 8F A9 0F 3A 2E D7 0E  4...y...!...:...
0000D920:  48 1A B4 62 5D 9B BF C2 - 46 C1 B6 8B 9D A3 09 D8  H..b]...F.......
0000D930:  73 B9 16 37 46 66 95 27 - B7 44 2E 46 F3 79 0B FA  s..7Ff.'.D.F.y..
0000D940:  9F C2 6E EC B9 85 CB 0B - 08 E7 F7 BB CA 86 DA 81  ..n.............
0000D950:  EA 10 7A 61 C9 EC 87 32 - 3E 7D 00 3D CF EB 71 9A  ..za...2>}.=..q.
0000D960:  87 6D 46 C0 C0 CF AE BB - 0C 44 A2 AC 06 93 E1 E2  .mF......D......
0000D970:  44 69 E4 D5 C7 F1 12 4D - AE 43 54 B4 64 27 CE AA  Di.....M.CT.d'..
0000D980:  FC 88 82 57 02 0D 7D 96 - DB 8C 2B B3 B0 16 94 5B  ...W..}...+....[
0000D990:  F1 5D A4 B0 92 80 E3 B3 - D4 FB F2 11 25 B3 27 13  .]..........%.'.
0000D9A0:  07 6E DD 15 CE 30 32 F8 - 73 DC 5B 57 1C 8B 3A CA  .n...02.s.[W..:.
0000D9B0:  5F 1C 57 A6 46 3E 0E 2E - 96 AA 2A 5C 01 F8 3E 9F  _.W.F>....*\..>.
0000D9C0:  66 1B DC E8 DE 3D 7E EF - 20 00 E1 CD 19 52 23 AB  f....=~......R#.
0000D9D0:  21 D6 0E 19 98 D2 FC 64 - 80 56 22 66 D5 41 E3 85  !......d.V"f.A..
0000D9E0:  4C 94 23 F9 CA 2D B9 2A - E6 DF 63 D2 87 65 62 10  L.#..-.*..c..eb.
0000D9F0:  66 63 B6 CF EF C2 E4 DC - 8F E8 81 10 74 69 2B AA  fc..........ti+.
0000DA00:  7F AA 63 88 97 81 C6 D3 - 3C 4D E3 DE 02 0F 8D E2  ..c.....<M......
0000DA10:  44 26 18 8B A8 6B DA 83 - 51 20 53 0B 72 FE 49 0B  D&...k..Q.S.r.I.
0000DA20:  6A 3F AA B2 8A DF 13 BD - 4E F4 4C B0 D9 F7 24 92  j?......N.L...$.
0000DA30:  25 0E B1 CD 5B B0 ED F4 - BE 56 71 12 D2 E5 96 50  %...[....Vq....P
0000DA40:  DF 0A 7E B6 68 E1 2F 5A - C0 40 7F 4A BF 79 11 39  ..~.h./Z.@.J.y.9
0000DA50:  46 E1 B4 55 D4 FA 94 4C - D9 17 70 91 EC 0B EE D7  F..U...L..p.....
0000DA60:  0C 7E 4F B5 58 A4 12 91 - 29 F8 59 DB 03 25 DA 16  .~O.X...).Y..%..
0000DA70:  02 16 38 AE D2 8F 30 38 - FC 54 A2 25 3C 87 23 17  ..8...08.T.%<.#.
0000DA80:  8E FA BA 48 20 91 4E D4 - 62 73 3C 8A 7A 42 2A 72  ...H..N.bs<.zB*r
0000DA90:  95 BC 48 05 4E F9 A7 18 - 17 03 89 6A ED 27 62 F1  ..H.N......j.'b.
0000DAA0:  BA C5 5C 8B B3 76 C7 C9 - 7F 2F E3 AB 4D 43 98 F5  ..\..v.../..MC..
0000DAB0:  56 51 A1 2E 22 C0 9B 87 - 11 69 4C 4E 04 D8 CD 78  VQ.."....iLN...x
0000DAC0:  5D 19 0A A3 32 44 DA 0A - D5 EE 61 6E 30 EB 94 71  ]...2D....an0..q
0000DAD0:  CA 7C 1F F9 22 C0 7B 23 - 45 B8 92 03 7C 82 14 05  .|..".{#E...|...
0000DAE0:  34 B4 D4 D0 20 EF 35 28 - 76 7F E7 C0 1B 26 05 5E  4.....5(v....&.^
0000DAF0:  03 4D 0D 4C 89 CF 90 85 - 6B 84 0C D6 AB 62 77 DF  .M.L....k....bw.
0000DB00:  78 2E 7C 43 81 8E D1 24 - 57 F9 3B 24 DB F3 BA E0  x.|C...$W.;$....
0000DB10:  66 E8 62 A7 E7 E6 0D 14 - C2 CB E7 44 E5 A9 04 3B  f.b........D...;
0000DB20:  CD BA 20 58 95 B2 42 23 - D9 46 30 61 D1 6D 91 5A  ...X..B#.F0a.m.Z
0000DB30:  DC BD D0 80 B9 A6 5B 57 - B9 85 EA EB 0F 17 A3 41  ......[W.......A
0000DB40:  79 5B D4 75 E2 F5 55 89 - 50 51 84 CA D0 AF C6 CB  y[.u..U.PQ......
0000DB50:  5C F6 BE 70 45 6B C8 6A - CE FB D9 A9 FB 8E B4 89  \..pEk.j........
0000DB60:  57 C7 53 51 1C 52 43 87 - 7F 0B 06 06 89 02 66 32  W.SQ.RC.......f2
0000DB70:  20 24 69 F3 53 23 3B FC - 8A DA 81 22 7F B5 80 4A  .$i.S#;...."...J
0000DB80:  66 D5 21 9D 2B 9E 82 BB - F6 2C 32 29 AC 9C C9 AE  f.!.+....,2)....
0000DB90:  58 23 9E DF 96 5E 8E 95 - 4F CE 4F 4D BD E4 D1 2E  X#...^..O.OM....
0000DBA0:  4F 6C 10 55 7D 92 25 7D - 94 CC C9 A9 E2 FC F8 F5  Ol.U}.%}........
0000DBB0:  16 D5 BF C1 84 30 FD 9C - 06 84 CE 5D 89 86 4B 9F  .....0.....]..K.
0000DBC0:  05 A1 AD 52 04 E3 9C 06 - 9E B9 0D D8 FA BA 4E 84  ...R..........N.
0000DBD0:  A6 00 AB CD 94 43 34 5C - CB 4A 4B 64 10 EB 41 FB  .....C4\.JKd..A.
0000DBE0:  8A 0F F3 02 62 FE FA B2 - E3 1C 8C 37 73 B1 ED B2  ....b......7s...
0000DBF0:  4B 64 C9 EB E5 00 49 9E - 9E E2 DB 0D 3D 94 C3 B5  Kd....I.....=...
0000DC00:  85 23 71 A0 73 D2 97 6B - 19 38 70 21 FB 2C E5 FD  .#q.s..k.8p!.,..
0000DC10:  E8 18 F5 DE 92 5B 6E 56 - B2 B4 DE 8C 99 47 64 9C  .....[nV.....Gd.
0000DC20:  09 3A 76 7A 2C 03 60 EB - A8 9C A4 01 AD F7 CB 33  .:vz,.`........3
0000DC30:  28 EC 4F D5 7E 33 26 C1 - 5C A7 03 E7 B6 61 27 ED  (.O.~3&.\....a'.
0000DC40:  A7 91 0B DF 20 EA EE 90 - B7 82 FA FB 68 9E 8F F7  ............h...
0000DC50:  B7 9E 1A E1 1C 47 90 8F - DD AF D5 DB 78 3B 32 E7  .....G......x;2.
0000DC60:  AE 64 EC 19 E4 A6 D1 8B - 15 B4 DE 3C C6 58 16 FC  .d.........<.X..
0000DC70:  E9 0C 09 C0 10 04 C6 AE - D1 93 5B E5 9D 1D FE 93  ..........[.....
0000DC80:  2F 07 BD F4 90 F6 74 35 - 78 74 64 7D C6 A4 E4 9E  /.....t5xtd}....
0000DC90:  0C 68 88 FC FC 4B 66 70 - DB E2 70 7C E0 D0 E1 1B  .h...Kfp..p|....
0000DCA0:  08 F3 57 20 F9 95 9B 45 - F1 08 C9 76 CC 41 7C 7C  ..W....E...v.A||
0000DCB0:  B2 6F 52 64 B9 62 6C 45 - 2C BE 41 7A 24 4A 62 99  .oRd.blE,.Az$Jb.
0000DCC0:  D0 3B BD 73 50 EB D6 F9 - A8 02 E2 37 96 AA 67 50  .;.sP......7..gP
0000DCD0:  CB 01 38 EF AC 95 24 B8 - 2B 91 66 D7 C7 20 01 6F  ..8...$.+.f....o
0000DCE0:  F3 E3 EA 93 A7 E7 B8 5E - 0B 71 AB 4B E0 D3 28 95  .......^.q.K..(.
0000DCF0:  88 89 4B 05 75 CF 7E F5 - 49 90 DE E9 47 23 65 95  ..K.u.~.I...G#e.
0000DD00:  65 09 54 C9 77 47 D5 5B - F2 AA 37 63 84 C8 6E 72  e.T.wG.[..7c..nr
0000DD10:  44 36 8D 54 24 FC E6 8F - 96 67 5D AE 09 D4 0E 1A  D6.T$....g].....
0000DD20:  0D 9E 99 CE 8B 90 2E E5 - E0 A5 68 39 3F E2 E8 43  ..........h9?..C
0000DD30:  75 87 37 4D 66 53 22 59 - F2 E4 C1 9F 41 4B 37 AD  u.7MfS"Y....AK7.
0000DD40:  C5 18 0C 09 17 18 18 07 - F9 A0 39 56 E8 48 B7 0C  ..........9V.H..
0000DD50:  94 41 C3 CD 8D 0F D3 55 - AA A1 69 55 09 6C 83 F4  .A.....U..iU.l..
0000DD60:  5D E9 87 11 98 10 5E 97 - 5A 91 E8 EB AA 96 6B F8  ].....^.Z.....k.
0000DD70:  49 4E 61 41 28 71 7D 2C - BC 72 59 50 26 F3 25 31  INaA(q},.rYP&.%1
0000DD80:  EF 7B C5 0B F4 BC C5 97 - 5B CA 19 16 3A C8 FB D8  .{......[...:...
0000DD90:  8F 7D 31 1B 1C E8 1E 18 - 7C 5B 95 30 60 87 41 14  .}1.....|[.0`.A.
0000DDA0:  11 4F AE 6B D6 27 E5 9A - C0 98 14 F6 AA 42 54 76  .O.k.'.......BTv
0000DDB0:  35 F7 85 5A 43 69 21 1A - 18 C2 97 8C BA 1A 9A C9  5..ZCi!.........
0000DDC0:  0F 6B FB E9 8B 26 89 1C - 68 C4 93 6C 8D 79 03 D6  .k...&..h..l.y..
0000DDD0:  43 16 A4 6C F1 F7 77 84 - E6 4F 1D FA 6C 8D B0 F0  C..l..w..O..l...
0000DDE0:  ED A4 F2 6A 66 49 65 2D - 63 2D 2B 16 C1 E5 19 34  ...jfIe-c-+....4
0000DDF0:  33 12 EC FE 6B AB 09 44 - 77 5D C4 03 BE 69 6B A9  3...k..Dw]...ik.
0000DE00:  2B 2E 59 9D 71 ED 98 D1 - C8 AD 95 3F 6F 1F 67 11  +.Y.q......?o.g.
0000DE10:  7D BA 07 D8 1E 6E 88 40 - A0 B4 66 11 3D 64 84 3C  }....n.@..f.=d.<
0000DE20:  9C 3E 1F 31 71 04 FC B5 - 49 DB BD FC 5C B6 0E CD  .>.1q...I...\...
0000DE30:  1D 3E E5 62 86 1B C2 FB - 4F 22 D4 B5 B6 FA 65 89  .>.b....O"....e.
0000DE40:  29 43 9D 97 81 25 79 41 - 64 BB 4B CC C2 56 6D E3  )C...%yAd.K..Vm.
0000DE50:  DD 4C 64 7E C2 1C 2E 00 - D4 38 08 DB E2 1E F9 9C  .Ld~.....8......
0000DE60:  C7 D4 D7 74 D7 22 3F F4 - 95 15 57 47 4E 2C 2B 89  ...t."?...WGN,+.
0000DE70:  2E 6E E9 D7 82 AE 16 00 - 7E 04 0E C0 33 58 5E A6  .n......~...3X^.
0000DE80:  EC 75 FB 42 A3 F4 3D BE - 9E 8E 43 21 03 E9 C5 D4  .u.B..=...C!....
0000DE90:  4B DA 6A 10 A3 14 B1 3B - E5 CC 5F 6C 93 FD 11 D2  K.j....;.._l....
0000DEA0:  22 BF B8 EA CA 94 E6 96 - E9 4D EB A2 F8 0F 07 05  "........M......
0000DEB0:  50 0B EC 0D 2B E2 C6 E3 - 7A C4 E4 A1 EB 6F 0A A5  P...+...z....o..
0000DEC0:  CF 52 A7 99 73 E2 B6 6B - C2 B9 F5 55 E4 C0 18 5B  .R..s..k...U...[
0000DED0:  47 4E 5E 9C 83 03 D8 C3 - 56 FD 08 FE 39 71 73 C5  GN^.....V...9qs.
0000DEE0:  08 8E DF 73 66 84 72 AA - B4 A1 08 69 23 F1 CA D0  ...sf.r....i#...
0000DEF0:  E7 E7 68 99 D2 67 CE BD - E9 3D 70 E5 5A 40 46 CB  ..h..g...=p.Z@F.
0000DF00:  40 31 B4 6D F3 1B D3 EE - 91 70 1A 30 E1 6D 9E 91  @1.m.....p.0.m..
0000DF10:  39 E5 C6 10 12 DC 7D 81 - F6 16 7D F0 26 9E 6A C8  9.....}...}.&.j.
0000DF20:  18 33 17 E8 AB 29 E2 30 - F2 E9 AC 42 9E 89 50 2D  .3...).0...B..P-
0000DF30:  98 C6 1C 94 E7 15 A6 B4 - 81 DB F6 69 37 BE 4D 0F  ...........i7.M.
0000DF40:  5A E5 CA 40 2E B5 91 F7 - 3D 69 A4 F3 D0 61 A8 24  Z..@....=i...a.$
0000DF50:  61 A6 35 B0 29 39 18 47 - E9 9C 24 24 7F DB 59 17  a.5.)9.G..$$..Y.
0000DF60:  BC E7 FD 98 7F 3B FC F1 - A9 19 94 CA B0 50 48 04  .....;.......PH.
0000DF70:  32 F3 11 CC 6A 35 FF B6 - 8C 59 4B A0 9B 51 6E C7  2...j5...YK..Qn.
0000DF80:  BC C6 A5 D2 6F C4 F6 51 - B4 21 9F 5B 64 52 5D DD  ....o..Q.!.[dR].
0000DF90:  C6 EC 0E 4F 5D 7F E5 48 - 0E A0 11 26 68 CB 09 CD  ...O]..H...&h...
0000DFA0:  F5 FF A7 F2 91 DB C0 C2 - 65 46 F0 69 C3 74 1A 4F  ........eF.i.t.O
0000DFB0:  BC 04 C0 B6 9A 62 5E B2 - 42 76 34 C6 09 71 3A 7A  .....b^.Bv4..q:z
0000DFC0:  00 D7 10 74 7A 28 E2 BE - 9E 43 55 CB 85 1C D3 A2  ...tz(...CU.....
0000DFD0:  82 60 F6 04 57 F0 B7 B0 - C2 38 15 26 F1 B9 8A A9  .`..W....8.&....
0000DFE0:  79 AF F0 98 FB 4A 1E ED - 44 0F 5A F4 91 E8 5A 56  y....J..D.Z...ZV
0000DFF0:  E4 4F 00 EC 1A DB 4E AA - AA C3 52 F4 F4 01 7D 43  .O....N...R...}C
0000E000:  3B 3A 9D 1C 79 AB D7 AC - 55 F0 5B E3 1F 8F DD A1  ;:..y...U.[.....
0000E010:  22 EE 4A 53 A6 3F CF 05 - 44 75 E3 2E 56 FB BE 9F  ".JS.?..Du..V...
0000E020:  D1 77 7A E6 7E CE C9 9E - 09 82 EB 68 AE BD 91 F7  .wz.~......h....
0000E030:  2B 11 93 9C BC EC 4C 2A - B9 10 1C 53 05 B0 92 ED  +.....L*...S....
0000E040:  7D 8E A2 13 5C E3 01 A6 - AD 0D F4 60 67 90 91 6A  }...\......`g..j
0000E050:  1A 36 EA 64 C8 22 FC 74 - 67 F9 64 30 70 9E 87 8D  .6.d.".tg.d0p...
0000E060:  63 6E AD E4 F7 49 73 BF - 16 70 5C 94 A2 96 A3 77  cn...Is..p\....w
0000E070:  6C 46 2E 14 3D FB 04 2D - AE 2F 79 1A EE F6 32 BA  lF..=..-./y...2.
0000E080:  DC A8 29 30 CB 5D 9E 5B - 1B 89 D4 55 02 0B 14 57  ..)0.].[...U...W
0000E090:  5F 2D 1B 38 F9 3C 19 EB - 83 11 59 4A CF 3C 17 36  _-.8.<....YJ.<.6
0000E0A0:  2A 73 D3 9E EF 34 D0 8C - 31 E5 C2 FF 16 4B F6 74  *s...4..1....K.t
0000E0B0:  46 C5 2C A3 6A 46 B3 A0 - 72 66 15 4A 9A 7F 24 A3  F.,.jF..rf.J..$.
0000E0C0:  DC 7C 0B 6C 19 38 9C 06 - 79 92 C8 1B 16 84 DF 31  .|.l.8..y......1
0000E0D0:  93 54 CA 17 9E 8A 5F 08 - DD 59 F3 7C A0 E5 D0 BD  .T...._..Y.|....
0000E0E0:  7D 55 05 9B 3B 92 71 C8 - 62 42 96 31 2F 86 61 D1  }U..;.q.bB.1/.a.
0000E0F0:  1A F9 49 F1 F1 31 F6 EA - AD 8E 18 E4 EA 22 17 BA  ..I..1......."..
0000E100:  2E A3 AF FB 94 BA 11 A9 - 84 FF F7 47 70 89 FB 03  ...........Gp...
0000E110:  38 C7 87 2E A8 03 63 2A - E6 85 DC DD A3 37 41 4E  8.....c*.....7AN
0000E120:  C0 67 E5 B0 9C BB 9C 91 - 43 D0 29 4D 4A CA 25 7A  .g......C.)MJ.%z
0000E130:  E2 F5 B3 09 78 5B 2E 17 - B1 ED A6 E2 00 FE F6 15  ....x[..........
0000E140:  88 F4 11 C6 44 AB 75 AE - 1D 6F 19 42 1F 7D 0B 30  ....D.u..o.B.}.0
0000E150:  64 AB 2C 6A BD FB 01 2B - 4C 09 72 50 98 92 B6 94  d.,j...+L.rP....
0000E160:  7B 35 9E 75 88 2F 37 C3 - 99 11 3F 00 72 BD 3B D9  {5.u./7...?.r.;.
0000E170:  41 41 BB 14 1B 66 81 A2 - 31 26 7D B4 F0 73 1F 4A  AA...f..1&}..s.J
0000E180:  5B 56 8D CF AB 02 90 37 - B5 19 B7 7F EC 7A 4B 44  [V.....7.....zKD
0000E190:  23 60 72 FB 7D 1F B9 1A - 1A 48 06 38 E0 2B 9E 84  #`r.}....H.8.+..
0000E1A0:  0F 0C D9 74 5A 77 A7 2F - E2 5E D6 D5 2B 14 F8 8A  ...tZw./.^..+...
0000E1B0:  F8 CD 40 11 29 16 FD 92 - C5 8A 5D DF FA 9F B5 24  ..@.).....]....$
0000E1C0:  2C 44 EC 4F F8 4D 44 55 - D2 AA 8F E6 04 0B A8 7D  ,D.O.MDU.......}
0000E1D0:  66 48 2E 27 26 C5 01 5A - B0 23 C1 71 AE 94 E2 E8  fH.'&..Z.#.q....
0000E1E0:  CC A8 A5 BF C9 6E F8 64 - BC EF 4F FB 9D EF C2 4D  .....n.d..O....M
0000E1F0:  48 1B 02 9C 26 00 5F 1C - 9D 83 7C 4F 96 19 C1 13  H...&._...|O....
0000E200:  36 B5 49 71 65 69 57 DC - 9F 66 83 35 55 99 91 0F  6.IqeiW..f.5U...
0000E210:  2E EF 2B 57 E3 03 97 39 - 5E 05 8F 6B 61 93 AF 16  ..+W...9^..ka...
0000E220:  B3 6C BC 2A 8A FB 61 27 - 27 E7 3A 9A 17 13 5D D6  .l.*..a''.:...].
0000E230:  1B CB A0 20 64 2E 29 17 - FA 0E B6 0D EC 5B 29 60  ....d.)......[)`
0000E240:  D9 A5 7F 44 3F 96 65 69 - 80 BA 7A 8A 2D 3E CF 99  ...D?.ei..z.->..
0000E250:  84 CA 1D 27 28 B9 18 C0 - 1B C4 65 51 C7 CA 89 EF  ...'(.....eQ....
0000E260:  8C 1F 32 15 65 11 3A 30 - 54 FB 6B F4 98 84 B6 33  ..2.e.:0T.k....3
0000E270:  0E 5F 0B C4 26 64 40 AF - CF C9 2F 0C 5C DC 65 15  ._..&d@.../.\.e.
0000E280:  CF F4 DE 5E 7C 53 F7 8B - CC 9A FA 35 7B AB DC C5  ...^|S.....5{...
0000E290:  9A 64 50 60 EF 85 95 97 - 13 E7 9A F2 FE 75 5E B5  .dP`.........u^.
0000E2A0:  18 DC 91 E7 76 06 C4 4F - A2 84 E7 0C CA 7B EE F4  ....v..O.....{..
0000E2B0:  A7 4D F1 F3 3C A4 C7 7A - CC 3F DD 3D C8 64 32 13  .M..<..z.?.=.d2.
0000E2C0:  82 4F 35 D5 09 C6 5F 5B - 76 2B 4C C8 E0 BC 9A 6E  .O5..._[v+L....n
0000E2D0:  9B ED 07 25 F7 ED 07 0C - CA 7F 45 07 58 7D 56 4B  ...%......E.X}VK
0000E2E0:  8A 30 9E DD 8E B9 EF 17 - BB 24 B5 A8 F0 46 CE B9  .0.......$...F..
0000E2F0:  7B 46 82 2F 06 31 AF 96 - 6E 81 BD F1 92 CD 4C 4F  {F./.1..n.....LO
0000E300:  A3 AB 9A 98 20 4E 5B BE - 03 F8 C2 63 52 35 96 98  .....N[....cR5..
0000E310:  B1 36 65 93 70 FD 19 F0 - 8B 51 67 6F F8 00 0C DB  .6e.p....Qgo....
0000E320:  D0 90 7B 60 DD 36 90 52 - 99 9A 54 58 D0 E2 F6 5B  ..{`.6.R..TX...[
0000E330:  A4 82 8D 96 09 25 EE C5 - 27 35 81 8F 81 7A 44 88  .....%..'5...zD.
0000E340:  7F AD B2 EA 1D 11 0E 0A - 0D 52 42 16 75 87 A9 FC  .........RB.u...
0000E350:  FD 08 90 F8 F5 50 A7 9A - 59 AE 34 26 0E D0 77 1B  .....P..Y.4&..w.
0000E360:  BF 36 23 65 5E 22 29 8C - 9A 2E 2B C0 FC 46 E0 BD  .6#e^")...+..F..
0000E370:  EE BD 33 41 B6 86 92 90 - 12 8B 91 BB 55 F7 1E 63  ..3A........U..c
0000E380:  0C B6 FD 3E 69 64 52 30 - E4 87 88 9D DB 10 F6 30  ...>idR0.......0
0000E390:  43 03 F1 EB 8C D5 E3 7C - 0E B7 86 BA B4 96 82 3C  C......|.......<
0000E3A0:  52 E1 D7 87 2D CE BC 7B - EE 8E 28 CE 4F DA 07 42  R...-..{..(.O..B
0000E3B0:  07 E2 51 54 DC EF 33 97 - 20 C6 40 47 36 64 5E 54  ..QT..3...@G6d^T
0000E3C0:  58 6D 8F 51 23 D6 06 D4 - 7A 9E 7C 52 F1 21 0E 51  Xm.Q#...z.|R.!.Q
0000E3D0:  33 16 13 42 D9 E5 71 4D - 98 06 FC 61 7B 0E B7 44  3..B..qM...a{..D
0000E3E0:  68 C7 48 C9 45 DD 2C 57 - DB 33 E5 20 39 C7 2F 35  h.H.E.,W.3..9./5
0000E3F0:  FA 9A C7 35 0F 96 34 79 - 61 A6 D6 07 8B 6A EC FB  ...5..4ya....j..
0000E400:  26 6B FE EC 71 8E 2A AC - 48 35 57 2B E8 D2 6A E2  &k..q.*.H5W+..j.
0000E410:  3D 3D F9 B7 36 8E 87 42 - 2C 40 FA BE DE 59 53 D7  ==..6..B,@...YS.
0000E420:  B7 01 58 8E 90 6D DC 10 - D9 78 2A 6E 46 11 96 D9  ..X..m...x*nF...
0000E430:  43 14 FE 62 A8 DA 70 EE - 95 A8 19 A0 E8 85 83 C4  C..b..p.........
0000E440:  FA 4E E1 46 6C CD 5A 52 - E8 B2 FA 45 F0 27 69 DC  .N.Fl.ZR...E.'i.
0000E450:  0F 2E 7A E9 EC C7 6F A9 - 34 09 81 21 B7 40 4C C4  ..z...o.4..!.@L.
0000E460:  7A 14 6A 05 5C 92 36 06 - F0 A7 46 18 A4 B8 C9 42  z.j.\.6...F....B
0000E470:  90 F1 FE C7 1B 6F 11 8A - 9A B8 6B 5C 6D 40 24 F7  .....o....k\m@$.
0000E480:  9A 5F E6 C1 11 21 CF B7 - 5C E8 76 40 09 F7 C9 8B  ._...!..\.v@....
0000E490:  39 5B A9 5B 5B 14 F6 50 - 3C A6 58 E0 2E 38 B7 B6  9[.[[..P<.X..8..
0000E4A0:  60 89 49 3B 59 25 02 5F - CA 88 82 58 0F 91 D0 8F  `.I;Y%._...X....
0000E4B0:  38 99 B6 4F 0F 78 6D 9C - 3F 8A CA 42 E9 B5 4D C0  8..O.xm.?..B..M.
0000E4C0:  6B DA F4 17 C8 68 3B 89 - A3 7E E3 EF FC 61 51 82  k....h;..~...aQ.
0000E4D0:  76 FB 56 5B DB 08 45 8C - 96 46 67 68 D7 DB A7 E5  v.V[..E..Fgh....
0000E4E0:  2F B6 88 2C C5 27 E2 9C - 13 7A 2E 6C 68 A0 91 98  /..,.'...z.lh...
0000E4F0:  23 AE B0 7F 22 75 A9 E6 - A5 4E A4 C8 72 22 AE 40  #..."u...N..r".@
0000E500:  FE 7D A5 68 DF 0E 76 A1 - 8C 76 79 83 DA D5 36 4A  .}.h..v..vy...6J
0000E510:  58 44 BF 3C 21 41 65 E7 - 78 8B 83 C0 A9 36 2A 74  XD.<!Ae.x....6*t
0000E520:  1A 53 31 CD 85 34 5F B2 - 94 C7 F4 2C A0 4B A3 6F  .S1..4_....,.K.o
0000E530:  3E 33 59 1B 7C 56 58 6C - E7 14 2A E8 E2 EB FC 95  >3Y.|VXl..*.....
0000E540:  4A F3 E4 E6 65 91 B0 E9 - 3C 2B 15 20 7D C6 93 D9  J...e...<+..}...
0000E550:  FC 19 E9 6E 6F 4B C6 DD - 60 51 57 E8 D6 29 2E 08  ...noK..`QW..)..
0000E560:  ED 30 04 D8 3B 0F 1D AA - FE 8C 75 E7 9D 81 43 39  .0..;.....u...C9
0000E570:  1D 8D C6 07 57 14 73 E6 - ED 7B 48 1B 89 2F BC DA  ....W.s..{H../..
0000E580:  0C C4 2E D6 DC 07 B6 BD - 50 DB A1 2B A5 15 4A 3D  ........P..+..J=
0000E590:  13 AA C5 41 47 EE 1E 57 - 52 3C 73 30 8A 1E 4D C5  ...AG..WR<s0..M.
0000E5A0:  06 B7 8D D6 A0 93 E1 6C - 6F A7 C5 69 8A AF 21 64  .......lo..i..!d
0000E5B0:  64 67 E5 8B 94 97 3F 55 - DD 87 84 FF 2B FF 02 C8  dg....?U....+...
0000E5C0:  F7 3F 36 A9 3E 29 05 EC - CB 68 C7 18 45 FE 71 A8  .?6.>)...h..E.q.
0000E5D0:  CE 42 C3 F7 E3 6F 01 2A - 02 57 5B 67 E1 AE 88 9F  .B...o.*.W[g....
0000E5E0:  06 57 B3 87 6C 14 0E 1A - 48 11 02 2B 04 66 81 31  .W..l...H..+.f.1
0000E5F0:  92 DA 3B 75 E8 80 01 DF - 60 03 CD E4 9B FC 3F BC  ..;u....`.....?.
0000E600:  5D 0C 3D 96 78 A0 82 AF - E1 F9 56 0E 4B F7 DD 74  ].=.x.....V.K..t
0000E610:  69 CD 84 58 AE 51 3A 96 - CD 90 80 38 F8 5C 27 69  i..X.Q:....8.\'i
0000E620:  3C F8 25 53 56 4A 4B 71 - 44 6E 04 87 7E E2 EC 00  <.%SVJKqDn..~...
0000E630:  F5 19 5F B8 AF 4F B1 73 - 49 C3 02 DC 5E CC AF 7C  .._..O.sI...^..|
0000E640:  2C D3 2F F2 55 E9 36 F2 - F5 DC 40 52 1F 2D 87 73  ,./.U.6...@R.-.s
0000E650:  1C 9D D8 21 8A 42 99 B8 - 65 D3 75 B6 21 95 69 FB  ...!.B..e.u.!.i.
0000E660:  46 09 39 27 00 56 AD 96 - 63 B0 14 6C C5 AF 72 35  F.9'.V..c..l..r5
0000E670:  37 8B F5 21 AE 4E CF 56 - 1D 1F 0C 28 5A B3 78 3A  7..!.N.V...(Z.x:
0000E680:  FB 97 C0 EE 7B 47 26 A5 - A8 8C DF AC AF 0B 53 36  ....{G&.......S6
0000E690:  C5 C0 85 2C A4 4A B7 3C - F9 0D 99 A5 95 7F 6F 27  ...,.J.<......o'
0000E6A0:  1D 18 62 22 2C A2 6D 22 - 0B 97 8A 5E 75 05 9B 95  ..b",.m"...^u...
0000E6B0:  DD 79 E9 7D AA 0F 3A 3E - 17 25 C6 8E 7E 6C 63 E9  .y.}..:>.%..~lc.
0000E6C0:  F5 4A 46 D3 63 B2 F9 60 - FA F6 7D 49 4B DE 11 05  .JF.c..`..}IK...
0000E6D0:  7D E1 6A 50 AA C0 5C 85 - 74 0E CD 69 60 03 E0 DD  }.jP..\.t..i`...
0000E6E0:  3E A9 A3 1B 9B 85 87 41 - DD A7 8E A2 9C 4B 82 2B  >......A.....K.+
0000E6F0:  95 6A E1 13 8D AC 70 E8 - 57 86 F5 8C 10 36 DB 92  .j....p.W....6..
0000E700:  62 50 3A 8F 32 86 38 CB - E9 ED 2A 42 96 09 F8 E6  bP:.2.8...*B....
0000E710:  91 07 38 A1 53 7C B1 5C - 8F FD C2 DD 3B E6 4C FE  ..8.S|.\....;.L.
0000E720:  A0 8A 56 3D 74 3E D7 42 - 41 A6 3C 7A F4 0A 26 BC  ..V=t>.BA.<z..&.
0000E730:  07 58 6B D2 E3 1F B9 7F - 01 06 C9 EA 1C 69 57 94  .Xk..........iW.
0000E740:  43 5A 42 E0 FE 21 4D CB - 06 22 F4 FB 91 39 28 C0  CZB..!M.."...9(.
0000E750:  FD D1 E0 19 E9 EA 10 F2 - A6 59 75 90 43 1F BE 77  .........Yu.C..w
0000E760:  D8 C2 EA 8F B8 A2 6E C3 - 04 6E AA B8 A9 68 B0 E1  ......n..n...h..
0000E770:  F5 F5 35 D5 D9 5A 7C 34 - DA CE 54 2E 78 42 70 0C  ..5..Z|4..T.xBp.
0000E780:  3F 7F 55 4A 18 F6 22 CE - EA 9D C8 57 9F 3F EE D8  ?.UJ.."....W.?..
0000E790:  22 00 C4 80 23 A7 3A CF - A0 27 65 95 7B 28 1C E9  "...#.:..'e.{(..
0000E7A0:  E5 63 F2 EC 3A F1 1A 3A - 6F 4D C6 D7 B9 65 C6 2F  .c..:..:oM...e./
0000E7B0:  4F 71 86 26 B6 CA 88 05 - 24 6B 74 C2 13 3A 7D CC  Oq.&....$kt..:}.
0000E7C0:  86 C3 34 B6 08 25 F0 A7 - 2E D7 BF 65 92 3C 16 65  ..4..%.....e.<.e
0000E7D0:  BC 85 CD 3E 5B C4 D1 E3 - 8F 8A A0 05 3A 5E E6 21  ...>[.......:^.!
0000E7E0:  C0 E5 78 D2 3A B2 8B 49 - 85 93 69 31 D1 17 50 B9  ..x.:..I..i1..P.
0000E7F0:  B3 B6 D6 FD 2D 4C CF 16 - A8 44 31 04 15 B8 30 73  ....-L...D1...0s
0000E800:  42 48 C7 58 03 E8 CF AE - F2 15 A0 06 BD 34 0B A6  BH.X.........4..
0000E810:  3A 14 00 AD D3 12 E1 C9 - DA 80 5D D1 E3 68 03 1A  :.........]..h..
0000E820:  A5 F5 4D 21 93 7E 45 5F - 37 D0 86 72 BF 8E BC E2  ..M!.~E_7..r....
0000E830:  7D 12 70 3E 1F 37 8A A8 - 25 F7 52 4A 76 96 79 DD  }.p>.7..%.RJv.y.
0000E840:  5C 80 0B DB C6 FE 45 3C - A7 02 AA BF 69 44 AA DF  \.....E<....iD..
0000E850:  84 46 8F 10 01 E9 E6 D9 - 3E B5 90 8F 61 96 24 D1  .F......>...a.$.
0000E860:  F6 27 BF AC 01 43 F9 C9 - 0E 83 3E C3 5E FA 74 52  .'...C....>.^.tR
0000E870:  F2 C0 15 74 7E 62 D2 90 - 73 92 4D AF C6 E9 9E 42  ...t~b..s.M....B
0000E880:  D0 AF F9 04 46 4C C6 42 - 3D D3 3E 13 A8 72 E3 90  ....FL.B=.>..r..
0000E890:  92 69 D2 BD A1 85 E7 04 - 62 3B 70 5B 03 EB 8E AD  .i......b;p[....
0000E8A0:  2F 4C 94 08 B4 7B 41 61 - E5 43 81 F0 2D F1 20 BF  /L...{Aa.C..-...
0000E8B0:  0A 8B 60 26 EB B5 C0 13 - 4E 5D E4 35 2F B2 72 02  ..`&....N].5/.r.
0000E8C0:  2A B8 4B 86 41 76 17 68 - D8 F7 F2 B0 09 B6 AE F9  *.K.Av.h........
0000E8D0:  92 3E 1A 0A 6A BD AA AD - 3F 9B 93 4F 06 6E 12 55  .>..j...?..O.n.U
0000E8E0:  89 E1 52 ED BE 21 DF F8 - 5B 05 09 24 D4 8F B5 B9  ..R..!..[..$....
0000E8F0:  AD 8A 6E AA AF 66 C3 1E - D7 EF BD EC 4B CE 15 15  ..n..f......K...
0000E900:  0C B7 B4 07 8D 33 0D B4 - 49 63 94 CE 11 34 48 F2  .....3..Ic...4H.
0000E910:  88 7E 69 AA F3 2E 5D 55 - 41 33 58 89 81 A0 1C 89  .~i...]UA3X.....
0000E920:  3C 8F 22 41 49 D1 51 D9 - 53 EF 62 DA D9 B8 CD 38  <."AI.Q.S.b....8
0000E930:  9D 1A 46 AF 09 2D B0 F8 - E9 61 2C D9 D1 C4 7E 7C  ..F..-...a,...~|
0000E940:  8D 36 BD 79 84 04 AA 44 - 9E 6A 9B B5 02 2C E2 6C  .6.y...D.j...,.l
0000E950:  BC A2 47 38 EF ED ED FA - 34 80 33 B0 82 86 E0 9D  ..G8....4.3.....
0000E960:  26 76 5B 01 14 55 8F A2 - DF D7 81 DF 40 49 10 4C  &v[..U......@I.L
0000E970:  80 6D 51 93 C4 47 01 90 - BB 25 FC 7C E9 88 39 93  .mQ..G...%.|..9.
0000E980:  A6 08 3F D4 C2 A6 65 36 - CC BC 08 CE 99 81 88 F0  ..?...e6........
0000E990:  2D 19 39 0D 94 27 09 EB - D0 ED 4D A4 C2 DD 76 D1  -.9..'....M...v.
0000E9A0:  06 B4 64 23 69 E4 19 EF - 40 D9 BC 2D EF 7A C8 53  ..d#i...@..-.z.S
0000E9B0:  BC 56 89 55 31 97 27 61 - B8 64 E5 9F 5B F0 1B 5F  .V.U1.'a.d..[.._
0000E9C0:  D1 10 E3 3D B2 D3 8F 9F - 81 09 23 B5 A0 8F 47 D2  ...=......#...G.
0000E9D0:  D7 A6 59 36 8E EB 92 1A - C3 E8 5E 93 D9 02 CF 5E  ..Y6......^....^
0000E9E0:  A4 A7 4E 91 E2 3D F6 B1 - C7 08 DF 4E D2 7E 0D 5B  ..N..=.....N.~.[
0000E9F0:  81 2B 06 68 C6 6E C7 D0 - A2 F2 DE 93 A1 74 AA 29  .+.h.n.......t.)
0000EA00:  F4 9A B6 53 12 7D 6A 91 - 38 56 F9 3B 5D 64 79 42  ...S.}j.8V.;]dyB
0000EA10:  75 AF 3B A3 52 74 58 D6 - 6F C4 12 E6 C3 80 4C E2  u.;.RtX.o.....L.
0000EA20:  38 00 BC 82 3F 04 C4 3D - 03 74 97 AC EB 0B F9 DD  8...?..=.t......
0000EA30:  07 88 E9 EB 54 87 B8 D1 - 47 A6 2B FE A7 B6 B0 8E  ....T...G.+.....
0000EA40:  92 5E CE 5A 7D 53 A0 30 - D5 49 40 D0 64 5A 8C 17  .^.Z}S.0.I@.dZ..
0000EA50:  E0 17 EA 1E 7E E3 4E 0A - D4 E9 50 E8 73 68 3B CA  ....~.N...P.sh;.
0000EA60:  16 BB 6A 35 EC 7B FF 4C - 4F 19 96 33 97 9D FB 0B  ..j5.{.LO..3....
0000EA70:  CE 55 DF B5 78 84 C6 72 - FA 72 B1 23 50 AE 86 DB  .U..x..r.r.#P...
0000EA80:  67 94 C6 F4 04 6F 0C E6 - 94 3D 1E 1F A0 06 B4 89  g....o...=......
0000EA90:  2F FA D7 75 78 C4 09 06 - E4 79 CE A4 03 08 B6 C7  /..ux....y......
0000EAA0:  D9 E9 49 3B 67 49 09 2B - C8 4D 4E D7 BD 15 52 8A  ..I;gI.+.MN...R.
0000EAB0:  EA 91 D1 ED 15 B2 46 35 - E1 D4 50 51 0C 8F D7 01  ......F5..PQ....
0000EAC0:  49 C0 ED 7F B0 45 18 0D - 2F EE A6 3A 57 EC 82 F0  I....E../..:W...
0000EAD0:  78 93 A7 DC EB 21 08 9B - A9 31 59 08 01 89 01 DF  x....!...1Y.....
0000EAE0:  CA 64 C8 6A 84 CB FB 5F - 95 62 D2 A0 3A F1 38 C8  .d.j..._.b..:.8.
0000EAF0:  7B AF DD 0B 75 86 05 E6 - A4 9F 90 BF 63 67 1E CF  {...u.......cg..
0000EB00:  37 70 17 CD DA 26 55 15 - 79 06 81 CA D7 0C 5A 1F  7p...&U.y.....Z.
0000EB10:  CD 53 2D 0B 22 EE 10 00 - 8F 49 F0 D7 B0 0C 10 B9  .S-."....I......
0000EB20:  AC 33 75 5F 9B 55 3B CE - DC 59 79 BE A0 44 46 F3  .3u_.U;..Yy..DF.
0000EB30:  61 DA D3 58 A7 49 C0 B4 - 51 9F F3 3D 90 40 D6 8F  a..X.I..Q..=.@..
0000EB40:  3E 05 0B C2 3F 59 9A 28 - 92 45 65 93 39 9E 3A 67  >...?Y.(.Ee.9.:g
0000EB50:  F6 A4 BF 53 CC F9 40 0C - 77 20 28 49 C6 D0 CE 5F  ...S..@.w.(I..._
0000EB60:  9B 3E EF FC FE 31 1E 83 - 6C 2F D3 F1 70 03 8D 40  .>...1..l/..p..@
0000EB70:  E2 DD 68 B6 99 B4 53 9C - E8 E1 85 E4 84 70 F4 F4  ..h...S......p..
0000EB80:  06 14 52 12 97 6B AE 85 - 6C C0 58 86 4C 21 5F 60  ..R..k..l.X.L!_`
0000EB90:  A3 5D C8 2F 1E 7F 9D 57 - 64 F5 6F 9E A7 50 8E A5  .]./...Wd.o..P..
0000EBA0:  E1 FF 7B E0 48 36 EE 3E - 33 6B 50 CE D7 2F AD 01  ..{.H6.>3kP../..
0000EBB0:  63 25 AA 3F 9A 23 D4 74 - 2A 42 C7 FE 29 0C 37 80  c%.?.#.t*B..).7.
0000EBC0:  B3 E1 04 6E 8C B0 9B 9E - 93 3A 67 E1 02 93 0A F8  ...n.....:g.....
0000EBD0:  98 0B CE 6C 72 D8 A7 ED - 8F AD CC 7F 79 C5 68 EF  ...lr.......y.h.
0000EBE0:  2D F0 95 E9 A6 D1 CF 75 - 86 CD 43 3E 8D 0C 07 02  -......u..C>....
0000EBF0:  2A 93 B3 D8 F5 76 B3 CC - D3 CF B9 3C F5 26 07 8E  *....v.....<.&..
0000EC00:  90 BF 46 EC D6 EA F4 F8 - CB AE 39 00 43 46 DB 7B  ..F.......9.CF.{
0000EC10:  53 39 6E A7 0C CD EA 35 - BB 0C 81 6F A3 76 03 89  S9n....5...o.v..
0000EC20:  B1 5A 48 EE 95 86 82 04 - B2 BB 5E 73 FE 2E 08 E1  .ZH.......^s....
0000EC30:  3C 50 A0 26 BE 11 A0 A5 - 4D 3E B1 DD 6C B9 0D 92  <P.&....M>..l...
0000EC40:  2C F5 C6 61 D5 65 F0 8B - F4 25 0F 9A 9B CA 4C CD  ,..a.e...%....L.
0000EC50:  A2 72 E8 A9 AE A2 55 83 - 95 CB 4A 25 C7 BD 3C A7  .r....U...J%..<.
0000EC60:  9A 0C 02 6C F4 B9 FF 8A - D4 15 C6 FE 49 69 07 33  ...l........Ii.3
0000EC70:  7B D3 FD 5C 33 DA 38 54 - 37 F1 E7 6A BF BE C4 52  {..\3.8T7..j...R
0000EC80:  90 0D 2A F7 00 C7 1B EC - 0D 7E 9D C9 1A C0 F1 04  ..*......~......
0000EC90:  02 48 48 09 00 1F 6A F0 - 1C 7B 9D 05 A3 81 03 89  .HH...j..{......
0000ECA0:  6F 5D 8C 1C FF 55 91 09 - 61 1E DD 39 72 D1 31 59  o]...U..a..9r.1Y
0000ECB0:  80 83 ED 69 CA DD C7 14 - AD 5A C9 92 DD A6 D7 BA  ...i.....Z......
0000ECC0:  79 B9 51 E4 CD 37 4D CF - F4 77 C9 9F 32 6C C3 6B  y.Q..7M..w..2l.k
0000ECD0:  1B 39 42 79 C1 72 BD AC - 64 ED 63 4C B8 7F 39 A0  .9By.r..d.cL..9.
0000ECE0:  7B 4C AB EE 2E 2F 2B 48 - 2A CC 76 A1 15 35 DA 5B  {L.../+H*.v..5.[
0000ECF0:  AE 61 8E 3E 51 65 57 9C - 48 89 3A 48 2C 40 AD 29  .a.>QeW.H.:H,@.)
0000ED00:  E8 62 46 DA 20 D1 36 9E - 3A CE E3 63 51 E5 EA 99  .bF...6.:..cQ...
0000ED10:  BC FD 0B 08 6D 3C EA FB - 5D DA EF 02 58 D9 DA 65  ....m<..]...X..e
0000ED20:  6F A5 49 D6 58 50 30 51 - 95 02 66 1D 29 05 99 5D  o.I.XP0Q..f.)..]
0000ED30:  E7 9F 54 41 6D 09 44 EE - 34 35 7E A7 85 5C 70 B7  ..TAm.D.45~..\p.
0000ED40:  67 F9 9F D2 FB A9 3B 0A - 20 96 F1 B7 A2 8B CF 00  g.....;.........
0000ED50:  3B 50 AA 8C EA D2 CE 10 - 01 C7 58 99 BF BC 05 F9  ;P........X.....
0000ED60:  FF 0E A6 A9 E5 9D CB D3 - 23 21 B2 5D EB 10 1A 59  ........#!.]...Y
0000ED70:  45 11 9E C9 2D 1D 3F 8C - 1E 9C 52 09 B8 1D DD 55  E...-.?...R....U
0000ED80:  44 4B 24 BF F9 83 C0 D6 - 8B E3 22 38 44 A7 0D 5C  DK$......."8D..\
0000ED90:  50 8F 41 6E F7 5A 71 67 - B6 FE EE 19 C2 E1 74 A9  P.An.Zqg......t.
0000EDA0:  B5 B6 4F 01 85 5C 0D C0 - E7 C6 B3 08 B3 3A 22 86  ..O..\.......:".
0000EDB0:  CC BE BD 09 69 4A B6 AE - AF 84 5E F4 D2 B6 AA 96  ....iJ....^.....
0000EDC0:  71 20 13 A0 94 56 1F E9 - BC 0C 03 A6 96 A2 FF B0  q....V..........
0000EDD0:  F7 86 62 1E BA 9D 64 EA - 98 D6 B1 30 70 5F 48 DC  ..b...d....0p_H.
0000EDE0:  4E E0 6F F9 25 F0 D5 96 - 77 ED 9D 02 D5 1B 38 92  N.o.%...w.....8.
0000EDF0:  E6 2C D7 8A 72 74 A0 B9 - 25 60 46 27 27 AB 25 60  .,..rt..%`F''.%`
0000EE00:  29 9D 86 DE D0 0E 37 9F - 50 4A 4F 8F ED 13 EF 7E  ).....7.PJO....~
0000EE10:  19 FE F4 F2 3D 74 45 F3 - 2C E9 76 F8 57 A3 B7 C5  ....=tE.,.v.W...
0000EE20:  B4 C6 32 9F 3B 48 BD 6A - 76 F8 90 4A 32 45 6A 52  ..2.;H.jv..J2EjR
0000EE30:  50 CF 89 83 F4 29 C9 39 - 71 96 42 11 C2 6C AF A9  P....).9q.B..l..
0000EE40:  FC 53 EB 13 CD 30 D0 40 - 9C 61 17 C7 81 B0 41 6F  .S...0.@.a....Ao
0000EE50:  84 95 43 2B 01 62 86 CA - 4B 7C F9 E9 1C D8 28 F9  ..C+.b..K|....(.
0000EE60:  E5 96 21 92 B3 4E 97 40 - 1C 91 F3 17 DA 0C 29 F1  ..!..N.@......).
0000EE70:  71 D4 69 1E C4 3C EB D0 - 46 EE 2D 9B 2B BC CB 9F  q.i..<..F.-.+...
0000EE80:  90 18 08 3F 7E 9D 3A 32 - 2E 45 18 9B FB D1 98 31  ...?~.:2.E.....1
0000EE90:  FF ED 89 7A 70 70 55 04 - 5E 29 C0 CB 66 6E F4 19  ...zppU.^)..fn..
0000EEA0:  31 EA 0B 98 A9 59 D2 CF - 8E F7 9F 19 5B 54 B1 F6  1....Y......[T..
0000EEB0:  0E B9 00 70 DC 5E C0 AF - 95 FC 85 8F 0E 8D 0E 98  ...p.^..........
0000EEC0:  04 49 6C A4 4F 12 2B 77 - E5 6D 08 B9 F1 81 14 29  .Il.O.+w.m.....)
0000EED0:  E3 C8 07 29 4E 26 63 74 - 33 5C 4E 7C BF D1 5A DE  ...)N&ct3\N|..Z.
0000EEE0:  8B C7 FC BF 6F 0C 11 93 - 0B 56 BA A6 98 E2 B1 3E  ....o....V.....>
0000EEF0:  E9 2E D1 19 84 78 A8 E2 - 3A A6 E0 F3 6C D0 72 D4  .....x..:...l.r.
0000EF00:  6C 36 53 AB 2C DE 0A 1C - AD 19 AE 63 44 42 84 15  l6S.,......cDB..
0000EF10:  7F 55 42 D8 D0 89 8E 25 - BE 38 40 29 45 B2 F0 33  .UB....%.8@)E..3
0000EF20:  E6 9F D2 81 28 D5 C9 BC - 6E EA CC 14 EB 43 01 14  ....(...n....C..
0000EF30:  B2 65 2F E4 CA AE C7 D4 - 23 90 A9 C4 8D 32 05 B0  .e/.....#....2..
0000EF40:  F8 3E 38 90 38 B3 FA EC - 33 8A F3 5B 08 7A 84 60  .>8.8...3..[.z.`
0000EF50:  BB 9C 34 7E B8 10 29 0D - 38 0C 9E 31 C3 BD 91 18  ..4~..).8..1....
0000EF60:  BC 9B EC 8C 79 CC F7 F1 - CC D6 31 EF D7 DD EC DF  ....y.....1.....
0000EF70:  59 DD E7 65 51 F1 28 CA - 97 8D 77 F2 0E 05 1F 86  Y..eQ.(...w.....
0000EF80:  D3 A2 E3 DD D9 2B E7 A7 - 93 D0 15 A1 4C 50 92 7B  .....+......LP.{
0000EF90:  63 D4 38 18 2F 15 A4 4A - 50 FD 9F 38 08 AB 83 7D  c.8./..JP..8...}
0000EFA0:  4C 4D 2B 86 6E FF A7 60 - C8 0A D1 C4 F8 8A 54 66  LM+.n..`......Tf
0000EFB0:  65 95 E6 0A C8 86 C8 AC - 25 21 58 A9 76 DF A1 04  e.......%!X.v...
0000EFC0:  B8 81 8E 5C E8 28 30 23 - 48 3B B8 47 13 3F 74 F1  ...\.(0#H;.G.?t.
0000EFD0:  30 CD 6E 41 04 8B 73 14 - 3B 72 77 CF 4F CB FE B1  0.nA..s.;rw.O...
0000EFE0:  7B 02 C0 C9 2E BD 4F 5C - 23 64 7E 88 AD 0E 15 FC  {.....O\#d~.....
0000EFF0:  D4 2E D4 4E 43 4C 2E 51 - C0 16 F5 58 B2 7C 51 98  ...NCL.Q...X.|Q.
0000F000:  E4 78 F5 CC 3B 63 78 E3 - 7D 32 7F 44 B6 F1 2D FF  .x..;cx.}2.D..-.
0000F010:  70 56 B0 80 FE D0 E6 06 - E9 A0 36 67 06 9F C6 AE  pV........6g....
0000F020:  6A 56 94 3C 39 ED 9F ED - F4 B7 25 4F 02 02 20 CE  jV.<9.....%O....
0000F030:  F7 79 18 1B 82 98 DF 8F - 8C 68 C0 DE 11 95 62 D4  .y.......h....b.
0000F040:  E9 40 54 99 69 9F 93 C9 - F8 E6 D8 56 3D F9 BA 55  .@T.i......V=..U
0000F050:  A6 29 C3 28 A1 66 E7 FC - BD F1 A9 37 A6 12 B7 F5  .).(.f.....7....
0000F060:  2D F5 29 CB FF 66 96 31 - 41 50 2B 75 21 B9 F0 39  -.)..f.1AP+u!..9
0000F070:  7C 9A CE 8C 8F 57 47 86 - E4 F6 DE 8B F9 04 04 FE  |....WG.........
0000F080:  59 4F FB D7 22 61 D1 A6 - 01 50 90 C8 F5 5D 0F 93  YO.."a...P...]..
0000F090:  08 46 4C B6 7D 3A 5F D8 - 96 ED 2B EF 4E E9 41 88  .FL.}:_...+.N.A.
0000F0A0:  71 7F 45 89 D4 2E BB 90 - 59 43 CA F7 84 7D C2 22  q.E.....YC...}."
0000F0B0:  28 CC 9D B7 07 8A 45 91 - 8D 00 0C 0D 59 50 16 6E  (.....E.....YP.n
0000F0C0:  9D 49 76 F6 66 E8 DE DA - C0 80 A2 FD 11 EE 8A C4  .Iv.f...........
0000F0D0:  2D CD 0D 7E 14 9A B6 9E - DE 31 93 FC F7 8C 25 C5  -..~.....1....%.
0000F0E0:  87 13 C8 4A FB DE 18 81 - AD EB 1F 7F 9C 7E 49 76  ...J.........~Iv
0000F0F0:  46 73 B4 58 88 58 0C 4E - 25 56 2C DD BC 93 D4 61  Fs.X.X.N%V,....a
0000F100:  5F 65 31 48 17 C8 D8 23 - 08 47 7E 90 D7 5A BA 0B  _e1H...#.G~..Z..
0000F110:  59 97 13 A4 A4 D6 15 22 - ED 83 34 87 BD 0F 6F D3  Y......"..4...o.
0000F120:  56 56 85 4E A7 EF 4E 4C - 0E 03 FE 72 73 BA 13 4A  VV.N..NL...rs..J
0000F130:  18 E2 95 6A 01 9F 97 6E - 6C 16 F5 38 3A FA A0 9B  ...j...nl..8:...
0000F140:  67 C1 5F 8B 25 90 9D 0F - B5 52 28 08 A3 F1 E5 54  g._.%....R(....T
0000F150:  86 05 CC 27 F2 6C 20 BA - 64 9A 91 95 CF E5 B7 C0  ...'.l..d.......
0000F160:  3D 2E B0 22 44 81 2F 26 - 48 3E 3B 41 EE 37 F7 D7  =.."D./&H>;A.7..
0000F170:  9A E3 3F 43 2A 7C D9 24 - 3C 7D FB 49 4A A0 AA 76  ..?C*|.$<}.IJ..v
0000F180:  83 60 70 CF C1 25 1B DA - C6 EC 40 B0 57 44 7C F1  .`p..%....@.WD|.
0000F190:  B9 CF C0 DB 4F 20 86 26 - 6E 3D 67 7D 2D 08 C4 E2  ....O..&n=g}-...
0000F1A0:  0F 32 50 56 37 44 46 8B - 21 8F 2E 7F B4 1F DA E7  .2PV7DF.!.......
0000F1B0:  6C DB AE 65 39 5F 68 BF - DE 97 AC 32 44 2F D6 14  l..e9_h....2D/..
0000F1C0:  83 5C B8 50 0C D4 D3 87 - 7C C9 8B E1 3D 12 58 7C  .\.P....|...=.X|
0000F1D0:  3A 33 87 EC 9A 9E 73 02 - D4 CB 72 01 DC 6C A2 67  :3....s...r..l.g
0000F1E0:  0C 4D 25 14 97 F6 BE 34 - 7F 9A 4C 06 2E D6 D6 D9  .M%....4..L.....
0000F1F0:  A8 5E 73 E2 9B CD E6 72 - CF 77 35 E0 1A 8F E0 F4  .^s....r.w5.....
0000F200:  10 02 91 BB AA 2F 5E D7 - 9C 63 0A 7E 5C 51 AE B0  ...../^..c.~\Q..
0000F210:  30 D2 CD 78 72 0F AA A7 - A5 A1 D7 33 EF 4E 76 86  0..xr......3.Nv.
0000F220:  F2 A3 A7 6C 9B 85 BE 2E - B1 21 30 11 07 F1 43 92  ...l.....!0...C.
0000F230:  8D F6 75 39 70 6B DA 98 - 37 30 2C 73 DF D3 47 63  ..u9pk..70,s..Gc
0000F240:  34 D3 A4 42 D6 2F CD 3D - A2 AD 44 6F 03 D3 55 8C  4..B./.=..Do..U.
0000F250:  9D A6 9F A2 D5 8D 86 AC - 7B D8 8E 5B F5 43 91 66  ........{..[.C.f
0000F260:  D3 6B 75 34 35 0B 1E 0F - 32 15 1E DA 6F 4E 3B E5  .ku45...2...oN;.
0000F270:  90 38 F2 FC 2E 86 86 11 - A6 0A 5D 75 06 ED FC B2  .8........]u....
0000F280:  4F 6B 5C DD 18 26 C3 2E - 01 9E D0 53 1D F1 BA 83  Ok\..&.....S....
0000F290:  E0 9A 66 F4 6E 7A 86 D6 - DD 1E 59 FA BF 14 5C A6  ..f.nz....Y...\.
0000F2A0:  98 1F 5C A7 33 0E 3E 58 - 2B 31 5F 3A 5B 2A 37 DC  ..\.3.>X+1_:[*7.
0000F2B0:  F3 C5 28 7E CC 12 A6 04 - 5D 5D D2 F9 98 F2 98 D2  ..(~....]]......
0000F2C0:  7E 7B C0 65 6A 39 CA 6C - 90 A8 76 88 41 E9 FB 75  ~{.ej9.l..v.A..u
0000F2D0:  33 BE AA C6 52 AF D2 1A - 5A F5 05 F2 1B 0A 39 94  3...R...Z.....9.
0000F2E0:  E6 57 F0 35 4D 2B 20 AD - 89 4F 96 E5 F1 00 5A 85  .W.5M+...O....Z.
0000F2F0:  14 A7 3E 8C E7 42 1E BD - 2E 60 44 7A 9F 2B 14 93  ..>..B...`Dz.+..
0000F300:  D4 70 0C A8 EA C5 2D 6B - 35 5C 42 9C 4A 07 F5 38  .p....-k5\B.J..8
0000F310:  BA 56 65 93 30 FC 11 9F - E4 AA 04 B5 54 C3 2D 4D  .Ve.0.......T.-M
0000F320:  EC 9D 06 E4 B4 BC 16 42 - 8D 9C D2 14 D8 A9 61 41  .......B......aA
0000F330:  48 27 F5 29 7C E7 9C 55 - 83 AA 82 BC CA DE 6F 27  H'.)|..U......o'
0000F340:  FD E5 A9 1F C1 F5 E7 68 - BA B9 46 C8 1E 8C 57 A3  .......h..F...W.
0000F350:  4D 46 ED 86 A6 13 59 65 - 19 8C 28 30 1E 3F 59 13  MF....Ye..(0.?Y.
0000F360:  F0 57 92 22 FD 19 0B 7A - 72 A2 45 E4 BE 2B C3 E2  .W."...zr.E..+..
0000F370:  6F DE E5 96 BC D4 6D B6 - 12 CD 10 01 76 F6 9D 30  o.....m.....v..0
0000F380:  45 C3 55 00 C5 63 1A 84 - 30 91 6F 50 6F 67 09 D3  E.U..c..0.oPog..
0000F390:  37 30 2A 6D AB 70 4A 07 - 18 0C F0 2E 92 52 58 52  70*m.pJ......RXR
0000F3A0:  5E 32 93 1B 2E DD B0 4F - 8C CB B0 4D D8 5A C1 87  ^2.....O...M.Z..
0000F3B0:  CA 18 C7 42 0F 77 47 4C - DA B7 6B 57 69 44 AD 82  ...B.wGL..kWiD..
0000F3C0:  5E 3D B1 22 57 EB 38 6C - 0E 7D A3 31 E4 FD 44 EF  ^=."W.8l.}.1..D.
0000F3D0:  0C 37 16 CE 8A D6 0A 8F - DE DE EE BC 52 AC 9E 53  .7..........R..S
0000F3E0:  76 3C D1 45 D4 A3 AE D5 - AE 98 5B 73 3E EE FC 7B  v<.E......[s>..{
0000F3F0:  F7 C4 CA 73 43 72 C1 C3 - 41 4D 38 2D BF BB 8E 50  ...sCr..AM8-...P
0000F400:  B1 0A 7A 23 65 8F D3 91 - 81 FE C9 23 FF AE 16 34  ..z#e......#...4
0000F410:  B9 5B 06 3F E9 0C CF 97 - BB DE D8 B1 C3 83 43 50  .[.?..........CP
0000F420:  D1 37 ED B4 A9 96 9D 4E - 6E B2 5B 4D AC 56 DD FC  .7.....Nn.[M.V..
0000F430:  CE 60 9A 1E 47 7B 9D 17 - 8A 10 D6 3A 5F EE A5 13  .`..G{.....:_...
0000F440:  CC 43 CB 9E 22 1A C0 58 - AF AB 2B A1 93 6D 35 9D  .C.."..X..+..m5.
0000F450:  C5 8B E7 BB 77 A7 29 8D - 75 B7 8A F1 41 A7 13 A7  ....w.).u...A...
0000F460:  FE 2D 91 BD 69 BB B7 34 - 42 00 6A BC 60 43 F7 8D  .-..i..4B.j.`C..
0000F470:  7F 5D 62 42 3A 9C 38 73 - 4E EE 42 59 6E 81 18 C5  .]bB:.8sN.BYn...
0000F480:  78 47 AF 36 0E 6B B2 2D - 9D EA EB F0 F6 91 98 A3  xG.6.k.-........
0000F490:  EF 12 2A 5E D6 34 FD 46 - 98 06 5B 3C A7 67 5D 26  ..*^.4.F..[<.g]&
0000F4A0:  B9 D5 53 1D 01 59 BB E0 - 6D 94 0B 30 07 5C F5 DF  ..S..Y..m..0.\..
0000F4B0:  C9 4A E6 21 A9 E6 0C F4 - 20 4C CA 84 A6 B9 11 E6  .J.!.....L......
0000F4C0:  01 AC 66 EF 7A D9 0B 98 - CD EC F7 7B 3D 3C A3 6C  ..f.z......{=<.l
0000F4D0:  AD 5F F2 81 29 D8 B9 66 - B4 82 E6 78 1E 5A EF C8  ._..)..f...x.Z..
0000F4E0:  78 25 9A E6 91 3C 54 E7 - 0D B5 96 A8 8C 77 78 90  x%...<T......wx.
0000F4F0:  F1 4A AA 4D 25 E9 ED C3 - 31 2D 22 A2 FA F7 19 A2  .J.M%...1-".....
0000F500:  E0 CF 4C DF 87 41 CB AA - 13 E4 EC 8A 71 0C 76 51  ..L..A......q.vQ
0000F510:  A1 6A 2B 26 18 7B CD 1B - 0D 95 EF 9F 5B 90 AE 21  .j+&.{......[..!
0000F520:  17 2F B4 8C 73 AC EF 74 - 11 9A F5 E1 A8 FD 31 62  ./..s..t......1b
0000F530:  89 4B C5 5E CC 6B 02 4F - 94 71 CB 1F FB A1 A6 D4  .K.^.k.O.q......
0000F540:  FE FB A1 CA F2 7F 04 2B - BB 6D 12 0D 03 85 11 86  .......+.m......
0000F550:  3F C3 FE 58 1E 62 F8 AF - 4E 67 FF 00 D4 89 51 02  ?..X.b..Ng....Q.
0000F560:  F3 05 10 7D BC 80 B7 97 - C8 18 F0 C6 1A 35 F9 D8  ...}.........5..
0000F570:  8C FB F7 4D 58 E1 87 E0 - 64 4C B5 99 30 7C 70 5A  ...MX...dL..0|pZ
0000F580:  8C 31 6D 9D 3E 17 58 AD - 9D 17 DC 6C AE B6 BE 49  .1m.>.X....l...I
0000F590:  EF 33 6E 6A F1 5B C6 81 - 43 DD D7 CC 65 68 33 10  .3nj.[..C...eh3.
0000F5A0:  38 7E A0 F2 BF 62 D3 88 - 39 40 62 CC B9 67 8A 15  8~...b..9@b..g..
0000F5B0:  77 69 EF D4 0B B3 06 16 - C4 8F D6 68 BB 80 09 41  wi.........h...A
0000F5C0:  DB EC F5 5C FB FE AC AA - F5 34 17 C8 54 1B CC C8  ...\.....4..T...
0000F5D0:  96 F7 8D A1 76 A9 87 21 - A4 1F 65 3A 86 A0 CB CE  ....v..!..e:....
0000F5E0:  E0 7E 28 56 81 7D 98 FC - 6D 6E C5 5D E3 87 2C 35  .~(V.}..mn.]..,5
0000F5F0:  6C 0E 1B A2 5A 63 D6 68 - 8D ED AD 64 F7 E6 5C A7  l...Zc.h...d..\.
0000F600:  8A 2F EF 08 34 C3 92 EB - E5 B1 74 EC E5 6D B8 E2  ./..4.....t..m..
0000F610:  21 BE 5B 26 50 23 6E AB - 2F C4 56 3E 1D 26 1E DC  !.[&P#n./.V>.&..
0000F620:  5A 82 83 41 BE 37 7A 69 - 5D 0D 89 90 BA C7 C7 1E  Z..A.7zi].......
0000F630:  85 65 91 A7 5F 8A 7B F8 - 61 10 CB AC 32 F7 DC 06  .e.._.{.a...2...
0000F640:  DE E5 9D F6 B9 2E 7C 9E - 8F DD 2B 46 7C E8 65 CF  ......|...+F|.e.
0000F650:  0D B5 C5 54 FB 66 8C 14 - 9E A4 0C E1 9F AA 76 FE  ...T.f........v.
0000F660:  7C 24 8D 7C B7 8B 48 15 - 63 09 AE 4B 1A 6E 3E 60  |$.|..H.c..K.n>`
0000F670:  66 1E 3B 36 76 29 68 F7 - 81 E0 B1 00 F1 52 B9 19  f.;6v)h......R..
0000F680:  56 BF 69 17 8E F1 B8 23 - 67 48 68 3B 1E 62 4A 47  V.i....#gHh;.bJG
0000F690:  B2 C1 4B ED DB 3A DE 81 - AF 17 AB 60 05 19 36 53  ..K..:.....`..6S
0000F6A0:  19 F6 40 3B 0C E5 7F D1 - 1F F7 41 12 B6 BE F3 10  ..@;......A.....
0000F6B0:  FF 6B 82 AD 59 EB 07 5C - C7 BC A6 B1 D3 DF 43 0E  .k..Y..\......C.
0000F6C0:  84 7B BA EA 6A 32 E0 2D - F6 42 B4 B5 F8 4E 8E 3D  .{..j2.-.B...N.=
0000F6D0:  56 30 8B 48 A8 E8 CE 1A - 5C 92 B4 37 79 74 BB 74  V0.H....\..7yt.t
0000F6E0:  12 74 D2 C9 1C FC 28 B8 - 60 A1 A6 FE 81 ED 02 C4  .t....(.`.......
0000F6F0:  73 2F 5D 4F 31 CA 42 6D - D0 64 78 A8 DE A6 E3 C1  s/]O1.Bm.dx.....
0000F700:  9E F2 97 6C 61 72 C0 61 - F0 FD 96 FF DF CC D2 EF  ...lar.a........
0000F710:  18 4C 49 D5 15 3B 65 7B - D8 1E 4A 27 54 AB A4 AE  .LI..;e{..J'T...
0000F720:  AD 93 71 AE 47 24 AB 65 - 0B E7 45 D2 B8 ED 68 EB  ..q.G$.e..E...h.
0000F730:  9B E7 2A 4B 3D B0 62 F0 - 3D 07 92 36 56 A3 DD B8  ..*K=.b.=..6V...
0000F740:  31 3F 08 0E 4D 59 A7 8F - 9B 30 4D 7B 1C 24 68 15  1?..MY...0M{.$h.
0000F750:  16 00 6E 85 77 BC 08 7D - 15 16 14 E0 77 47 AD C2  ..n.w..}....wG..
0000F760:  15 A3 7A 4E 4D 3D CD 3A - B5 F5 71 6C 26 E5 BC 3B  ..zNM=.:..ql&..;
0000F770:  F9 35 21 9E 74 17 38 B7 - 91 B6 7F 2A 47 2E 2B 70  .5!.t.8....*G.+p
0000F780:  C8 39 BE 4A 95 DC 23 56 - C4 35 B4 A1 9A B5 77 4F  .9.J..#V.5....wO
0000F790:  09 00 7D 7A B5 6F 70 9B - 49 DB 4B 1A FE DC 64 C4  ..}z.op.I.K...d.
0000F7A0:  59 9E 1C A8 6A 90 28 7E - 91 39 EE 7C C4 26 27 0E  Y...j.(~.9.|.&'.
0000F7B0:  2C A2 C6 21 D6 29 6C 0E - 85 E0 7A E5 54 A4 F1 38  ,..!.)l...z.T..8
0000F7C0:  EA 3E 91 36 72 9B FA 04 - 14 D7 2C C9 88 B3 94 CD  .>.6r.....,.....
0000F7D0:  65 CA 75 79 AD E5 44 A6 - 60 BA FB 92 C4 55 94 9D  e.uy..D.`....U..
0000F7E0:  FD B5 44 A7 8C EE 66 D4 - 9C BA DB A1 BE 68 79 E0  ..D...f......hy.
0000F7F0:  99 10 03 99 09 A6 8F 62 - D0 CC 05 88 A2 3E 62 B9  .......b.....>b.
0000F800:  FA 08 2A 5D 2D 21 06 99 - 2A 04 EA 52 64 1F C7 86  ..*]-!..*..Rd...
0000F810:  C1 14 B9 59 9E 6B 12 DC - 01 C9 30 4C B5 3B 2A 58  ...Y.k....0L.;*X
0000F820:  48 14 F8 E8 35 FD 9C 29 - E5 AA FA B7 39 FD BC 43  H...5..)....9..C
0000F830:  28 23 CA 00 63 F7 D3 8A - 1F 47 62 7B 2C 2D 96 1B  (#..c....Gb{,-..
0000F840:  A3 C3 77 E2 61 5E 9A F4 - 26 78 6F AB F6 E4 19 84  ..w.a^..&xo.....
0000F850:  45 03 25 42 AB A4 75 2B - 96 2F 92 C4 A4 A7 AE 33  E.%B..u+./.....3
0000F860:  25 B9 85 A6 44 DE EA 22 - 07 50 6F 88 96 B9 8D D4  %...D..".Po.....
0000F870:  DC 00 90 E3 FC 3F 7C E6 - AB 20 52 40 AF A7 AA 4C  .....?|...R@...L
0000F880:  12 69 C0 47 B1 FE 6E 6C - A9 85 F2 B4 E7 03 46 41  .i.G..nl......FA
0000F890:  CC 73 EE 41 EB B0 2D 4D - 77 4F 5B 40 2F 59 9A CD  .s.A..-MwO[@/Y..
0000F8A0:  EB 9C 07 09 CA 11 93 09 - 5E 16 5D 56 3A 2F CB 15  ........^.]V:/..
0000F8B0:  22 DE 15 02 97 25 17 F7 - EA D0 7E 6F 3E 52 81 4F  "....%....~o>R.O
0000F8C0:  7D 7E 4D B5 6C 62 FB 42 - 68 33 B2 DC DB E9 3F 12  }~M.lb.Bh3....?.
0000F8D0:  86 96 A3 01 E8 A9 29 98 - 95 32 E3 8F 5D 84 49 AE  ......)..2..].I.
0000F8E0:  74 D1 D0 FE CB AF 19 FA - A6 8F D0 D8 59 E4 A3 BF  t...........Y...
0000F8F0:  19 2B 2A 59 50 DE D7 59 - A4 FC 10 6E F0 C5 EC AF  .+*YP..Y...n....
0000F900:  06 E2 9D 30 24 83 D1 66 - 28 72 EA 1E BA 7D 26 6C  ...0$..f(r...}&l
0000F910:  21 78 75 14 BA 76 A9 B1 - BD B7 B5 52 BA B4 A5 E9  !xu..v.....R....
0000F920:  81 80 2B 1C 41 C2 99 6D - 1E 1F AF 09 21 4D BC DF  ..+.A..m....!M..
0000F930:  FB 88 31 C9 27 14 5F 0D - C9 E1 B2 5B 2B 37 7B EB  ..1.'._....[+7{.
0000F940:  77 FB 1D 15 EE AE A7 1C - BA 43 01 CF 9A 51 46 6E  w........C...QFn
0000F950:  DD E0 45 50 D3 7F 71 C9 - A8 7F 2E D2 17 9E 5C F5  ..EP..q.......\.
0000F960:  6F 78 48 4F 75 C4 E2 E9 - 16 81 3B 67 42 92 32 77  oxHOu.....;gB.2w
0000F970:  A2 BC 1C 14 CC 36 7A 49 - 1F 69 A3 D6 CB 2B C0 44  .....6zI.i...+.D
0000F980:  F0 8F 50 A3 29 AA 49 3B - FA A2 8E EB 21 44 DF F1  ..P.).I;....!D..
0000F990:  EB 6B 6C 9E 1B 00 EC B5 - 3F 23 35 25 4E 9D BF A4  .kl.....?#5%N...
0000F9A0:  2F F4 F8 9A 5F AA B9 C2 - 75 6A C9 85 CE 16 5D 4E  /..._...uj....]N
0000F9B0:  66 44 3E 18 A6 56 A3 3D - 2B 39 F3 A1 8B 56 93 36  fD>..V.=+9...V.6
0000F9C0:  FB 88 25 51 E3 62 4B 24 - 03 BB 6C 35 7A 53 34 1F  ..%Q.bK$..l5zS4.
0000F9D0:  FD B8 BD BE E6 1B D9 9A - 43 D9 E2 17 FA 3C 69 67  ........C....<ig
0000F9E0:  1E 93 DF 59 9D BA DB 53 - 42 0F 69 A3 94 85 F0 A8  ...Y...SB.i.....
0000F9F0:  A6 9A A1 DA 89 2E 6B C8 - E6 48 F0 FF 9F 6D C2 7C  ......k..H...m.|
0000FA00:  3A 2A B7 5C 5F 89 93 6D - 28 97 73 13 1E 54 41 D2  :*.\_..m(.s..TA.
0000FA10:  40 DB 12 29 2C 8B E4 CA - 55 D7 A4 10 FA 3F 14 23  @..),...U....?.#
0000FA20:  24 82 C1 D2 03 CE 00 E5 - 7D 04 CF F9 33 BE DD 27  $.......}...3..'
0000FA30:  0D 9C BE 67 E7 CC 6C 47 - B7 11 30 14 08 F0 98 4D  ...g..lG..0....M
0000FA40:  5C 90 1C 0A ED 42 C7 E8 - D8 67 55 CB 80 06 3F 51  \....B...gU...?Q
0000FA50:  E5 1E F5 B4 65 53 13 E5 - 26 84 E9 64 48 90 00 C3  ....eS..&..dH...
0000FA60:  1F 79 AF 69 AB 29 E5 16 - 7A 70 1F 80 E8 A0 3E 71  .y.i.)..zp....>q
0000FA70:  FC 7E D4 D2 7A A2 B0 C9 - 2B 5C 94 09 BF 55 70 A3  .~..z...+\...Up.
0000FA80:  EF 19 01 C2 0A 02 2F E5 - C8 B1 8C C8 19 19 AB F8  ....../.........
0000FA90:  A8 3F 14 80 C7 60 B6 95 - 53 F3 23 2C 7A 68 EF A3  .?...`..S.#,zh..
0000FAA0:  AA 03 53 3F 26 0F 4C 82 - BC 2B 07 68 14 C2 23 67  ..S?&.L..+.h..#g
0000FAB0:  12 E0 8A 7B 66 7B 38 8C - 5D 49 6D 45 C5 92 C7 91  ...{f{8.]ImE....
0000FAC0:  58 3D 24 CA 17 C2 56 BE - E9 6C 98 29 81 1B 55 B5  X=$...V..l.)..U.
0000FAD0:  5C 6A FA 96 2F CD 94 47 - DD 8F 56 25 7D 55 A9 31  \j../..G..V%}U.1
0000FAE0:  75 BD 47 20 88 D7 97 75 - 81 70 89 E7 2F AF E0 AF  u.G....u.p../...
0000FAF0:  6D 1A A3 68 4D 78 B0 7D - 78 91 48 1B 1C A4 DD B9  m..hMx.}x.H.....
0000FB00:  46 57 5E 02 36 C3 50 A8 - 79 63 42 1B 64 D7 78 54  FW^.6.P.ycB.d.xT
0000FB10:  27 64 2A FE D9 A9 16 0E - BB 89 1F A2 68 F9 CE 3E  'd*.........h..>
0000FB20:  48 13 06 06 E9 2A 15 C0 - EA E0 DC A7 45 60 1F 8D  H....*......E`..
0000FB30:  78 2F BD 48 57 59 CB CC - FD A5 3A EE 26 BE 86 8C  x/.HWY....:.&...
0000FB40:  46 06 76 2D ED 64 83 1D - F3 CD 52 80 A5 C2 22 2D  F.v-.d....R..."-
0000FB50:  C6 4F 12 7E 18 60 1D 1E - C1 58 FE 6B 7F 45 7E 5F  .O.~.`...X.k.E~_
0000FB60:  55 0E D1 E2 57 72 D8 32 - BF 26 05 28 07 62 2D F9  U...Wr.2.&.(.b-.
0000FB70:  10 53 A0 23 7C B9 F3 09 - A4 D4 5E 33 AE C3 75 ED  .S.#|.....^3..u.
0000FB80:  2E F3 46 88 43 6A C7 A1 - 52 22 18 60 85 1C 14 74  ..F.Cj..R".`...t
0000FB90:  F4 A6 D2 5C 66 9E A9 A9 - A7 B6 26 28 CC B7 4E 44  ...\f.....&(..ND
0000FBA0:  69 3D A0 A9 8B 6D 33 D7 - 8A 79 32 61 CA C9 9C 3C  i=...m3..y2a...<
0000FBB0:  0D 4C 47 65 83 7D E8 EF - C2 A1 67 05 D0 33 76 D8  .LGe.}....g..3v.
0000FBC0:  09 2E E9 D8 41 DC 3B 0B - 0D A2 17 2A E9 E0 7A B4  ....A.;....*..z.
0000FBD0:  FA 6C 92 30 3B 01 AF 5D - FF E8 98 66 EB 28 14 0C  .l.0;..]...f.(..
0000FBE0:  55 B9 88 6E 0A 59 AA 8B - B7 3E 6E 30 3E 95 BF 96  U..n.Y...>n0>...
0000FBF0:  A3 6F 5D B1 97 D1 F1 6E - 9A 10 A3 4E 5C 25 F4 0A  .o]....n...N\%..
0000FC00:  52 1D 15 DD FA 71 CA 96 - 76 72 70 29 F5 18 DF 25  R....q..vrp)...%
0000FC10:  44 55 38 1D C0 AE 83 D8 - 6C 03 4A 2B E4 80 8F 3C  DU8.....l.J+...<
0000FC20:  6F 87 88 A6 B5 89 E9 D6 - 39 7C 2E C5 48 FC 51 34  o.......9|..H.Q4
0000FC30:  8D 8F 3F 6C 7D BB 0B 4A - 56 31 EA 23 9E 23 AB AD  ..?l}..JV1.#.#..
0000FC40:  6B B0 2A 13 39 3D 89 58 - C3 DF 2C 83 48 E4 BC A9  k.*.9=.X..,.H...
0000FC50:  10 45 7E 6A 3E 10 BD A6 - 35 DA 38 CB A5 AE 73 CC  .E~j>...5.8...s.
0000FC60:  8A BB C8 B4 FD 86 EC ED - 1A C1 DF 60 02 55 5D CA  ...........`.U].
0000FC70:  9B 30 A5 3A C3 91 85 CF - FD 5C 4A B0 7D DC B0 47  .0.:.....\J.}..G
0000FC80:  5F D7 FC 9A 46 38 E6 D0 - 4F E0 4C 81 77 72 F6 5A  _...F8..O.L.wr.Z
0000FC90:  B1 44 D0 AD 7D 3F D8 C5 - 91 03 A8 77 44 59 4F 1E  .D..}?.....wDYO.
0000FCA0:  5A A5 44 02 96 F7 C7 2D - 4E D9 00 63 52 C6 35 DC  Z.D....-N..cR.5.
0000FCB0:  48 4D B6 FE EB 65 86 83 - 76 BF 16 59 4C 73 19 2F  HM...e..v..YLs./
0000FCC0:  7B 5F A0 C1 88 C8 A7 67 - D6 F0 3B 3F 76 78 CD 2C  {_.....g..;?vx.,
0000FCD0:  A6 07 43 87 13 8C 02 9E - 87 D7 9B 31 06 F7 D9 E7  ..C........1....
0000FCE0:  9D 8C D0 7A EE 8B C8 3D - B5 65 63 A2 6F BB 35 7D  ...z...=.ec.o.5}
0000FCF0:  4B A6 42 25 9F AE 5F B7 - 4A 7E C4 F5 D9 6E FD D8  K.B%.._.J~...n..
0000FD00:  8B 53 4A 2A 32 C7 42 E2 - 41 81 FC 2E A5 5A 9B 4C  .SJ*2.B.A....Z.L
0000FD10:  BF EF E6 30 F1 F8 0E 53 - 1D 40 19 69 F6 97 39 A3  ...0...S.@.i..9.
0000FD20:  62 EC 33 B0 34 F8 CF ED - B6 56 A2 FC 32 7F D8 AF  b.3.4....V..2...
0000FD30:  15 2C FF DD D9 34 F3 38 - C6 F7 44 3C EA 21 88 3F  .,...4.8..D<.!.?
0000FD40:  82 5F B5 31 F1 C2 E9 08 - AC 9B C7 A2 1B 17 F8 90  ._.1............
0000FD50:  5D 3C B8 32 A6 7F 9D 99 - 83 D5 D2 1E F5 71 5F 45  ]<.2.........q_E
0000FD60:  39 96 89 26 1D 8B C5 81 - A0 76 23 44 CB 9A DD B4  9..&.....v#D....
0000FD70:  19 13 A0 07 94 11 2F 4A - 9A 4B CD 2E 04 03 F8 1D  ....../J.K......
0000FD80:  3E 80 FD 9A D2 47 B5 79 - 60 C4 FE 38 E0 34 67 CE  >....G.y`..8.4g.
0000FD90:  E7 CE 22 21 33 35 85 E7 - 35 2E 42 91 59 DD FC 5D  .."!35..5.B.Y..]
0000FDA0:  71 1E 4B EB BB F1 F3 1D - 4B F0 EC C6 8C 6B D1 C7  q.K.....K....k..
0000FDB0:  4C 91 C6 FB AD 50 B8 5F - 42 E0 14 4D 72 39 92 CA  L....P._B..Mr9..
0000FDC0:  97 2D 37 5D 61 95 42 D6 - 41 6A 3A E6 0E F0 46 93  .-7]a.B.Aj:...F.
0000FDD0:  93 1F 76 49 86 52 AC DC - 18 A9 C1 9D AA 15 53 35  ..vI.R........S5
0000FDE0:  48 29 8F E7 3A C4 C9 C2 - AC 2C 86 51 D4 B1 21 AF  H)..:....,.Q..!.
0000FDF0:  3A 8B 74 78 12 50 FF 7A - C6 EF BD 58 0A E9 6F F4  :.tx.P.z...X..o.
0000FE00:  D6 88 11 68 65 BF C8 77 - 82 5F B7 7D 94 54 B0 85  ...he..w._.}.T..
0000FE10:  13 62 ED 7D 0D 35 0E 2A - 2F AC 76 B9 8C C2 BB 48  .b.}.5.*/.v....H
0000FE20:  76 53 C8 EA 7C A8 91 F8 - C5 1E B1 ED D9 23 CE DC  vS..|........#..
0000FE30:  F5 D5 8A 3D 35 56 95 64 - F8 B4 1F 6B 60 71 75 59  ...=5V.d...k`quY
0000FE40:  0C F7 92 80 4A 48 F5 1D - 99 D2 4E 7F F4 73 0A 36  ....JH....N..s.6
0000FE50:  4A AB D4 BC 9B 50 6A 26 - 10 EF 76 1A 9E FB C7 56  J....Pj&..v....V
0000FE60:  74 9B C8 63 39 EE D6 7F - 3D ED 04 D0 0C 13 09 D2  t..c9...=.......
0000FE70:  E6 02 8B 13 5F 35 0D BE - D0 C0 C2 45 0B 52 C1 A4  ...._5.....E.R..
0000FE80:  81 30 F4 24 7F 2A 73 C1 - 3F 03 F5 18 D4 2F 67 4E  .0.$.*s.?..../gN
0000FE90:  04 76 6D DC 39 F9 44 9F - C2 E6 CB AB D7 D5 84 F6  .vm.9.D.........
0000FEA0:  5B 75 F9 6A C4 F9 5A B1 - 10 93 14 F6 AC 7A 03 D9  [u.j..Z......z..
0000FEB0:  9E 8B EB 38 CB 7E 8D 72 - 63 5B 37 2B 2C B7 A2 B0  ...8.~.rc[7+,...
0000FEC0:  64 4A 5C 21 C0 E1 51 96 - B2 86 B4 49 82 7C 31 01  dJ\!..Q....I.|1.
0000FED0:  37 22 14 EC E9 FA C2 93 - DB 26 CB 10 91 49 11 22  7".......&...I."
0000FEE0:  39 FB 7E 7A D8 D6 A6 A0 - 41 F9 F8 42 E5 CE 4E 07  9.~z....A..B..N.
0000FEF0:  06 58 B5 CE 89 54 8A 23 - E1 1A 08 BA 3A A1 B9 D9  .X...T.#....:...
0000FF00:  56 A2 FF 3F 2A C8 0D FE - 40 1B C6 B2 4E 17 AD 73  V..?*...@...N..s
0000FF10:  24 0F 2E 5A 88 68 DC FF - 00 CB 04 7D F6 D2 2B 6B  $..Z.h.....}..+k
0000FF20:  F4 A1 72 28 2C 7A 9B 6D - 3F 01 00 F4 F3 BB 2D 9B  ..r(,z.m?.....-.
0000FF30:  1F 3C 99 74 AC E8 69 65 - B8 3A DE 8A EA A1 73 F7  .<.t..ie.:....s.
0000FF40:  C3 F9 B5 21 A2 F5 AF FA - 87 80 35 03 26 9D 46 9E  ...!......5.&.F.
0000FF50:  23 B8 CA 31 70 06 1E FC - 59 01 7C 9C DE D3 72 A7  #..1p...Y.|...r.
0000FF60:  C2 A3 1F 8B BE 5D FF BC - 44 EB A0 EB 1F F5 DD 30  .....]..D......0
0000FF70:  4A BC DE C1 FF A6 AB 18 - 1A DE E8 AC 8D 88 8B 9D  J...............
0000FF80:  B7 E8 13 06 A5 D2 D5 94 - 81 9E C2 26 A4 AE CA 91  ...........&....
0000FF90:  19 C0 66 C8 60 D9 38 84 - 16 93 D8 4F 31 E7 E4 19  ..f.`.8....O1...
0000FFA0:  D3 AE 24 6B 04 B9 C2 78 - D4 B4 58 17 92 72 E8 8B  ..$k...x..X..r..
0000FFB0:  44 58 22 FB 48 F4 28 1B - B6 C2 52 87 40 5C CD E9  DX".H.(...R.@\..
0000FFC0:  BE D8 8E 19 D6 25 82 B1 - FB 96 16 25 09 0F E2 05  .....%.....%....
0000FFD0:  D2 DE 17 83 0F B5 B1 76 - 3D A0 60 EF 29 A2 D4 96  .......v=.`.)...
0000FFE0:  2F E2 E0 1C 37 48 CD B3 - 70 32 07 B3 E6 31 8E E9  /...7H..p2...1..
0000FFF0:  7F DB 7C E6 B1 6D 35 B6 - CB EC 5A 9E AC 59 67 69  ..|..m5...Z..Ygi
00010000:  67 87 77 E0 98 D6 A2 85 - 73 3A 4B B9 98 1F 0E 9B  g.w.....s:K.....
00010010:  79 E2 1C 71 6F 3A 36 33 - 6C BE CC 02 38 5A 8A 33  y..qo:63l...8Z.3
00010020:  FD AB CD A3 49 28 E2 04 - E3 E0 04 20 6A 6F EF 28  ....I(......jo.(
00010030:  00 C0 E7 93 AE D6 FD C8 - E1 F6 B6 06 E7 A4 F5 7E  ...............~
00010040:  B4 E1 BA D1 74 75 D2 4D - 84 DF 30 C2 E0 AD 2E 0F  ....tu.M..0.....
00010050:  F3 F1 02 0C 2C 86 90 0D - 8E A4 16 29 FC 49 53 ED  ....,......).IS.
00010060:  52 64 F7 E8 1A EC BB 50 - 40 4D F2 7B CB 1F 0C 55  Rd.....P@M.{...U
00010070:  35 F4 F4 EC CB 5B 43 14 - 82 C5 72 79 75 03 D0 C0  5....[C...ryu...
00010080:  5B 14 C6 C9 C4 65 7A CF - 3C 8E A0 F1 A9 17 BF 0C  [....ez.<.......
00010090:  60 86 ED 3D 3E 0E 32 EC - EC 11 D0 06 12 D5 22 7B  `..=>.2......."{
000100A0:  F0 18 74 5B C7 E0 7A 37 - 2A AE 05 6D 20 D1 35 0A  ..t[..z7*..m..5.
000100B0:  9F 11 F0 86 BA C0 51 82 - 9E FA D5 CF AA F7 C2 09  ......Q.........
000100C0:  5E FF 29 C4 72 78 07 F0 - 9F 0D E7 AC CA 22 AE C4  ^.).rx......."..
000100D0:  32 F4 6E FC 5A 2F 22 24 - 4F 85 9A 27 AA 21 07 AB  2.n.Z/"$O..'.!..
000100E0:  C1 E9 B1 8D 81 AF 69 C4 - 1F 7D 34 11 97 31 19 21  ......i..}4..1.!
000100F0:  C0 52 16 6E 39 C9 55 66 - 5D 09 8F B9 F8 DF 6A 6C  .R.n9.Uf].....jl
00010100:  C9 B0 74 4A 11 BE 91 3E - 0C D9 D9 2F 7A 59 4D D4  ..tJ...>.../zYM.
00010110:  78 1A 79 98 79 78 2A AD - 29 9A 72 A0 08 FD 86 08  x.y.yx*.).r.....
00010120:  18 7F 38 7C E5 20 B6 F2 - EB 3D 46 5C E5 00 DC 50  ..8|.....=F\...P
00010130:  C7 21 C7 EA 7C 34 6E C1 - 8D B5 6E 44 40 CB 35 17  .!..|4n...nD@.5.
00010140:  20 34 7B 8E 92 79 FF 08 - 0C 7A D7 A2 49 6C 74 8B  .4{..y...z..Ilt.
00010150:  E4 C3 DE 54 9F 46 2C C3 - 0F A0 9A A4 91 22 55 48  ...T.F,......"UH
00010160:  47 BA 4B AA E3 15 41 F7 - AF 67 1C 03 1D F8 0D 6D  G.K...A..g.....m
00010170:  B2 62 62 6F 20 A5 10 9A - 1D A6 D1 11 17 9A 72 CB  .bbo..........r.
00010180:  76 D4 2E 32 A4 C5 22 FC - A6 17 45 D8 3C 70 0C E1  v..2.."...E.<p..
00010190:  89 E5 81 82 9B 01 A9 6C - 56 75 D8 65 C2 C1 EE 27  .......lVu.e...'
000101A0:  9D 07 BF 59 4A DC F7 23 - D9 E5 0B 93 6B C7 16 75  ...YJ..#....k..u
000101B0:  B5 B2 36 CA B2 6F 8F 1F - 21 27 00 F2 B9 74 BE E7  ..6..o..!'...t..
000101C0:  6E 49 F4 C2 53 21 00 F3 - 0F BF 3D D5 98 79 AC 5B  nI..S!....=..y.[
000101D0:  6D 00 B4 50 E6 1A 2D EB - 10 66 2A 15 DF 0D F3 C0  m..P..-..f*.....
000101E0:  82 FB 85 D1 58 4E BB E1 - 36 B6 A1 DB 00 90 53 E6  ....XN..6.....S.
000101F0:  EF 3B 96 7A 70 9D 6E B5 - 44 41 ED 07 08 66 53 D4  .;.zp.n.DA...fS.
00010200:  12 21 F1 9D B1 41 28 05 - A2 77 B8 71 CE E3 AE AE  .!...A(..w.q....
00010210:  6A 09 CF 4A 32 63 22 85 - F6 13 38 79 CF 86 9C EE  j..J2c"...8y....
00010220:  EC 08 5A C7 B2 3C 38 40 - 0E 53 25 E4 B1 0B 28 32  ..Z..<8@.S%...(2
00010230:  64 01 42 7B F9 F8 F9 5C - A2 A5 76 29 6F 85 FE E0  d.B{...\..v)o...
00010240:  87 7C 96 0D 13 E5 52 93 - 5B 1D 2A 44 3B 35 10 F8  .|....R.[.*D;5..
00010250:  3A 66 A6 DB B8 B3 C3 81 - FD 84 B0 3B 8E 45 75 6F  :f.........;.Euo
00010260:  50 83 1F 6D 8D 4A EC B4 - 58 C1 59 5F 56 13 2A AA  P..m.J..X.Y_V.*.
00010270:  91 DE 61 EB DB 80 DF 26 - CA 6B 11 EB 9C 52 65 9B  ..a....&.k...Re.
00010280:  D7 76 B5 7C 52 D3 6A 7E - FE 9B B3 BA 7B 9A 23 34  .v.|R.j~....{.#4
00010290:  7E 45 77 EA EE 68 BF 3E - AC A4 13 6C A4 9B B8 3D  ~Ew..h.>...l...=
000102A0:  30 2B 6B CB FF 36 42 02 - 63 B0 3A 99 C9 9D 83 A3  0+k..6B.c.:.....
000102B0:  61 A9 AA 42 C0 DD 7E 84 - 60 6D 6E 53 0E 79 C9 9E  a..B..~.`mnS.y..
000102C0:  88 E9 3A E7 F8 EF 18 CF - 86 FA 59 88 93 9F 64 62  ..:.......Y...db
000102D0:  37 22 07 38 6E DE B3 A9 - C0 07 69 94 08 6E 34 C5  7".8n.....i..n4.
000102E0:  71 01 15 71 D2 1D D9 BC - 42 A3 EE 15 D8 AB BC F1  q..q....B.......
000102F0:  98 B5 97 5C 88 33 43 59 - 3B 11 D0 A2 7F 9B 6A F0  ...\.3CY;.....j.
00010300:  E9 C8 74 62 16 B9 C4 B1 - 47 67 12 F5 F1 C6 73 FA  ..tb....Gg....s.
00010310:  EB 40 58 D2 EB AA 5F 61 - CB 4F 0A BF FC 8F 7D D2  .@X..._a.O....}.
00010320:  CE 4C 46 DA 80 11 AF 29 - 86 39 64 DE 9A C7 B5 AD  .LF....).9d.....
00010330:  97 ED 3B 6F 8D BC 59 69 - 97 E1 DD CD 91 26 60 C7  ..;o..Yi.....&`.
00010340:  A2 DD ED 29 9E 98 D2 73 - D9 F7 93 07 0E CC A8 84  ...)...s........
00010350:  7F 16 49 7B F4 49 49 9C - 25 CA B9 65 95 3E 35 00  ..I{.II.%..e.>5.
00010360:  2E 17 99 F5 72 D9 68 32 - C7 06 17 F3 98 A1 54 C6  ....r.h2......T.
00010370:  4E 0F EA 44 3D 9F 22 63 - 06 BC 1B 6C FD 27 DD D5  N..D=."c...l.'..
00010380:  FF 2E 8B EE CF 09 B5 BF - 60 65 CD FB 18 60 83 97  ........`e...`..
00010390:  D6 B7 4E AE 24 ED BD 2F - 66 EA CF 0E 15 B8 E9 26  ..N.$../f......&
000103A0:  76 B2 D1 5B 7D 63 FC 81 - 91 8E D6 C1 0C F7 EC 50  v..[}c.........P
000103B0:  EE 65 B2 DD 64 87 29 2E - FB 4F 36 DA 42 DE 8D 9B  .e..d.)..O6.B...
000103C0:  CE 96 5F A0 3A 68 83 E2 - 3E 81 4D 48 0C 71 73 8A  .._.:h..>.MH.qs.
000103D0:  3C 44 9A FC 4A 5C A3 7A - 82 B8 F0 29 D2 05 A8 56  <D..J\.z...)...V
000103E0:  D3 C3 D4 C6 9D 0E AF 1F - 6E 0D 04 CF 7B 52 78 DF  ........n...{Rx.
000103F0:  18 69 B2 68 A0 AA BA 4D - F8 3A C5 F8 E8 95 F4 86  .i.h...M.:......
00010400:  DF E4 EB 0E 89 45 5F 75 - 11 72 8A E6 A8 61 CE 15  .....E_u.r...a..
00010410:  BB E3 A5 0C AC E7 0E 48 - E9 94 53 97 75 ED 8E DD  .......H..S.u...
00010420:  3D 86 EC 0F 93 75 F1 0A - 4F B0 48 75 40 AA EA 60  =....u..O.Hu@..`
00010430:  CA 9E 86 22 06 22 8A 54 - AA 9B 9A 1B 3D A4 D4 71  ...".".T....=..q
00010440:  CC B8 C4 D8 8E CD 13 DB - A6 5A C3 6F 06 3E 66 F4  .........Z.o.>f.
00010450:  4B 9A 1D 44 90 5A A2 26 - 99 FD 1D 73 6E 15 05 0F  K..D.Z.&...sn...
00010460:  AD 00 2E 21 3A 00 AA CA - 17 CB 3F 36 FD DC 92 81  ...!:.....?6....
00010470:  67 39 89 CE CB DE 0A 7D - 7C 6A 06 69 37 11 2F 60  g9.....}|j.i7./`
00010480:  05 A8 E2 E4 38 A3 79 2F - CA 83 B8 4B 99 83 1E 75  ....8.y/...K...u
00010490:  6F 4A EC 89 BD 24 46 D2 - 9E 31 62 CA 22 0E FF CA  oJ...$F..1b."...
000104A0:  AA B5 08 80 ED E2 DD 19 - C6 AB EB AB 14 54 50 62  .............TPb
000104B0:  03 91 3D 31 45 1E 38 30 - 65 98 18 30 12 9C A7 7B  ..=1E.80e..0...{
000104C0:  29 C0 A7 22 49 37 60 4A - BA 8C 2B 9B 52 CC D3 6B  ).."I7`J..+.R..k
000104D0:  A7 AE 31 08 42 1D FA AD - A0 14 94 4B A6 74 25 66  ..1.B......K.t%f
000104E0:  DF 93 53 56 C9 B5 B1 E5 - 7F 82 28 DD B6 15 11 99  ..SV......(.....
000104F0:  C9 B2 14 49 B2 CE 18 23 - F3 CF 82 5F E9 1B 83 66  ...I...#..._...f
00010500:  65 09 22 D0 C1 89 A6 94 - 29 75 2F FB D1 F0 9B 20  e.".....)u/.....
00010510:  6D 01 D1 D4 D9 0B 9F F3 - 77 E0 4F BC 11 4B FE E5  m.......w.O..K..
00010520:  AE C1 9C 39 3A 80 7E 8F - 78 76 7A 92 5D 11 94 9A  ...9:.~.xvz.]...
00010530:  C2 35 F6 89 EB 42 FC 81 - 81 50 96 57 F3 FB 9D B0  .5...B...P.W....
00010540:  04 94 AC E4 43 82 CA C2 - F6 A8 0D BA 3A 73 08 0C  ....C.......:s..
00010550:  D4 FA FB D8 D1 1E EC CB - BB 6C 71 96 5C 70 F2 64  .........lq.\p.d
00010560:  A5 DB E9 2B 18 3C A0 6F - 9A 9A DC 7C 99 7A 2E 06  ...+.<.o...|.z..
00010570:  82 D8 FB AF 45 20 DA C3 - 39 F4 E2 DE 32 19 9C AC  ....E...9...2...
00010580:  8F FA 4B 9C 6C 6C 0D 0E - CA 9A F1 D3 AA 32 AE 3B  ..K.ll.......2.;
00010590:  CC D9 89 F8 38 46 99 03 - 24 86 BF DE 5B E0 3B CB  ....8F..$...[.;.
000105A0:  50 24 DE 40 70 35 A1 F2 - 8A 81 DB 1E 5E F4 A1 30  P$.@p5......^..0
000105B0:  36 DE 9D E0 BE C3 92 55 - 00 BF E6 AC 80 D3 D2 2D  6......U.......-
000105C0:  6A 3B DC 93 04 BC 32 55 - F5 37 97 49 41 64 22 EC  j;....2U.7.IAd".
000105D0:  5B C3 BB 2F DC D2 69 4B - 0C E7 75 0D D5 4F 94 23  [../..iK..u..O.#
000105E0:  00 82 8C 9E FB F5 CF 45 - FB 3F C1 3B 3A C4 3F 55  .......E.?.;:.?U
000105F0:  0C DA 49 3A A5 67 41 9A - 3C 8D 52 67 03 DD B2 F2  ..I:.gA.<.Rg....
00010600:  E8 B4 4D 23 D4 40 FB 61 - E9 1B 04 97 A6 3F 2E F0  ..M#.@.a.....?..
00010610:  E1 81 1F 7A D8 35 78 96 - 53 C9 72 16 36 F2 B2 45  ...z.5x.S.r.6..E
00010620:  67 C3 4E 44 C5 9F 7C 04 - ED A9 47 EE A1 CF 6E C3  g.ND..|...G...n.
00010630:  61 C5 0F 90 51 6D 85 FA - 21 E1 21 7A E1 55 94 C7  a...Qm..!.!z.U..
00010640:  C1 D6 D8 60 8D 59 8C AB - 04 41 AA DD 26 58 05 A4  ...`.Y...A..&X..
00010650:  BE 4C 61 48 82 03 74 77 - 17 B1 A3 D2 1A B6 CD C1  .LaH..tw........
00010660:  BB B2 41 D3 6A EA CB E2 - F6 1E 37 47 E9 0A AB 6C  ..A.j.....7G...l
00010670:  D9 CB 14 94 61 BB AB 67 - 16 17 81 D8 CC FA 64 01  ....a..g......d.
00010680:  C0 2A 3D A5 8A 2A 1A 56 - 87 72 50 3C 3C 81 C5 53  .*=..*.V.rP<<..S
00010690:  96 91 C6 CD 72 26 61 EE - EA F5 58 D5 09 A6 67 FA  ....r&a...X...g.
000106A0:  E6 FE 8B 82 C3 40 76 7B - EA 4F 6F EF 1A A1 9C 56  .....@v{.Oo....V
000106B0:  01 50 C2 DC F8 5F BA 89 - 62 52 B1 8C AC 8E 2E D7  .P..._..bR......
000106C0:  04 AD FA D2 D2 CF 09 51 - D2 8B 69 D3 78 B4 11 96  .......Q..i.x...
000106D0:  27 FA 25 B3 C8 7B ED 37 - 30 77 F6 A1 8E 76 D0 BA  '.%..{.70w...v..
000106E0:  5D FA C1 CB 8F A7 7D CD - CA F0 F8 2C DA E8 01 7C  ].....}....,...|
000106F0:  91 45 95 9B 24 A4 A3 C2 - 25 6F 3F D7 18 51 47 0D  .E..$...%o?..QG.
00010700:  53 2A 22 09 F2 23 D4 25 - 35 CB 6F 8C 21 35 F7 BE  S*"..#.%5.o.!5..
00010710:  19 E6 EA 7A 19 39 F2 1F - F6 AD D8 13 A9 87 8A 53  ...z.9.........S
00010720:  71 75 93 37 4B D2 12 F4 - AD 6C 14 93 E7 D7 40 AF  qu.7K....l....@.
00010730:  86 D4 F3 FF 75 2A 4A E5 - A4 39 54 4E B8 38 38 AF  ....u*J..9TN.88.
00010740:  10 92 79 9D 46 BF 9D 91 - BC 2D A2 89 0E C5 DA 69  ..y.F....-.....i
00010750:  E2 A6 D8 74 C7 82 FC 81 - 43 38 67 E2 58 DD B2 80  ...t....C8g.X...
00010760:  25 FA B8 6D EE 4C E4 BB - 82 8A EC D0 4B 7C 37 E7  %..m.L......K|7.
00010770:  16 EC 5F 65 F1 CE 2E 3E - 0D AB 8E 6B 45 3A DA 43  .._e...>...kE:.C
00010780:  0B B1 39 9A DA 57 B4 42 - C7 F9 C7 DE B4 5C 47 6C  ..9..W.B.....\Gl
00010790:  1B F2 C1 E6 BE E4 99 2E - DB 00 D2 80 3E 13 54 B9  ............>.T.
000107A0:  48 84 55 D1 41 F2 DF 7B - 84 0A CF 5D 1C 5A 78 14  H.U.A..{...].Zx.
000107B0:  8F A1 01 9F 1B 4B B4 07 - 97 19 66 8A FC 44 AF 2A  .....K....f..D.*
000107C0:  60 D1 24 5A EB 36 2D 15 - 6E 2C 79 8C 62 46 AF B6  `.$Z.6-.n,y.bF..
000107D0:  31 9F 2F 25 6F 1D 36 E9 - 67 81 77 BF AF F2 F8 B8  1./%o.6.g.w.....
000107E0:  FF EB F9 DE D9 78 EA 03 - 2F EF 43 2A CE 18 6F F6  .....x../.C*..o.
000107F0:  88 AC CB 6A B5 51 92 09 - 14 1A 9D A1 B1 B8 E7 15  ...j.Q..........
00010800:  DF A5 71 E1 5C F2 3F 8E - 6F 9C 43 46 1B 58 04 A3  ..q.\.?.o.CF.X..
00010810:  D9 7C 97 9D 0A 4B E9 B6 - E6 F7 CD 7B B8 2F 60 EE  .|...K.....{./`.
00010820:  8F E9 1D 57 85 80 CC EC - 7C 3B C8 EE 1C 52 EB C5  ...W....|;...R..
00010830:  8E F5 B0 2F 55 4B D7 5C - DF 71 AD 29 68 98 50 F0  .../UK.\.q.)h.P.
00010840:  7A 77 03 27 05 04 7D DB - 94 B9 02 C3 A9 A1 32 A2  zw.'..}.......2.
00010850:  6E 74 59 84 1A 20 CC 40 - 43 7B 1D 9A 00 08 F3 E2  ntY....@C{......
00010860:  72 1A 98 B0 99 CF 3A 90 - 58 A7 EC DF 67 84 28 04  r.....:.X...g.(.
00010870:  DD 28 E7 4D 7D 13 48 A9 - BB D7 69 B5 FF 34 D7 FA  .(.M}.H...i..4..
00010880:  5E 0D 1E 77 85 38 6C 81 - 32 BF A8 2F 36 E9 20 39  ^..w.8l.2../6..9
00010890:  38 F4 EE 89 47 80 AE 86 - 58 CA 58 A6 4D 6B C6 BE  8...G...X.X.Mk..
000108A0:  97 F6 0E E6 B9 A9 90 60 - D5 C9 FD 24 FE 22 91 21  .......`...$.".!
000108B0:  72 33 FA 70 00 6E 49 07 - 8E 2F 23 42 80 CF 9C D4  r3.p.nI../#B....
000108C0:  5A 65 A4 FF 4A 24 2E AC - 64 76 40 64 6A 9E C4 40  Ze..J$..dv@dj..@
000108D0:  A6 1C D2 ED E9 EE E0 E3 - 99 33 28 22 67 3A 79 F7  .........3("g:y.
000108E0:  61 AF 1A 60 F8 51 2F 1B - 14 F4 B4 2E C9 CA 2C DF  a..`.Q/.......,.
000108F0:  C5 74 1C 73 E5 CF 5B EC - 48 C0 A1 20 16 E7 37 E7  .t.s..[.H.....7.
00010900:  CD 63 B6 BF 36 8B 6C 21 - 3F 42 F3 9E 0E 6E CC 65  .c..6.l!?B...n.e
00010910:  AC 35 76 C4 34 9B 06 C2 - B6 4A 06 10 CB 27 D7 7D  .5v.4....J...'.}
00010920:  9C F1 EF 35 C5 DE 37 02 - 3E FB DD EF 89 9D 73 20  ...5..7.>.....s.
00010930:  2A A4 36 42 7A 80 22 4D - 5C 89 9F 3E 1E 05 85 ED  *.6Bz."M\..>....
00010940:  93 D8 94 69 03 EC 0F 4B - 10 75 34 F5 9A 07 BF 0C  ...i...K.u4.....
00010950:  9F 20 3C AD 28 55 03 EC - 35 E2 9E CF E4 C1 C2 87  ..<.(U..5.......
00010960:  B4 EC 9B 96 65 9C B9 19 - F1 2C D9 16 E8 22 92 7E  ....e....,...".~
00010970:  EE C9 40 13 C1 40 3B 2A - AB E5 5A 59 9A 81 B8 1B  ..@..@;*..ZY....
00010980:  5B 7E 35 0F 5E 26 43 7D - A2 8D 26 98 D4 EA 99 2F  [~5.^&C}..&..../
00010990:  B3 D2 4E 90 9B 99 E7 CA - 67 6B 12 6E DE 84 E7 FA  ..N.....gk.n....
000109A0:  50 62 C2 16 90 7A DE ED - 2F 60 C9 F2 99 99 56 78  Pb...z../`....Vx
000109B0:  3E 0A FB 72 95 84 D1 52 - ED 97 B4 D5 F8 7E 90 BF  >..r...R.....~..
000109C0:  57 19 CB 11 F7 C8 22 BD - B3 57 E1 D2 02 EC 3F CB  W....."..W....?.
000109D0:  97 3C E4 64 86 84 38 82 - 93 81 0C 44 56 38 4E 46  .<.d..8....DV8NF
000109E0:  1E 18 00 50 1C 53 E0 10 - 48 1D 9B 71 43 6B 51 AE  ...P.S..H..qCkQ.
000109F0:  64 8C 4A 23 4B C7 44 BD - E6 BC 01 13 A1 D3 E3 63  d.J#K.D........c
00010A00:  3E 21 7A 9D 9F 8F FE 97 - 73 0A D8 C1 57 0B 24 BE  >!z.....s...W.$.
00010A10:  03 06 2F 43 A0 33 FF FD - 94 4D 34 28 49 61 58 87  ../C.3...M4(IaX.
00010A20:  9B 3D 91 39 DE 22 52 32 - 57 A2 02 A4 D0 BE 11 A1  .=.9."R2W.......
00010A30:  11 4E 74 C9 AD 42 81 64 - 76 07 19 B1 EC AB A7 95  .Nt..B.dv.......
00010A40:  28 58 B1 50 0B AF 19 D8 - 4B A2 10 BF 8A 47 E1 BF  (X.P....K....G..
00010A50:  B2 7E 5D B9 04 CE 73 7C - E8 42 50 AB 2F 94 39 6F  .~]...s|.BP./.9o
00010A60:  F4 DD C4 0C 68 65 DF 74 - BC 04 9C 0F EF 93 DD 47  ....he.t.......G
00010A70:  B5 7E 3F E8 31 91 CF E5 - 7F FE 3C CE 08 6A C0 65  .~?.1.....<..j.e
00010A80:  55 16 5F 37 22 28 C1 83 - 32 54 52 C0 61 85 A2 03  U._7"(..2TR.a...
00010A90:  C8 E5 DF 78 36 57 CD 5D - 4E 3D C5 22 C7 58 A0 03  ...x6W.]N=.".X..
00010AA0:  04 85 77 10 7D A4 E7 BC - 70 D8 72 E4 97 80 71 2D  ..w.}...p.r...q-
00010AB0:  47 0E 3E 3C 5D FE F1 2E - 50 07 C2 A1 10 29 B0 68  G.><]...P....).h
00010AC0:  09 D7 D6 36 DC 07 76 B3 - 78 07 43 24 4C 6E F0 62  ...6..v.x.C$Ln.b
00010AD0:  BC 18 68 74 D3 DE B7 35 - C5 A6 77 F1 11 1C 90 1B  ..ht...5..w.....
00010AE0:  20 94 99 3A 3A D2 81 5A - 46 83 43 A5 BD D5 85 7F  ...::..ZF.C.....
00010AF0:  31 BF E9 29 24 97 11 DF - A2 92 C2 FA 81 8F 60 3F  1..)$.........`?
00010B00:  AB 60 E0 A6 03 7F 95 69 - D4 99 52 08 A1 E3 0F 17  .`.....i..R.....
00010B10:  A4 C8 0C CB 68 E2 8B 96 - D3 14 90 FA DD CF A5 41  ....h..........A
00010B20:  7F 6A BD D0 F3 7A 21 DD - AB 29 82 34 C3 2B 6A 2C  .j...z!..).4.+j,
00010B30:  27 B7 30 AE 57 C6 C8 B5 - 09 BD 1A 12 C5 BF B9 A1  '.0.W...........
00010B40:  B6 DC B1 B0 98 4E A8 E1 - 58 E1 19 73 51 04 6F DA  .....N..X..sQ.o.
00010B50:  3C 46 07 3A 7B 72 F1 7A - 34 60 4C 6E 56 30 A5 EB  <F.:{r.z4`LnV0..
00010B60:  1D D4 AC 4C D9 62 21 48 - BA FA 65 C7 09 14 DA 62  ...L.b!H..e....b
00010B70:  23 97 73 8E D6 90 A8 FE - C9 F8 4A 41 22 6D AE C6  #.s.......JA"m..
00010B80:  CA E0 B4 7E 2A 0A 74 3E - 6F E6 B6 4A E1 CA 49 B9  ...~*.t>o..J..I.
00010B90:  D8 77 A4 18 36 96 32 58 - 68 E0 30 1F 91 B8 3E E2  .w..6.2Xh.0...>.
00010BA0:  2D 2B 66 D8 8A B9 1E 6F - 77 3C 64 5C 5E 2B 59 DD  -+f....ow<d\^+Y.
00010BB0:  C5 79 96 81 6C 1B B5 1B - 23 3D C3 25 6B 6D C1 C0  .y..l...#=.%km..
00010BC0:  7F 25 2C BF BE 2A 1A 7C - 72 9B 88 10 9F F3 5B CB  .%,..*.|r.....[.
00010BD0:  E9 61 37 49 47 EB B2 45 - D3 14 DA 81 FE C4 C0 86  .a7IG..E........
00010BE0:  54 C2 7E F4 DE 00 B1 37 - BA 40 B5 86 64 28 FE 16  T.~....7.@..d(..
00010BF0:  A5 64 82 D8 23 69 2F 09 - D9 3D F3 63 9A 3D 3C B4  .d..#i/..=.c.=<.
00010C00:  CF C6 40 18 82 AB F8 59 - AA 8C B5 E6 2A 04 7C 17  ..@....Y....*.|.
00010C10:  F3 8C 6E 06 EE C7 B4 83 - 9C D7 2B AD 67 45 24 F3  ..n.......+.gE$.
00010C20:  D3 E6 89 0C 95 30 B6 D4 - EF 3E 77 0A AD 17 96 47  .....0...>w....G
00010C30:  84 10 B6 23 72 26 9A A9 - 71 73 96 E9 74 57 CB 65  ...#r&..qs..tW.e
00010C40:  F6 CF F5 79 F8 BE BC E5 - 9E BA C4 DE 2B D8 95 B6  ...y........+...
00010C50:  5B 7A 3D 06 FB 32 9E B6 - 7C 6F 1B 58 41 68 B2 3C  [z=..2..|o.XAh.<
00010C60:  AB 0A 0A 04 52 29 A1 A5 - FD E9 32 1C F2 EE AE A5  ....R)....2.....
00010C70:  52 1F C6 72 E4 72 39 25 - FB 15 A0 C2 14 C1 78 0C  R..r.r9%......x.
00010C80:  9A 41 86 CB A2 81 E9 A6 - D0 A8 7B 46 02 A8 09 72  .A........{F...r
00010C90:  48 C0 4A 98 A3 7C 09 0C - F6 66 93 BC 47 57 59 BC  H.J..|...f..GWY.
00010CA0:  37 8C BB D0 EF 8F DA 66 - CC BF 69 4C 6A D2 A1 A0  7......f..iLj...
00010CB0:  57 FD 35 A1 52 1D 8F 91 - 83 B6 1B 77 4D 9C C1 57  W.5.R......wM..W
00010CC0:  FD 00 7E 3E D8 14 CE F3 - 94 A7 73 10 91 24 23 35  ..~>......s..$#5
00010CD0:  F4 54 48 84 88 4F 9C B2 - 43 27 8B A6 E3 55 91 7F  .TH..O..C'...U..
00010CE0:  E6 D5 6E EC A6 9C EB 8D - 43 B6 30 37 F2 C4 D7 51  ..n.....C.07...Q
00010CF0:  95 31 29 4A F0 86 F7 B8 - B7 81 93 7E F1 A1 44 D4  .1)J.......~..D.
00010D00:  B7 1C C1 34 E0 47 57 38 - 8A 2F 2B D4 00 B5 82 18  ...4.GW8./+.....
00010D10:  08 9E 10 BD A9 0C 91 75 - E5 92 2C 48 60 96 A8 34  .......u..,H`..4
00010D20:  2E DB F6 01 EB 1A 65 F5 - 32 96 C9 83 15 41 41 A4  ......e.2....AA.
00010D30:  31 3B B1 7F 36 83 8B 63 - DD 00 21 8B 66 71 35 FA  1;..6..c..!.fq5.
00010D40:  30 8D 06 53 49 DA 5D 76 - 86 9F 84 AA 63 F7 53 DD  0..SI.]v....c.S.
00010D50:  33 6B 78 D2 9F B3 0C 03 - 63 BE A9 46 54 0B 3A A0  3kx.....c..FT.:.
00010D60:  AD 66 BB 50 BA 66 6F A8 - B0 C3 3B B9 F3 45 E0 58  .f.P.fo...;..E.X
00010D70:  BB DE 4E 71 53 E6 53 E4 - D9 17 E7 BD C3 74 31 77  ..NqS.S......t1w
00010D80:  09 69 67 AA 66 99 9D 9F - 88 B9 BC 9E 62 4A BC C6  .ig.f.......bJ..
00010D90:  B0 CF E0 3A 62 36 F8 36 - 6D 09 66 0C 17 05 11 D1  ...:b6.6m.f.....
00010DA0:  54 27 9E E2 A0 A9 FA 5F - 3B 6F DF C4 D9 41 77 E2  T'....._;o...Aw.
00010DB0:  01 B5 E6 60 95 D8 4F E4 - 7E 56 DB FA 5B E2 7B 85  ...`..O.~V..[.{.
00010DC0:  DB 4B 14 81 EB F0 FE A4 - 84 6B 3F 41 8C 55 EE B0  .K.......k?A.U..
00010DD0:  2F 15 45 FC 0F BC 90 8F - 71 09 C5 BB 39 E9 0F 0C  /.E.....q...9...
00010DE0:  57 CA 0D B0 1E 35 CE E7 - 96 DC EE 54 83 E3 E8 B5  W....5.....T....
00010DF0:  AE 09 D7 BA D4 20 60 ED - BB 21 0B 47 E0 A3 52 59  ......`..!.G..RY
00010E00:  FB 0B E7 8E 76 08 D6 D0 - 73 4C B0 BA CE 1B 63 5B  ....v...sL....c[
00010E10:  CE 4A CD BC 3C 35 94 43 - 59 25 6C F3 2D 56 D5 27  .J..<5.CY%l.-V.'
00010E20:  13 92 80 5C 18 E0 74 DA - AC 02 74 4D 61 F7 00 2B  ...\..t...tMa..+
00010E30:  91 BE B9 8C 46 66 BC 1D - C0 5E 17 96 4B 64 62 E2  ....Ff...^..Kdb.
00010E40:  7F 1E 65 46 D7 A4 27 92 - 69 F4 05 E8 4B C0 CF 0A  ..eF..'.i...K...
00010E50:  78 1E 91 36 E1 5A F6 30 - D7 E8 F0 6A F6 98 B9 2C  x..6.Z.0...j...,
00010E60:  31 EE 31 EF D4 0B 19 8A - EA ED 04 D1 0E 92 4C 47  1.1...........LG
00010E70:  F7 E9 23 D6 D8 47 40 55 - 5B 71 71 50 C2 0C E2 FD  ..#..G@U[qqP....
00010E80:  63 6A D0 EF E3 16 7A 75 - AE 10 EB C1 02 F2 9A ED  cj....zu........
00010E90:  D4 2E B0 CE 72 4E F9 8D - 2C 92 43 B3 BF 62 52 AB  ....rN..,.C..bR.
00010EA0:  30 22 8B 7C E5 F2 D2 44 - 4C C0 EA 3C 72 43 3F B9  0".|...DL..<rC?.
00010EB0:  52 C1 62 0A AF 9A F6 E5 - 80 30 FF E9 EA 1B 92 CE  R.b......0......
00010EC0:  D6 D6 63 F9 2C 7C CA A0 - C5 AC 2F 11 7E 58 D4 24  ..c.,|..../.~X.$
00010ED0:  04 F6 78 1A 10 90 CF 2C - 0E 9C 20 FF A1 B5 E1 53  ..x....,.......S
00010EE0:  B6 16 6B 18 5F 03 F1 16 - 00 01 82 5C 18 C9 F8 26  ..k._......\...&
00010EF0:  A2 EE 70 54 DF CA 45 C6 - C3 00 E7 75 1A 73 88 D9  ..pT..E....u.s..
00010F00:  8B 2E 93 BF EA 6F E5 A2 - CE 93 D8 37 4C 75 6E 7E  .....o.....7Lun~
00010F10:  0B 44 5D 20 9D A0 EB 88 - D3 E2 48 45 5F B2 F4 18  .D].......HE_...
00010F20:  F0 BE 63 8D 64 32 88 C3 - 9A FE 6D 64 70 43 A9 4C  ..c.d2....mdpC.L
00010F30:  3D CC C9 4D C1 AD 1A 00 - AD E5 46 57 26 0F 92 CC  =..M......FW&...
00010F40:  BB BF 77 F6 33 1F 86 9B - 87 BD 36 33 78 1E D7 0F  ..w.3.....63x...
00010F50:  92 2F 88 6C 44 4E 8F 7C - 2A 5A 00 D8 9F 32 DB 2B  ./.lDN.|*Z...2.+
00010F60:  8A EE BF CA A2 12 2D F6 - 6E 94 F7 22 8A CC 0B E0  ......-.n.."....
00010F70:  74 2E 7D 4C F0 0B 7F 1A - 96 B0 3E 6D A0 FA B4 ED  t.}L......>m....
00010F80:  E8 6C 1C BA EE A9 59 4F - 0A D9 71 8A 10 CE 48 AD  .l....YO..q...H.
00010F90:  DF 53 18 42 F9 75 81 C6 - A9 BC E7 EB 23 74 5F D1  .S.B.u......#t_.
00010FA0:  CE 2E D2 31 F2 E5 C6 FC - 38 B3 35 D8 96 73 1F 12  ...1....8.5..s..
00010FB0:  DA 78 79 30 37 C2 E7 8E - D0 6A 95 CD 4E A4 DB 06  .xy07....j..N...
00010FC0:  B6 02 B0 AE 5D C0 C9 89 - 8C 9A 1A 9D 71 6C A7 56  ....].......ql.V
00010FD0:  F9 0D F4 00 96 B4 FE 4D - 2C 69 DF F3 60 BF 5B B7  .......M,i..`.[.
00010FE0:  85 4E 44 72 6C 5B 23 6F - AF 95 35 BE CC 77 99 AB  .NDrl[#o..5..w..
00010FF0:  D5 E0 22 F0 8F 0B 20 7D - 40 3B DF 1E 46 C8 BD 5C  .."....}@;..F..\
00011000:  12 8B 22 E1 F3 EA 31 1A - 87 F0 17 AD A9 02 B9 0D  .."...1.........
00011010:  D3 08 C0 E5 95 98 EB BD - AF 5B C5 D4 20 B3 27 12  .........[....'.
00011020:  1E 32 9F DE 32 3F 63 2B - 48 14 C7 96 4B F9 71 BA  .2..2?c+H...K.q.
00011030:  04 02 21 B3 A7 AB B8 4F - AB F2 4A 38 1B E9 CF 8E  ..!....O..J8....
00011040:  5E CF B1 5D 84 6C 63 9C - B5 39 FF 03 12 ED 44 27  ^..].lc..9....D'
00011050:  B3 5F 29 95 A3 90 83 ED - FE D0 9D BD 00 03 E8 15  ._).............
00011060:  FD 84 94 BE AF F2 75 81 - FA 03 69 A7 F3 F1 13 C8  ......u...i.....
00011070:  82 D8 2B A1 AC D9 D1 3C - 05 C3 0D E4 B8 A0 CD 71  ..+....<.......q
00011080:  B6 D1 00 B2 FD 51 F0 38 - 3F 27 36 44 A3 97 1F DD  .....Q.8?'6D....
00011090:  A3 98 4E 2D CE 18 D9 86 - CE BD 14 17 69 F2 90 D0  ..N-........i...
000110A0:  F6 18 A6 05 87 58 E8 F4 - 36 EB 90 66 F2 BE 7B 52  .....X..6..f..{R
000110B0:  68 DF 8B F2 6D AA 1A 3F - C3 C3 39 26 72 71 E2 C5  h...m..?..9&rq..
000110C0:  99 50 AB BD 44 DC 0E 0D - 31 34 00 CD 84 A1 80 9A  .P..D...14......
000110D0:  B1 3F 37 4E 64 AF CB DE - DF DC 9F 00 59 7E C6 B6  .?7Nd.......Y~..
000110E0:  2A C6 FC BE 36 84 9A 68 - 2C BB 26 A3 B8 3C A8 7D  *...6..h,.&..<.}
000110F0:  AE 20 62 32 A6 31 14 8E - 3C 63 65 A5 C9 0D DA D6  ..b2.1..<ce.....
00011100:  82 24 60 CB ED 3D 01 0E - 94 22 CF 67 51 DB A5 FB  .$`..=...".gQ...
00011110:  31 21 FD 28 EA F3 DF 42 - 83 2B 35 EB 8E DC 5C 13  1!.(...B.+5...\.
00011120:  F7 55 BB 8F 18 23 41 83 - B2 4B 47 83 2C 65 B1 43  .U...#A..KG.,e.C
00011130:  94 16 92 AB E6 AA 23 07 - 41 5E 23 C5 0B D8 C6 8B  ......#.A^#.....
00011140:  D9 43 EF D7 5A 27 F2 DA - 24 3C CD 0B 9A EB 6B D7  .C..Z'..$<....k.
00011150:  4A 86 CE BB 5A 5E 19 29 - 73 22 E1 69 D0 A1 ED 03  J...Z^.)s".i....
00011160:  A6 88 97 59 99 12 75 72 - 4F 1B 09 ED 14 0A 30 9F  ...Y..urO.....0.
00011170:  2A E9 21 41 C2 96 16 D1 - B0 57 94 A8 14 2E CB 0B  *.!A.....W......
00011180:  15 0F E2 40 E3 E0 F0 77 - B3 B6 E9 CE 18 F0 E2 66  ...@...w.......f
00011190:  4F 96 9C 6D AE D0 F6 BF - 67 30 95 28 20 EB 20 FF  O..m....g0.(....
000111A0:  C6 1F 70 D0 6F 1A 05 39 - 14 AD BF 34 A0 58 F2 C9  ..p.o..9...4.X..
000111B0:  D0 0B 09 CB 8C D9 15 D5 - 5C DA BA 14 55 35 43 B2  ........\...U5C.
000111C0:  86 9F 13 97 9B 64 28 91 - 98 84 1F 4E A3 8A AB 25  .....d(....N...%
000111D0:  43 98 A1 33 B8 1B AB FA - 4A 35 F3 16 9C 39 81 90  C..3....J5...9..
000111E0:  2E CA EF 44 77 96 B2 D2 - AC 9B 8D 73 DC F1 67 80  ...Dw......s..g.
000111F0:  24 3F 6F CA 0A 18 00 42 - 10 B7 C6 E2 5A 03 5E E0  $?o....B....Z.^.
00011200:  F7 B0 D6 01 C2 1A BE 8A - D1 B1 97 57 91 E6 83 0C  ...........W....
00011210:  92 FD D8 93 AC EE 60 77 - 50 51 FD C9 01 C5 1F CB  ......`wPQ......
00011220:  30 6B BE 25 48 65 AA 01 - A8 A0 29 37 AB 95 97 23  0k.%He....)7...#
00011230:  9B A8 95 AB 81 7F DD 18 - B2 CA 2F 99 14 5B EA E4  ........../..[..
00011240:  1D 99 F2 E9 41 87 A3 84 - DC 8D E4 03 FD 6A E9 F8  ....A........j..
00011250:  98 B2 6E 34 D7 5F D8 F6 - 52 33 A1 DD 37 70 FA C4  ..n4._..R3..7p..
00011260:  6A 15 0D 7A BD 70 4F 33 - C0 64 35 4A 00 4A EC 71  j..z.pO3.d5J.J.q
00011270:  D6 1B AA 61 36 B1 E4 98 - 1B 05 76 13 2F F7 8A CD  ...a6.....v./...
00011280:  EE 34 B9 1E 9A 59 25 BB - 35 5F 74 9C 26 BC 0B A6  .4...Y%.5_t.&...
00011290:  84 57 79 92 68 29 32 F3 - 73 D2 42 17 95 2B A9 79  .Wy.h)2.s.B..+.y
000112A0:  B6 B7 9C DE FC 98 3E A9 - D8 CF 37 08 6B C4 2E 89  ......>...7.k...
000112B0:  6C 01 4F 6C 92 40 20 A8 - 36 D9 B1 3E E3 3E 5C 5C  l.Ol.@..6..>.>\\
000112C0:  55 A4 88 B4 38 63 EB 5B - 8B 05 66 14 91 38 F4 BC  U...8c.[..f..8..
000112D0:  54 02 FA EA AF 1C 8D CC - C7 80 77 B9 2E BC 25 70  T.........w...%p
000112E0:  C6 4E 6E AC 30 C9 33 C6 - EC DE AB DC DF 44 DD 0F  .Nn.0.3......D..
000112F0:  72 6E 51 A0 43 34 94 5C - BF 37 B8 84 3E B0 E8 77  rnQ.C4.\.7..>..w
00011300:  B4 DD 10 AC 33 FA 85 46 - D9 1E 93 D5 FD 40 87 CD  ....3..F.....@..
00011310:  8E 2F 60 7E 1C 7D 3A 9C - C0 1E 3F 3D BA AE 6C F8  ./`~.}:...?=..l.
00011320:  22 0A F5 9F E8 41 BA 59 - 35 4A 65 F9 CB 33 B5 A6  "....A.Y5Je..3..
00011330:  08 D2 37 58 CB 3C EC 8F - 7A 50 93 8F AD A9 EC E0  ..7X.<..zP......
00011340:  C8 D6 AF DB E6 1B EC 53 - 48 56 88 F8 41 44 71 20  .......SHV..ADq.
00011350:  94 F3 BD 70 38 6B 2F C4 - 9F D6 55 57 D0 EB 63 9B  ...p8k/...UW..c.
00011360:  8B 01 5E 1F 43 8E D7 C0 - FC 59 44 E6 96 C3 67 F1  ..^.C....YD...g.
00011370:  84 21 57 B1 84 5A 44 C3 - 0B 83 DC 09 B7 8C 21 09  .!W..ZD.......!.
00011380:  22 28 92 5B B5 99 C2 00 - 4D 6E 3B C2 D3 35 44 AF  "(.[....Mn;..5D.
00011390:  97 87 9E 06 B1 35 B5 57 - D8 FC 76 08 5F 57 3A 6F  .....5.W..v._W:o
000113A0:  E0 58 07 4A 6D 4C 08 51 - B7 E2 66 BB B4 78 CB 00  .X.JmL.Q..f..x..
000113B0:  A9 8B AA C2 30 35 7D D7 - 7F 05 C2 78 3E 84 C6 7B  ....05}....x>..{
000113C0:  E0 85 32 9B B4 7F 1F CC - 4E 14 40 C1 47 B8 1D AE  ..2.....N.@.G...
000113D0:  DA 52 FD B1 0B 62 DC 8A - 61 DF BD 8E FF 46 2D 7F  .R...b..a....F-.
000113E0:  D3 95 A7 4B D6 8C 43 DC - 54 F8 D2 C5 25 61 C7 E5  ...K..C.T...%a..
000113F0:  46 B1 F4 C0 43 B5 4F 78 - 74 9B 5D 44 8B 83 0D A4  F...C.Oxt.]D....
00011400:  12 15 6F DC 2B C3 51 AD - 62 42 1B 65 16 37 02 42  ..o.+.Q.bB.e.7.B
00011410:  C3 45 7C 6C 08 FA 87 D3 - B6 AF F9 7B AA A3 72 7F  .E|l.......{..r.
00011420:  50 69 E7 62 9C 00 98 76 - 5E F9 F3 4A F2 A6 17 EF  Pi.b...v^..J....
00011430:  CD 7B 9D 1E 1E 14 CA BB - F4 01 8C 7F 54 07 BC B0  .{..........T...
00011440:  89 56 69 13 CF 21 D9 25 - 8C 58 52 0E D2 06 01 0B  .Vi..!.%.XR.....
00011450:  C5 93 FB 40 51 EE 4C 1D - 71 68 68 51 83 A0 64 23  ...@Q.L.qhhQ..d#
00011460:  0A 36 24 AD 66 2A A0 02 - 0C 0F 80 C9 51 C6 9A 33  .6$.f*......Q..3
00011470:  40 C0 1F B2 0E 8A 6A 12 - 35 97 EE 6E 79 48 41 B6  @.....j.5..nyHA.
00011480:  DF 2A D0 B0 46 C1 2D 71 - 91 F6 CA 75 39 DB BD 2E  .*..F.-q...u9...
00011490:  12 0E 09 8C E3 E8 B2 3B - 78 3C E7 12 6A A6 13 2F  .......;x<..j../
000114A0:  D6 E6 C3 E9 93 D3 A5 C4 - B4 6F E0 C3 05 4A E3 3D  .........o...J.=
000114B0:  99 E2 F1 85 75 83 72 24 - 44 2A A7 5C 52 23 6C B3  ....u.r$D*.\R#l.
000114C0:  81 70 02 48 89 76 1B 9A - B4 BA 1A 77 F1 76 40 AD  .p.H.v.....w.v@.
000114D0:  2A 7C AF A2 E3 9C 02 16 - 87 75 A1 8F A7 73 67 AB  *|.......u...sg.
000114E0:  E1 D2 6A 96 09 66 D7 0A - 70 31 64 14 E6 B7 6D 36  ..j..f..p1d...m6
000114F0:  9D F1 2C 37 67 AD 4F 44 - 33 22 B1 D1 56 7F 69 84  ..,7g.OD3"..V.i.
00011500:  74 B7 31 31 EC D4 0E 0A - FF 58 47 A2 BF E8 6A 60  t.11.....XG...j`
00011510:  22 63 28 38 E6 D1 0D 21 - 8A C7 02 F7 15 24 CE 86  "c(8...!.....$..
00011520:  35 72 46 7B 58 0C D3 8D - 6B 37 88 E2 91 6E A4 4B  5rF{X...k7...n.K
00011530:  26 69 E9 50 9D 3F E1 21 - E0 A2 3B 27 3F 93 9C D0  &i.P.?.!..;'?...
00011540:  FD BF 97 02 F4 2A 1D 31 - 3B E2 A4 3A 9B 54 2C 35  .....*.1;..:.T,5
00011550:  E0 B9 79 0A 39 5A D5 A3 - 85 49 E9 08 9C 2C 10 77  ..y.9Z...I...,.w
00011560:  32 2D 8B 6D 1A A7 01 5A - 26 CC CD 9C 61 16 67 8E  2-.m...Z&...a.g.
00011570:  FF 08 36 78 D0 79 02 B2 - 67 1B 80 B6 B9 45 18 2C  ..6x.y..g....E.,
00011580:  47 83 7E B4 F8 9F 90 69 - 36 39 4D DB E0 87 6C 7E  G.~....i69M...l~
00011590:  A6 0E EB 8F F0 22 AA 3E - E4 AF D3 EB 64 26 3D F7  .....".>....d&=.
000115A0:  D1 7A D9 4D 8A 17 15 FC - C9 3E BD CF 84 5F 6D 57  .z.M.....>..._mW
000115B0:  56 6D AB 12 6F 45 F9 0D - 8B DB E9 67 45 97 06 26  Vm..oE.....gE..&
000115C0:  8A 86 C4 A2 DD 30 19 09 - 94 FD FE E1 6F 5C D3 F8  .....0......o\..
000115D0:  81 2D 45 11 48 61 F4 AE - 0D 40 D7 91 75 27 F4 F3  .-E.Ha...@..u'..
000115E0:  8F 4E EB 75 0E DC BA 60 - 75 FA 7C AD BB CE FE C9  .N.u...`u.|.....
000115F0:  D5 E8 DC 40 12 91 86 E3 - 05 72 24 87 0D A3 99 85  ...@.....r$.....
00011600:  4A 71 D0 F8 83 77 48 7F - 49 76 BB 21 6D 07 C7 F6  Jq...wH.Iv.!m...
00011610:  35 FC D9 11 28 3E 6F D5 - E9 5F B5 D1 3B 67 B1 0D  5...(>o.._..;g..
00011620:  21 37 20 E3 3A ED 16 B9 - 72 D2 D7 AD B7 84 93 13  !7..:...r.......
00011630:  90 53 66 93 FF E2 88 50 - C1 DA 18 EB 5B 48 1E BD  .Sf....P....[H..
00011640:  CE 54 D1 5E 5B 13 62 5F - 3B 35 6B 1B 58 39 38 F5  .T.^[.b_;5k.X98.
00011650:  EE 2A 5C 9D 6A 98 2E 82 - CF BC 1B DE 51 B8 5E BC  .*\.j.......Q.^.
00011660:  0F 9B 5C 9C CF 05 35 3E - 7C 00 72 CC E1 E2 AC E6  ..\...5>|.r.....
00011670:  08 FB 91 D5 69 6B 40 FF - 58 84 5F 7B 28 B0 A8 7A  ....ik@.X._{(..z
00011680:  C3 7F 35 A5 1E 0C A7 15 - 3D 5F D5 23 32 BD 2D F3  ..5.....=_.#2.-.
00011690:  13 E7 20 0D 33 64 EF 3E - 5C A4 11 79 07 2D 39 80  ....3d.>\..y.-9.
000116A0:  A7 39 B0 9D 16 50 00 E4 - BA 88 E5 B4 61 FD 74 88  .9...P......a.t.
000116B0:  AF DF 0E F7 AD 22 2B B4 - A4 37 67 F3 8B FC 56 1B  ....."+..7g...V.
000116C0:  52 D1 EE 3B 07 1F 2C D4 - DD 42 39 50 82 C0 09 AF  R..;..,..B9P....
000116D0:  3C CD D3 33 1C A0 25 1D - AB CD CA 66 FB CC FD E1  <..3..%....f....
000116E0:  6D 42 CF 77 07 7D 4B 8A - 3D 1C 8E 84 8E 40 84 EC  mB.w.}K.=....@..
000116F0:  F2 76 C7 1B E1 59 4B E2 - 4F A5 7A 50 0A 66 BC 02  .v...YK.O.zP.f..
00011700:  09 27 E8 B1 83 76 3A AD - E7 0A E8 D9 D2 AF B1 4E  .'...v:........N
00011710:  F8 79 C4 62 5D 24 7E 8F - E8 B9 51 0A 00 14 AB 3F  .y.b]$~...Q....?
00011720:  D4 C5 1E 26 C7 C3 FE 04 - FA ED D3 F0 9D FD 05 8D  ...&............
00011730:  D1 E9 EC 7A DF 30 08 60 - B5 E6 48 84 54 CE 73 C1  ...z.0.`..H.T.s.
00011740:  43 17 78 65 98 A5 50 AE - 9C 83 1D D8 3F 75 63 6A  C.xe..P.....?ucj
00011750:  7C 1B C6 28 56 36 1B 3B - 5B 98 AA BE 54 21 DB 66  |..(V6.;[...T!.f
00011760:  3F 1A 39 B8 84 F8 A0 55 - CB 23 69 98 56 D6 4D 2E  ?.9....U.#i.V.M.
00011770:  91 71 0A B3 5B DB 67 B9 - 8F 51 91 CC 49 0E 03 80  .q..[.g..Q..I...
00011780:  54 0E B2 79 1A B9 91 20 - 38 B0 9F 26 EC CE 07 DD  T..y....8..&....
00011790:  CC F6 BD 17 DF 95 71 1B - D7 D8 B0 C1 C4 DE 9C BC  ......q.........
000117A0:  81 D9 E2 03 F0 C5 E7 F4 - BD 2F 86 79 7C 56 E8 D1  ........./.y|V..
000117B0:  EC F7 70 2A 0E 79 78 50 - E4 94 EF 9D A8 3E A7 8C  ..p*.yxP.....>..
000117C0:  C2 DA 48 E4 CD 9F 17 6F - C9 D1 A7 51 30 DB 68 48  ..H....o...Q0.hH
000117D0:  F8 B2 04 0F FD 2C FA 2F - 3F EF A0 85 E4 A0 1B 04  .....,./?.......
000117E0:  B0 4D 7F 20 2C 9E F1 2E - EE E6 62 23 78 46 2C 3B  .M..,.....b#xF,;
000117F0:  0F AC 39 32 0D FB 0D D0 - EB CE 1C 16 24 3B 79 D2  ..92........$;y.
00011800:  0B CE 28 AB 6D E0 46 14 - 42 66 E7 86 BE 1E 8E A6  ..(.m.F.Bf......
00011810:  7B B5 BF ED 68 48 3B BB - 73 77 EF 47 25 FC 4B 3D  {...hH;.sw.G%.K=
00011820:  1E FC 17 32 92 E0 12 73 - A2 F9 41 C8 6F 8F 5E 3F  ...2...s..A.o.^?
00011830:  B9 6C 9E 69 20 61 E1 85 - 6E 36 9D 0F 5D 42 A5 EF  .l.i.a..n6..]B..
00011840:  06 DD 14 A1 29 78 04 C0 - CF EC C3 18 28 8A D4 F6  ....)x......(...
00011850:  CC 32 C6 7D 24 32 F3 BE - F1 11 3D 17 E3 9D 48 83  .2.}$2....=...H.
00011860:  17 54 BF 67 1B CB EA 56 - 88 F0 AF 57 D5 C3 63 A7  .T.g...V...W..c.
00011870:  C1 06 85 1E D5 27 7F CE - A4 9D 6F 41 3D E8 7B B2  .....'....oA=.{.
00011880:  A3 0C 7B AA 93 2E 1B 19 - 10 AE 67 89 39 5F C2 BC  ..{.......g.9_..
00011890:  04 09 B2 20 CB BE EC 8B - 39 AC 63 58 89 F4 1C 9D  ........9.cX....
000118A0:  0B F9 EB E3 78 FF B7 10 - A6 B1 1A F1 AC 2D 5E 8D  ....x........-^.
000118B0:  75 17 B0 3E 0C 4B FB C5 - F6 46 AC 0A AA 3D 9F DD  u..>.K...F...=..
000118C0:  06 5C 76 9D 03 2F 22 53 - 89 EA 63 04 63 FA E0 B8  .\v../"S..c.c...
000118D0:  2D 3A 9F 52 53 F5 05 0F - 0B DC EB 4B 2B 93 F2 85  -:.RS......K+...
000118E0:  E3 59 15 92 B7 15 13 72 - 78 FB 14 64 73 03 ED 28  .Y.....rx..ds..(
000118F0:  78 87 6B 77 2E 51 C1 BE - 07 E0 88 E0 26 D3 D8 02  x.kw.Q......&...
00011900:  B8 9D 22 D7 BD 86 CA 00 - A2 DD 4A AC C2 DD 1B CE  ..".......J.....
00011910:  FB 7A EF C3 FD 5E 5E 54 - 29 14 F4 FD DF 93 BF 77  .z...^^T)......w
00011920:  B3 7E 0D 0A CA 28 FC 5F - 05 80 BA 5E 96 28 0C 5B  .~...(._...^.(.[
00011930:  FA A7 1B D5 29 D2 90 82 - 08 EA 2B 89 6F 1E 3B 8C  ....).....+.o.;.
00011940:  62 34 93 3B 97 C6 A9 9D - BF D1 18 93 59 50 73 14  b4.;........YPs.
00011950:  D4 D1 2F D5 36 BF FF 93 - 5A 59 EF 19 85 99 B8 FD  ../.6...ZY......
00011960:  AE D6 7A 48 D7 B6 C4 24 - 4F 57 21 A5 EA 4C B4 B5  ..zH...$OW!..L..
00011970:  F8 24 20 B0 AB D0 35 E2 - 85 51 46 E8 56 F7 FD F7  .$....5..QF.V...
00011980:  74 FA 96 C5 F5 35 86 5B - 37 6A 17 35 06 6E 44 E2  t....5.[7j.5.nD.
00011990:  79 8E EE 07 F9 4D 4F EB - 20 1A E7 A9 6D 9C 9C 22  y....MO.....m.."
000119A0:  54 F8 C2 DA 5A 09 C6 E0 - E4 EB EA 6A E3 EC 82 C5  T...Z......j....
000119B0:  7A 8D C2 5F F6 AF 27 E7 - 7B CE C8 38 2D AD 85 D6  z.._..'.{..8-...
000119C0:  98 D1 DE 48 3B A7 A5 7D - 04 7D 86 C2 44 88 E6 FC  ...H;..}.}..D...
000119D0:  C6 66 53 9F 85 5D 13 F2 - A5 E7 D2 87 75 82 6E 2D  .fS..]......u.n-
000119E0:  92 57 06 57 58 20 8F 4F - 38 6C 4E 1E F8 A1 E5 9A  .W.WX..O8lN.....
000119F0:  E5 3D C1 61 CA D2 DE 6D - 95 42 26 B7 92 4B 32 1F  .=.a...m.B&..K2.
00011A00:  CD 40 93 5E D1 48 D4 3D - 03 06 09 7F DF B1 D1 91  .@.^.H.=........
00011A10:  DB EB 06 AA C4 BB C9 A5 - 6C 15 26 04 35 BD B9 48  ........l.&.5..H
00011A20:  DC 5A DE 89 5D 69 E9 01 - 04 4D 52 25 61 B3 39 62  .Z..]i...MR%a.9b
00011A30:  5F C8 27 47 73 31 9D B3 - B5 BB 5A FB 2C 67 1F 1D  _.'Gs1....Z.,g..
00011A40:  C9 CE 9E CE 35 BF 97 C9 - 62 36 3B 9D E0 F4 1D 19  ....5...b6;.....
00011A50:  93 1C 28 89 E5 D8 D4 08 - 5A A9 9B 4C 0D 57 1C 2A  ..(.....Z..L.W.*
00011A60:  0B B7 12 39 00 E6 86 66 - A4 9A BE 1B DD D0 80 EE  ...9...f........
00011A70:  25 1E BA F4 65 8F D4 4F - E0 80 0B E8 C3 E8 9A A8  %...e..O........
00011A80:  5C A3 B5 B7 FE AB 28 1F - 49 6D DE 76 81 20 AF CB  \.....(.Im.v....
00011A90:  60 D9 2A 8C 52 7A BF A2 - 2D 6D 0D B6 3D CC A4 7A  `.*.Rz..-m..=..z
00011AA0:  D7 0E DF 24 41 2D 9F 74 - D1 82 6D 2A 70 96 35 55  ...$A-.t..m*p.5U
00011AB0:  ED 76 EE 03 AF F7 75 53 - 3B 17 D1 39 1E 3F 29 D9  .v....uS;..9.?).
00011AC0:  F6 5B 8E 9F 23 30 7D 78 - CC E0 3B 95 C8 A6 85 31  .[..#0}x..;....1
00011AD0:  D7 76 84 76 DA C2 AF 0E - FD 3A B5 0C DF FF 95 27  .v.v.....:.....'
00011AE0:  02 9C AD 2D 90 2A 2C BA - B9 F7 F4 9D EA F9 CF 2A  ...-.*,........*
00011AF0:  F6 30 30 DF 91 5E 2B 65 - FC 88 7B 49 49 91 32 A8  .00..^+e..{II.2.
00011B00:  D4 FA FB 97 30 A5 ED B6 - 7A DA 66 08 E2 64 6C C8  ....0...z.f..dl.
00011B10:  3F D0 22 C5 07 06 90 72 - 82 55 35 05 A0 60 19 30  ?."....r.U5..`.0
00011B20:  4A C2 83 5D 0F BF E5 7E - 66 30 34 C1 A7 11 DF 1E  J..]...~f04.....
00011B30:  79 F9 20 BA 38 45 6E 44 - 0B 3D CF F5 A2 17 8C CB  y...8EnD.=......
00011B40:  83 0B B0 67 0D 05 1F FE - 82 2A 9D 38 DB 41 C7 6A  ...g.....*.8.A.j
00011B50:  EB 19 F0 70 4C 7D 21 87 - 68 BB 4E 16 69 F0 1A 0F  ...pL}!.h.N.i...
00011B60:  91 05 04 9A DE 43 96 3F - 5C 90 F1 B2 F4 55 DF CB  .....C.?\....U..
00011B70:  DC 62 BF D8 CC 30 C6 97 - C9 01 BE 91 BC D1 62 02  .b...0........b.
00011B80:  AD 18 FE 7C 41 04 57 F6 - E1 99 CC FC 07 79 7B 69  ...|A.W......y{i
00011B90:  99 CB D0 3A 76 25 E2 A3 - C0 9C F4 B7 02 82 81 F1  ...:v%..........
00011BA0:  95 0A D5 B9 D3 A0 68 4C - A2 B3 AA 47 36 FF 1D 92  ......hL...G6...
00011BB0:  5B F2 92 95 36 5C 81 36 - 2F 67 5A 1E 99 97 01 1B  [...6\.6/gZ.....
00011BC0:  AA 58 B2 4C 07 BB 0B 95 - DD F6 D5 48 5E CE F3 4A  .X.L.......H^..J
00011BD0:  F0 53 6A BB D5 E6 C6 1F - DF 72 2B E3 F9 0B 72 DA  .Sj......r+...r.
00011BE0:  15 36 64 A2 26 7B 43 73 - 60 62 FF F3 35 3B 43 D7  .6d.&{Cs`b..5;C.
00011BF0:  2D 6A 92 AA 8B 7F 18 2D - 68 76 A0 E6 F2 B2 4A 44  -j.....-hv....JD
00011C00:  47 FC 84 CA 21 D2 9A 87 - C1 AA 36 D6 1E A9 F2 29  G...!.....6....)
00011C10:  4C D0 8B 46 6B 55 74 7F - C6 0A E4 9D 10 30 62 15  L..FkUt......0b.
00011C20:  37 FB 3E 41 63 7C 57 8C - 17 FE 7F 59 30 06 FB 5A  7.>Ac|W....Y0..Z
00011C30:  4D 63 16 48 B2 71 CD D1 - 52 30 80 8B A1 3F B4 23  Mc.H.q..R0...?.#
00011C40:  DA 04 2D 01 80 45 E5 E6 - 0B 73 95 85 63 6E 9C 6C  ..-..E...s..cn.l
00011C50:  87 28 37 DC 49 40 87 AE - 09 05 EC 54 AC 3E 2D 45  .(7.I@.....T.>-E
00011C60:  9F 51 67 F9 96 1D 07 30 - 68 AB 44 2E 23 33 62 9D  .Qg....0h.D.#3b.
00011C70:  BA E6 82 C8 4A 4F 89 1C - DA 9B 09 AC 65 CD 53 43  ....JO......e.SC
00011C80:  9D 59 EE 2B F8 C6 36 98 - D8 B7 D1 F4 A1 88 43 34  .Y.+..6.......C4
00011C90:  6C 0C B1 71 D9 91 36 92 - C1 5A A0 D8 5A E3 29 A7  l..q..6..Z..Z.).
00011CA0:  48 EE D2 C5 FA 88 B1 7E - 8A DE 95 B6 85 10 F2 65  H......~.......e
00011CB0:  AB 29 60 F8 DB B9 20 E4 - 86 D9 03 B7 D1 0C AC 62  .)`............b
00011CC0:  7C EA E2 EE 5A C1 4D 84 - A0 2D 5A 5F 8B 98 33 3F  |...Z.M..-Z_..3?
00011CD0:  DF 21 3D 4D F1 FD 52 59 - AC 70 26 C8 BB 9B 63 5F  .!=M..RY.p&...c_
00011CE0:  0D 87 51 A3 0F 06 6E 3C - D7 F5 12 79 C6 83 B1 1A  ..Q...n<...y....
00011CF0:  3F 97 AB DC DB 2E 96 8E - EE 20 D7 A7 00 BA 49 EF  ?.............I.
00011D00:  F2 81 C3 FB 0F 0A 05 E1 - CA 8A F7 65 0F 17 BA 6B  ...........e...k
00011D10:  EF BC FA B9 D8 4E 77 43 - 16 1B EA 64 85 86 0D 40  .....NwC...d...@
00011D20:  5E 0D DE 2C AF C5 B1 99 - 6D 2F 1F AE A5 86 E4 8E  ^..,....m/......
00011D30:  55 4E A2 C3 5A 4E 1B 45 - 9A C8 84 59 AB 19 E0 98  UN..ZN.E...Y....
00011D40:  2D 23 FA 10 80 A6 FC 04 - 83 71 2A 1A D5 1E 84 36  -#.......q*....6
00011D50:  DB A4 60 3A 08 54 12 8F - 4C 6B 1D 4E D4 6A DA 42  ..`:.T..Lk.N.j.B
00011D60:  26 B0 67 29 63 08 95 43 - 8B F8 15 3F 1D 98 F8 A0  &.g)c..C...?....
00011D70:  2C 54 04 1D 78 50 DE FE - AB 9A 43 CC 16 6D 51 78  ,T..xP....C..mQx
00011D80:  E4 35 2A 42 D8 0C 22 DD - D7 AF F4 0F B0 AA AC E5  .5*B..".........
00011D90:  1B 11 5F 27 32 54 90 0C - 34 02 56 FD 1B 8F BA 1F  .._'2T..4.V.....
00011DA0:  3F 86 EE 2E 3C D9 E5 A3 - ED 42 A4 ED 8E 7B 3F DC  ?...<....B...{?.
00011DB0:  D7 89 44 8C ED 30 D2 A6 - 03 AD A3 0B 4F 81 27 F2  ..D..0......O.'.
00011DC0:  0E 89 C5 06 66 EE 72 9B - 83 D8 85 7A 45 AA 5E 73  ....f.r....zE.^s
00011DD0:  F8 D5 77 11 D1 58 0D AE - FB 8F F2 C9 A2 AF 6D 7C  ..w..X........m|
00011DE0:  4E 4E 9D E0 63 C0 31 CA - 0B FB E3 12 7C 9F 10 35  NN..c.1.....|..5
00011DF0:  6F EE 59 A4 5F 48 77 56 - 1C D5 78 5B CC 8D CD 56  o.Y._HwV..x[...V
00011E00:  12 91 D8 F6 A5 63 00 13 - 78 D3 00 B5 27 DF 23 B8  .....c..x...'.#.
00011E10:  51 82 1E 3C 08 39 DE 38 - 0E 2A 47 93 3A 89 B4 FC  Q..<.9.8.*G.:...
00011E20:  49 96 54 CB 09 DF 29 5B - CD EB 7B 18 2E E6 F8 87  I.T...)[..{.....
00011E30:  AD 8B CF AF 7C 60 42 EB - 9A 0B 6F E6 A8 CC 9D B5  ....|`B...o.....
00011E40:  4A 9B 8A 4F 75 85 2D E2 - 4F 23 AD 62 5E 8F 3F FA  J..Ou.-.O#.b^.?.
00011E50:  5B 34 09 34 F9 C5 30 1E - B2 C8 82 41 B8 06 83 CB  [4.4..0....A....
00011E60:  23 DF 54 6B 9F 57 9D 0C - CD 39 F6 8A FF C9 F9 B1  #.Tk.W...9......
00011E70:  D1 38 66 62 6B EA F3 06 - 4C 36 2E B5 F3 DF AC 3B  .8fbk...L6.....;
00011E80:  5A 54 2A 09 60 77 C6 8F - 1A 1F 92 13 7C C4 9A 0D  ZT*.`w......|...
00011E90:  C2 8B 8B 05 67 DA CF 1F - 4A 85 61 BB EF 5F D6 90  ....g...J.a.._..
00011EA0:  31 0F 75 2F 62 3D C0 1C - 44 CA D0 FE DF B1 53 22  1.u/b=..D.....S"
00011EB0:  2C 60 74 62 D4 F2 DB 98 - A3 55 0E 0B 06 BE D7 DE  ,`tb.....U......
00011EC0:  E5 6A 3E D0 67 B4 7D 50 - 0F 2E 4D 00 31 34 55 15  .j>.g.}P..M.14U.
00011ED0:  2E FC D1 B8 05 BA 4D AC - 66 C9 79 CA 94 F3 0B 57  ......M.f.y....W
00011EE0:  93 26 D7 1B 1A 1C 9E AA - A5 62 CA D3 2A 49 20 1E  .&.......b..*I..
00011EF0:  A0 1D 26 87 5A E3 E2 D5 - 9E 6A B6 93 24 60 6A F5  ..&.Z....j..$`j.
00011F00:  62 E1 3C 15 D7 13 33 3D - 4B 0F 14 CB 12 86 25 4D  b.<...3=K.....%M
00011F10:  65 CE EB D9 44 FD E3 28 - 06 33 94 38 3C 88 99 D3  e...D..(.3.8<...
00011F20:  89 44 25 86 79 5B F8 3A - CB 5B 1F 0B 0B E4 A0 EE  .D%.y[.:.[......
00011F30:  CE A8 21 58 DE D2 6F 49 - FB 69 0F 27 69 D3 F0 B2  ..!X..oI.i.'i...
00011F40:  2D 34 66 FC E0 73 E6 45 - 04 8A 4F D1 8B 85 86 A0  -4f..s.E..O.....
00011F50:  50 CC 31 9E 39 36 FF 1F - 4E 91 E1 B5 A5 37 AA A4  P.1.96..N....7..
00011F60:  D2 C2 BE 4E 98 18 55 EA - 27 AD 43 B2 01 AE 6F B7  ...N..U.'.C...o.
00011F70:  E7 29 8C 88 53 9D E5 6B - 99 47 3D 6C 29 DC 8A 55  .)..S..k.G=l)..U
00011F80:  F5 BA 66 28 5D BF 8C 1A - EC 69 F2 33 00 FC 5B 25  ..f(]....i.3..[%
00011F90:  91 9B 39 74 2F CD F1 56 - 2C 46 04 F6 48 28 DA E8  ..9t/..V,F..H(..
00011FA0:  6F 07 30 37 B4 03 0D F1 - 9C B7 A7 3A 49 CA 8F 86  o.07.......:I...
00011FB0:  97 EB 1E AA 34 50 35 DB - 69 56 18 05 FC 1D 03 01  ....4P5.iV......
00011FC0:  48 E1 27 D4 9E 9D BF 08 - AA C9 9E C2 B2 30 32 03  H.'..........02.
00011FD0:  FB A8 64 2C A5 8A 01 D7 - 0C 0A 5D BF 0B BE F7 A6  ..d,......].....
00011FE0:  8C FA 2A E2 77 B1 12 2A - 3E C7 C9 50 58 47 28 DF  ..*.w..*>..PXG(.
00011FF0:  2A 17 C9 DA 05 30 BD 3E - DC 50 0E DE BE FD 38 7F  *....0.>.P....8.
00012000:  55 29 74 EB 67 1A A5 5F - 32 35 E8 2C FF 10 86 5A  U)t.g.._25.,...Z
00012010:  65 83 D8 34 AB 4C A1 20 - F1 4F 98 45 F6 8E A8 F5  e..4.L...O.E....
00012020:  93 FD F7 6C 00 10 B9 71 - F3 E7 82 49 C1 4D 06 A4  ...l...q...I.M..
00012030:  0F 29 64 6E 06 68 11 F9 - B6 76 5C D6 E4 4E 23 4A  .)dn.h...v\..N#J
00012040:  22 81 EA D9 80 9E B3 AB - 01 2D 2F B8 99 8F A7 85  "........-/.....
00012050:  B6 CA F4 CB 01 E2 E3 38 - 9E 9F 00 17 57 DB A3 B7  .......8....W...
00012060:  5B 81 0C 4F 16 75 CD C4 - 3C 76 97 57 48 C4 C1 DF  [..O.u..<v.WH...
00012070:  A8 06 C6 00 3D DC 52 28 - 48 22 D1 BB 69 CC D2 73  ....=.R(H"..i..s
00012080:  46 BC E1 8E DF 08 1E BA - ED D4 72 EF 4D 1A D2 73  F.........r.M..s
00012090:  31 0F B1 11 07 64 26 74 - F0 0A 60 D1 57 5A 37 3D  1....d&t..`.WZ7=
000120A0:  42 91 2C 23 81 37 56 42 - 96 64 3A 78 1B B4 EC 17  B.,#.7VB.d:x....
000120B0:  00 5C DE 13 1F F8 5A AF - 33 FC 8D 3C 72 9F D9 FB  .\....Z.3..<r...
000120C0:  0E C5 EA 2A FE BE 95 CD - 27 E2 B7 A9 FE F2 03 57  ...*....'......W
000120D0:  69 6D 0C 59 9C E1 4A 41 - 04 D8 50 3D 0E 6C 86 15  im.Y..JA..P=.l..
000120E0:  65 FC EC 05 14 2A 18 32 - 0D 16 5C 47 0C 06 8B 5D  e....*.2..\G...]
000120F0:  56 85 5B A8 92 67 9B D9 - C6 8D 98 E8 06 61 58 D3  V.[..g.......aX.
00012100:  34 B2 72 BE 4A 79 80 54 - 61 61 F3 FD CB 8C 78 92  4.r.Jy.Taa....x.
00012110:  90 B9 82 22 33 1B 47 F5 - 09 6D BB 45 B2 D2 36 37  ..."3.G..m.E..67
00012120:  8C AA A4 C3 1D 15 D8 06 - E5 2A C5 7C 7F ED 2E 72  .........*.|...r
00012130:  BF A2 2F 0C 71 47 E3 8D - 5B ED 37 BA 27 38 D9 F2  ../.qG..[.7.'8..
00012140:  7B DB 53 D8 4B B9 63 D3 - D3 57 8D E4 D5 F3 52 9C  {.S.K.c..W....R.
00012150:  39 C6 AE 4D 15 7B 73 E7 - 6E 30 6C 12 E5 93 8E 49  9..M.{s.n0l....I
00012160:  B7 5A 4F 31 E3 08 90 59 - 57 05 2F B0 97 AB FF 87  .ZO1...YW./.....
00012170:  AF AE FD A5 92 64 39 81 - C7 32 08 AD C6 CD 91 36  .....d9..2.....6
00012180:  3E C3 1D 11 FC 55 D3 F3 - AD FA 2A 96 49 CF 07 73  >....U....*.I..s
00012190:  39 42 A1 D2 E4 CC 38 FA - DF E9 C5 88 5E 70 A4 82  9B....8.....^p..
000121A0:  49 84 68 89 AD 6D 9D EE - B2 61 72 73 2D 8F A1 44  I.h..m...ars-..D
000121B0:  8C EA F8 BE FB 1B FA EA - 4D F9 B9 3A 54 A2 24 6B  ........M..:T.$k
000121C0:  34 61 CA 18 C3 6E A8 9B - 12 00 16 C2 91 6D 95 44  4a...n.......m.D
000121D0:  60 6E 90 43 A2 66 04 84 - 8F 46 7D 02 75 C7 33 0A  `n.C.f...F}.u.3.
000121E0:  AF 78 32 3B 50 64 D3 F4 - 51 BD 26 02 2A 8E B4 95  .x2;Pd..Q.&.*...
000121F0:  E7 A3 25 1C A9 6F E6 14 - 1E 46 71 53 33 B1 DD ED  ..%..o...FqS3...
00012200:  55 E6 0B 3A 13 41 22 F0 - DF 8A 9D D3 77 20 C7 30  U..:.A".....w..0
00012210:  EC 2B AA 6D D3 66 89 04 - DE EC 48 5C A5 F9 0A F5  .+.m.f....H\....
00012220:  B5 8F 6D DA 3D 59 6F AF - 7E 44 80 AC 86 3C 8A 61  ..m.=Yo.~D...<.a
00012230:  F7 A0 3E 77 EC B4 EE F2 - B9 63 3A E9 24 48 29 79  ..>w.....c:.$H)y
00012240:  BB 96 39 3A 8A A1 92 0D - 91 A9 6B EF 06 D9 97 31  ..9:......k....1
00012250:  94 03 99 6C C1 65 E1 42 - A6 5A B0 E7 15 BB 7A 59  ...l.e.B.Z....zY
00012260:  2D DE 5B 1A BF 85 D1 F8 - F4 E3 EE 02 DA 28 1F 06  -.[..........(..
00012270:  71 68 0F 74 AF E5 08 6F - 2B 9F 31 E7 C2 C1 2A BB  qh.t...o+.1...*.
00012280:  D9 B7 5C B2 49 7A 5C 49 - CC CC B2 5B 7A E4 A7 5B  ..\.Iz\I...[z..[
00012290:  31 7E 77 A8 68 A0 4A 40 - 6E 20 7D F9 05 13 B5 27  1~w.h.J@n.}....'
000122A0:  1D CC 41 42 DF AE D3 40 - B1 C1 97 B9 AD 21 D2 6D  ..AB...@.....!.m
000122B0:  75 9F 79 AC 81 A1 A5 28 - D7 AD 47 7A AB B4 55 5E  u.y....(..Gz..U^
000122C0:  F0 FD F4 B3 9F 0C 50 1E - 39 79 9B AB 2B 59 E5 77  ......P.9y..+Y.w
000122D0:  DA 55 C5 A0 3A 40 CA 28 - 81 32 CD 3F 8F 2A 0B 36  .U..:@.(.2.?.*.6
000122E0:  6F A0 25 9D C6 4D 22 DA - 16 2E 67 9D 0D 00 56 20  o.%..M"...g...V.
000122F0:  4A FA 05 DD A7 80 28 94 - D2 3F D6 5D E7 B7 E3 53  J.....(..?.]...S
00012300:  96 80 6C EB 02 24 23 CD - 32 86 90 C4 CA 4A 30 B2  ..l..$#.2....J0.
00012310:  BC AA 32 4E C8 81 6B 1D - 70 8F 41 4F CD CA E6 A3  ..2N..k.p.AO....
00012320:  61 2E 50 3D 75 03 47 B7 - C4 4E 0B 8D 86 AB 5C FA  a.P=u.G..N....\.
00012330:  E6 EC C0 C4 EE F5 8C 91 - E1 1F 56 4C 8C 73 15 0D  ..........VL.s..
00012340:  02 C0 2C 1D 68 C6 6F 77 - F7 8D 9E 3A B4 B7 07 24  ..,.h.ow...:...$
00012350:  0E 44 C2 F6 A8 B1 EE B0 - 9B E3 C4 06 E2 15 AE A0  .D..............
00012360:  DC 5D 2D 0E DA 5D 0A 73 - 63 4C 60 F6 32 6F 13 AA  .]-..].scL`.2o..
00012370:  49 A3 3C A9 2E 9A B6 94 - 9A 5B 98 D6 F9 36 3A 41  I.<......[...6:A
00012380:  A4 D8 0F 7A CB C2 96 F2 - EF C1 93 B9 D7 8A DA CA  ...z............
00012390:  D5 22 7B BD 46 3C D5 13 - 89 D2 4F 25 FD 72 DE 62  ."{.F<....O%.r.b
000123A0:  C0 61 88 0E 26 8A F0 A6 - B4 78 18 24 9F AE 10 51  .a..&....x.$...Q
000123B0:  3C 9E 09 E2 44 F1 30 B4 - 2A 9C 7E F5 1A 9E 9F E3  <...D.0.*.~.....
000123C0:  33 2D 9B C7 AA 12 88 DD - 7A B4 99 17 C6 9B BB 82  3-......z.......
000123D0:  B3 08 10 76 D6 F5 31 6A - 0D 5A D1 4D 93 75 B5 4A  ...v..1j.Z.M.u.J
000123E0:  71 29 66 92 96 B5 37 90 - B9 ED A0 E6 90 DC 33 AE  q)f...7.......3.
000123F0:  66 BC 2E B8 5E F4 C2 03 - 99 8A 17 CB 98 AC 55 A8  f...^.........U.
00012400:  26 D1 43 25 DE 44 42 CA - 3F 5F 0F F9 C5 03 08 48  &.C%.DB.?_.....H
00012410:  04 51 7C 8A 93 C3 C1 48 - C3 26 4E E0 09 67 60 97  .Q|....H.&N..g`.
00012420:  71 A5 EF 7F 85 FF 3A 13 - D8 0B CF 57 63 30 C6 6C  q.....:....Wc0.l
00012430:  8F 3F 6C 04 34 D3 A8 84 - 01 B3 F9 0F B8 73 C9 FE  .?l.4........s..
00012440:  C3 75 E9 61 BB C6 3A 1E - 3B 77 43 4B 30 FB 13 C7  .u.a..:.;wCK0...
00012450:  D4 C3 DD 84 9E EE 98 45 - B0 DB F3 79 7E E7 97 23  .......E...y~..#
00012460:  D0 44 56 7F F3 A0 CA A4 - 76 26 26 CF F7 1A 41 99  .DV.....v&&...A.
00012470:  8B 7C 58 C4 66 DE 45 4B - B6 31 6A FE 38 B9 8F D6  .|X.f.EK.1j.8...
00012480:  3C D2 C8 16 7E 67 6D 17 - 57 E2 F6 B4 B6 7E 4D EA  <...~gm.W....~M.
00012490:  E7 87 FD 54 C4 4B 48 0E - 1E D5 06 2B 1C 63 EC DF  ...T.KH....+.c..
000124A0:  74 FA E6 44 E0 A6 74 04 - 6C B6 52 0E 98 5B F9 4F  t..D..t.l.R..[.O
000124B0:  BB 98 1D 29 1C B9 14 0F - 16 91 4C 5B A9 05 C1 42  ...)......L[...B
000124C0:  22 12 58 A2 F2 16 AC 18 - AC 0C 06 84 BF 4B 8F 75  ".X..........K.u
000124D0:  5D 34 10 46 89 B5 1E D2 - EA 15 FA E5 B2 85 67 F9  ]4.F..........g.
000124E0:  2B 50 44 D8 C9 07 83 CB - B2 A4 80 8E F7 55 38 CB  +PD..........U8.
000124F0:  E6 61 7E 1E 1D 6B 2A 07 - CB FF FF 81 31 E7 35 E3  .a~..k*.....1.5.
00012500:  A4 57 55 C9 74 8F 16 47 - C1 9C 02 D2 33 92 47 87  .WU.t..G....3.G.
00012510:  69 F3 20 C5 F3 23 E2 78 - AF 41 49 CC 68 A5 4A 9E  i....#.x.AI.h.J.
00012520:  33 60 80 92 C9 05 D8 C3 - 98 9A 9A 5C 54 DE 1A 74  3`.........\T..t
00012530:  19 5E 89 F1 E0 9C 50 C8 - C6 EC 70 CD 14 9E C3 5F  .^....P...p...._
00012540:  9A FE E8 FE AE 53 36 CA - 6B 22 55 EB 9C 72 02 88  .....S6.k"U..r..
00012550:  9F 1B C2 4A F2 81 86 A7 - 08 62 73 9A 33 CD 20 A8  ...J.....bs.3...
00012560:  86 4D 48 A2 DE AD 35 92 - 39 0E A4 C1 16 14 AF DC  .MH...5.9.......
00012570:  4F 31 CD CD 9F 3E 95 FF - 2B 78 25 BA E2 AE 2C D9  O1...>..+x%...,.
00012580:  45 6E CD 41 A7 D3 06 FE - 04 41 9B 55 5E A9 1C 1A  En.A.....A.U^...
00012590:  EE 1B EA 07 33 F1 EF 9C - EC CC 0C B2 E9 85 3E D0  ....3.........>.
000125A0:  27 23 B9 C4 8B 4E A7 41 - 5A 25 79 78 74 5F B8 8B  '#...N.AZ%yxt_..
000125B0:  25 FB 35 8C 8A 5E 7B 05 - 47 DC D8 E4 EA EE 08 4E  %.5..^{.G......N
000125C0:  43 58 89 B1 81 42 89 1A - 36 73 98 0C ED 39 8D 4F  CX...B..6s...9.O
000125D0:  A5 29 5A 82 36 87 D5 45 - 5B 93 D6 90 34 07 1D 5A  .)Z.6..E[...4..Z
000125E0:  31 C6 19 20 03 FB 40 2C - 9A 01 59 39 2D A3 2E 25  1.....@,..Y9-..%
000125F0:  9C 99 24 E4 63 4F 8A 84 - 73 2F 69 41 CF BA 05 64  ..$.cO..s/iA...d
00012600:  0A 8C 3A 30 EA 4F AD 69 - 3E 68 B0 F0 07 32 C9 72  ..:0.O.i>h...2.r
00012610:  2D AD 9B BD 1F 85 46 0D - 96 2E 3B 41 B2 51 23 98  -.....F...;A.Q#.
00012620:  40 FA E9 30 55 5C 96 C3 - 2B 38 C9 32 E3 62 A8 31  @..0U\..+8.2.b.1
00012630:  8F B4 C1 6F 99 5A 58 C5 - 77 EC 53 3E 13 32 50 42  ...o.ZX.w.S>.2PB
00012640:  72 AD 1A 76 0B DF 1C 5E - 66 E4 0A D9 2C E0 A1 06  r..v...^f...,...
00012650:  3E B6 B2 F3 02 F3 40 2F - CD 17 78 3D 16 CB 07 F8  >.....@/..x=....
00012660:  30 E1 E2 1F 43 65 3D E6 - F7 66 06 A2 34 EE FC E4  0...Ce=..f..4...
00012670:  ED B2 D6 40 DD F3 EB C1 - E0 3C C9 83 45 02 31 C8  ...@.....<..E.1.
00012680:  E2 C4 4B D5 B6 3B 59 05 - F0 FD 8B 60 6A B1 75 50  ..K..;Y....`j.uP
00012690:  13 C2 71 51 5D 4F C9 62 - 4D 37 FF 8A C1 56 3E 84  ..qQ]O.bM7...V>.
000126A0:  C8 89 CF 0B A8 D8 2C EB - 4B A2 96 4E 77 18 58 BA  ......,.K..Nw.X.
000126B0:  17 0D BB 67 28 C5 14 57 - B6 A4 F0 D9 97 3B AC 4D  ...g(..W.....;.M
000126C0:  54 24 79 77 23 F7 05 57 - 7B CD 5F 62 7C 84 90 A6  T$yw#..W{._b|...
000126D0:  DB D2 2B FC 08 96 0B 3F - 91 60 D5 C8 9D 9A 55 C8  ..+....?.`....U.
000126E0:  9E 33 AA 9D 23 E1 D7 EE - 9B 1B DA 4E DC 18 78 8F  .3..#......N..x.
000126F0:  A6 8B C7 C4 DD 5A 6C A0 - E7 98 4C AA 8A 7C E4 5F  .....Zl...L..|._
00012700:  EC 6A 4D E6 76 C5 31 4F - F8 C1 DF A3 E0 11 B0 B2  .jM.v.1O........
00012710:  12 C7 6A 39 23 24 44 97 - 36 9B 24 55 17 2B AB 89  ..j9#$D.6.$U.+..
00012720:  C3 AE 89 0A 4D C0 42 36 - FB 29 31 CB 7C 91 F4 A7  ....M.B6.)1.|...
00012730:  C5 64 0C 23 88 21 BC E4 - 94 AE 61 D8 C4 E6 E1 61  .d.#.!....a....a
00012740:  55 87 4A 5B 92 7B AB B4 - F6 61 C6 B5 4F CB 03 AE  U.J[.{...a..O...
00012750:  64 7E 0A 8E 66 F7 60 3A - D0 15 EE D9 D7 22 62 AA  d~..f.`:....."b.
00012760:  57 41 CA D3 E9 4F A5 8D - 29 63 1F 87 45 DA 65 CC  WA...O..)c..E.e.
00012770:  5F B4 57 CE 3D 9D 40 A4 - 35 93 F2 36 13 6A BD D5  _.W.=.@.5..6.j..
00012780:  12 57 45 51 0B E9 29 82 - 14 A0 F6 A8 17 76 81 FB  .WEQ..)......v..
00012790:  FF 77 0B 7D 3A 66 77 4A - 02 8E 33 4B C5 D0 63 59  .w.}:fwJ..3K..cY
000127A0:  C6 8E 74 00 49 E7 1B B2 - 60 41 A9 D6 0F C7 98 28  ..t.I...`A.....(
000127B0:  27 27 8F 2C C8 29 8D 5B - BC EA 27 71 C7 1C 0F F9  ''.,.).[..'q....
000127C0:  FD 3B 7B 9C 21 5B 6B 38 - DB 24 94 93 EF F4 C0 D7  .;{.![k8.$......
000127D0:  96 B3 06 7C 6A 6E AB DB - AF 05 D2 EE 72 43 CB 76  ...|jn......rC.v
000127E0:  5A 05 5E 9E 7F AA C0 87 - 0E 48 A6 0B F6 7C 90 15  Z.^......H...|..
000127F0:  5C EC 88 98 AF CE 23 42 - C3 4A FA A6 ED 27 05 BF  \.....#B.J...'..
00012800:  F4 AA 9C D0 99 7E BF 60 - 6C A7 D1 3F D6 A3 0A EC  .....~.`l..?....
00012810:  79 43 DE D0 C5 12 A9 1F - E5 D2 65 5A F3 66 AB 70  yC........eZ.f.p
00012820:  04 5D 76 6A 99 9C C4 79 - 63 AE 9F B9 79 BF 28 68  .]vj...yc...y.(h
00012830:  65 09 E9 FE F2 33 40 71 - 67 88 4F BB AC 48 61 33  e....3@qg.O..Ha3
00012840:  22 33 B3 B2 86 D4 5C 9E - 7D 11 30 BA 92 80 E7 30  "3....\.}.0....0
00012850:  62 EF 00 AA 9F BF 86 68 - 0D 92 6A 98 25 36 1F AF  b......h..j.%6..
00012860:  84 00 9E B6 39 84 D7 13 - 19 74 25 CB C4 01 1D EF  ....9....t%.....
00012870:  2F B3 ED 26 AE 61 4A 80 - 76 60 4B 88 A5 FE CD FB  /..&.aJ.v`K.....
00012880:  94 92 B4 40 E9 37 BE 53 - 1A 54 F6 F2 C7 2C 55 DB  ...@.7.S.T...,U.
00012890:  AE 6F EC 14 1C C1 F7 9F - B1 C4 72 98 10 B9 42 2C  .o........r...B,
000128A0:  8B 3F 18 BB 1A 48 B1 8C - 61 DD 05 7E FC 2A 5F A4  .?...H..a..~.*_.
000128B0:  47 75 70 00 A2 81 B6 DA - 6F 59 4B 08 E4 B8 B9 2C  Gup.....oYK....,
000128C0:  8E 67 FA 64 E6 0B 3D 7F - BD 6A 96 6A 62 05 31 9C  .g.d..=..j.jb.1.
000128D0:  BC B1 DE F4 56 23 CC 73 - 1B 71 79 0A C1 E3 B9 99  ....V#.s.qy.....
000128E0:  6C 59 59 19 E3 DF 23 5B - 1D 0F 55 40 3D 5C 77 C4  lYY...#[..U@=\w.
000128F0:  12 53 89 D7 75 2B DF F4 - 89 3A 6F 92 5E 83 18 BB  .S..u+...:o.^...
00012900:  35 C5 F4 06 64 48 44 1A - 47 38 15 94 E3 C5 3E E1  5...dHD.G8....>.
00012910:  21 98 7A AD EF 4A EC B3 - 02 D2 5C 06 F0 99 42 73  !.z..J....\...Bs
00012920:  4E 5D 12 0B 5C 81 10 34 - 5D A5 34 50 96 D5 7B 4F  N]..\..4].4P..{O
00012930:  E8 A5 81 FC 38 73 1C 12 - 85 C0 83 C3 EC C6 BE CD  ....8s..........
00012940:  CF 5C B9 A6 14 1B 13 57 - 49 BA D3 0F 2D 38 D5 91  .\.....WI...-8..
00012950:  09 A1 CA 5F BF 51 E1 CC - EA 1C DF CE FA 31 6D 5D  ..._.Q.......1m]
00012960:  B3 E3 76 62 68 D3 CF EE - 33 D5 15 29 76 97 0F 40  ..vbh...3..)v..@
00012970:  6A D5 F8 D6 9C AE D8 05 - E7 6B 72 67 78 37 AC 68  j........krgx7.h
00012980:  61 F7 B7 A7 41 18 99 4D - 25 3B B8 95 01 4A 21 86  a...A..M%;...J!.
00012990:  1D C7 06 01 A6 A1 09 47 - D6 E3 44 18 C0 36 5F 68  .......G..D..6_h
000129A0:  90 91 C9 27 CE DF 86 18 - 54 45 19 EB 03 3E 96 60  ...'....TE...>.`
000129B0:  7C FD E6 87 C3 EA F1 94 - 6D 6A D9 7F 9E B8 BE C9  |.......mj......
000129C0:  20 D8 9D FF E4 AB B2 D6 - 78 A3 68 E4 D0 9F 42 07  ........x.h...B.
000129D0:  4F 0A 17 E0 04 66 62 C5 - C7 D3 89 A2 8A A2 9F 2D  O....fb........-
000129E0:  AF 66 35 EA F5 80 3A 27 - 43 0C 76 EF D2 68 30 A4  .f5...:'C.v..h0.
000129F0:  45 0E DF CB AA 30 19 D5 - 28 7C 6D F4 32 88 E4 64  E....0..(|m.2..d
00012A00:  14 A6 98 7C 31 DD 58 F9 - AE 7D BB 97 A4 86 04 8F  ...|1.X..}......
00012A10:  E2 A1 78 58 DD 9A EB C1 - DE 00 BE 15 5F A2 3B 76  ..xX........_.;v
00012A20:  3F 0D 99 1A B0 42 FE 99 - 2E 69 42 C9 B1 EB D6 72  ?....B...iB....r
00012A30:  42 78 3E 2F 8B E8 C6 20 - BA 81 68 0D 8A A6 A5 49  Bx>/......h....I
00012A40:  4C B1 2E 9C 3B 2E DC E3 - 20 45 4F 67 C0 5D 03 E2  L...;....EOg.]..
00012A50:  2C 3D E5 94 53 B2 10 96 - AB 20 BE 17 EF B7 16 07  ,=..S...........
00012A60:  74 95 99 CD B1 15 C8 0B - EC 4D 49 7C C5 00 01 A1  t........MI|....
00012A70:  79 B8 07 F6 0F 7A 54 10 - CC 29 45 47 75 DA 8A 0A  y....zT..)EGu...
00012A80:  94 DE 82 C6 AD DA 99 D9 - 1E 04 16 5D B9 FB 97 80  ...........]....
00012A90:  07 F5 ED 9D 52 02 31 A1 - 9C 79 A5 8C D4 4F D0 6D  ....R.1..y...O.m
00012AA0:  2E 3A CF 37 2D EC 18 20 - DC 39 49 E7 4B 45 58 C2  .:.7-....9I.KEX.
00012AB0:  98 A9 0E 59 B9 7D 41 C2 - 7B 37 B0 A6 5E 42 CC D3  ...Y.}A.{7..^B..
00012AC0:  D1 87 B6 BA EF ED C1 C5 - 2D FB A2 76 65 E8 1C 61  ........-..ve..a
00012AD0:  C6 D5 4A 5D 35 6F AC 27 - D3 52 A4 A7 7C 71 69 E8  ..J]5o.'.R..|qi.
00012AE0:  B0 D2 87 CC 2F 8B EA 31 - 91 4C 4E D2 65 AE 8E 07  ..../..1.LN.e...
00012AF0:  00 55 CF 96 58 AF 7A AD - CC 23 AF 6A E7 33 AF AF  .U..X.z..#.j.3..
00012B00:  6B 02 8D 50 4C C0 E2 60 - E2 A1 F9 E9 AC E4 87 66  k..PL..`.......f
00012B10:  1E 53 D2 3F 3D 3D 7B FF - 39 1F 08 01 41 14 65 E0  .S.?=={.9...A.e.
00012B20:  7E F2 60 3B 28 59 B8 25 - 95 CF 07 CB 14 CC 20 41  ~.`;(Y.%.......A
00012B30:  AB 68 51 2E A2 D1 5B AA - 5D 0B 63 79 AE D4 6E EE  .hQ...[.].cy..n.
00012B40:  68 A6 3B 33 78 A1 24 15 - 23 36 01 79 0C 29 71 C5  h.;3x.$.#6.y.)q.
00012B50:  52 E6 4C D8 58 68 2F 7D - 27 30 0D 5A 1D 97 68 76  R.L.Xh/}'0.Z..hv
00012B60:  64 F2 DB 65 6D 57 7C DF - 44 D9 0E EE 53 1D 8F 7E  d..emW|.D...S..~
00012B70:  62 16 A9 24 49 D4 F3 67 - 6C 48 A5 0B 2F 5E 92 C3  b..$I..glH../^..
00012B80:  53 2B 70 87 FD 98 A1 D2 - 8A 46 C4 B1 AD E5 64 A7  S+p......F....d.
00012B90:  5E 3C 00 61 BD 55 EC F1 - 15 C6 E9 9A E8 8C F4 E9  ^<.a.U..........
00012BA0:  AA 00 B4 33 C3 9A 5B C7 - 99 98 22 CC C5 B5 E7 88  ...3..[...".....
00012BB0:  78 E9 96 B5 5C 3F 51 BF - 1E B1 01 04 38 11 8C 96  x...\?Q.....8...
00012BC0:  28 B0 87 4F 20 B7 D1 8F - 9E D6 9B 67 EF BE 82 83  (..O.......g....
00012BD0:  E5 D4 7C 11 8D A2 F2 BA - F2 10 15 90 0B D7 9C 39  ..|............9
00012BE0:  27 68 9C 40 E6 CE 8F BE - A2 CE 39 63 CB 3D 3B 22  'h.@......9c.=;"
00012BF0:  6A D6 4D B8 2B AE 6D FC - F7 BC 44 50 50 D1 C5 31  j.M.+.m...DPP..1
00012C00:  8D 00 AA 62 9F 0E 28 43 - 21 4E 29 CE A6 1A F9 FF  ...b..(C!N).....
00012C10:  E4 FD 67 B6 B5 B4 25 F9 - D9 F1 8F 41 73 D8 62 47  ..g...%....As.bG
00012C20:  4D A0 E1 6A 07 AA C8 73 - EB 8A 28 9F 27 CD 71 B2  M..j...s..(.'.q.
00012C30:  36 6C 32 9A FE 8E 00 E2 - 48 FD 1B 19 04 36 33 D9  6l2.....H....63.
00012C40:  8D B0 3D CC 88 32 B7 93 - DC 75 89 0E 75 53 47 2F  ..=..2...u..uSG/
00012C50:  5D E4 08 C4 F0 5E 0E E7 - 0D 5C 15 D0 A8 C5 31 9F  ]....^...\....1.
00012C60:  21 7E 8A 58 85 D5 EC 7F - A1 0D 1D BB 34 79 E0 B4  !~.X........4y..
00012C70:  31 09 29 79 43 09 6B B2 - 96 31 7C DC CE 38 EC DE  1.)yC.k..1|..8..
00012C80:  58 18 05 D6 C7 EE 20 F7 - C6 A9 7A 80 D4 AA DB 4A  X.........z....J
00012C90:  79 56 95 B7 11 39 38 BE - 03 34 8A D9 F4 B7 A7 46  yV...98..4.....F
00012CA0:  FE 2B D6 14 28 DE 0C C8 - D2 41 BF 9A B2 96 45 AF  .+..(....A....E.
00012CB0:  C8 27 6C 9E 79 64 ED 00 - E9 3C 86 7B 81 37 D1 4E  .'l.yd...<.{.7.N
00012CC0:  41 19 68 55 7C C7 0B A2 - A3 D9 7C 67 70 17 19 94  A.hU|.....|gp...
00012CD0:  59 8B 85 BD C9 56 13 45 - 5E 08 F3 A7 2C 44 83 79  Y....V.E^...,D.y
00012CE0:  CF 86 DE 47 0E C6 67 E8 - 85 C3 BD 3C CA B5 4A 8E  ...G..g....<..J.
00012CF0:  1E 79 A2 6E 58 5B CB 4F - 83 6F AD 2A 98 76 25 8B  .y.nX[.O.o.*.v%.
00012D00:  C7 2B 79 D6 61 45 6F 5D - 48 6C BE 33 0D 1A 17 11  .+y.aEo]Hl.3....
00012D10:  C5 1D 40 23 0D 55 47 F8 - 04 B5 E4 A2 FA B7 51 B6  ..@#.UG.......Q.
00012D20:  71 61 1A 05 81 DA C0 DC - 3C E7 BF 5A 54 1B AE 6F  qa......<..ZT..o
00012D30:  05 A3 DB 23 04 DC 7B C5 - D0 6B 72 3F FF AE 96 3A  ...#..{..kr?...:
00012D40:  3C 1A B4 05 51 B6 D4 E9 - 9F 1E E8 2A DF 5C A8 B6  <...Q......*.\..
00012D50:  DE 1A D6 00 64 45 79 A2 - 06 6B 1B 51 4C A9 1C E6  ....dEy..k.QL...
00012D60:  25 24 D0 14 8D C9 21 79 - 0D 50 69 1A 2E A7 15 1E  %$....!y.Pi.....
00012D70:  C8 55 78 6E C9 83 F6 D4 - DC 2C 9D A4 F2 5B 65 18  .Uxn.....,...[e.
00012D80:  95 F2 D1 AB C0 F0 DF A1 - C5 38 A3 D6 9D FF BD 00  .........8......
00012D90:  6D CE 4D 09 FB 3A 85 12 - 3D 4E 10 B7 09 B3 EB C9  m.M..:..=N......
00012DA0:  7F E4 73 9F F2 22 90 EB - 6A 33 A7 78 05 BA 9E FA  ..s.."..j3.x....
00012DB0:  3A 52 99 8D BF F6 D0 D1 - B7 0C E1 D8 E6 8D 15 85  :R..............
00012DC0:  48 3A 77 3C 8E CC 00 B2 - 32 04 C0 F7 27 A7 91 31  H:w<....2...'..1
00012DD0:  0C 84 15 2E F2 33 65 0E - DA B7 DB 2E 30 EE 04 7E  .....3e.....0..~
00012DE0:  C4 8A 73 13 2D 54 8A C2 - E2 76 03 B9 2E D0 E5 00  ..s.-T...v......
00012DF0:  05 2F 1A DA 89 E2 E7 EC - F7 57 1C 7F D2 C8 0F 98  ./.......W......
00012E00:  58 11 EA 8C 10 0D 13 A1 - 2E 26 D2 AF D2 F1 64 81  X........&....d.
00012E10:  DF 45 9B 1E 99 04 93 EF - 7C EF 7A 6E 4C 07 B8 C1  .E......|.znL...
00012E20:  A2 2B 70 34 AF 32 18 9E - A7 10 6E 6F D9 7C CA AE  .+p4.2....no.|..
00012E30:  78 E5 CD F1 2E 78 CF 46 - 14 C8 DF AB EF 0A 69 07  x....x.F......i.
00012E40:  25 61 58 2F 33 D6 54 E9 - EA 96 30 18 44 60 AA EC  %aX/3.T...0.D`..
00012E50:  CD EA 7D 98 24 68 63 05 - 50 95 CC 34 F7 15 0E 35  ..}.$hc.P..4...5
00012E60:  04 27 20 70 D0 39 89 8A - 9A D4 10 F0 6F 89 33 87  .'.p.9......o.3.
00012E70:  3D 95 DF 48 97 A8 39 3B - 9C 29 DA D4 D6 4E 77 98  =..H..9;.)...Nw.
00012E80:  0F 09 BE E1 37 A0 7F 22 - 39 0B B9 40 A7 CB FA 78  ....7.."9..@...x
00012E90:  46 3C 91 BC 98 DA 43 36 - 20 70 72 EE 8A 6D A6 BB  F<....C6.pr..m..
00012EA0:  48 1B 26 9E A2 3B FA 68 - C8 DB BC AC 45 F1 B9 9B  H.&..;.h....E...
00012EB0:  F4 4F 94 9C B0 A3 31 F3 - 8B E3 71 07 D5 1D ED B8  .O....1...q.....
00012EC0:  4B CB CF 24 19 AA 77 EC - 4B 53 71 B9 D4 2F 15 6B  K..$..w.KSq../.k
00012ED0:  06 88 B5 21 E2 32 34 82 - B6 CD 5D 4A 42 A0 9D 2A  ...!.24...]JB..*
00012EE0:  56 D3 CD 84 A9 CB B1 FA - 7C 51 FB 4F 82 DF A5 FA  V.......|Q.O....
00012EF0:  55 56 F2 4A BE EB 7E A2 - 32 7E A8 D5 4E 7C F9 AB  UV.J..~.2~..N|..
00012F00:  2E DB B5 56 7B 50 12 6D - 75 48 6D DE F0 86 C6 EB  ...V{P.muHm.....
00012F10:  8A B6 36 92 88 08 A8 6C - FF B5 D3 60 05 94 79 D7  ..6....l...`..y.
00012F20:  60 55 C0 8F D0 9F 74 64 - 6E 5F 07 19 F2 B3 78 25  `U....tdn_....x%
00012F30:  DB FD 25 A7 2F 8F 43 16 - 11 D2 DD F6 77 B8 77 C5  ..%./.C.....w.w.
00012F40:  59 5C 34 07 69 94 62 E9 - 12 2F EC 69 87 F5 DC 18  Y\4.i.b../.i....
00012F50:  29 5B CC 04 F5 4B 21 8B - 5E 00 5B D4 21 03 65 F7  )[...K!.^.[.!.e.
00012F60:  46 19 6F 55 7D 7D 94 55 - 3D CE D0 11 15 F9 36 B5  F.oU}}.U=.....6.
00012F70:  D2 0D F2 BD C1 E7 44 FB - B4 B7 DB 18 A6 21 E4 0F  ......D......!..
00012F80:  6B B0 17 C3 24 2E BA 8C - C4 57 58 CD B4 70 54 2B  k...$....WX..pT+
00012F90:  54 B8 A6 8D 59 49 E3 2D - 5F 69 64 33 A9 C8 95 2B  T...YI.-_id3...+
00012FA0:  C1 8E B4 42 B9 F5 92 AF - 5D 9C F4 91 B3 89 6E 48  ...B....].....nH
00012FB0:  F7 46 58 3A 24 8E 80 82 - 67 E0 D4 64 5D 67 F9 9D  .FX:$...g..d]g..
00012FC0:  42 6C D6 C2 C7 F3 A3 35 - 5B 81 4E 82 E9 0F 47 CE  Bl.....5[.N...G.
00012FD0:  26 73 EE 4F 26 62 2E 4D - 4B 6C 31 1E 9A E4 83 88  &s.O&b.MKl1.....
00012FE0:  CC 41 E5 74 BD 5C A3 2F - 84 2D E3 60 A3 8D 22 14  .A.t.\./.-.`..".
00012FF0:  E9 0D F7 7C A9 DC E5 A4 - AE 99 D5 96 FE 68 32 30  ...|.........h20
00013000:  02 8E E7 F0 0A 4E 82 EA - 5E 5A 4D 73 24 7E 1B B0  .....N..^ZMs$~..
00013010:  69 66 FA 38 D5 FC 0B C0 - 63 3B 9C A4 5A D1 39 51  if.8....c;..Z.9Q
00013020:  D7 09 D9 88 73 F6 9E 01 - 40 46 C8 61 3B 0F B6 32  ....s...@F.a;..2
00013030:  49 5B 85 89 1F D1 D5 01 - 94 4E E7 44 F1 FB CA F4  I[.......N.D....
00013040:  95 B2 FE 1A 79 CD 76 44 - E9 A7 26 B8 F6 31 3B 61  ....y.vD..&..1;a
00013050:  D0 21 87 61 E4 0C B3 0F - 24 5D 9D 3D 95 80 5C 75  .!.a....$].=..\u
00013060:  02 B5 9C 1B 64 87 99 88 - 36 C4 9E 4A 81 B9 CB DC  ....d...6..J....
00013070:  A1 EB 8A 40 05 52 E5 B8 - 29 DF 88 33 A1 21 6F 45  ...@.R..)..3.!oE
00013080:  CC 9E 62 B6 D1 C3 19 C6 - 12 D9 BF 1C 27 58 B2 96  ..b.........'X..
00013090:  06 50 C9 A0 3C 4B 29 B3 - 58 83 04 41 14 F0 91 E6  .P..<K).X..A....
000130A0:  4D E2 39 92 35 A2 12 8A - 3A 6C D2 13 2A DE D4 B7  M.9.5...:l..*...
000130B0:  EB 02 B1 44 1E 11 4F 17 - F5 67 E7 00 91 C5 1E 39  ...D..O..g.....9
000130C0:  B5 55 21 DC 83 E3 56 86 - 11 0D F1 B4 BE 48 7C D1  .U!...V......H|.
000130D0:  3D 0A C3 ED FF 05 4D DB - A5 31 C6 9D 05 8A EC AB  =.....M..1......
000130E0:  F1 A2 1A 18 B3 B5 06 A5 - BC 95 F1 69 7F BA A7 4C  ...........i...L
000130F0:  8D 3A 4A 6A A6 12 AD 15 - FC FA 17 D3 28 E7 7C D2  .:Jj........(.|.
00013100:  0C BC BC D5 DF 97 8F 74 - 99 0D EA 1E 2D 2F 1C 6E  .......t....-/.n
00013110:  85 23 88 B2 17 68 39 D0 - 7B DD A4 31 4E 8F 87 20  .#...h9.{..1N...
00013120:  12 AF 6E A0 8B 20 BA BB - 48 B0 42 B1 36 EE BE 1F  ..n.....H.B.6...
00013130:  1A 14 7B 92 CA 7E 54 5B - B9 35 E5 01 8E F0 8F E4  ..{..~T[.5......
00013140:  E0 F9 AC ED 1C 25 D2 F3 - E5 4B 65 8F 5D 5E 91 AA  .....%...Ke.]^..
00013150:  ED CE DE F4 76 FE 00 3D - 09 7C 98 83 06 4A 3B D3  ....v..=.|...J;.
00013160:  69 39 11 FA 70 AC A4 DA - BE BC C6 62 E1 76 3D 8F  i9..p......b.v=.
00013170:  16 74 E7 CA 24 5F 09 25 - D8 F3 BA 8D 7B 5A DD 3D  .t..$_.%....{Z.=
00013180:  59 BE 16 EB A6 35 B4 DD - 0A 02 2D 38 06 BA D9 9F  Y....5....-8....
00013190:  2A 86 37 15 CD 88 25 1A - 43 E1 53 E7 3D A3 B5 43  *.7...%.C.S.=..C
000131A0:  FE 1B C6 EB E8 4D 70 74 - DA A9 00 CC 2F 26 45 3A  .....Mpt..../&E:
000131B0:  87 C2 FB D0 1A D0 68 65 - 76 03 75 F3 E4 34 A7 3D  ......hev.u..4.=
000131C0:  9C 4E 82 0E 29 FD 05 8F - D2 F3 48 FA 1F 9C CB 36  .N..).....H....6
000131D0:  31 81 E8 8E 92 21 53 67 - AA 06 F0 10 C2 40 AE 3A  1....!Sg.....@.:
000131E0:  6B 06 62 A0 E9 FA 73 B3 - FB 2C 57 21 56 C0 B4 35  k.b...s..,W!V..5
000131F0:  6A 8B B3 EB 30 A4 B8 0E - 84 E7 C1 42 6E 25 76 85  j...0......Bn%v.
00013200:  20 C7 89 31 23 6C 31 90 - 10 AE 72 65 BD C0 54 38  ...1#l1...re..T8
00013210:  E2 80 7A 48 77 7E FE 31 - F8 F1 81 5B 23 FA 87 10  ..zHw~.1...[#...
00013220:  1C ED F5 3C CA 00 A1 C9 - 71 33 55 ED 26 59 D0 DD  ...<....q3U.&Y..
00013230:  75 0F 13 E9 A3 16 7F C7 - BA C9 07 43 B7 D9 27 E6  u..........C..'.
00013240:  0C 48 10 82 F6 08 FD FD - 2C 46 93 4D 10 EB 11 0E  .H......,F.M....
00013250:  E9 96 C2 CC F9 9A 02 27 - 8A CA 02 71 AF E4 68 95  .......'...q..h.
00013260:  99 9E 47 4C 4E EC CC 31 - C4 E9 6F C9 7F A8 29 7C  ..GLN..1..o...)|
00013270:  4E 4D 9C A1 1F B7 D3 13 - 73 B2 CE 7A 31 45 0F 13  NM......s..z1E..
00013280:  5A CB F9 A7 FE EE 32 44 - 77 93 25 05 6F 74 8A 3B  Z.....2Dw.%.ot.;
00013290:  82 C2 6B 66 CD 1B B0 22 - 05 53 0E BA ED A2 B8 41  ..kf...".S.....A
000132A0:  79 4A 92 2D 8D 78 0F E5 - FE 75 FE FD B9 DF 16 B7  yJ.-.x...u......
000132B0:  8B 15 4C 27 96 70 02 92 - 82 40 1B B0 BC 09 E9 BC  ..L'.p...@......
000132C0:  A8 80 73 D3 D6 54 F8 97 - C2 5A FE DF 2E 32 58 2D  ..s..T...Z...2X-
000132D0:  3A A2 B9 99 DA A9 CF B2 - 8A 85 38 D3 34 B7 12 D2  :.........8.4...
000132E0:  1F DE A9 75 8A 0C 1E CD - 0D BD 25 21 51 E4 FE B1  ...u......%!Q...
000132F0:  6F 3C DE 46 FE CE 87 B4 - F2 38 B3 16 B1 61 1E 9B  o<.F.....8...a..
00013300:  43 A0 FD 63 B0 5D C3 28 - CF 05 A3 11 1E 00 D4 C7  C..c.].(........
00013310:  9A 4D 38 E0 83 C4 2D AF - E2 8D 6A 46 D7 7B 67 EF  .M8...-...jF.{g.
00013320:  7C 1F 7C D7 99 9E CC 3C - 39 22 F1 D3 FA 05 FC 78  |.|....<9".....x
00013330:  F8 41 19 6C 59 47 C1 7C - 33 78 AD 1F 8C 2F 8D 31  .A.lYG.|3x.../.1
00013340:  98 7D C6 BC AC 78 48 2D - 87 2E 5E 8A 3C 9F 35 2A  .}...xH-..^.<.5*
00013350:  68 AD C0 20 69 74 0A 08 - BF 9B B1 F3 CD 36 02 7A  h...it.......6.z
00013360:  75 1C F1 54 87 C3 8F 6E - D4 59 73 7F 8F 78 DD 25  u..T...n.Ys..x.%
00013370:  BE 86 52 79 FB 8D A7 A8 - 59 2E 65 47 7A B2 E3 9D  ..Ry....Y.eGz...
00013380:  4F 78 91 93 25 F1 C0 C7 - 27 B4 FE 15 89 0E 78 54  Ox..%...'.....xT
00013390:  FF E2 F9 BE FE 24 BB F9 - 2C 08 09 E4 AB BD D9 21  .....$..,......!
000133A0:  80 71 69 E4 E4 AE BB A1 - 4B 4F 7C 48 80 7D 35 5F  .qi.....KO|H.}5_
000133B0:  13 60 47 BE 6C 20 6D D4 - 69 FA 65 F3 F5 15 67 92  .`G.l.m.i.e...g.
000133C0:  8E C7 AC 48 D1 48 AC 30 - 21 47 3C 88 CE 88 AC DB  ...H.H.0!G<.....
000133D0:  88 23 0D 0C DA 84 BE 9F - 2F F1 4A 6B EE 3F 50 B2  .#....../.Jk.?P.
000133E0:  DC 91 38 DF 14 8A 6F 47 - 38 F5 7B 01 01 6C BD 8F  ..8...oG8.{..l..
000133F0:  E4 31 60 BF C5 BA C0 1F - 84 89 02 44 74 8A D9 BB  .1`........Dt...
00013400:  2E E4 C5 B5 1B E9 D3 28 - DC E8 73 02 46 C7 22 5E  .......(..s.F."^
00013410:  6E FB D4 BE E5 EE E4 7F - AC 3C 4C 48 C8 79 66 31  n........<LH.yf1
00013420:  C6 54 20 63 BB 62 AF 67 - 99 90 09 B0 75 5D DF 54  .T.c.b.g....u].T
00013430:  65 B5 D3 2E A6 68 16 45 - 6B 6D 10 28 22 1E FD 22  e....h.Ekm.(".."
00013440:  DE 2E 13 E8 E4 5C A4 BA - 4E D8 55 1F 50 2F 38 07  .....\..N.U.P/8.
00013450:  A1 4B 81 04 1B 76 5E 60 - 75 E4 21 7B 9D F1 7E 85  .K...v^`u.!{..~.
00013460:  CA 27 0D 99 18 83 55 0F - 15 1B 0E CE 64 AE 53 76  .'....U.....d.Sv
00013470:  14 D9 B2 D4 E5 1A 27 02 - EB 9A D6 30 27 1B 86 9F  ......'....0'...
00013480:  A8 6E 82 F5 AC 6B 4A A8 - 0E 92 FF D7 B7 F3 B1 0F  .n...kJ.........
00013490:  21 64 C7 C9 02 71 BE F6 - F6 F8 2E 52 41 7D 02 9A  !d...q.....RA}..
000134A0:  A6 00 A8 D4 83 7B 8E F8 - C9 D1 32 BC 6C 31 05 CD  .....{....2.l1..
000134B0:  EF 7B DA 56 D4 06 AF AE - C3 B1 F2 AF AD E2 E8 B8  .{.V............
000134C0:  85 39 2C EA FF B5 69 E3 - BB 9B 38 75 2C 3B 3C E9  .9,...i...8u,;<.
000134D0:  0A E9 F8 68 28 4B 78 ED - 3E 33 12 F5 76 7D DD DD  ...h(Kx.>3..v}..
000134E0:  24 01 51 C9 E0 54 06 A1 - C9 06 F0 6E C0 0B 4D 6D  $.Q..T.....n..Mm
000134F0:  36 65 8C 29 BB 58 90 C5 - 92 7C B1 54 D0 59 0D 5B  6e.).X...|.T.Y.[
00013500:  BD DB 94 48 9A 4F 3F C0 - 12 33 C8 13 32 27 4B 9A  ...H.O?..3..2'K.
00013510:  B7 33 11 6D 31 33 7E 43 - 43 16 98 1E 1B 32 3D CB  .3.m13~CC....2=.
00013520:  4C 6D D0 75 D0 4F D6 C0 - A3 CF 1C 11 14 4A 6B C7  Lm.u.O.......Jk.
00013530:  BD 16 7B 8E 51 DB 78 7B - DC 2D 80 CF 8B 82 4C FF  ..{.Q.x{.-....L.
00013540:  A5 5C FD FA 0C A8 DE 0E - 10 7C B1 6A 7E 6D 66 D8  .\.......|.j~mf.
00013550:  20 F3 B2 E1 C4 74 0C ED - 29 71 35 A7 9E B6 34 05  .....t..)q5...4.
00013560:  4D A7 04 47 A6 90 EE 67 - CF E0 D6 7B 49 79 8D AB  M..G...g...{Iy..
00013570:  24 61 B3 99 DD C4 1C B8 - D0 31 E5 37 87 B1 3B EA  $a.......1.7..;.
00013580:  0C A3 72 8A 60 1F 94 AE - 31 7B B2 E5 44 D1 66 B6  ..r.`...1{..D.f.
00013590:  25 8F 67 A2 5E 54 06 B7 - EB 83 13 E6 04 4B 64 67  %.g.^T.......Kdg
000135A0:  E8 B0 72 FA 3D 7D CE D3 - A7 33 16 73 64 63 69 4E  ..r.=}...3.sdciN
000135B0:  03 C1 F8 46 12 FC 68 4A - 26 FB 78 0C 0A 14 B7 63  ...F..hJ&.x....c
000135C0:  2A 4E B6 1E C7 55 90 3B - 34 9F EF 86 AA F3 51 98  *N...U.;4.....Q.
000135D0:  4B 8D DF 93 5C E6 26 6E - 07 4C B1 11 CA 63 CC DD  K...\.&n.L...c..
000135E0:  CE B1 9A E3 9A FA C2 48 - 97 FD C1 38 37 00 5B 3E  .......H...87.[>
000135F0:  5C F2 D7 91 CF 4E 2C 45 - 2C A9 62 9C 47 EE B6 51  \....N,E,.b.G..Q
00013600:  30 20 31 E7 4B FA 2F 5A - BE DD 39 8D 5A 6A 2D 0D  0.1.K./Z..9.Zj-.
00013610:  6E D8 07 E2 60 9A 22 DC - E0 93 C8 E1 3F 51 00 B2  n...`.".....?Q..
00013620:  2E FE 0A 8B C1 04 1D 2B - EC 1D FA 12 41 D3 D2 CB  .......+....A...
00013630:  79 75 59 AE E5 D6 E6 73 - 5C 4C F3 4D 20 A5 7B 86  yuY....s\L.M..{.
00013640:  EF 8E 8E A7 08 85 37 E5 - 6E B7 31 31 21 AB C7 25  ......7.n.11!..%
00013650:  EE 65 89 EB F3 D0 D2 A5 - 31 A9 83 53 6B B4 34 C7  .e......1..Sk.4.
00013660:  E8 B5 BE B8 71 65 BD 91 - 7C 80 03 1F C3 77 29 A6  ....qe..|....w).
00013670:  CB 14 55 3F BF 7E 2E 5E - A8 EA 8B 6B AA 53 D9 E5  ..U?.~.^...k.S..
00013680:  59 E8 83 03 E6 94 ED F5 - 12 52 1F 38 70 FE 65 26  Y........R.8p.e&
00013690:  3A 80 E4 7B AD B8 70 99 - 45 FB 03 8F 15 A1 17 18  :..{..p.E.......
000136A0:  0C E0 E5 AC 66 F5 33 08 - 27 BF BD 0E 66 36 DA 7B  ....f.3.'...f6.{
000136B0:  1F 66 6D 52 DC B6 8E D3 - BD 69 DF 02 38 BE AC AF  .fmR.....i..8...
000136C0:  D2 79 5D A7 6A 5A 5A 83 - 62 A8 D9 36 29 EB 04 B3  .y].jZZ.b..6)...
000136D0:  9C FF 49 47 4C 3B A2 72 - A5 8D 93 BA 59 C1 7D 72  ..IGL;.r....Y.}r
000136E0:  08 80 B3 63 8B 74 10 D4 - E9 C1 CB BB 86 27 A0 6C  ...c.t.......'.l
000136F0:  21 B3 04 C0 09 9B 69 80 - E2 97 2D 94 53 CE EC 61  !.....i...-.S..a
00013700:  73 6E B3 1E 2B 52 5E DA - FA 24 C6 46 BF 8E 3B 08  sn..+R^..$.F..;.
00013710:  CB E4 85 6D A4 63 E8 D0 - 49 35 CF A7 5E 77 28 CF  ...m.c..I5..^w(.
00013720:  19 98 4C 77 A8 87 FC 2B - C9 EB 80 AB 58 DF 78 61  ..Lw...+....X.xa
00013730:  47 F1 4E DE 5D B2 FE 2C - 03 38 6B B9 20 D5 57 6B  G.N.]..,.8k...Wk
00013740:  08 27 CE 9F BE C1 9D 62 - 9C E0 AF 58 57 FC 64 F0  .'.....b...XW.d.
00013750:  6F AE A6 56 3D 0A F1 D1 - 93 DA 16 EC 2D 03 12 41  o..V=.......-..A
00013760:  DB 82 EE 80 98 93 24 CE - C3 06 4F 8B DF 0B 48 87  ......$...O...H.
00013770:  42 7B 9B B6 42 08 9F 72 - F3 D7 0B F2 B4 9E 66 36  B{..B..r......f6
00013780:  9E 33 E2 4A 57 AE 8D 31 - B3 B6 89 AA 25 44 56 77  .3.JW..1....%DVw
00013790:  A2 EC A0 9C 70 43 CD 35 - C2 E5 93 50 08 E5 99 8B  ....pC.5...P....
000137A0:  B1 FB CE 46 D3 EA D3 A2 - 22 74 1D 9C 34 08 6D ED  ...F...."t..4.m.
000137B0:  35 5C 4C 69 98 EC D8 3F - 7B 9C CC 63 7C CA B8 0B  5\Li...?{..c|...
000137C0:  67 A2 B2 45 F2 24 E1 88 - F2 41 94 9F 7D EA 58 D5  g..E.$...A..}.X.
000137D0:  3F 7B F6 85 0B 8F AB A3 - E3 FF CD B3 0F A8 E8 5B  ?{.............[
000137E0:  96 69 52 AD 28 B4 D9 CF - 82 B1 9D EA 37 0C 54 43  .iR.(.......7.TC
000137F0:  06 8C 8E 73 0B C0 F9 B5 - FE CE CE 3F D8 F0 CD 8E  ...s.......?....
00013800:  A3 10 7B 63 68 50 09 17 - BE FA 72 BC 09 98 29 8B  ..{chP....r...).
00013810:  66 38 E8 2B 2A 9B B4 C7 - 38 61 00 AB A9 61 03 70  f8.+*...8a...a.p
00013820:  75 BF 52 B4 CE FC 01 DD - 89 C1 F6 EE 58 82 E9 9E  u.R.........X...
00013830:  23 C3 15 B4 87 52 77 C7 - 01 65 BF E5 15 16 05 E9  #....Rw..e......
00013840:  67 05 C3 A8 20 D7 AF DE - C4 C4 3D D8 66 67 20 4A  g.........=.fg.J
00013850:  3A 38 F9 CB E6 9F 80 26 - 74 FC 4E AA B2 A4 15 AA  :8.....&t.N.....
00013860:  12 3B 12 C8 8B BB D6 07 - 9E 4F 4A 53 ED 16 75 8F  .;.......OJS..u.
00013870:  2D B6 AD E1 7E CC 51 91 - 56 81 C9 48 9D E4 3F FE  -...~.Q.V..H..?.
00013880:  08 61 9A 38 AE 6D CA 3F - A5 70 AC E4 63 53 60 59  .a.8.m.?.p..cS`Y
00013890:  F0 2F D1 04 04 34 3F F5 - DE 83 82 E9 08 8F AD E1  ./...4?.........
000138A0:  40 6D 14 2C 46 24 44 08 - 62 AB 5A BC FE 35 0B 8B  @m.,F$D.b.Z..5..
000138B0:  DC B9 20 15 17 5B 41 E1 - 46 37 A0 A6 45 A7 5B F4  .....[A.F7..E.[.
000138C0:  65 F8 36 41 5C 58 7B 2E - 5B F9 2C FD 61 9D A1 4A  e.6A\X{.[.,.a..J
000138D0:  6D 46 24 E5 DC 20 D5 97 - 6F BB 56 16 DE 18 6A 47  mF$.....o.V...jG
000138E0:  E9 4E 5E EB DA F0 44 48 - 48 A0 C8 2D F5 FA D9 74  .N^...DHH..-...t
000138F0:  5B 8F 5D DD AF 85 06 88 - BC 93 48 5C 7B D3 5D 87  [.].......H\{.].
00013900:  B3 B1 6B 3D 63 51 7E 87 - DB 05 90 5F F4 43 E5 A4  ..k=cQ~...._.C..
00013910:  BE FA E9 63 41 F1 10 4B - 26 CF 34 14 63 67 EB FF  ...cA..K&.4.cg..
00013920:  2D D4 E5 46 71 A3 21 53 - F0 C9 99 BD 69 38 F8 C5  -..Fq.!S....i8..
00013930:  46 8C 7D D8 D8 DD D9 86 - DC 28 DA 77 45 2B 37 28  F.}......(.wE+7(
00013940:  CD 81 27 CC BF 7C DC 86 - 5D 9F FA 1E 89 51 61 59  ..'..|..]....QaY
00013950:  40 F0 D6 88 2E FE 4C 42 - 1B BB D3 7B 91 98 99 65  @.....LB...{...e
00013960:  E9 DE B4 79 27 90 D4 BD - 2C EA 0F FA F3 68 19 B9  ...y'...,....h..
00013970:  91 1C 3F 7E 32 F8 88 06 - 12 53 6B 41 EA 85 19 2D  ..?~2....SkA...-
00013980:  D0 C7 0B D8 8E 27 FF 86 - EB 99 64 6F 0B C3 4F 65  .....'....do..Oe
00013990:  C5 F2 B8 9E F3 8E 19 1A - 96 41 95 03 B9 D8 25 65  .........A....%e
000139A0:  CA 2A 9F 78 39 80 9E EA - 82 44 7C 1B 60 31 6D CE  .*.x9....D|.`1m.
000139B0:  A9 F2 2D 59 3F 9B 01 0E - EC B4 58 62 62 DE FA C9  ..-Y?.....Xbb...
000139C0:  66 F9 AE 93 28 54 C8 FE - AE FF AA 27 7D DF F1 E5  f...(T.....'}...
000139D0:  28 AD A0 58 46 93 14 B5 - 2B CA 57 30 F5 9C EB 67  (..XF...+.W0...g
000139E0:  26 53 8F 19 5A 1E F8 99 - 0E 24 65 BE 4C 1B 88 FE  &S..Z....$e.L...
000139F0:  4A 02 D7 EC F8 C1 79 FF - 81 95 B4 AE 0C 96 F4 03  J.....y.........
00013A00:  C8 2D 9D FD 1D FA 0F 76 - D7 8D FF C0 23 42 74 F7  .-.....v....#Bt.
00013A10:  3C DB CB 86 7A 0E 5F B6 - 69 20 28 68 35 F6 28 F3  <...z._.i.(h5.(.
00013A20:  0C 75 2D 8E AD 77 45 E0 - 09 47 42 DF 5C CC 81 6B  .u-..wE..GB.\..k
00013A30:  A8 54 51 C7 9C 22 65 14 - CC 9A 6F FA B3 14 34 D1  .TQ.."e...o...4.
00013A40:  DE D3 9A 75 BB BC 6C 10 - 4E 10 02 D2 78 48 9E B2  ...u..l.N...xH..
00013A50:  B3 73 E6 D5 37 BF 2F 74 - 88 61 AA 38 79 34 36 57  .s..7./t.a.8y46W
00013A60:  44 F8 0F 9C 9A 85 77 4F - 8D AA B2 9E 62 F2 81 1F  D.....wO....b...
00013A70:  BE 91 54 D7 EE 03 78 CD - 8D 4C 4E E3 FA 92 7E E9  ..T...x..LN...~.
00013A80:  54 2C F9 33 3E 0D B6 C5 - 60 55 97 FE 73 13 B3 26  T,.3>...`U..s..&
00013A90:  83 C5 F5 F7 04 EA CC 2D - 80 5D 5B 5A 5B 4B D3 C8  .......-.][Z[K..
00013AA0:  E3 BB EB 99 CC 05 A9 65 - C8 BA 69 31 D2 52 B8 E7  .......e..i1.R..
00013AB0:  D8 5B 7A 3D A9 46 13 49 - 23 EA 9A A9 F4 51 5A 40  .[z=.F.I#....QZ@
00013AC0:  00 58 CF 94 6A 39 45 68 - B2 E8 38 38 61 5F 51 E8  .X..j9Eh..88a_Q.
00013AD0:  E1 81 A9 DC 57 4D 2D 24 - EF A1 17 77 95 03 DF 3C  ....WM-$...w...<
00013AE0:  E6 CD 32 EB 2E A7 1D 47 - C8 33 74 C9 E8 FA 59 EE  ..2....G.3t...Y.
00013AF0:  FC D0 C5 71 C2 25 19 24 - 59 90 B6 32 3B 45 A8 D2  ...q.%.$Y..2;E..
00013B00:  CC 44 04 CF A8 7D 73 53 - 8C E7 C4 91 A2 99 0C BF  .D...}sS........
00013B10:  26 61 59 69 B6 EB BD E2 - AC 3F E8 C6 39 64 C9 86  &aYi.....?..9d..
00013B20:  6F F7 BD 0C 87 2B 9D 17 - 0D 90 99 41 0C 5F 8A A9  o....+.....A._..
00013B30:  C7 15 1B 59 61 AC E5 6F - D9 C6 27 1F EA EE 19 AB  ...Ya..o..'.....
00013B40:  ED 82 F9 B7 14 7F 14 19 - E0 DD 48 28 6D BA A0 DA  ..........H(m...
00013B50:  1D 97 B9 C6 5D B7 05 B4 - 3E 56 58 A0 19 38 86 2C  ....]...>VX..8.,
00013B60:  8D 69 8B 76 85 F2 9B DE - 38 03 2F DF 0D F4 D6 43  .i.v....8./....C
00013B70:  4F 8F 66 E5 DB A4 E6 C7 - A5 AC 68 2D 64 E1 BC E1  O.f.......h-d...
00013B80:  4A 57 B8 FA EA 95 C6 BD - 08 8C 26 9A 7A BE 91 4B  JW........&.z..K
00013B90:  21 36 B9 A8 B5 24 61 0E - A0 86 B3 0A EB 26 66 E2  !6...$a......&f.
00013BA0:  F6 EE DA D1 C0 13 AF D9 - 94 EA CA 41 67 C9 D4 5F  ...........Ag.._
00013BB0:  48 C8 06 4B 23 27 17 F4 - 01 17 76 48 53 26 C8 AE  H..K#'....vHS&..
00013BC0:  88 02 05 49 E1 DA 7B 1A - 33 67 56 7E 29 79 89 51  ...I..{.3gV~)y.Q
00013BD0:  F7 6C 48 EE 93 D0 C4 20 - 74 9F AF C8 D6 53 3D D9  .lH.....t....S=.
00013BE0:  55 94 22 DB 0A 13 09 F2 - B9 56 CF C6 C0 E3 D9 B0  U."......V......
00013BF0:  5B 22 9B E6 3F AD 2D 3E - 29 31 59 8F 7D 42 20 F7  ["..?.->)1Y.}B..
00013C00:  1C 96 78 0D 1B EA 1D AF - 62 B0 0E 31 62 75 0C 06  ..x.....b..1bu..
00013C10:  96 67 AF 20 EA 17 1F 00 - 74 F6 A5 57 18 0C C1 E9  .g......t..W....
00013C20:  24 35 91 B4 7D E7 67 92 - A3 4C 24 AB 46 A8 E6 0B  $5..}.g..L$.F...
00013C30:  71 F0 4B 4C B7 2C 47 E5 - 18 5D 7A 59 6C 76 BE CD  q.KL.,G..]zYlv..
00013C40:  33 41 38 B3 78 A2 C4 9D - 8F 0A 09 94 39 1A FA 0C  3A8.x.......9...
00013C50:  FE 03 99 06 A3 FB E5 2E - 96 30 6A AD 47 3A 08 AB  .........0j.G:..
00013C60:  F8 6D E9 2F F7 4D A8 F9 - 6E 95 C8 17 29 3A E9 ED  .m./.M..n...):..
00013C70:  81 90 DA 22 75 CF 9F A8 - 96 8E 69 A0 BC 7C A1 01  ..."u.....i..|..
00013C80:  C9 37 71 27 8E 6D 33 3B - 10 E2 E4 1D 34 42 F5 44  .7q'.m3;....4B.D
00013C90:  EC 2E B3 76 1E A5 89 85 - C5 4C 63 9B E4 86 B5 28  ...v.....Lc....(
00013CA0:  73 DC FF E4 1A 9F B4 0B - 0D 6D B9 9D 2E 86 AC ED  s........m......
00013CB0:  98 93 83 D6 A9 26 6B E3 - 8F F9 29 02 11 CB 18 F9  .....&k...).....
00013CC0:  A6 5D FE 8A F8 77 76 92 - A7 4D C8 39 19 53 A2 3D  .]...wv..M.9.S.=
00013CD0:  C0 17 F0 8F 17 D2 70 ED - 91 79 BB 65 8B E9 58 90  ......p..y.e..X.
00013CE0:  1A E3 F2 41 0D D7 8F E9 - 11 B7 D0 51 80 49 4D 34  ...A.......Q.IM4
00013CF0:  FF 65 9D 24 83 24 6B D5 - E6 19 5A E9 24 2F 67 BD  .e.$.$k...Z.$/g.
00013D00:  90 FC 01 CB FA 53 2B CD - 35 96 08 C5 A1 83 6E 5B  .....S+.5.....n[
00013D10:  26 20 9B 54 28 A9 1F 10 - 0A E2 8D 88 4C 9E 26 29  &..T(.......L.&)
00013D20:  91 5A 46 3C 1E 21 06 84 - 3B 6B 5C FC 58 D5 82 DF  .ZF<.!..;k\.X...
00013D30:  B9 93 53 84 28 D2 79 ED - 85 DF 70 35 EF 7D E1 67  ..S.(.y...p5.}.g
00013D40:  75 3D 9C 41 2E 7A 19 57 - B4 DB F2 C5 54 57 1E 43  u=.A.z.W....TW.C
00013D50:  80 14 A8 C1 4E 01 4B FE - EB 00 5F B4 17 89 6C 48  ....N.K..._...lH
00013D60:  CC FD EC 00 27 08 17 16 - 6D 37 BD 88 9E 06 1E C8  ....'...m7......
00013D70:  2E B4 87 A7 7E 65 F6 33 - 57 72 10 11 27 1C F2 74  ....~e.3Wr..'..t
00013D80:  78 84 C1 B7 D1 F0 BD 00 - 93 D6 FE 4A 52 7C 37 A3  x..........JR|7.
00013D90:  D3 91 F4 61 AD 57 B4 AD - CA 83 09 C5 12 65 11 BD  ...a.W.......e..
00013DA0:  0D D5 7C CC DD E5 AB 91 - 9E EF 6F 5B 8C 46 99 A5  ..|.......o[.F..
00013DB0:  28 A4 DC B6 19 D6 9A FC - A1 83 22 D2 5E A8 AF 2F  (.........".^../
00013DC0:  19 97 B5 B0 10 0F 8A 40 - DC A1 F3 7E B7 87 59 B1  .......@...~..Y.
00013DD0:  0C DA CD 98 13 B9 9A 5F - 6B A8 52 B8 85 2A 17 B0  ......._k.R..*..
00013DE0:  3C C2 23 83 BC BC 00 45 - A4 E0 9F 90 78 5C FE 19  <.#....E....x\..
00013DF0:  CB 65 72 03 F9 18 19 68 - 0D 33 B1 C1 39 D2 C2 02  .er....h.3..9...
00013E00:  96 A5 46 BE 73 BD 99 6E - DF 64 E6 B3 4C 65 46 72  ..F.s..n.d..LeFr
00013E10:  3D 3C 97 2A 5E DC C7 0D - B3 BE 71 36 39 A8 FB D2  =<.*^.....q69...
00013E20:  66 FC BF E1 75 6C 98 1D - D5 4A 46 F6 54 4A C4 59  f...ul...JF.TJ.Y
00013E30:  FB 7F 73 42 88 65 A7 85 - D0 F0 AE 9E 5E EC 99 2E  ..sB.e......^...
00013E40:  86 97 82 D8 92 EF 47 BF - D2 4E 00 42 9B 37 DC 1D  ......G..N.B.7..
00013E50:  18 06 86 7F 3E 38 5C 81 - 72 AD 94 A7 C4 F7 30 A8  ....>8\.r.....0.
00013E60:  CC F0 E0 E1 DC 90 A1 41 - 54 EA 5B 58 0D AF BD 19  .......AT.[X....
00013E70:  5B 3B 0A 4A 87 58 3C AC - 19 EA 39 25 74 75 A8 AA  [;.J.X<...9%tu..
00013E80:  DD 61 B4 B5 9D 3C B3 02 - B5 23 2E FB 63 5F 00 E9  .a...<...#..c_..
00013E90:  0C BC 39 F0 15 1C 95 C0 - 0C E8 7F 8C 69 FC F6 08  ..9.........i...
00013EA0:  96 DE 52 65 4E 2D 00 C3 - 3A 3C A9 D6 C7 B6 D1 2C  ..ReN-..:<.....,
00013EB0:  01 FA F9 87 13 C1 89 3A - FA 3E FA 5F F0 2D E3 23  .......:.>._.-.#
00013EC0:  8B EA D3 07 52 2C 3E 0D - B3 71 07 87 CE 7D 6F 03  ....R,>..q...}o.
00013ED0:  A8 3B 7D D2 89 1E 7C 53 - FA D0 71 40 A2 BD 35 AE  .;}...|S..q@..5.
00013EE0:  3F 24 E3 45 AF F2 3A 0C - 11 78 AE 26 FE 1B D5 71  ?$.E..:..x.&...q
00013EF0:  DB 41 68 94 BE 9B E9 BB - CF 9D 41 F7 9A BD 58 5C  .Ah.......A...X\
00013F00:  1B 87 55 AD 96 92 52 B2 - AC 92 73 A5 A7 D5 D6 4D  ..U...R...s....M
00013F10:  FA 0D 4A FB B6 10 D7 24 - 84 A7 97 7F E7 53 A8 23  ..J....$.....S.#
00013F20:  13 2D FD B3 5C 6E 7B 64 - BB 96 A7 4C 91 34 9D 55  .-..\n{d...L.4.U
00013F30:  B3 EB A8 D4 1F 9B D4 8B - 6C 5A 23 0E 83 00 26 4A  ........lZ#...&J
00013F40:  B7 2F 2F 44 44 7B 40 47 - D4 B7 7F 83 62 BE B1 90  .//DD{@G....b...
00013F50:  8A CA DB E1 6A E1 80 74 - 6C A7 50 6D DA 82 B0 24  ....j..tl.Pm...$
00013F60:  69 02 88 EE 1D 91 2C 4B - F9 80 1D D9 4C F3 26 73  i.....,K....L.&s
00013F70:  D8 9F C9 86 29 20 D0 FD - 12 30 B5 C7 F8 41 BC 95  ....)....0...A..
00013F80:  5F FC A1 6A DB 5D 07 4C - 5B C8 60 86 2A 2B 9D E2  _..j.].L[.`.*+..
00013F90:  3C 42 3B 15 47 9D F1 13 - A2 47 B6 16 FA 26 06 17  <B;.G....G...&..
00013FA0:  80 9D EB 37 98 4B 59 4D - BD 11 BF 2B 38 99 94 61  ...7.KYM...+8..a
00013FB0:  38 E9 0A 6E B0 CE 70 A4 - DC 1F BF 9B 1E FA E4 46  8..n..p........F
00013FC0:  9C FA B7 E0 A6 0A 64 D2 - DB 04 12 4A A5 B0 9F CE  ......d....J....
00013FD0:  E5 DD 61 B1 3F F6 24 17 - D5 6F 52 FB 40 94 40 1C  ..a.?.$..oR.@.@.
00013FE0:  95 B0 51 95 17 93 08 2E - 89 31 A6 B4 25 06 6F CC  ..Q......1..%.o.
00013FF0:  07 0F 44 35 D7 E4 DC A8 - 7C 27 5F 43 75 14 2B DC  ..D5....|'_Cu.+.
00014000:  EE DA 8B B6 09 EA 1F 83 - E1 EC 60 90 4B 22 14 3F  ..........`.K".?
00014010:  97 53 30 6C 2B D0 69 F6 - 78 EF BC 97 5C 1C 30 D7  .S0l+.i.x...\.0.
00014020:  4D E6 FD E1 12 EC ED 22 - 02 0E 37 41 DC 96 BC 7A  M......"..7A...z
00014030:  AA 65 E0 A4 E6 1A E7 DB - A5 97 C8 0B DF E2 AE 47  .e.............G
00014040:  F2 39 E3 FC 19 83 EF FF - E5 A0 08 3D 28 F4 7C C8  .9.........=(.|.
00014050:  3D 07 98 1E F1 47 A7 34 - 0D 9D 53 5E 2A 3A 54 93  =....G.4..S^*:T.
00014060:  1E 65 33 CA 79 8B 25 2E - 3B B0 EF 87 B4 CE E3 7F  .e3.y.%.;.......
00014070:  0D 6F 6C B8 CA 42 02 F8 - 14 92 9B A1 2D 12 C6 A0  .ol..B......-...
00014080:  61 B6 8F AD 40 57 B4 B6 - FA B7 52 A7 62 AD 90 07  a...@W....R.b...
00014090:  8E E2 87 79 FE D0 01 E4 - F1 E7 83 E7 5B 2C 8C AC  ...y........[,..
000140A0:  76 2E DC 9F D8 19 A3 6F - 9F 6A CE 01 1F AF AC 6B  v......o.j.....k
000140B0:  58 14 4F D7 DF 03 F6 10 - BC 03 5C F4 7B 66 11 C1  X.O.......\.{f..
000140C0:  37 92 C9 FE C4 F2 5D 8E - 0E D2 EE A9 18 C8 9C 7C  7.....]........|
000140D0:  73 FA C3 C0 A2 27 05 07 - 92 8E 15 8D B5 B7 A9 10  s....'..........
000140E0:  44 84 4D FB A9 16 30 1F - 57 CB 00 B3 2A F7 D0 32  D.M...0.W...*..2
000140F0:  C5 24 01 63 09 6A 42 79 - A1 50 AB 56 0B 0D 06 07  .$.c.jBy.P.V....
00014100:  77 97 39 06 D7 1D C9 DE - 48 6E 4C EB B8 A9 65 9F  w.9.....HnL...e.
00014110:  76 A5 2F 62 0B 9C B3 B2 - 8D 4D 33 A2 5A 36 65 DA  v./b.....M3.Z6e.
00014120:  9F C4 8C 21 1E 9A 10 FB - 17 C4 A0 86 DF 7E 50 39  ...!.........~P9
00014130:  31 3D E9 30 C1 A6 4B 80 - A6 94 73 16 47 F5 2A B7  1=.0..K...s.G.*.
00014140:  76 A5 DE 8E 93 DB D4 9F - DA 24 14 3D F2 18 70 35  v........$.=..p5
00014150:  90 50 E4 0E 21 CA 70 56 - 30 86 58 37 EE F8 28 A1  .P..!.pV0.X7..(.
00014160:  20 B1 D3 C8 D5 46 0A 03 - 74 EE B7 B2 B2 29 8D 46  .....F..t....).F
00014170:  28 52 92 B7 CB BA BE 17 - EE D5 C6 83 D9 CC C1 5C  (R.............\
00014180:  0C C6 27 4F 88 CD 04 49 - C0 64 42 CB CE C2 64 F0  ..'O...I.dB...d.
00014190:  6A E1 56 5E 29 BF C5 4F - CE 86 80 AE 61 6C 8B CA  j.V^)..O....al..
000141A0:  F2 D4 BF 5D 63 21 A8 8C - 6F 53 9B 3C 0B 3F FB EB  ...]c!..oS.<.?..
000141B0:  1A 29 8A 42 52 14 CA 23 - F7 3B B4 5E 85 2A 92 3B  .).BR..#.;.^.*.;
000141C0:  41 C4 A8 BF BE 96 92 CB - 0C 76 A7 2D B6 5B 4E 28  A........v.-.[N(
000141D0:  6B E9 16 06 7F B0 6D 65 - 83 F4 FA FC BA 91 02 35  k.....me.......5
000141E0:  BF F8 D1 AD 90 86 07 9A - 5F 28 30 DC FE 80 8B EE  ........_(0.....
000141F0:  BA 0D 87 70 2B BF 77 D4 - 54 2C AD 9C 6E 6D 58 93  ...p+.w.T,..nmX.
00014200:  79 C4 99 52 DB 17 D9 3F - 48 43 D5 A1 84 D6 93 9D  y..R...?HC......
00014210:  10 2A CC 99 5F 47 B6 DC - B4 0F 11 EB F4 18 B8 61  .*.._G.........a
00014220:  27 63 C4 49 4B 6D D7 82 - 55 4D 5E 80 3C 18 C4 3E  'c.IKm..UM^.<..>
00014230:  1A B9 5C 70 4E 55 91 64 - 03 09 C3 74 68 7D 25 B9  ..\pNU.d...th}%.
00014240:  CC 14 E5 02 6C F2 9E 3F - 28 BC A2 55 BC E7 DB 1A  ....l..?(..U....
00014250:  70 9F A1 BA 71 B0 0F 65 - CA 1E 7A 45 B8 3C EB AF  p...q..e..zE.<..
00014260:  3A 4E 06 95 C3 1A F8 52 - C2 D9 07 4C 5D 5C 7D 4B  :N.....R...L]\}K
00014270:  8C E5 85 6A E3 95 1B F3 - 16 23 21 4E BC EE 1D 8D  ...j.....#!N....
00014280:  03 4F 77 69 D3 45 EB D5 - 00 4A 48 8A 5B 7A 76 07  .Owi.E...JH.[zv.
00014290:  C2 6B 30 E7 A6 DE 84 BC - E8 66 60 AD CB 33 87 20  .k0......f`..3..
000142A0:  60 C2 0A 99 F7 13 B6 EA - 0B C2 FD 01 BA 2F 0D B3  `............/..
000142B0:  CF 4B D2 36 85 78 4E 4E - CD B3 AA ED 34 4D 9D 60  .K.6.xNN....4M.`
000142C0:  19 7C 53 11 66 AE EB 8E - C2 53 07 08 A6 DD 83 B3  .|S.f....S......
000142D0:  62 DA AA 6D D4 63 1A 5E - 06 7F 7F ED DE C9 0F 3B  b..m.c.^.......;
000142E0:  74 53 AE AF F6 DA 53 7B - 6D 6E 1C 7D C1 91 9D D4  tS....S{mn.}....
000142F0:  27 3E 7F 15 33 C9 83 DD - DC 86 D7 C5 1C 6A 30 3A  '>..3........j0:
00014300:  FC 23 DE FA F7 3D 35 72 - 54 50 E6 3A 5E 31 C4 47  .#...=5rTP.:^1.G
00014310:  40 F9 26 D3 2C F2 C4 74 - 0F 55 AE 52 4A 65 CB 80  @.&.,..t.U.RJe..
00014320:  67 CC CB 27 C9 11 88 F4 - 1C E5 20 39 C2 0F E5 E1  g..'.......9....
00014330:  3E 53 F4 22 70 A2 80 AF - 6C B0 B2 57 A9 E2 F6 66  >S."p...l..W...f
00014340:  44 E6 B8 9C 12 8E C3 42 - 70 DA 46 0B F5 69 0C 78  D......Bp.F..i.x
00014350:  64 FC 36 12 CD 1D 25 14 - 0C C4 D2 0C B2 D7 D8 8E  d.6...%.........
00014360:  C4 A5 83 C2 24 8E 94 74 - D6 E4 D8 6A 22 B4 E9 FD  ....$..t...j"...
00014370:  8C 44 BD 1B 61 D1 82 D7 - 64 38 A0 6D 56 84 30 AA  .D..a...d8.mV.0.
00014380:  67 AE AB C9 1D 45 38 CF - 1B CF BE FA D3 72 1A 64  g....E8......r.d
00014390:  91 B3 BE DD 94 6A C0 31 - D2 E6 8B DD 8C 5C 01 06  .....j.1.....\..
000143A0:  26 80 38 9C 92 AC C1 46 - AB 02 A0 7E 53 9F FF 6E  &.8....F...~S..n
000143B0:  3E 1B 05 2F F6 75 E7 47 - 13 20 BC E8 89 3D 03 FA  >../.u.G.....=..
000143C0:  BF 82 59 C9 18 84 38 34 - B9 A7 68 43 E1 04 6E 8C  ..Y...84..hC..n.
000143D0:  C3 81 02 73 8F 01 07 F1 - 2B 14 B7 FC BE 2E 19 7F  ...s....+.......
000143E0:  04 15 A1 FD 9C B3 B9 51 - 75 20 C0 AE 1A 29 5A 7E  .......Qu....)Z~
000143F0:  5F BD 2A 89 67 B2 FE CE - E8 7C 48 59 69 12 09 C3  _.*.g....|HYi...
00014400:  1F AF 53 60 4A CB CE C8 - 92 8C C7 18 68 C1 D8 FC  ..S`J.......h...
00014410:  7C FF 86 D5 61 71 D6 B1 - 4A A2 15 4C 92 DA 41 C2  |...aq..J..L..A.
00014420:  C9 CA 5E 7D 5C 50 7D D4 - 7A 7B CA 6F 70 3C B3 12  ..^}\P}.z{.op<..
00014430:  5D 91 47 38 69 67 92 23 - 65 8C 70 B0 A3 A7 C1 74  ].G8ig.#e.p....t
00014440:  14 F4 E4 1B 1A 15 0E 6C - F7 A1 2D 36 32 CA 72 00  .......l..-62.r.
00014450:  63 06 29 9B 4B 92 EF 3C - 34 F4 A7 50 F1 BE F0 81  c.).K..<4..P....
00014460:  B1 F6 6E 11 46 0C 5F C0 - 60 28 73 54 44 58 56 C8  ..n.F._.`(sTDXV.
00014470:  6B DA D2 44 19 9E C9 1E - 49 67 4E DA 6E 75 25 DA  k..D....IgN.nu%.
00014480:  05 ED 7C 43 CB 3F D2 76 - 55 2B 4D 03 86 42 FF 34  ..|C.?.vU+M..B.4
00014490:  DB 51 CB 07 71 49 39 7A - 6C 89 57 60 59 B4 28 82  .Q..qI9zl.W`Y.(.
000144A0:  37 9E E7 CC 30 2F E1 C5 - A3 1F 11 D7 36 4F F6 D9  7...0/......6O..
000144B0:  FA 13 DB 32 B5 FD 77 F5 - AA E8 B8 45 B8 07 42 3B  ...2..w....E..B;
000144C0:  6A 58 26 ED 63 43 32 43 - 0D 0A 6B D2 F2 B1 BC 20  jX&.cC2C..k.....
000144D0:  1B 67 77 9A 02 C4 34 4A - 08 54 F6 7C 34 64 70 BC  .gw...4J.T.|4dp.
000144E0:  3F B5 B5 37 0F FD C7 53 - 78 3B 2A A0 3B CB CE FB  ?..7...Sx;*.;...
000144F0:  EA AF A2 9F AD 24 5B DD - D4 2F 07 70 F0 71 61 54  .....$[../.p.qaT
00014500:  70 E6 87 0E 31 8F A2 15 - BC 2A 08 65 67 4A 47 E3  p...1....*.egJG.
00014510:  A5 E2 FE 10 B3 FF 5D B6 - 9F 1A BD 69 FF 37 1D 8D  ......]....i.7..
00014520:  A2 DD 6D 8C 57 D2 15 CB - 95 C0 F3 8C 33 17 96 67  ..m.W.......3..g
00014530:  3C D5 C4 9C 48 1A C9 20 - EB 18 DB 29 A8 E3 0F 8B  <...H......)....
00014540:  1D A4 C1 5B CE FF D2 31 - 6D DF 45 91 83 92 27 E7  ...[...1m.E...'.
00014550:  1A 8A 4F 87 9A FD B1 A6 - 5A 42 F2 E8 F4 A8 2C 20  ..O.....ZB....,.
00014560:  74 72 BA D4 1A F5 84 4E - 53 52 AB 47 54 27 B8 5F  tr.....NSR.GT'._
00014570:  0B 99 65 A3 EB 22 53 C8 - B8 D9 2D 89 ED 25 07 31  ..e.."S...-..%.1
00014580:  DE 20 94 0C 2B D4 8F 73 - 95 98 69 E9 A9 23 3F 28  ....+..s..i..#?(
00014590:  13 56 40 B0 1A 51 88 DE - 6A 38 61 49 8F 06 CA 93  .V@..Q..j8aI....
000145A0:  76 C1 EE CB 87 B0 2E C0 - 05 8F DA A6 23 E6 75 DD  v...........#.u.
000145B0:  4F 9C 95 70 C1 FD 2B 63 - 9A E3 41 CA 71 8E 25 CE  O..p..+c..A.q.%.
000145C0:  4F A9 2E 2E 05 AA 4D FD - 71 16 9A 01 71 78 B5 FA  O.....M.q...qx..
000145D0:  89 C8 87 CA 81 2C E5 15 - 31 1C 5F 91 97 BF FA 4B  .....,..1._....K
000145E0:  6A E7 1A C1 2A 3F DD F6 - 86 BA E3 86 09 EE 2F 95  j...*?......../.
000145F0:  55 6D 7C 68 F5 B2 CD 42 - CE D3 28 10 F2 C4 DB 4B  Um|h...B..(....K
00014600:  20 8F 5A 6B ED B5 3B BC - 97 8B B4 9B 0D 96 C8 E6  ..Zk..;.........
00014610:  F0 2A F3 B1 BE FA 6E 9D - A5 D4 A6 67 51 50 B8 E1  .*....n....gQP..
00014620:  20 0A A0 71 1A 3E CD DD - 54 AB 60 C2 1C 11 68 00  ...q.>..T.`...h.
00014630:  16 03 28 A3 8A 57 61 10 - BB BD 07 FD DE 48 8A DC  ..(..Wa......H..
00014640:  7C FD E8 37 02 57 56 CF - DE 75 CE EA 78 59 C9 99  |..7.WV..u..xY..
00014650:  3B D3 7E F1 AF 5E 02 14 - DE 10 24 A8 8D 68 A4 7F  ;.~..^....$..h..
00014660:  F0 30 30 28 40 09 98 88 - 25 67 71 FF 5C 14 07 8B  .00(@...%gq.\...
00014670:  9B F7 50 CA 32 4F C6 E1 - 1D F8 4D F8 45 76 78 3E  ..P.2O....M.Evx>
00014680:  00 97 7D 82 FD 0F 8B 25 - 5F 11 F0 50 45 BA 7A 78  ..}....%_..PE.zx
00014690:  92 1C B2 3E 91 A4 0F 42 - 9D 49 97 A8 F1 27 63 9D  ...>...B.I...'c.
000146A0:  48 60 01 72 C1 49 67 2E - 73 F0 53 95 D2 C8 DF 1B  H`.r.Ig.s.S.....
000146B0:  70 92 0C F0 C4 D3 D3 41 - C2 8F 6B FD 8D 39 73 EE  p......A..k..9s.
000146C0:  42 74 84 2D 2A 00 90 53 - B1 98 00 43 70 C5 74 41  Bt.-*..S...Cp.tA
000146D0:  F6 22 2B 02 B4 47 6C CD - 78 F8 52 E6 6C 4D 89 06  ."+..Gl.x.R.lM..
000146E0:  F4 0D DE 3A 7C 6D A5 CC - 2F 0B DF DE FD 68 C6 0E  ...:|m../....h..
000146F0:  C5 60 CC 82 83 8D A0 B2 - F5 66 CC 68 42 E6 DD AE  .`.......f.hB...
00014700:  E0 06 5C D8 20 82 FF 78 - 54 00 4D 4A DC A3 53 CA  ..\....xT.MJ..S.
00014710:  90 6F 29 93 1E C8 6A 7C - 6C 8B 01 21 27 11 F8 6D  .o)...j|l..!'..m
00014720:  14 12 95 36 55 E1 45 BF - 4A 01 D9 D3 11 62 67 EE  ...6U.E.J....bg.
00014730:  F8 09 3C 91 6A AE 41 0E - 96 51 69 F1 12 D3 1B AA  ..<.j.A..Qi.....
00014740:  AA CF 90 A8 D1 63 AA 9D - BE D7 9E 0B F9 F9 2B 79  .....c........+y
00014750:  72 FB AF D3 2F B7 2A 6C - 2C 61 65 DE A0 09 DE 4C  r.../.*l,ae....L
00014760:  45 C3 B1 E0 6F 3B 77 22 - 80 60 2D 8A 85 4B 6F 9F  E...o;w".`-..Ko.
00014770:  C5 D8 97 17 36 F6 11 0C - E0 C3 64 5D 1D CD 10 66  ....6.....d]...f
00014780:  B0 ED E3 4D D2 BB 97 A9 - 05 D6 99 AF 6A D2 29 71  ...M........j.)q
00014790:  07 FC 60 5D 28 C7 5A BD - DB 02 93 55 79 FE C6 11  ..`](.Z....Uy...
000147A0:  AC AD E5 74 05 2B 5F 3B - 16 1C B4 32 A1 83 A4 52  ...t.+_;...2...R
000147B0:  1B 47 9C DD D9 28 6F A1 - C1 1C 53 5F D6 DE F0 A1  .G...(o...S_....
000147C0:  18 FA BE 0A D4 BC 6B 9D - 9F 2A CB C8 1A A2 23 FF  ......k..*....#.
000147D0:  ED 50 1B 1A DC B7 18 32 - C6 B1 FC 3F E5 4F 0B 78  .P.....2...?.O.x
000147E0:  FF ED 9B B8 7B 98 26 A3 - 91 BD 48 C4 C3 F8 D3 5F  ....{.&...H...._
000147F0:  5A 7D 55 1C 87 63 0A A2 - B3 91 03 7C E6 88 DE 1B  Z}U..c.....|....
00014800:  BA 39 0C 44 48 3F 31 66 - 2E 1A 30 25 14 D1 0F 33  .9.DH?1f..0%...3
00014810:  F7 8B 5E 40 E1 B3 24 90 - C2 D4 24 D9 1A 89 48 AF  ..^@..$...$...H.
00014820:  FE 8F E4 26 DB 65 70 1D - B6 A4 61 CE 7E 46 27 20  ...&.ep...a.~F'.
00014830:  36 8F 72 C6 41 51 9B 29 - 64 A9 9E 6C 32 B5 06 FD  6.r.AQ.)d..l2...
00014840:  8C 92 01 49 D4 A2 7A E6 - 36 FF F6 5E 8C AC FB FD  ...I..z.6..^....
00014850:  7D 9C F3 08 81 9C FC B8 - 58 18 9D ED FF EA 25 7D  }.......X.....%}
00014860:  78 11 2C 71 18 6E A5 CC - 2A AC 85 66 32 F4 C2 67  x.,q.n..*..f2..g
00014870:  C4 22 4E 00 61 A2 29 D5 - 62 96 DC 86 4C 7D D4 70  ."N.a.).b...L}.p
00014880:  CC A3 AF 8A 1A 6C 4F FA - 2B DB 03 F9 61 8D DB FF  .....lO.+...a...
00014890:  D3 D4 2F D0 95 5B B8 1C - BB 2D BB 0D 34 3F 22 27  ../..[...-..4?"'
000148A0:  5A A4 6F 6F 1F 9B 76 1B - 8A BC EC 82 39 C1 86 AE  Z.oo..v.....9...
000148B0:  C2 59 2E 8F 82 3E 92 1A - 9F 85 64 29 4B 69 C4 F0  .Y...>....d)Ki..
000148C0:  76 6A B7 B0 28 61 8A E4 - CB 80 30 C8 B9 AE 64 1D  vj..(a....0...d.
000148D0:  39 26 AC 36 24 F7 B9 AF - A0 A0 59 7D 7B FE B6 01  9&.6$.....Y}{...
000148E0:  F8 1C BB 9F 92 49 07 8A - 9B 8A 8C 15 16 D3 37 30  .....I........70
000148F0:  E9 EF 0A 00 21 EA EA 67 - 76 18 3D 82 4C E1 FC 1D  ....!..gv.=.L...
00014900:  AA 3A E7 E1 27 F6 E5 77 - 09 EA 46 46 30 DE 2A 86  .:..'..w..FF0.*.
00014910:  88 AB 15 FA D9 2D 89 A3 - B5 A8 01 25 E0 81 75 30  .....-.....%..u0
00014920:  10 74 BC 22 86 8E F7 2B - BE 18 97 8D 08 A4 49 BB  .t."...+......I.
00014930:  DB 8E F4 69 B7 AB 84 9D - DA D2 6B DE 36 DB 9E 81  ...i......k.6...
00014940:  CA 94 1D D0 82 EF EA 4A - EA 8E FB BF 58 EE B0 D4  .......J....X...
00014950:  B6 03 24 20 F7 1A 00 89 - F9 FE 3F 41 67 3A 52 86  ..$.......?Ag:R.
00014960:  5E 40 7D 53 53 34 8A 8E - CF 5A 63 89 11 97 98 C0  ^@}SS4...Zc.....
00014970:  C2 3B F6 4E 1F C3 4A 40 - DC 42 C7 F5 8D 10 AF FB  .;.N..J@.B......
00014980:  0B EE 04 5F 46 CB 7F D6 - C4 16 7D C2 9D 94 B0 BE  ..._F.....}.....
00014990:  2F 39 D9 9F 25 19 58 AE - 5C A8 3F AC 25 24 D9 23  /9..%.X.\.?.%$.#
000149A0:  E8 0C CC 15 FC 68 C6 3A - 00 AC B9 02 05 D8 63 53  .....h.:......cS
000149B0:  4E 64 8B AA 4B 0A F1 2D - C0 CD 9D 5D 29 86 98 3E  Nd..K..-...])..>
000149C0:  7F BF B0 06 0A BC 52 6D - 19 E8 D0 25 29 3D BF C1  ......Rm...%)=..
000149D0:  9C F8 81 8F 56 54 42 57 - 4E 4A 1F B9 D0 B1 B3 C9  ....VTBWNJ......
000149E0:  03 A2 37 C7 81 50 45 84 - 1C 44 37 54 EC BC 16 2B  ..7..PE..D7T...+
000149F0:  4E 7B 27 8A B4 B7 35 37 - 55 75 90 37 66 88 19 AE  N{'...57Uu.7f...
00014A00:  8E ED 64 4E 65 DF 7E E7 - 88 F3 AC 16 4D 07 45 9E  ..dNe.~.....M.E.
00014A10:  C1 0B F5 1B FF 8E 07 CF - 85 CB AC EA 69 5B CE 85  ............i[..
00014A20:  B3 BA 38 50 2C 1D 25 D1 - 99 FC 83 33 4F E1 70 F6  ..8P,.%....3O.p.
00014A30:  98 2F 1F 2A 53 9B 98 F7 - E1 B4 A8 CE B5 30 FA 02  ./.*S........0..
00014A40:  A4 BC 5C 6B C2 F3 95 84 - 67 C1 D6 15 99 65 43 BF  ..\k....g....eC.
00014A50:  B9 9D 68 F6 6E 70 AD B8 - 21 7E CA CF 97 ED 8F 0E  ..h.np..!~......
00014A60:  78 51 46 91 1A 00 00 50 - C1 A5 02 59 EF 9A 71 BE  xQF....P...Y..q.
00014A70:  23 C9 B2 0C E4 C9 26 69 - 3F 74 DB A9 64 B1 FB 5F  #.....&i?t..d.._
00014A80:  68 19 DC 5F 9D 0C 92 48 - 89 0E 6E A8 8B 2B B1 23  h.._...H..n..+.#
00014A90:  15 D0 6A 8A 0A 4A 7E 5F - 92 14 87 F9 7B 0B C7 38  ..j..J~_....{..8
00014AA0:  91 B5 1A CC C7 BB 76 64 - 23 40 86 46 61 1C CC F7  ......vd#@.Fa...
00014AB0:  24 77 08 8A F3 20 66 85 - 45 83 72 B4 F5 EF 65 47  $w....f.E.r...eG
00014AC0:  AB 7C 84 FA 95 91 92 E1 - F3 B1 EA 6D 8F 3A B8 41  .|.........m.:.A
00014AD0:  7F 02 35 74 2D 22 67 A6 - 74 C1 DA 07 42 4C C6 72  ..5t-"g.t...BL.r
00014AE0:  B3 3A 9A 20 A6 00 CD 68 - 1E 3C 6E 5F D2 2F 56 2E  .:.....h.<n_./V.
00014AF0:  9D 83 A7 A6 C0 A4 51 4F - EB F8 8F 96 05 47 59 89  ......QO.....GY.
00014B00:  55 07 64 4D FD 5A 25 AC - AC A3 AA B7 0D C0 69 6C  U.dM.Z%.......il
00014B10:  1A A8 E1 41 92 B1 93 A5 - 28 15 35 90 92 C7 38 88  ...A....(.5...8.
00014B20:  D7 F7 21 4F 53 7A 4D 8C - F0 54 A4 49 3A 13 36 AC  ..!OSzM..T.I:.6.
00014B30:  36 3E 91 1D 52 BD 2D 8E - 54 C9 61 D1 C1 53 8D B6  6>..R.-.T.a..S..
00014B40:  8B D7 96 EB F7 F0 F3 B1 - 30 33 91 CD 97 6D F0 27  ........03...m.'
00014B50:  7D 6D 39 31 88 1D E9 E7 - 09 B6 C5 A1 F3 7E 6D 08  }m91.........~m.
00014B60:  1B A9 02 75 45 A4 65 B4 - 47 66 25 9D 41 48 55 4A  ...uE.e.Gf%.AHUJ
00014B70:  44 01 9D 11 F8 C6 74 B2 - B8 4F 34 87 0E 8F EB 1D  D.....t..O4.....
00014B80:  C7 58 C6 B3 05 BC 36 89 - 37 5D 38 B7 B4 72 54 C3  .X....6.7]8..rT.
00014B90:  CF 04 4C 80 D7 18 3C 1F - D1 4F F7 55 F1 75 1C 33  ..L...<..O.U.u.3
00014BA0:  72 0D F7 C1 63 07 49 12 - AF 24 67 9D 27 B9 43 4C  r...c.I..$g.'.CL
00014BB0:  7F DD 89 01 AD D3 BB ED - 97 49 AD 31 EA 41 8C 90  .........I.1.A..
00014BC0:  1C FF 34 DB D9 53 70 CC - 39 DC A2 FF 0F B8 D2 DA  ..4..Sp.9.......
00014BD0:  31 1C 8B F7 50 46 F4 81 - 13 E7 97 5F 11 1C BE 3B  1...PF....._...;
00014BE0:  CA AF 34 48 13 9F 12 6D - CF AB F1 AA 7E D6 29 FE  ..4H...m....~.).
00014BF0:  1C F4 9D 42 65 95 E9 38 - 8D CA 2C 05 0F 6A 72 E1  ...Be..8..,..jr.
00014C00:  11 6B 5C D1 BE 08 B5 AF - F9 7E FC 21 4F FC 0B 85  .k\......~.!O...
00014C10:  06 D8 1A D3 FF 87 5A B3 - DA 61 0F 2D CB AC BF A3  ......Z..a.-....
00014C20:  B2 F0 D0 0E F6 68 96 A0 - 8E 85 81 B8 84 DA D0 A7  .....h..........
00014C30:  C9 15 90 FC 40 28 65 8B - 59 3F B7 42 DA 08 78 1E  ....@(e.Y?.B..x.
00014C40:  E2 A6 B5 5D B0 33 1D B3 - E6 1A F5 92 1F 7E 77 27  ...].3.......~w'
00014C50:  65 86 CD 08 7E 9B 7D 94 - 87 9C 9C 3A 3D 45 48 C1  e...~.}....:=EH.
00014C60:  EB 7E 09 68 7A 44 A4 E6 - 40 19 DF 62 2C 21 21 AD  .~.hzD..@..b,!!.
00014C70:  2D AF AD FA F5 B1 87 57 - 3B 68 EE 22 02 6D E6 00  -......W;h.".m..
00014C80:  18 94 E8 A1 E5 9A 88 2B - 28 23 37 C4 10 12 B9 D2  .......+(#7.....
00014C90:  84 69 87 87 50 6B 82 8A - 73 16 3B 2A 56 1C 19 C4  .i..Pk..s.;*V...
00014CA0:  62 1C AF 06 B3 F9 6E D6 - 34 3E 6E A0 FF E8 4A 1D  b.....n.4>n...J.
00014CB0:  E8 FE D7 87 11 20 DA 6C - 6A 1F 03 D6 95 84 3B AB  .......lj.....;.
00014CC0:  15 CE 5C 1E BF 42 32 42 - A4 51 F0 66 CE C1 65 B8  ..\..B2B.Q.f..e.
00014CD0:  D3 6F 8A 48 AF 92 1E 1A - 3F 1E C2 49 BB 59 11 24  .o.H....?..I.Y.$
00014CE0:  0A 1D 64 35 53 9D 12 99 - E7 BE DB 90 68 C3 5E AB  ..d5S.......h.^.
00014CF0:  75 52 CD 97 28 0C 4D A7 - 1C 33 E0 F2 EF 92 52 1E  uR..(.M..3....R.
00014D00:  5F DA D4 30 42 7D 37 6D - 3D 0F 93 19 A1 54 7A 2E  _..0B}7m=....Tz.
00014D10:  BF 5A 28 07 FC 40 01 94 - 36 05 84 26 31 9E FF E1  .Z(..@..6..&1...
00014D20:  07 BB 6A 1B DC 25 CE F0 - 41 4E B8 8F C6 9F 00 F2  ..j..%..AN......
00014D30:  81 33 17 DD 89 D1 F5 E7 - 0A 97 2A 8A 8B 8D 0A C0  .3........*.....
00014D40:  61 8D 35 8D 09 84 82 AC - 3B A1 AC 17 CB 58 B2 7D  a.5.....;....X.}
00014D50:  F5 C9 FB 16 AA 4C 6A 4D - A5 24 6A 3B 31 EE BA F2  .....LjM.$j;1...
00014D60:  D2 DB 2A D6 3A F7 29 5B - 70 23 5C 95 68 C7 F4 73  ..*.:.)[p#\.h..s
00014D70:  B3 BE 7F E2 08 94 C4 76 - CF A9 B7 3F DA 1D A0 8B  .......v...?....
00014D80:  44 0C 75 2F 66 F2 A4 6D - 28 B2 0A 35 F5 2C 27 46  D.u/f..m(..5.,'F
00014D90:  E7 DB 65 9C 56 BA 69 DC - 2B 5E F8 A6 37 7B D2 B6  ..e.V.i.+^..7{..
00014DA0:  4B 42 5F 83 D9 25 20 CA - 5B 0A 64 36 89 71 35 93  KB_..%..[.d6.q5.
00014DB0:  D6 C3 DA 21 2F FF E7 1C - 32 3E 06 D9 57 F1 6E B1  ...!/...2>..W.n.
00014DC0:  B9 19 88 78 2C 17 98 C2 - 59 0B 8C B2 0D 07 D2 F8  ...x,...Y.......
00014DD0:  26 47 20 87 F3 CE 89 2B - 58 90 13 10 5E 29 35 87  &G.....+X...^)5.
00014DE0:  E4 BE 2D 3D CB 86 06 3C - AA D5 9D 2E C7 1F F5 79  ..-=...<.......y
00014DF0:  4D B9 55 B0 67 F8 18 A6 - 85 85 8F 21 AD 5B 05 73  M.U.g......!.[.s
00014E00:  73 36 9C 7F 16 55 6E 49 - BA 2C FF C5 2B 45 C5 11  s6...UnI.,..+E..
00014E10:  E6 A8 EA E8 F4 7F 44 F3 - D2 D7 4D 3E F7 E9 9E 03  ......D...M>....
00014E20:  65 02 B0 8C 4A C3 65 8A - 85 4E 9E FE 98 0E C3 A7  e...J.e..N......
00014E30:  E4 1E E1 CB C4 20 21 A3 - F2 2E 69 7D C6 7F CA 3E  ......!...i}...>
00014E40:  67 B1 0E 54 6C 25 37 E7 - E5 F5 F0 53 E1 41 B8 3D  g..Tl%7....S.A.=
00014E50:  10 BE 59 DF FB BC 84 7E - 2E A2 C6 B6 FE 0F 5C 05  ..Y....~......\.
00014E60:  A1 E0 54 54 C9 40 FC FF - 3A EB 01 23 2B 47 11 13  ..TT.@..:..#+G..
00014E70:  7F D7 7B CA DC 53 10 C2 - 2D F6 DE 88 A0 9C FF 70  ..{..S..-......p
00014E80:  CD 4A D0 2E 8E E6 2A B9 - DC 2E 76 DB 4B E4 52 68  .J....*...v.K.Rh
00014E90:  33 E8 7A 61 6E C5 65 81 - 04 2A 8E C2 E3 2D 22 28  3.zan.e..*...-"(
00014EA0:  F4 21 0D F5 21 E4 95 33 - 93 ED 9E 56 A3 E7 83 17  .!..!..3...V....
00014EB0:  B6 0F DD 87 10 13 E1 50 - E0 2D 3A 7E AD 7E CF FB  .......P.-:~.~..
00014EC0:  93 93 32 D1 5D 90 BE 45 - 7B 59 25 CA DD 03 F8 5F  ..2.]..E{Y%...._
00014ED0:  97 25 52 C9 26 99 B7 B3 - 36 01 BD 5E F2 61 63 DB  .%R.&...6..^.ac.
00014EE0:  AD 00 58 98 A0 E0 66 17 - E4 C5 B5 6D 02 66 8E 8F  ..X...f....m.f..
00014EF0:  71 55 F1 70 62 15 2B CB - 4D 2D 59 1C 60 5C 38 8F  qU.pb.+.M-Y.`\8.
00014F00:  3B EF 8F 72 07 FF 9A E6 - BF 1C BD 45 AB D1 A4 B1  ;..r.......E....
00014F10:  54 23 7C D5 2B 0B 09 6C - D6 CC 1F AA 26 29 03 AE  T#|.+..l....&)..
00014F20:  72 99 BE 74 E0 ED 14 C1 - 6C BF DC 19 33 BF 03 06  r..t....l...3...
00014F30:  2B 9A 1C 9C 8C 8E C5 ED - 49 EE 2F 90 A2 C8 BB F0  +.......I./.....
00014F40:  29 9E 1F AE A2 9B 09 D0 - A8 25 EB 3D 66 97 3B F1  )........%.=f.;.
00014F50:  E4 40 42 43 22 2C 5A 33 - E0 6F 42 2C 29 F6 C6 99  .@BC",Z3.oB,)...
00014F60:  74 E9 85 A9 33 16 1B D0 - DF 54 9E 7E 78 34 71 C7  t...3....T.~x4q.
00014F70:  64 1F B5 42 D3 14 57 74 - 3C 1B 9E E9 74 3E 82 30  d..B..Wt<...t>.0
00014F80:  2A 7D EF A0 7F 9B 7B B0 - 66 C7 69 1B EB 16 B7 D9  *}....{.f.i.....
00014F90:  1B 25 78 96 22 7E 45 CE - 73 5F 78 BD E6 99 F1 2A  .%x."~E.s_x....*
00014FA0:  2B AC 05 4C 89 BD CE 73 - AD 70 DB 43 F3 D7 0D 80  +..L...s.p.C....
00014FB0:  7E 94 5B FE 51 6D 3B 7A - 48 C8 D0 F2 0D 11 A6 41  ~.[.Qm;zH......A
00014FC0:  71 1E E8 89 32 B6 F1 64 - 23 C1 3F 0A E9 31 8C 63  q...2..d#.?..1.c
00014FD0:  AC 23 BF 95 CC 6F 94 72 - 2D 0A C0 31 79 BE 39 26  .#...o.r-..1y.9&
00014FE0:  E4 AE E6 1D 50 FA 65 3A - 95 63 C3 B5 4B B0 35 DC  ....P.e:.c..K.5.
00014FF0:  59 01 B5 DE EF B1 FA 64 - 58 2D 15 96 D2 3A 5D B2  Y......dX-...:].
00015000:  2D A6 4B AC 39 15 11 27 - 31 CB DD F8 DF 92 3C 7F  -.K.9..'1.....<.
00015010:  E6 7B 21 DA 48 ED E4 8B - A3 9F 31 93 E3 4A B7 4A  .{!.H.....1..J.J
00015020:  58 2D 12 A1 FE 6E E0 FC - 85 26 C6 B9 A3 2E 8F 40  X-...n...&.....@
00015030:  9E 13 76 4F 16 95 F4 01 - A0 57 06 DD 07 DB BD 39  ..vO.....W.....9
00015040:  6C DB B5 E6 47 A7 AE 87 - A4 D9 B5 9F 8F 84 70 F6  l...G.........p.
00015050:  10 A7 77 FD A2 69 D3 E7 - 01 5D DF 3F 14 F8 85 56  ..w..i...].?...V
00015060:  F0 15 52 B7 DD 1A BA 5E - 4D B2 DF 52 51 E7 7C 93  ..R....^M..RQ.|.
00015070:  F7 77 D0 02 9F BF EE EE - 17 93 DC 89 07 9E 2E 7E  .w.............~
00015080:  0C B1 70 68 F8 2B 50 5A - F2 7C 18 FA AC 01 C9 58  ..ph.+PZ.|.....X
00015090:  D7 A1 1A 6B FF AB 28 E5 - CF 13 E3 F4 43 ED 4F 34  ...k..(.....C.O4
000150A0:  D5 7D 62 06 6C 3F A4 64 - 13 1F F5 F4 6F 6E 09 82  .}b.l?.d....on..
000150B0:  3F 05 3C D3 49 E4 B6 4C - 31 6A 79 7F 41 B7 5E 46  ?.<.I..L1jy.A.^F
000150C0:  4C A4 D3 45 A5 51 FA 9F - 63 BF 98 45 74 D1 A0 5D  L..E.Q..c..Et..]
000150D0:  49 4B 0A C3 CC F5 AE 13 - CA F3 53 C5 4D 0E DE 9A  IK........S.M...
000150E0:  CB 57 78 F7 3D F1 74 36 - 1F C6 4B 39 CF AB 97 A0  .Wx.=.t6..K9....
000150F0:  AA B6 8C 63 DB 51 32 9C - ED AE 57 0D BD C2 8F 9B  ...c.Q2...W.....
00015100:  B3 04 3D 93 EB DE 42 F7 - 26 9C BB EC 62 0F 50 63  ..=...B.&...b.Pc
00015110:  02 6B AB B3 C5 53 A4 AB - 34 9C 05 A5 B7 5E 29 43  .k...S..4....^)C
00015120:  B4 16 41 64 F6 40 D8 C2 - 05 90 FD 63 6A C6 44 96  ..Ad.@.....cj.D.
00015130:  70 74 E4 32 FA 30 00 23 - 49 E6 C0 09 B8 26 B9 B9  pt.2.0.#I....&..
00015140:  29 67 D3 FC BD 64 31 85 - D4 0B 43 77 35 FA C4 10  )g...d1...Cw5...
00015150:  75 D3 B0 C8 6F 2D AA 8C - C8 EC B9 AB D8 F0 21 70  u...o-........!p
00015160:  4B DA 10 CF A4 EF 04 76 - 06 10 23 3D 7B FA CF 69  K......v..#={..i
00015170:  A4 CF 69 C1 5D 2B 16 40 - 8F FA 64 56 8E 86 CC AD  ..i.]+.@..dV....
00015180:  1A F6 22 C4 A4 A9 02 7C - C5 69 45 0B FC 39 F3 F3  .."....|.iE..9..
00015190:  03 8D C4 2C 4F 37 08 96 - 3F 8F B3 E8 C1 96 BC 9C  ...,O7..?.......
000151A0:  A9 95 99 0F 48 C4 ED 7A - EE 0E 0D 80 81 99 6D FC  ....H..z......m.
000151B0:  62 5A 56 39 67 F2 E9 71 - 25 E0 AA B5 64 57 87 82  bZV9g..q%...dW..
000151C0:  37 47 76 49 F1 07 D7 D2 - F9 73 AD 16 CD D7 8D 32  7GvI.....s.....2
000151D0:  2A BA D4 36 CC A4 B9 CF - B3 0C 04 87 9D 58 F9 F6  *..6.........X..
000151E0:  09 91 59 BC 65 B8 7F 5F - B0 05 D1 21 CA 30 00 B6  ..Y.e.._...!.0..
000151F0:  C2 8C FD CB 0C 65 29 24 - 09 61 AB DF 20 D5 F4 52  .....e)$.a.....R
00015200:  26 16 E0 D6 C4 BB D4 EA - 3E 79 9B 0C 7F 73 67 C0  &.......>y...sg.
00015210:  AE D2 47 EF D8 E7 59 B7 - E8 F0 80 8F 89 28 96 D6  ..G...Y......(..
00015220:  07 C7 7F 89 10 8E 5F E0 - A9 47 D9 E9 43 F2 37 ED  ......_..G..C.7.
00015230:  ED F6 EA 4F 64 12 B4 14 - 72 35 9D 5E CD FC C9 71  ...Od...r5.^...q
00015240:  D8 C2 70 6B BC 1A 4A 93 - A1 E5 E4 87 BC B8 27 4D  ..pk..J.......'M
00015250:  B7 73 FB 71 98 A8 F2 C5 - 98 35 E9 2A 44 12 20 3A  .s.q.....5.*D..:
00015260:  47 40 D5 6E 46 B9 02 8B - 51 42 DD FD D1 55 75 1F  G@.nF...QB...Uu.
00015270:  B4 13 C9 A6 F8 0F B6 3E - 97 0D A2 9B B9 B8 29 D7  .......>......).
00015280:  E2 23 DE 22 6B 22 E7 10 - 99 85 1F 9F 87 7B D5 89  .#."k".......{..
00015290:  95 E4 42 43 45 03 45 FA - 35 01 1C EE B1 D8 E0 8B  ..BCE.E.5.......
000152A0:  03 16 22 AC 7E C7 BC ED - 5E 59 60 79 CF 2B 22 17  ..".~...^Y`y.+".
000152B0:  A6 8B 25 DC 3F C0 60 54 - FD BD 90 1E 3F BE 7F F1  ..%.?.`T....?...
000152C0:  F7 8A 9B 3E 9F 99 7B 33 - 02 0D 63 7D 07 FA A1 8C  ...>..{3..c}....
000152D0:  C0 A0 8E 84 6D DF 89 54 - 21 F9 21 51 C4 B1 72 35  ....m..T!.!Q..r5
000152E0:  A2 54 77 C2 36 C3 01 EA - 88 8C 65 CA 6C 8D 4E FF  .Tw.6.....e.l.N.
000152F0:  4E 8D 96 AC 52 7A 24 E7 - 57 8E E9 54 BD 4D 4F 6E  N...Rz$.W..T.MOn
00015300:  4C 5E 87 1C F3 EB A3 E9 - D0 7E 03 62 16 0D 31 FC  L^.......~.b..1.
00015310:  EB E2 FF 1B F4 6A F3 09 - 29 71 25 52 BE 15 2A E6  .....j..)q%R..*.
00015320:  90 82 16 2E 71 73 C9 37 - A4 91 59 60 E8 B6 93 95  ....qs.7..Y`....
00015330:  A0 A1 89 4B A4 9A D1 50 - 08 BF 0D EE E3 AE 46 CA  ...K...P......F.
00015340:  09 81 FB 2F 87 D5 33 2C - 86 95 00 8F 08 B6 86 C6  .../..3,........
00015350:  F6 2E 3E 19 9C E4 3F 8A - E1 0C B0 91 87 8F 7F 09  ..>...?.........
00015360:  D1 F4 55 85 41 2B AE 5E - DD 43 E3 9F 33 BC 98 33  ..U.A+.^.C..3..3
00015370:  E8 5C 07 6B E0 3A 2E 00 - B9 99 22 C0 27 5C 06 21  .\.k.:....".'\.!
00015380:  FD 75 E0 52 EE 83 7D 12 - C9 52 35 11 69 85 F7 92  .u.R..}..R5.i...
00015390:  B5 2F 12 C0 5B 23 15 10 - BE 57 1D D6 DD 4D 2A E4  ./..[#...W...M*.
000153A0:  0B 30 A6 0D 83 01 F2 F4 - 7E 92 14 8E 4A 68 5E 45  .0......~...Jh^E
000153B0:  DB 9E A5 67 32 CA 6F 53 - BF C4 D8 C8 78 64 A2 98  ...g2.oS....xd..
000153C0:  A7 F3 91 05 A9 91 3B C1 - 80 73 99 6A 82 BD D8 7E  ......;..s.j...~
000153D0:  E1 12 FC 48 25 25 F2 8A - 94 45 C4 A8 A9 A1 3C FE  ...H%%...E....<.
000153E0:  F6 8E 98 F8 1B C9 BA 42 - A0 37 43 92 02 84 99 45  .......B.7C....E
000153F0:  18 4D 7B CD 09 25 45 F1 - BC 24 41 1E 54 38 15 D0  .M{..%E..$A.T8..
00015400:  DB 73 F8 D9 F1 38 9A 99 - BB 16 80 D2 93 89 FB D5  .s...8..........
00015410:  AE 6D 2C BA 5E A3 D1 30 - 7E 32 86 DC 79 12 D1 D4  .m,.^..0~2..y...
00015420:  F6 C2 14 35 0E E9 FB 4E - 59 68 4C DC B3 E2 30 94  ...5...NYhL...0.
00015430:  9B D6 E6 F3 43 75 73 B7 - FB 56 9B F0 49 6B BC 75  ....Cus..V..Ik.u
00015440:  18 42 E6 AE 97 31 D0 9A - 39 AE A7 1F 33 33 00 3B  .B...1..9...33.;
00015450:  48 B4 CE 2F BA 26 38 C1 - BC EA DC A8 05 FA 50 C5  H../.&8.......P.
00015460:  E9 FD 63 93 07 3D 36 EC - FD AC E4 06 73 01 D2 DA  ..c..=6.....s...
00015470:  58 24 2A 86 DA B3 08 B3 - 47 55 40 CE 7D 4F 00 85  X$*.....GU@.}O..
00015480:  2E 29 4B 46 65 AA C6 F5 - 53 FE 2A 68 75 7C 26 29  .)KFe...S.*hu|&)
00015490:  82 A4 27 EB A5 F8 54 0D - 5E E4 BA 27 FB 4A 74 72  ..'...T.^..'.Jtr
000154A0:  AC C1 8C B1 9D A9 BF 1C - 12 A6 66 84 D6 1D 6C 90  ..........f...l.
000154B0:  BA 82 6E 7E B9 2C 1B DF - FF 1E 1C 34 7D 56 1C C5  ..n~.,.....4}V..
000154C0:  E8 B7 F0 25 60 C1 D8 39 - 40 3D 02 B3 BF 0B FF 68  ...%`..9@=.....h
000154D0:  58 E9 D0 97 D4 11 1A 33 - 0A 4D 75 82 EC 52 37 C9  X......3.Mu..R7.
000154E0:  5A 43 1A 06 5F 3E B8 D8 - 9F 20 67 4A 72 7D ED 34  ZC.._>....gJr}.4
000154F0:  3A BA 49 94 E5 6A FA C5 - 59 11 BC F6 FD 54 72 69  :.I..j..Y....Tri
00015500:  A3 CB 56 DF AD B0 46 FF - AC 66 9A 31 C9 37 E8 C9  ..V...F..f.1.7..
00015510:  BE CB 6F FA EA 21 D6 3C - 9A 62 5B BA 27 78 2C 4F  ..o..!.<.b[.'x,O
00015520:  75 92 7A 5B 47 B0 AF 42 - 23 40 C3 76 09 1E BB 62  u.z[G..B#@.v...b
00015530:  40 0B 5D 4C 7A F0 B3 A3 - 84 BC 32 B0 42 AC E4 17  @.]Lz.....2.B...
00015540:  21 38 0A 95 54 3F 96 DC - B6 9B FB 68 2C 15 F8 30  !8..T?.....h,..0
00015550:  4E 9C A0 9E 7D 88 96 A5 - 78 80 7B BF 9E BE CC 60  N...}...x.{....`
00015560:  F0 C1 87 52 28 32 0F C1 - 21 DD 3A 22 44 C3 69 9F  ...R(2..!.:"D.i.
00015570:  51 19 51 68 31 26 4E FD - C6 B9 86 88 1A CE 61 E1  Q.Qh1&N.......a.
00015580:  BE B6 1D B9 12 9D 5B 3F - 25 04 2E 4B E3 84 FF 13  ......[?%..K....
00015590:  71 F9 FD F7 7B 4A FE 08 - E1 F9 26 CB 85 6F D9 05  q...{J....&..o..
000155A0:  A1 21 D2 A4 3A 2D FD E2 - 9E 76 4F 79 91 13 99 7C  .!..:-...vOy...|
000155B0:  54 A2 0C E3 8E 18 A2 76 - 9F B5 5C EB 03 19 11 21  T......v..\....!
000155C0:  CE 14 9C 4D 93 75 25 B8 - D9 E1 F5 BF C4 C1 8B D3  ...M.u%.........
000155D0:  2B 3C 5B 55 8B B5 38 93 - 35 55 82 EE 32 0C FC 10  +<[U..8.5U..2...
000155E0:  31 BA 3B DF 4D 10 0B CE - D5 88 18 02 93 FB CA AD  1.;.M...........
000155F0:  EC 85 CE D3 A7 29 DA 6A - 99 88 76 3B 3E E6 29 60  .....).j..v;>.)`
00015600:  7B 8F BC C8 9C CD FD 04 - 52 D2 A2 BD 56 7D 12 8D  {.......R...V}..
00015610:  91 D5 86 B7 D3 28 C0 DA - 0E 64 7C 41 FF 91 8D B1  .....(...d|A....
00015620:  60 8B 41 53 E2 48 8E B8 - 85 B3 06 2E 45 CD 12 7F  `.AS.H......E...
00015630:  81 B7 18 9F 5F 22 78 4D - 4A 26 19 45 08 35 81 AA  ...._"xMJ&.E.5..
00015640:  CE 0F BB 7D 3E 33 15 98 - F0 04 C4 4E AD C0 1B A4  ...}>3.....N....
00015650:  5E EB AF 7B 0C 29 85 17 - CF 4B F9 BE 66 BA 97 4E  ^..{.)...K..f..N
00015660:  D4 F2 2A C0 28 C7 CD 4E - 50 27 19 82 8A 43 97 83  ..*.(..NP'...C..
00015670:  68 4C A6 A2 38 78 8E D3 - 31 C6 96 B2 29 C3 69 88  hL..8x..1...).i.
00015680:  4D B1 1B 5F A0 69 CA 53 - 3A 71 F5 D6 88 EA AB C6  M.._.i.S:q......
00015690:  66 90 9E 99 F3 22 B9 E3 - 4B 06 CA 9E E5 2E 94 43  f...."..K......C
000156A0:  7B EF 80 F0 93 F2 85 1A - 34 EF B4 27 3C 8E 99 07  {.......4..'<...
000156B0:  41 88 B0 DE 90 FE B1 26 - E7 0B 94 2D 53 76 03 6E  A......&...-Sv.n
000156C0:  07 63 88 71 D4 E6 38 28 - 7D 49 79 5F 77 6F BA FE  .c.q..8(}Iy_wo..
000156D0:  30 BA E5 69 25 E0 CD BE - 8B 9B EB C2 4B 6F 65 57  0..i%.......KoeW
000156E0:  DA A2 6A 7C 02 7D 0E 40 - 87 55 71 9C 3B 38 71 C3  ..j|.}.@.Uq.;8q.
000156F0:  FC A6 DD F2 D9 D9 83 92 - C3 E2 6E BE 77 67 9E C4  ..........n.wg..
00015700:  9E A4 02 24 19 2F 8E 46 - F4 05 82 2D 28 A3 6A 5D  ...$./.F...-(.j]
00015710:  D0 73 21 9C 7F C1 AB D9 - E1 38 C0 E2 D4 9C 36 E4  .s!......8....6.
00015720:  03 D6 B7 92 4B 8C 10 5D - A2 D8 6F DC F8 40 E8 06  ....K..]..o..@..
00015730:  03 56 96 21 11 7E 5F 82 - E0 C4 4C 34 42 7B 56 02  .V.!.~_...L4B{V.
00015740:  B7 31 7A 02 EE 03 CD 16 - 25 2C 12 D0 03 6A A6 7B  .1z.....%,...j.{
00015750:  06 75 68 E4 0A D3 9B F1 - B6 EC 1D C1 5F A7 A3 96  .uh........._...
00015760:  FC 9A 8C 92 02 A8 3E F5 - 9E 26 70 F8 FC B8 80 14  ......>..&p.....
00015770:  EC 72 38 2E 5F 75 25 17 - 7A C4 39 99 A1 3D 90 96  .r8._u%.z.9..=..
00015780:  8C 15 F3 A1 B1 2E E0 3A - 19 BD 53 68 46 3E ED 1A  .......:..ShF>..
00015790:  8E CC F2 1B D8 12 C4 48 - 54 5D 6E 67 A1 F2 07 FF  .......HT]ng....
000157A0:  9C 2A 4A 61 09 8A 82 CC - 27 E0 10 99 9B 2F 00 EF  .*Ja....'..../..
000157B0:  0E 12 21 80 E3 7D 6E 5A - C5 D1 77 05 99 B0 09 AA  ..!..}nZ..w.....
000157C0:  29 DA 13 F4 11 98 37 48 - 5E 90 14 D0 E6 20 EF 55  ).....7H^......U
000157D0:  05 FF 54 5C 91 47 E4 CE - 82 DB 21 00 C3 4E 18 6B  ..T\.G....!..N.k
000157E0:  DE 2D 5F A6 8A 52 CA 2A - 98 A8 B0 7F 4D BF AA 9C  .-_..R.*....M...
000157F0:  83 49 DF AB E4 80 74 4D - 47 B6 28 56 29 A2 B0 84  .I....tMG.(V)...
00015800:  19 0C A9 36 4F 43 79 01 - AA C7 84 E0 11 F9 B0 2F  ...6OCy......../
00015810:  94 5A 20 D8 82 9C 71 41 - 70 E8 31 C8 4D 89 88 6F  .Z....qAp.1.M..o
00015820:  E4 FC 84 1C FB 0D 7B 01 - 25 0A 18 3D 92 58 1C 0E  ......{.%..=.X..
00015830:  E6 D7 CD AA F8 60 83 C1 - BE D1 D6 B2 CE 56 D8 53  .....`.......V.S
00015840:  0F 75 6A DC D4 CF 4A FB - D9 2C 1D 04 AB 87 96 3E  .uj...J..,.....>
00015850:  6D 51 8E 9C 2E 4A A9 C5 - 20 E1 95 58 FE 6E 4C 10  mQ...J.....X.nL.
00015860:  78 87 8A 03 F6 0D 3E D7 - C2 23 1E F0 2D EA 63 FB  x.....>..#..-.c.
00015870:  96 C2 BB 9F E8 F3 49 93 - A2 9D 2D 39 B7 3E D9 2C  ......I...-9.>.,
00015880:  18 65 BC F7 96 B6 BE 11 - 9F 0F 5A 59 76 E2 3A 90  .e........ZYv.:.
00015890:  4F A3 DB 83 8D E8 38 6A - AB 5D B9 AD 4F D9 08 BC  O.....8j.]..O...
000158A0:  8F 08 0F F3 5B 0A 1E C2 - 08 54 2F 4D 1D E0 A1 94  ....[....T/M....
000158B0:  3A 75 83 DC 70 8B AF 2D - A9 8E 78 8F 12 9D 9A FC  :u..p..-..x.....
000158C0:  4F 95 A6 6F E3 52 E3 21 - 54 58 77 E6 C9 14 F0 34  O..o.R.!TXw....4
000158D0:  15 26 A8 50 BD 30 8F 61 - BB AB 31 2B 06 61 42 14  .&.P.0.a..1+.aB.
000158E0:  84 41 ED 7B 13 85 C4 16 - 61 07 19 18 39 BA 32 37  .A.{....a...9.27
000158F0:  AD 74 8F 7A 23 09 FD 13 - AA B3 E4 47 E4 8D D6 7A  .t.z#......G...z
00015900:  91 67 AC 3B 17 50 6D BE - 91 9B AB 30 19 C8 56 16  .g.;.Pm....0..V.
00015910:  67 81 65 0B A2 1E 12 59 - 2B 30 CF 57 E8 01 AB AF  g.e....Y+0.W....
00015920:  E5 1F A3 CB 90 58 19 8A - 45 90 C1 B9 AA 3A 8A 7E  .....X..E....:.~
00015930:  5C 4E FD 78 C8 CF 35 6F - 17 49 2B F5 5C 3B 02 D9  \N.x..5o.I+.\;..
00015940:  BC 9C 8B 99 29 6F 10 21 - 41 47 E0 FA 9E 15 07 5C  ....)o.!AG.....\
00015950:  3B 70 04 D1 41 42 9D CE - 30 E5 37 D3 07 AF C7 58  ;p..AB..0.7....X
00015960:  5B 38 37 34 9E 9C A2 35 - 02 85 6F 4A 0D 64 A8 4E  [874...5..oJ.d.N
00015970:  D8 A7 10 8F 3A 8C 7F 9E - 30 C0 AB 7E 25 3C 0D 83  ....:...0..~%<..
00015980:  F1 9E 54 55 8D A0 D4 4F - F7 FE 82 65 51 D7 4F CC  ..TU...O...eQ.O.
00015990:  98 57 9A B8 4B 25 51 99 - 68 E5 00 24 68 8F 83 43  .W..K%Q.h..$h..C
000159A0:  D1 FA 88 22 15 5C 55 A3 - 9D CF 58 9A 0F FB 5E C8  ...".\U...X...^.
000159B0:  D6 E6 AB 66 54 A6 58 85 - 97 F7 90 8A 04 19 CA 49  ...fT.X........I
000159C0:  A4 ED CA 73 95 E7 7F 13 - A4 F5 D8 DB A8 61 D7 7A  ...s.........a.z
000159D0:  DC 10 5F 6A 77 20 15 3C - 32 81 15 90 27 DF B7 78  .._jw..<2...'..x
000159E0:  60 C7 29 43 D3 1E 19 F4 - 7D 8A 62 05 63 10 88 4E  `.)C....}.b.c..N
000159F0:  EF 54 CB A9 A0 0A CF 08 - A8 5C A2 B1 42 3B 01 2D  .T.......\..B;.-
00015A00:  9C 1D E4 B2 C2 25 78 55 - B2 11 03 84 27 C6 63 61  .....%xU....'.ca
00015A10:  EB AF 5C 84 43 E9 E9 E3 - 7C 77 4D 5C FE E2 A8 D0  ..\.C...|wM\....
00015A20:  6B 95 24 7B 49 CF 56 7A - B6 34 CB AD FB 9E C8 EA  k.${I.Vz.4......
00015A30:  FC 7D E2 9E 34 5B 13 7E - 04 8A 22 64 44 87 6D 88  .}..4[.~.."dD.m.
00015A40:  EE DD E8 B5 E5 E4 D6 1A - 1B 1B 90 21 AB 55 A2 E8  ...........!.U..
00015A50:  35 5B DC E9 38 17 56 C0 - BA C1 01 82 5B EF 0D 2C  5[..8.V.....[..,
00015A60:  2D 25 78 CF 17 D8 30 51 - 54 DB 35 61 89 37 98 F1  -%x...0QT.5a.7..
00015A70:  B1 25 EE 1D 2D 1F B3 87 - EC C6 0E 63 32 0D 60 3C  .%..-......c2.`<
00015A80:  B8 2C A5 4A AF 22 F2 FC - F0 27 A0 87 6C 94 53 3C  .,.J."...'..l.S<
00015A90:  CE B5 1D D5 0B 49 06 A8 - F7 A4 92 7B 38 90 5C 54  .....I.....{8.\T
00015AA0:  E2 3F 47 25 E9 4F 1E CA - 5A 63 AE 31 90 96 E7 65  .?G%.O..Zc.1...e
00015AB0:  B1 03 8D 0F 6F F1 37 2D - F5 2D C3 5E EE 5C 0D F1  ....o.7-.-.^.\..
00015AC0:  FF 66 AA 76 F7 24 6E 5F - 08 4B E3 EC FF 7D 3C 4A  .f.v.$n_.K...}<J
00015AD0:  5B 23 25 D8 19 C1 ED 94 - E8 AC FE 95 29 98 40 CC  [#%.........).@.
00015AE0:  A7 79 79 1A 3E E0 7F 64 - 7E 2E 4A 10 F6 06 D6 75  .yy.>..d~.J....u
00015AF0:  E3 B6 59 B9 54 30 05 95 - 92 91 49 87 AA B8 C4 F3  ..Y.T0....I.....
00015B00:  44 BB 2B 61 E9 6D A3 61 - 1C 7E 6E BE A7 98 79 D2  D.+a.m.a.~n...y.
00015B10:  7B 3A B7 63 3B 8D B9 C4 - BF F3 20 4E 5A 81 6E 21  {:.c;......NZ.n!
00015B20:  DB C9 D9 B9 F3 1F A9 D8 - C2 16 FA 11 60 30 A1 4D  ............`0.M
00015B30:  26 91 D9 B9 DF 67 4F 2C - 15 C2 34 55 6C 26 57 1A  &....gO,..4Ul&W.
00015B40:  E8 9B C9 52 75 FD 08 41 - 9D CF 0C F5 82 E2 E8 48  ...Ru..A.......H
00015B50:  6E F5 A8 0C 79 A1 13 45 - 9E 47 40 4A 01 64 BC A4  n...y..E.G@J.d..
00015B60:  8E 13 A5 A2 AB 0D 03 D5 - FF AC A8 44 C0 AC 45 B2  ...........D..E.
00015B70:  34 5C D5 BF 38 BB 74 EB - 4C 4F E5 25 D2 53 BB 1D  4\..8.t.LO.%.S..
00015B80:  7C CE E5 59 EF C7 2C 30 - BC CD 2A 77 DD 1C 37 D5  |..Y..,0..*w..7.
00015B90:  07 C9 02 E7 B7 8D 3B 01 - D4 90 93 A2 F8 A0 B8 87  ......;.........
00015BA0:  C1 C7 6B 16 EE 54 4A 8A - 3A D5 21 62 E0 6E BA A1  ..k..TJ.:.!b.n..
00015BB0:  3F E4 63 03 2E D0 3D 1F - C3 A6 6A C8 DE DA E1 DC  ?.c...=...j.....
00015BC0:  34 0F AC E3 DA 33 75 3D - 79 6F 73 63 F1 97 90 BD  4....3u=yosc....
00015BD0:  53 5B D7 75 E5 F9 03 B9 - B9 96 AB 8F C0 40 60 FB  S[.u.........@`.
00015BE0:  35 28 C7 06 C6 EE C8 21 - F6 F2 A6 24 24 4B DD FE  5(.....!...$$K..
00015BF0:  BC 15 09 87 E7 7D 7F FA - 0A D0 3A 71 60 0B 51 14  .....}....:q`.Q.
00015C00:  D4 CC E3 1D 5B 34 AF 7C - 47 88 35 30 94 0A CD BE  ....[4.|G.50....
00015C10:  46 D4 80 94 C9 58 88 75 - 65 99 80 16 D8 B6 6C 31  F....X.ue.....l1
00015C20:  4A A1 67 6E 14 6A 88 F1 - 70 F8 95 70 75 DC B4 4E  J.gn.j..p..pu..N
00015C30:  C6 3B 94 3B 11 7A A8 B7 - 6A A0 90 79 BC BC 6D AC  .;.;.z..j..y..m.
00015C40:  33 9A 50 D9 28 9A 91 9B - 04 3D 40 A6 3B 18 25 CE  3.P.(....=@.;.%.
00015C50:  68 0A 6C EA 8E B9 3C C1 - FE 17 E5 FE 2D 53 35 17  h.l...<.....-S5.
00015C60:  BD 47 F2 5F C3 DD 1E 5C - A8 ED C8 54 45 BD FF E7  .G._...\...TE...
00015C70:  BE A8 05 9F 57 C9 CC DB - A9 8A 2E D8 B0 13 CF 55  ....W..........U
00015C80:  33 A4 6C EA 9C 7A 91 33 - 7E E9 38 F3 1B 18 D4 32  3.l..z.3~.8....2
00015C90:  E8 91 7A E4 3A B4 3E D9 - 53 CE 8A CF 0A E8 7A 6E  ..z.:.>.S.....zn
00015CA0:  78 61 A0 B5 A3 7D 51 B8 - 6A 01 FE A2 F6 97 E5 59  xa...}Q.j......Y
00015CB0:  11 3F 0B 1A D9 EC 6B 9A - 16 C5 1D 1E 8D 5D 42 4E  .?....k......]BN
00015CC0:  BE 54 43 51 EA 80 2E 5E - A7 E8 44 56 71 43 C5 15  .TCQ...^..DVqC..
00015CD0:  4D 37 DF E2 5F 3A A9 B8 - 0E CB 5B F6 94 12 DF 64  M7.._:....[....d
00015CE0:  2B 7D 7B 7F 72 F9 83 B3 - 26 E5 3E 15 37 A5 7D 51  +}{.r...&.>.7.}Q
00015CF0:  C9 A9 A9 4C E8 D8 20 B5 - EE 06 03 C7 98 05 CF FF  ...L............
00015D00:  D2 4C 79 6D 86 5E FD 3C - F3 50 22 EF 1A BC 16 DA  .Lym.^.<.P".....
00015D10:  5E C8 00 C1 DF 4A DA 9C - 7C 7E 5A 15 6D F1 DB 08  ^....J..|~Z.m...
00015D20:  13 70 E4 6F A0 8F 6C E3 - 7D 93 89 1C B3 05 53 0C  .p.o..l.}.....S.
00015D30:  D9 74 39 0C 44 B2 6E 16 - 33 2B E4 FD 45 66 1B 19  .t9.D.n.3+..Ef..
00015D40:  4B A7 AB 5B AD D1 B5 AF - B4 45 BA 0E 84 CD 32 B7  K..[.....E....2.
00015D50:  2E 30 F0 7F E6 5F 7A F7 - 95 98 75 E2 FC A7 F2 90  .0..._z...u.....
00015D60:  3A 71 6E 7D A9 83 30 BB - 48 BC 5B 6B 4A 84 62 37  :qn}..0.H.[kJ.b7
00015D70:  05 B3 52 11 99 1A DA A5 - 06 25 E7 10 56 B0 25 26  ..R......%..V.%&
00015D80:  44 69 79 65 04 FF 4D B6 - B6 E6 BF 80 12 9D 5C 50  Diye..M.......\P
00015D90:  C4 0B 89 9A 91 87 8E E6 - A3 8A BD 0F 4F 0C 5A E4  ............O.Z.
00015DA0:  C5 CD 87 C0 D9 E2 62 F6 - 0B 68 2E E2 7B B0 14 60  ......b..h..{..`
00015DB0:  16 97 1E FF 7B CA C9 8B - 30 7B 7A BA 27 64 0A 0C  ....{...0{z.'d..
00015DC0:  F7 1B 48 F6 D0 90 05 12 - F6 80 9C 4D 35 E3 B6 33  ..H........M5..3
00015DD0:  A8 69 81 4B B3 4A 32 AC - A7 0F 16 97 D2 46 6E 8B  .i.K.J2......Fn.
00015DE0:  D0 95 1E 2F D8 84 1E 73 - FA 27 B0 5E 38 5F BD A8  .../...s.'.^8_..
00015DF0:  65 CB C2 CB 12 94 6F AD - 10 84 AE 63 12 E0 D7 A2  e.....o....c....
00015E00:  F4 36 23 62 03 53 FD D9 - 7B 73 33 62 CD 11 26 49  .6#b.S..{s3b..&I
00015E10:  5F 41 3D D1 AA 49 63 C1 - 60 5C 0A 8D 09 B6 FB BB  _A=..Ic.`\......
00015E20:  A7 BD 6A 63 82 F8 09 21 - C7 F1 20 5F 80 7B 37 9A  ..jc...!..._.{7.
00015E30:  CA C1 64 19 5A 60 CB 93 - A3 BF A1 D6 1B 21 CA D3  ..d.Z`.......!..
00015E40:  4A 0F B7 32 AA B5 5E 8A - D8 ED C7 F9 C9 4D 91 1C  J..2..^......M..
00015E50:  F0 9A A1 F3 91 DB B2 B1 - C4 F4 CC 07 E7 DB 0C 55  ...............U
00015E60:  5B 6B 0E 18 0E 5A E1 5B - 45 F1 3F 21 AC 4F 8F 31  [k...Z.[E.?!.O.1
00015E70:  E0 1E AC 27 09 A3 A5 E8 - E6 CF 8D 70 63 4A 6E E8  ...'.......pcJn.
00015E80:  7D 6F 8F 2C AF A3 E7 89 - 78 FA AF 0D 70 48 AE 1B  }o.,....x...pH..
00015E90:  3C A4 DB 02 08 46 5E 74 - FB 39 21 D7 33 C6 FD 30  <....F^t.9!.3..0
00015EA0:  6E 70 0E FB 7D 73 4B 30 - 15 51 30 29 F8 87 19 2A  np..}sK0.Q0)...*
00015EB0:  29 97 B3 2F 4E 4D C9 39 - 54 50 78 5E E1 AD 4E 21  )../NM.9TPx^..N!
00015EC0:  38 FC 10 CD B1 74 62 13 - 82 96 34 D3 68 F5 BC 1B  8....tb...4.h...
00015ED0:  FC C4 BD 6F 56 A1 94 1E - 79 57 0E F5 0C 26 09 DD  ...oV...yW...&..
00015EE0:  5C F6 B2 61 57 B2 70 3A - 33 90 2E DA E8 9A 4F 1E  \..aW.p:3.....O.
00015EF0:  A7 5C 20 DC DF BD 88 B4 - 2E 84 62 10 83 8A 0A E4  .\........b.....
00015F00:  64 42 02 54 A0 34 3E 68 - F6 14 46 22 46 9B 83 65  dB.T.4>h..F"F..e
00015F10:  56 FF 53 F7 AE 9D D9 F8 - 9B B2 E4 0F 9C BA EC 34  V.S............4
00015F20:  85 30 E1 CF 41 3D 6A F8 - FC 68 DA 6E 53 7D 62 9A  .0..A=j..h.nS}b.
00015F30:  FE 9A 91 67 AC DD FF 43 - DE C6 6F 94 4E 56 BD 66  ...g...C..o.NV.f
00015F40:  B1 70 1C 79 2F 60 E9 9D - F7 F8 6D 3A 5B CD D4 FE  .p.y/`....m:[...
00015F50:  56 F1 FC 65 26 0A D6 17 - F3 0A 13 B6 02 DE 47 4D  V..e&.........GM
00015F60:  B8 D1 3D 57 7C 7D ED 7E - 20 79 D1 CF 9B 12 C0 54  ..=W|}.~.y.....T
00015F70:  3C 4D 6E A8 0B 4C 00 8B - CF 5E 35 0C CD 97 5C 14  <Mn..L...^5...\.
00015F80:  76 ED EC A3 0A F2 A1 A6 - 73 67 2B 85 24 58 69 2B  v.......sg+.$Xi+
00015F90:  5B 6D 49 1A B5 89 4B BD - 01 10 62 92 6F 44 50 05  [mI...K...b.oDP.
00015FA0:  3B 94 62 94 0A A7 85 EE - 31 7C A4 43 C9 53 47 08  ;.b.....1|.C.SG.
00015FB0:  EA EC 51 AD 0E 36 FE EE - 04 94 BC 73 4F 55 EA 76  ..Q..6.....sOU.v
00015FC0:  E4 D1 29 50 27 71 15 AC - 71 FA CE A6 6E 09 23 DF  ..)P'q..q...n.#.
00015FD0:  23 0A E5 70 F9 8B 06 3C - 13 43 8A BD C9 3E 2F 0C  #..p...<.C...>/.
00015FE0:  77 C6 02 8D 17 C9 02 10 - D7 6C 3E FF 4B C6 90 B8  w........l>.K...
00015FF0:  75 F2 87 CE 3D 38 5A 5B - FA 25 D8 C2 B5 79 54 C1  u...=8Z[.%...yT.
00016000:  A3 A7 30 98 CD B0 68 FB - A3 CA DA 61 5B B7 2A BA  ..0...h....a[.*.
00016010:  99 4A CD 27 60 D0 8E AD - 3A A7 5F 08 9A DB E0 61  .J.'`...:._....a
00016020:  18 E3 EA CD D1 5D DB 4D - D7 AE 9D 06 80 E5 90 C7  .....].M........
00016030:  62 9B D5 8F 1B 49 D2 E1 - 16 6A EC 52 FA 3D 55 A0  b....I...j.R.=U.
00016040:  2B 41 32 EA AD 51 44 06 - 5C B2 02 36 69 5D E7 BF  +A2..QD.\..6i]..
00016050:  3B AF C6 01 86 46 28 48 - 8B F6 04 57 80 8F 11 AD  ;....F(H...W....
00016060:  CA 6B 9C 74 8F 72 C0 9D - 5F 85 0E EA DA 3C 8E 3A  .k.t.r.._....<.:
00016070:  A2 10 E5 8E FD 13 4C D0 - 37 65 9F DE 75 83 AB 85  ......L.7e..u...
00016080:  0C C8 B5 66 FC 07 D6 F1 - 57 3B AA 4B F9 52 1F 21  ...f....W;.K.R.!
00016090:  2D 01 40 38 3D C9 67 47 - ED 71 DF 18 34 29 9C A3  -.@8=.gG.q..4)..
000160A0:  47 C1 16 60 85 F1 1C 77 - BD 35 73 64 28 A9 21 68  G..`...w.5sd(.!h
000160B0:  53 55 EC 73 B0 AF D0 35 - CD 03 9B 28 0C A3 41 28  SU.s...5...(..A(
000160C0:  82 77 33 93 81 FF 4F CA - 14 8F A2 78 8B 0B 3E 59  .w3...O....x..>Y
000160D0:  21 07 76 44 63 9B 17 12 - 21 3D 2A DD 22 B8 53 BB  !.vDc...!=*.".S.
000160E0:  C8 92 89 DD 5B ED 6A 66 - 1D 70 C1 CA D5 77 F4 38  ....[.jf.p...w.8
000160F0:  80 62 15 4C 8F 6E 7D E6 - E2 26 46 F7 18 31 76 3C  .b.L.n}..&F..1v<
00016100:  F3 AD 71 C0 41 A4 D7 3F - 9E 91 4C A4 79 4C 69 DC  ..q.A..?..L.yLi.
00016110:  BA 82 00 04 44 2B 9F 1F - C9 0C 7B E7 B1 66 C0 18  ....D+....{..f..
00016120:  E0 A7 AE AD FA D2 84 E7 - CE C6 D9 9D 8A 12 B9 97  ................
00016130:  2F 3C 23 65 8D 44 EC B5 - 2D 0B CF 6D 4B 07 8C DE  /<#e.D..-..mK...
00016140:  68 DC E2 09 B6 A6 0B 6F - 7C 79 B7 64 9D 16 74 8E  h......o|y.d..t.
00016150:  5B 14 07 87 FC 8A 51 EA - CE E7 CD 07 A0 08 1B F1  [.....Q.........
00016160:  C6 35 58 7B 5E FC 12 45 - E1 06 AB 42 BD 90 CB A2  .5X{^..E...B....
00016170:  DD 8F 5C E3 87 CB E0 72 - BF 29 57 48 95 A9 D6 6E  ..\....r.)WH...n
00016180:  38 D5 35 90 54 89 56 21 - CF A1 28 EE FA 1C BE B6  8.5.T.V!..(.....
00016190:  F9 09 42 DA 5F DD B9 50 - 76 48 BB A0 DC D7 67 00  ..B._..PvH....g.
000161A0:  A2 84 59 33 E6 90 C8 56 - 7A 0D CD F4 69 39 F0 9B  ..Y3...Vz...i9..
000161B0:  9B A7 98 85 1A 6D 43 47 - 2F 4A 9D 67 10 66 AF DC  .....mCG/J.g.f..
000161C0:  37 19 38 CD F2 D1 10 65 - 2C 73 04 80 08 D9 05 06  7.8....e,s......
000161D0:  04 85 F0 91 93 E0 39 9C - 92 22 4C 67 EB A2 47 2D  ......9.."Lg..G-
000161E0:  1C B5 0B BF 19 C8 72 97 - 14 84 32 70 9E 75 48 92  ......r...2p.uH.
000161F0:  EF B8 19 96 DD 16 00 1F - 77 53 BA 7A 81 37 DF 49  ........wS.z.7.I
00016200:  E6 68 A9 79 8C B8 2E A6 - CA 31 A3 21 0D 71 D2 EE  .h.y.....1.!.q..
00016210:  2F 13 BB E1 5B EE 18 F4 - AE FE 17 15 D2 0F E3 28  /...[..........(
00016220:  9B 24 AC 2D D9 22 2C 35 - B5 FA 57 4E FF 55 A3 7C  .$.-.",5..WN.U.|
00016230:  78 C2 FF 22 A1 41 CA 56 - 2E 58 06 50 05 58 B4 F8  x..".A.V.X.P.X..
00016240:  8E C1 C1 64 E0 FF 87 20 - E9 8B A0 C3 B3 EE 15 81  ...d............
00016250:  B1 36 AF 51 AF 10 3F 24 - 69 CC AA E7 CF EA BB 46  .6.Q..?$i......F
00016260:  EF B0 51 E6 AF C5 AB D1 - 3E 21 1A 55 5C 84 97 81  ..Q.....>!.U\...
00016270:  29 2B 90 A6 1A 27 E2 95 - 2A 34 21 C2 87 C6 0C 38  )+...'..*4!....8
00016280:  D1 AD B7 1C 9D 61 AA DF - 73 E7 A4 DA A2 03 BB 6C  .....a..s......l
00016290:  5F 4C F2 6C 53 33 91 33 - 10 86 C2 91 A8 D5 74 0C  _L.lS3.3......t.
000162A0:  C1 50 C2 FC C5 C8 43 C7 - 0C 7D 90 70 F2 A7 95 F5  .P....C..}.p....
000162B0:  39 DF 9A EF 44 F0 99 E7 - D6 EA C6 F1 B0 20 26 32  9...D.........&2
000162C0:  66 5C DD 7F C4 60 17 90 - 36 15 0F F5 D7 8A A7 5F  f\...`..6......_
000162D0:  2F 62 18 BF 1F 4B FD 96 - 5D CF 8A D1 EC 53 C7 DD  /b...K..]....S..
000162E0:  C9 91 21 40 6E E8 F9 F9 - 5D 4E 37 B1 C6 8E FA CE  ..!@n...]N7.....
000162F0:  F7 73 6C C4 C6 07 6D E8 - BD 7D DE E1 2E DA 71 B9  .sl...m..}....q.
00016300:  B8 15 18 A9 69 BD 76 A4 - 1A DF 06 AC 5E 92 3E 3E  ....i.v.....^.>>
00016310:  78 AE AD AF 87 63 C6 9F - 46 56 48 DA 8D 93 38 F7  x....c..FVH...8.
00016320:  09 D1 36 1C B4 9C E5 F1 - 34 DA 79 D1 4D DE 68 12  ..6.....4.y.M.h.
00016330:  C7 EF 49 34 03 D8 BD 2E - 65 29 34 F0 15 DE E6 05  ..I4....e)4.....
00016340:  1E A6 5F BB 4C 12 47 5D - 8E 5C 5B E6 B7 07 FC B1  .._.L.G].\[.....
00016350:  C2 1B B0 91 95 AC 50 BE - 89 A6 AE CE EF 21 23 80  ......P......!#.
00016360:  43 CF B8 91 96 A8 2C 01 - 11 F2 B2 C6 A4 A8 01 33  C.....,........3
00016370:  0B 43 43 9F A0 22 7A 00 - 02 00 80 9A 27 D3 6B 50  .CC.."z.....'.kP
00016380:  AC 77 2C 94 D8 E6 11 58 - 43 0D 00 61 9A F1 DE 79  .w,....XC..a...y
00016390:  67 99 30 04 6C 0A FB 33 - 76 AF 3E 91 9B D8 E1 42  g.0.l..3v.>....B
000163A0:  30 F2 31 59 26 B4 D4 5A - 2C 09 28 48 A8 01 6B 14  0.1Y&..Z,.(H..k.
000163B0:  C4 03 24 C4 86 C0 FF 94 - 4B 2F E5 03 AA 0B C7 D4  ..$.....K/......
000163C0:  7B 81 81 80 3D 58 A3 F8 - 6E 30 39 5E 46 1C 01 48  {...=X..n09^F..H
000163D0:  43 46 D9 B6 67 A0 B0 FB - 53 92 F7 5F 10 DA BF FA  CF..g...S.._....
000163E0:  FC 71 6F A6 0B E7 40 62 - 45 BB 3B 76 CC D8 6C 23  .qo...@bE.;v..l#
000163F0:  89 12 82 EE 4B 2D 4F 79 - 91 2F 6E C1 8D 06 6D D0  ....K-Oy./n...m.
00016400:  56 ED 0B 1F 3F A4 40 14 - 52 11 6A 91 D3 58 F1 01  V...?.@.R.j..X..
00016410:  52 2C E8 03 BE 10 69 81 - A1 7F 1E C4 8A 26 4A FC  R,....i......&J.
00016420:  D8 52 8F 20 BF 3A 09 8B - F0 54 09 ED D1 32 F9 41  .R...:...T...2.A
00016430:  AE 46 4F FA 0C 37 9A A0 - 02 72 89 37 96 F3 43 A8  .FO..7...r.7..C.
00016440:  00 01 B8 DD DA 9F 02 54 - C7 CA 8C 1D 02 F6 C8 E8  .......T........
00016450:  53 74 3D 3F 46 FC B9 57 - CE 92 A3 E7 2F 67 44 9B  St=?F..W..../gD.
00016460:  35 AD 27 2B 59 83 10 94 - 4A 51 C7 86 C5 6D 4C 32  5.'+Y...JQ...mL2
00016470:  DB DD 51 AF 3C 2D CB 04 - D1 2F 41 C1 DC 73 06 9D  ..Q.<-.../A..s..
00016480:  8C 4C BC 35 07 69 EB B2 - 56 C8 73 F0 FF 16 37 0C  .L.5.i..V.s...7.
00016490:  70 9E 88 E7 D9 9A 4B 02 - 4E AF A3 42 6A 3D E8 A1  p.....K.N..Bj=..
000164A0:  54 DA F7 41 B9 9F 00 02 - F3 D1 30 E1 30 AB 79 36  T..A......0.0.y6
000164B0:  C5 B2 E4 B6 48 E2 4B CE - D3 BF B5 4B 75 14 8D 40  ....H.K....Ku..@
000164C0:  1D 04 3C 6A 7E 1D FF 17 - C9 B9 F9 D8 FF 09 26 AC  ..<j~.........&.
000164D0:  39 1F CC F1 94 43 C5 23 - 1A 15 AB 47 51 A2 76 6A  9....C.#...GQ.vj
000164E0:  5C A5 6B E6 E8 C4 95 CB - 33 06 2F 9E A0 EE 89 00  \.k.....3./.....
000164F0:  3F D5 AB C7 FC 75 D2 F4 - 86 FE 13 39 0D AD 91 4E  ?....u.....9...N
00016500:  BE 21 69 33 5C BF 6B 21 - BA CE 19 02 17 59 0C A7  .!i3\.k!.....Y..
00016510:  8D A7 78 89 3C 43 88 43 - C4 B0 4C 85 52 6C F7 16  ..x.<C.C..L.Rl..
00016520:  A9 C4 FB 3D 66 1E E6 BB - 26 94 32 31 D7 36 31 58  ...=f...&.21.61X
00016530:  0C 87 CC EB 0A 64 3C 71 - DD F4 97 2F D0 7A 8E BE  .....d<q.../.z..
00016540:  18 CD 3E 7B 92 1F 51 72 - 2A A2 BD C6 F2 A6 7F 96  ..>{..Qr*.......
00016550:  E8 46 EE A8 72 C7 57 6F - 21 23 50 F7 58 4F 6D D9  .F..r.Wo!#P.XOm.
00016560:  AA 09 99 AB 19 68 81 51 - 2B F2 1D 7D 21 1F B1 99  .....h.Q+..}!...
00016570:  57 24 C4 F3 6F 41 D9 B5 - 30 CA E4 20 70 57 5A 2D  W$..oA..0...pWZ-
00016580:  DF 02 32 98 89 A4 FC AE - 65 0F 5F 1F 3B D3 82 39  ..2.....e._.;..9
00016590:  82 60 E9 EE 5D B3 2E 3B - 3E 86 89 73 7B C0 E6 5D  .`..]..;>..s{..]
000165A0:  FD 6B D2 02 26 BC 7F D3 - 4C 17 1C A0 19 B6 48 D5  .k..&...L.....H.
000165B0:  71 1F F3 4D 85 0D C1 17 - F0 7C D5 8F 57 50 93 C1  q..M.....|..WP..
000165C0:  FC F9 B2 FD D4 5C FD 00 - 30 DC 42 93 43 72 B1 FC  .....\..0.B.Cr..
000165D0:  D5 73 14 D4 4F 8D 0E 8E - 0C FD 42 E8 C3 8E 75 96  .s..O.....B...u.
000165E0:  37 BE C5 35 0B 90 65 4E - 11 0A C9 AE 41 A3 73 E3  7..5..eN....A.s.
000165F0:  6C BE C9 C6 FE 42 1B BF - A3 A8 E7 93 D5 AD AA 12  l....B..........
00016600:  34 A8 21 30 74 65 F9 67 - A9 7E EF 24 0A 37 81 6A  4.!0te.g.~.$.7.j
00016610:  12 53 FC D8 B3 04 A1 CD - 8D 67 5B A2 21 B4 B3 2F  .S.......g[.!../
00016620:  23 AC 66 AA B2 E4 64 00 - 45 5D 2F B4 8E CA 83 D9  #.f...d.E]/.....
00016630:  08 99 0C 33 0B A2 C9 C0 - 84 87 10 53 84 00 F7 74  ...3.......S...t
00016640:  A2 4F 02 F7 3C 73 B5 17 - D1 7C 4D E4 D1 82 CB 11  .O..<s...|M.....
00016650:  DD 5E 48 62 64 6B A8 E7 - 06 0B 8B C7 05 3B 66 7B  .^Hbdk.......;f{
00016660:  E5 A8 AC 7B 19 1B 64 07 - CC FF FF 86 29 96 23 B1  ...{..d.....).#.
00016670:  A9 69 F2 2F 0D EE BE 02 - 03 B7 34 8A 76 C2 34 EE  .i./......4.v.4.
00016680:  21 CC 29 8B 01 E0 F8 B8 - 19 11 CB F2 BB 40 B4 40  !.)..........@.@
00016690:  0A A9 EF CE 02 0B 0B 26 - BA 5A 3A 4D 5D 6A 5C 74  .......&.Z:M]j\t
000166A0:  62 27 BB 6E CB 08 88 B8 - 4E EC A2 56 3E 60 9B F2  b'.n....N..V>`..
000166B0:  5C AE 11 04 32 01 AC F5 - BC F7 EB 73 9A DD 34 08  \...2......s..4.
000166C0:  72 B4 A2 B5 13 D7 94 60 - 61 00 51 A1 6D A4 CE 3B  r......`a.Q.m..;
000166D0:  D0 F3 BB 0E 84 1C 7D 71 - 76 59 51 67 F2 75 74 78  ......}qvYQg.utx
000166E0:  EB AA 47 D5 00 90 93 73 - 62 1A 25 39 6F 0B 70 9C  ..G....sb.%9o.p.
000166F0:  C5 C0 28 0D AD 6D 24 67 - 75 7C C3 60 89 53 69 3A  ..(..m$gu|.`.Si:
00016700:  CE AD D5 04 E8 00 F2 85 - 2B 32 D4 A8 BD CA 4D 70  ........+2....Mp
00016710:  20 5F D0 C7 99 0E 99 9D - 6E B7 59 D8 58 DB 98 E3  ._......n.Y.X...
00016720:  57 79 C4 E9 AB 10 08 64 - C6 AC 9B 4F 9A 61 1B CB  Wy.....d...O.a..
00016730:  4E 1E 95 C5 F1 4A 7E C6 - 6F 6A 91 A0 3C 4C E3 20  N....J~.oj..<L..
00016740:  49 E2 9B D7 D6 4C A3 B4 - 8F 67 B7 7F 0D 41 56 2D  I....L...g...AV-
00016750:  FB 8A 45 DA F3 6E 3B 82 - ED 38 9B A7 77 1C B7 4E  ..E..n;..8..w..N
00016760:  84 3C E3 7C 16 65 47 55 - 39 ED 16 A7 E9 99 A2 61  .<.|.eGU9......a
00016770:  91 C0 59 7A EF AA CD 38 - 09 17 15 B0 F2 B4 0F D8  ..Yz...8........
00016780:  8E 93 3E 83 F0 FF 89 17 - 1E 23 85 35 4E 96 B3 E3  ..>......#.5N...
00016790:  C2 5D 6F D1 73 E2 D3 C2 - 7A 11 45 73 DC 76 51 B8  .]o.s...z.Es.vQ.
000167A0:  39 8E 80 46 96 CA B5 FE - 39 4A 5A BF AA A0 11 77  9..F....9JZ....w
000167B0:  7D 87 3F F2 B1 E5 C1 86 - 87 50 55 8D 49 12 9E 79  }.?......PU.I..y
000167C0:  9D 0C 1D 36 50 83 D0 AF - 99 13 4F 17 1E A9 34 5D  ...6P.....O...4]
000167D0:  BF 4C 56 56 88 12 17 B5 - 5D B5 AA 37 84 B5 85 23  .LVV....]..7...#
000167E0:  74 31 5B A3 66 DF 5C C7 - D0 F7 3E 59 72 15 75 80  t1[.f.\...>Yr.u.
000167F0:  B0 3B D9 39 22 FE 5F E9 - 59 E3 28 0A B3 74 4B 41  .;.9"._.Y.(..tKA
00016800:  D7 9E E7 B9 7D 7E 27 14 - 7C F5 80 67 38 31 F4 0D  ....}~'.|..g81..
00016810:  12 ED D5 CB 3E 76 B7 D4 - 94 5C C9 64 E8 AF C7 42  ....>v...\.d...B
00016820:  6D E9 B1 63 E6 A7 45 00 - 3A FB 48 69 14 0D 96 69  m..c..E.:.Hi...i
00016830:  E9 A1 AA 64 FE 14 02 2A - 6E 03 CE 47 FE ED AB 3E  ...d...*n..G...>
00016840:  6B D4 13 E8 84 17 48 E4 - 63 93 7F 66 AF 75 5A 9C  k.....H.c..f.uZ.
00016850:  DC 38 C1 E4 D2 60 EA BA - A8 CC A4 E4 6B F2 A9 80  .8...`......k...
00016860:  A5 24 30 08 EA 15 E5 2C - 11 34 EE 01 7A EE 2C A1  .$0....,.4..z.,.
00016870:  C5 AF 71 71 5F FB 5C 06 - 80 86 C6 18 87 93 CF 15  ..qq_.\.........
00016880:  F2 D2 8F 36 26 5D D0 D5 - 3C 3E D9 42 56 69 FF 01  ...6&]..<>.BVi..
00016890:  B8 71 CE B1 A6 7B 20 BC - 11 70 FA C5 9B 7A 54 17  .q...{...p...zT.
000168A0:  04 5E 3B 1B A4 4B 6F 05 - E6 30 ED E6 06 1A 78 C4  .^;..Ko..0....x.
000168B0:  FB B9 A9 8D 09 EF 38 F9 - 37 AE 18 5E 8F 4F 7F C8  ......8.7..^.O..
000168C0:  11 CA 83 E4 C0 A5 A7 67 - FF 5C AE C8 87 53 EB C8  .......g.\...S..
000168D0:  DD 88 61 C6 EC 70 DC 10 - FF 4E 0A F1 31 6B 9A 99  ..a..p...N..1k..
000168E0:  22 04 49 7C C5 F2 18 57 - 5A C4 26 DB 49 AE FC 63  ".I|...WZ.&.I..c
000168F0:  10 B9 E7 28 F3 0E FC 41 - 7F 37 51 8D 4C 0C BF 15  ...(...A.7Q.L...
00016900:  E3 0A 18 0E 7D F0 09 0E - AC CA D5 E4 5B 36 A1 A7  ....}.......[6..
00016910:  D2 6A 22 88 60 DA A3 56 - 67 BF 86 E7 57 62 4E 14  .j".`..Vg...WbN.
00016920:  C2 EC 0D 0A 65 6E 64 73 - 74 72 65 61 6D 0D 65 6E  ....endstream.en
00016930:  64 6F 62 6A 0D 34 31 20 - 30 20 6F 62 6A 0D 3C 3C  dobj.41.0.obj.<<
00016940:  2F 46 69 6C 74 65 72 2F - 46 6C 61 74 65 44 65 63  /Filter/FlateDec
00016950:  6F 64 65 2F 4C 65 6E 67 - 74 68 20 31 33 37 36 30  ode/Length.13760
00016960:  2F 4C 65 6E 67 74 68 31 - 20 34 36 39 36 30 3E 3E  /Length1.46960>>
00016970:  73 74 72 65 61 6D 0D 0A - BC C2 94 31 58 12 14 57  stream.....1X..W
00016980:  DE DF 8B 0A 10 D4 B8 E5 - D2 CD D5 0A D7 AC 8F 47  ...............G
00016990:  98 3C 54 06 C7 4F B8 40 - EC 26 22 E1 11 2E 4C DF  .<T..O.@.&"...L.
000169A0:  90 FF CA A8 93 9E 06 3A - 9E 99 F7 1B 6A 32 28 A9  .......:....j2(.
000169B0:  90 1E 64 95 19 6B 96 30 - 2A 0E AC 38 F1 4F 52 A9  ..d..k.0*..8.OR.
000169C0:  5A 13 26 FB A1 7A C3 07 - 33 3E A1 68 DD 91 62 E3  Z.&..z..3>.h..b.
000169D0:  08 BA 50 A1 06 82 1B 68 - 40 15 66 46 72 79 62 50  ..P....h@.fFrybP
000169E0:  6F 49 AB DC 7C 36 29 F8 - CF 52 C0 DF E6 5F 5F DB  oI..|6)..R...__.
000169F0:  67 7C 99 AF AC 50 20 54 - F0 60 51 B3 AB B9 5F E3  g|...P.T.`Q..._.
00016A00:  50 32 AC 10 79 B9 22 FA - 47 84 39 FB 27 88 C1 BF  P2..y.".G.9.'...
00016A10:  05 12 21 D9 0F 19 E3 13 - 5D B7 0F 8D B1 6A 38 84  ..!.....]....j8.
00016A20:  BC 94 62 5F 35 5A CD 26 - 39 20 FB 74 A4 9F 7D 36  ..b_5Z.&9..t..}6
00016A30:  EF 19 8D EE 75 AF 05 35 - B7 FA B8 3B 7D 96 BF 7E  ....u..5...;}..~
00016A40:  8C C3 D8 F8 82 E9 29 87 - 36 D0 34 60 D0 F3 D8 5D  ......).6.4`...]
00016A50:  BA D1 AF 98 BA 3B 1B F2 - BA 4B 6E 52 28 5C D9 7C  .....;...KnR(\.|
00016A60:  C2 72 E6 65 BC 5A 7B 98 - FC 75 BA D6 F2 EA FC C5  .r.e.Z{..u......
00016A70:  DF AC 85 D1 BA 86 25 9C - B4 09 8F 42 2A 93 7A F6  ......%....B*.z.
00016A80:  CD 2B CE AA 65 9C DF 51 - 25 7A A0 97 C5 BB EE 08  .+..e..Q%z......
00016A90:  D8 B9 11 66 79 0F 34 09 - 87 E7 22 A5 FE 46 91 A9  ...fy.4..."..F..
00016AA0:  31 B0 14 52 87 14 03 B8 - 66 A1 B2 79 C4 56 DD D8  1..R....f..y.V..
00016AB0:  1D 71 B9 8D 51 A6 F6 89 - E5 9E 4C 49 E2 79 5C C7  .q..Q.....LI.y\.
00016AC0:  4A 12 98 CB 55 5A 36 AD - 08 EA 33 A8 70 C0 B7 39  J...UZ6...3.p..9
00016AD0:  7D 0F 18 8B A2 78 DC 4E - B0 2A 2B 63 32 8D 47 BA  }....x.N.*+c2.G.
00016AE0:  45 BA FD 67 98 B5 2D 64 - 78 37 C7 FF 67 E0 3F 29  E..g..-dx7..g.?)
00016AF0:  C1 92 B1 20 95 2E 1B C2 - B9 D8 33 58 2F 10 2E B0  ..........3X/...
00016B00:  89 CF BF B4 81 24 9E 44 - 22 42 42 13 CD 77 A3 DB  .....$.D"BB..w..
00016B10:  95 E3 E0 26 67 38 D8 B2 - 3F 82 59 01 E0 CF D6 F3  ...&g8..?.Y.....
00016B20:  6B 0A 12 CE D6 AE 69 7A - F0 EB EF 65 23 3A 2F 98  k.....iz...e#:/.
00016B30:  8F EC 42 E1 28 23 E6 35 - CA 60 51 5C BC FA 0B 6A  ..B.(#.5.`Q\...j
00016B40:  1E E9 BC 00 30 D0 00 ED - E9 B6 4E 61 D6 09 9C 6F  ....0.....Na...o
00016B50:  25 72 DE E4 43 B2 DB 61 - 44 A2 B5 87 8B DA 4C 74  %r..C..aD.....Lt
00016B60:  64 37 D2 1C FA A4 B3 6E - C7 44 32 0B 3A 13 84 E9  d7.....n.D2.:...
00016B70:  5D 6B 82 58 9A 49 7C 39 - D1 16 91 A9 3B 45 9A AD  ]k.X.I|9....;E..
00016B80:  80 E9 7C BD 3E B9 CD 53 - 9E 23 53 19 F2 FD 1F F2  ..|.>..S.#S.....
00016B90:  AF 21 0C FA 87 77 2E 6F - 13 67 EA A1 72 EF 38 3B  .!...w.o.g..r.8;
00016BA0:  AD 29 8F 7A 41 2A 90 A7 - EA 0A 7E CE BE 5E B9 22  .).zA*....~..^."
00016BB0:  75 08 63 D4 FB 59 C2 CF - 1C 7D 70 E9 1E F5 28 27  u.c..Y...}p...('
00016BC0:  A1 A2 80 12 C1 8F 5C 77 - 34 A1 5C 14 75 D1 35 82  ......\w4.\.u.5.
00016BD0:  3A 62 D7 99 76 BE E0 B7 - 6E 26 2F 6F 51 BC 33 8C  :b..v...n&/oQ.3.
00016BE0:  49 B8 4D 8B 13 52 A4 DD - EE 54 71 CF F7 98 4F 92  I.M..R...Tq...O.
00016BF0:  27 C8 FA 33 0E 82 2B C2 - 24 D3 6B 4F 99 98 F7 A2  '..3..+.$.kO....
00016C00:  80 1E C4 0D 4A 2F 52 2A - 31 34 6A 21 6B 8D 09 6D  ....J/R*14j!k..m
00016C10:  F0 44 87 A2 56 03 C0 C5 - 43 61 02 F0 F7 F8 AD 12  .D..V...Ca......
00016C20:  1C 1B DC FA 1A A4 D7 7C - AA C2 86 6F B0 2C 63 2E  .......|...o.,c.
00016C30:  24 BB 2D 61 61 40 4A C1 - 33 31 BF F5 46 28 46 16  $.-aa@J.31..F(F.
00016C40:  80 46 8C 40 4F 51 53 C1 - AD A6 FC 62 34 AF 4A 18  .F.@OQS....b4.J.
00016C50:  2E 8E F9 AD AD 25 09 3B - F2 DD 80 E9 7D 01 96 67  .....%.;....}..g
00016C60:  B2 B8 A5 0D 8F 02 62 82 - 14 BE 0C EC 30 DE FB 4A  ......b.....0..J
00016C70:  E4 BB 85 DD 8E EB 3B C0 - 19 D5 74 24 3E 50 06 EA  ......;...t$>P..
00016C80:  C8 DC BF 85 14 9D 78 4D - 88 F3 D9 8C 07 F7 41 9F  ......xM......A.
00016C90:  B6 B8 22 03 34 65 86 85 - 5C 5B FC 12 25 72 1D 87  ..".4e..\[..%r..
00016CA0:  49 07 87 1B 53 65 DB AE - 48 D7 BF 16 8B A7 71 4B  I...Se..H.....qK
00016CB0:  8D DA 99 9C 5D BE B0 CE - E4 55 29 E2 7F 4C A8 95  ....]....U)..L..
00016CC0:  8D F2 E4 F9 31 0E 36 1C - 3F 16 08 8B 96 67 32 0C  ....1.6.?....g2.
00016CD0:  D5 DE FB 18 E2 EC E0 74 - 30 7D A8 4E 60 00 E8 61  .......t0}.N`..a
00016CE0:  58 67 C3 E2 65 B1 4D 34 - 5B 09 8E A2 21 A7 B6 C0  Xg..e.M4[...!...
00016CF0:  67 96 45 A1 CD 61 F5 56 - 6C C0 AC 11 12 2A 31 EA  g.E..a.Vl....*1.
00016D00:  64 0B 73 BC 15 9F 53 EF - F0 8A 5A 87 6B DF 66 DF  d.s...S...Z.k.f.
00016D10:  EA 64 F2 63 D7 02 2C 66 - DB F1 B0 17 A9 1B DF A1  .d.c..,f........
00016D20:  52 48 5E 03 8B 16 D7 91 - ED B8 36 8B 93 BE C3 83  RH^.......6.....
00016D30:  20 33 B1 BF E1 34 CF 6B - 57 4C 35 5D 63 C1 B5 DB  .3...4.kWL5]c...
00016D40:  11 17 9D 4F 38 23 02 A4 - 8E 5A 05 C5 CB 3B 13 86  ...O8#...Z...;..
00016D50:  2A 50 01 0F 8F 78 5C 04 - 14 81 15 1B 14 86 12 F3  *P...x\.........
00016D60:  AB DE 38 77 BB 86 42 17 - 5F 89 69 59 6B 40 24 8B  ..8w..B._.iYk@$.
00016D70:  FE 92 63 94 28 72 8D 2E - E7 DE 94 48 AE 75 E3 EF  ..c.(r.....H.u..
00016D80:  8D D4 05 D7 98 37 0B C7 - D3 32 C2 BB 7D C0 E0 4F  .....7...2..}..O
00016D90:  90 A8 F8 08 C5 E4 0F 38 - EA 57 05 BF 5F 25 66 A2  .......8.W.._%f.
00016DA0:  9D 08 A7 00 41 30 5B 41 - 79 C9 FC 84 8C 75 AD 61  ....A0[Ay....u.a
00016DB0:  3D 2C 46 EE DC 77 B6 A8 - F4 C3 69 2E B1 71 1C FC  =,F..w....i..q..
00016DC0:  31 F4 A6 E7 67 30 32 79 - 61 E7 0A 6C 30 5B 85 3F  1...g02ya..l0[.?
00016DD0:  FA 71 B8 20 F1 11 84 A7 - DA C5 E5 42 20 48 23 E1  .q.........B.H#.
00016DE0:  45 42 E6 E8 97 67 A5 DE - 4D B2 84 94 96 41 47 13  EB...g..M....AG.
00016DF0:  4A 18 EC 8C 04 EE DF 96 - 90 CD 7A 6F 2F E4 32 21  J.........zo/.2!
00016E00:  A0 15 E2 A7 CD EF 96 40 - DD 26 19 B6 31 9C B2 42  .......@.&..1..B
00016E10:  20 3C 0D 1A 47 0A AF CD - B1 D2 5B 8B 4B 70 7F 73  .<..G.....[.Kp.s
00016E20:  AB 9F 5D 79 1E 07 31 AC - B4 12 E9 B0 50 5C CB 64  ..]y..1.....P\.d
00016E30:  87 A9 7D 7D 47 A5 F4 BD - 0C 8E F9 81 85 DA ED B7  ..}}G...........
00016E40:  2F 89 98 2F 90 7F 3A C9 - B5 9E 42 0D 58 9D BD C5  /../..:...B.X...
00016E50:  09 AD C6 8B E4 C1 27 DF - 6C 7C AC C9 56 C4 1D 5C  ......'.l|..V..\
00016E60:  C9 56 C5 3E 84 78 44 0C - 77 A8 91 A3 20 26 AC 10  .V.>.xD.w....&..
00016E70:  26 43 0B 53 DD 10 09 23 - 37 31 66 DB BC DB 6C B3  &C.S...#71f...l.
00016E80:  15 96 53 8A 9C 69 CC 0D - 27 88 9E EE BA 67 C3 AF  ..S..i..'....g..
00016E90:  C9 B5 FA F8 87 3E 73 8D - 90 F5 8B 49 7D 80 39 66  .....>s....I}.9f
00016EA0:  28 02 A1 3A BA A4 82 83 - 19 3B 51 00 9D 4F 5C 70  (..:.....;Q..O\p
00016EB0:  49 E9 9F E2 20 11 50 77 - 10 6A 54 3C FC C5 44 78  I.....Pw.jT<..Dx
00016EC0:  8B F6 2B 57 2B C6 2A 4F - DF 48 3C 62 AF DA A0 8C  ..+W+.*O.H<b....
00016ED0:  D1 2D DF 57 87 A5 8F 5D - 04 DF 3C 5C 4F CF A4 F6  .-.W...]..<\O...
00016EE0:  7E C7 E2 82 CF 94 95 F2 - 2A 54 D7 70 9F 3F 56 9D  ~.......*T.p.?V.
00016EF0:  72 90 EB 80 41 28 D3 77 - 25 B1 D5 94 8F 89 BF FF  r...A(.w%.......
00016F00:  B7 E9 D8 A7 2A 10 52 06 - 66 FA 1C 42 A5 54 A6 AF  ....*.R.f..B.T..
00016F10:  FC 05 C8 41 E2 99 DF B6 - E9 4C 78 A5 41 00 12 70  ...A.....Lx.A..p
00016F20:  D8 00 2F 9E CA A0 B7 5F - FD F2 1D CD 01 41 C6 C3  ../...._.....A..
00016F30:  AF C2 9B 81 16 CA 40 0F - 26 84 7D DB 1D C8 54 B0  ......@.&.}...T.
00016F40:  0B 33 B4 F6 A4 79 54 44 - 13 DB 93 0B 66 C6 37 2B  .3...yTD....f.7+
00016F50:  C9 B6 E2 6A B4 C3 8C B8 - 9F 38 D5 24 A9 6F B3 4D  ...j.....8.$.o.M
00016F60:  65 BB F4 D9 DB 90 AA 14 - CD F4 CF D9 0D F0 B0 60  e..............`
00016F70:  6B A0 97 7F 31 D6 6C 60 - A2 7C B3 5D C1 70 3E D3  k...1.l`.|.].p>.
00016F80:  B4 1D C0 4C 8B 60 D4 A7 - 30 36 5E 6A 16 39 C7 DD  ...L.`..06^j.9..
00016F90:  72 13 BC 38 62 7C 92 13 - 9E DA F4 90 53 AD 4B 21  r..8b|......S.K!
00016FA0:  85 BE 20 A9 17 99 F5 65 - 0D E0 6B 5E 76 FA CF 76  .......e..k^v..v
00016FB0:  10 5B 14 7B AB 79 7F 44 - 07 4D E7 81 E8 B2 90 DA  .[.{.y.D.M......
00016FC0:  BC 58 03 8D 11 E9 0B 67 - 28 86 A6 24 36 8D 7D 2E  .X.....g(..$6.}.
00016FD0:  8B 1A 76 89 ED 77 AD 12 - 22 F4 3A 6B 0D C2 75 BD  ..v..w..".:k..u.
00016FE0:  72 7C BA 83 9D 15 6C 3A - 39 B9 EE CD F1 72 63 EE  r|....l:9....rc.
00016FF0:  F2 FA D9 C6 5C CE 3E D6 - 27 89 8D 4E 28 0D C7 F4  ....\.>.'..N(...
00017000:  46 82 92 07 08 96 51 47 - 1F 59 B4 A9 9D 4A 75 41  F.....QG.Y...JuA
00017010:  00 B6 A3 33 14 6E A6 B3 - 7D 8E E5 33 01 83 F3 24  ...3.n..}..3...$
00017020:  7A A2 3E D6 78 A5 62 98 - B5 D6 80 98 C4 6F 28 C5  z.>.x.b......o(.
00017030:  BF BA 24 A7 CC 71 60 29 - B6 A6 53 2C A7 53 1B 7D  ..$..q`)..S,.S.}
00017040:  95 E7 E9 BE E8 C8 0F 53 - F4 77 06 54 84 B2 D1 24  .......S.w.T...$
00017050:  3D F7 C5 5B 5F 64 C2 16 - BD DD D6 24 0C 9A E5 95  =..[_d.....$....
00017060:  D2 54 39 50 9E 30 33 61 - 9F 07 EA 20 85 67 12 6E  .T9P.03a.....g.n
00017070:  6F 42 B6 13 D4 5C E5 D4 - AB D5 01 79 03 1D C7 2A  oB...\.....y...*
00017080:  30 DC 9B 39 14 C1 36 F7 - 5D 39 12 EA 9E 6B F3 80  0..9..6.]9...k..
00017090:  A3 61 D6 EC CB AA 84 95 - 55 30 03 6F 4B 68 B2 C0  .a......U0.oKh..
000170A0:  90 CA 43 63 83 60 37 A9 - 0B B5 7C 93 7E 93 34 74  ..Cc.`7...|.~.4t
000170B0:  75 0C EE FD CD 2B 9A 43 - 8E DE 8C 3F 69 8D 50 9A  u....+.C...?i.P.
000170C0:  5D E7 C5 1B BA 6F 99 01 - D5 CA 52 A4 9F CD 42 F2  ]....o....R...B.
000170D0:  51 BF 9B 31 CE B3 A8 57 - B7 A2 E9 9B 89 D5 FA 82  Q..1...W........
000170E0:  8A 5E 82 37 C3 4B 65 07 - 99 D1 6E 8B E6 24 0C FE  .^.7.Ke...n..$..
000170F0:  1D 75 F7 81 82 A2 65 8E - 53 9F 1A 02 41 BA B8 65  .u....e.S...A..e
00017100:  EB 78 0F 41 94 E5 F6 DE - 63 5B A6 45 D5 D3 D4 3D  .x.A....c[.E...=
00017110:  C9 8B 60 58 D6 39 73 91 - C6 24 AF 7A 26 7C 2A 92  ..`X.9s..$.z&|*.
00017120:  62 A1 BD A0 CF 05 EF C2 - CF 4B 6F E1 BA 5E 09 41  b........Ko..^.A
00017130:  0B 3C 40 08 68 6B 29 7A - 5B 40 2D C4 10 84 84 44  .<@.hk)z[@-....D
00017140:  0B 01 B7 BE DB E2 75 3A - A0 AA F4 51 98 24 F8 B0  ......u:...Q.$..
00017150:  3F 87 28 44 CD 62 87 D5 - 94 C0 AF 99 2B 1F 1E 18  ?.(D.b......+...
00017160:  CA F6 E2 1C F6 96 2B AE - CD 6F C0 4A AA 61 B1 55  ......+..o.J.a.U
00017170:  73 EC C7 7C 89 A3 33 6E - 06 6A 8C A6 E1 F6 85 8C  s..|..3n.j......
00017180:  9B A1 4A 78 E8 B0 30 CA - 1E 66 CD BF 1F 50 BA AF  ..Jx..0..f...P..
00017190:  EE 2F E4 E9 FC 87 A5 9C - 96 6A C9 BF 01 93 46 54  ./.......j....FT
000171A0:  03 2D 8D 77 C2 73 F4 7B - 7D 53 7A 0A 08 7A 66 92  .-.w.s.{}Sz..zf.
000171B0:  A1 2C 71 C8 D6 A8 5B 8A - 3C 12 29 7B 56 79 94 7F  .,q...[.<.){Vy..
000171C0:  FB FE 16 67 14 45 78 33 - F5 3A 86 C8 B3 AB 49 4E  ...g.Ex3.:....IN
000171D0:  BF 91 8F 97 12 E0 6D 3F - 95 23 04 16 AA 78 A7 EB  ......m?.#...x..
000171E0:  95 FE B1 B8 16 E1 BB 64 - 71 63 5C 96 5C 12 D4 74  .......dqc\.\..t
000171F0:  25 D5 2C 47 2C A1 75 4F - 7A 21 7A AD C2 AF 6F 0F  %.,G,.uOz!z...o.
00017200:  10 14 9A EE 3A 3E DC FC - 0B 3B 66 59 B4 14 5A FA  ....:>...;fY..Z.
00017210:  4F EB 98 9D F3 E8 A3 AC - 88 D3 E9 7F 7E EB 3A 74  O...........~.:t
00017220:  B3 28 35 3F A7 46 E8 D0 - 8E F0 F2 14 E1 EE B7 23  .(5?.F.........#
00017230:  CD 65 3F FE 2B 8D CD 03 - A1 47 05 6B 09 4C 64 98  .e?.+....G.k.Ld.
00017240:  AF 41 A0 CC 23 CA F1 F2 - F9 E0 6A 82 FE 7E F4 B3  .A..#.....j..~..
00017250:  48 34 7A 1E 5B 5E 82 F1 - 90 1D DE A8 34 8C E1 7C  H4z.[^......4..|
00017260:  C0 C8 6B 04 AC A4 C4 F4 - 9C B7 3E EA 94 A9 AD 63  ..k.......>....c
00017270:  3C B7 CB 62 59 5D BE 3D - 61 F5 F3 8A 80 99 2B 31  <..bY].=a.....+1
00017280:  5D 67 94 4E E8 B3 19 A6 - E1 39 E3 DA A6 16 78 95  ]g.N.....9....x.
00017290:  F0 49 F0 45 CF 00 B6 44 - 82 30 AD 49 E5 4B 9C FC  .I.E...D.0.I.K..
000172A0:  2F 0C 94 4A 72 CC AC 16 - 5C 87 5B CD 7B 73 8B C8  /..Jr...\.[.{s..
000172B0:  F4 C9 B5 72 18 50 60 46 - 7F 8D F1 CF EA 30 18 3D  ...r.P`F.....0.=
000172C0:  E7 4B 93 24 04 A1 E4 E4 - 30 9A 58 71 38 84 30 79  .K.$....0.Xq8.0y
000172D0:  57 63 5F 5E A7 D2 10 CA - F0 A6 71 8C 51 D9 F8 EF  Wc_^......q.Q...
000172E0:  8D 84 60 92 89 5B 79 E2 - 31 69 4E B8 2F 4E B5 63  ..`..[y.1iN./N.c
000172F0:  7B 45 FC 05 30 F5 AD 6E - 5A E4 97 2D 5D 6F FE 42  {E..0..nZ..-]o.B
00017300:  0A 66 3A 67 90 BA C5 A0 - 2C 1E 79 20 1B 94 B7 B5  .f:g....,.y.....
00017310:  B4 4E 58 A7 DC 48 E3 7E - C5 A3 7C C1 E5 9A B3 DE  .NX..H.~..|.....
00017320:  4F 84 90 09 BD C8 78 AE - 27 AF 74 F8 48 5A 5F A2  O.....x.'.t.HZ_.
00017330:  9A 2D C2 F1 C6 7E 41 45 - F1 11 FA 24 2A 62 4B C6  .-...~AE...$*bK.
00017340:  C6 42 7A 7B 38 72 40 44 - C0 45 D3 63 E2 77 28 D6  .Bz{8r@D.E.c.w(.
00017350:  4C 5C 36 05 04 59 78 9E - 21 66 FB DE 91 15 97 47  L\6..Yx.!f.....G
00017360:  C2 D7 09 78 5A 46 B7 FF - 14 C4 55 89 48 B7 75 9E  ...xZF....U.H.u.
00017370:  B4 38 CC DE 02 4E A4 B4 - 3F 7C B8 91 6E 7C 7D 57  .8...N..?|..n|}W
00017380:  94 B2 5C C5 10 60 76 CC - 80 E0 B6 60 8F 91 78 8C  ..\..`v....`..x.
00017390:  DE 09 C1 11 41 56 58 10 - D3 05 D7 DD D3 E8 87 CF  ....AVX.........
000173A0:  A9 D8 E0 25 A8 3C A0 D2 - 3F BE 12 77 5E F9 EA EF  ...%.<..?..w^...
000173B0:  3B 37 19 39 42 2E A3 8B - 36 80 BE 5D 78 C1 91 AF  ;7.9B...6..]x...
000173C0:  44 B7 59 27 0D 7E 0D 59 - A6 8F FA 43 39 F4 7C B7  D.Y'.~.Y...C9.|.
000173D0:  00 53 ED 15 70 93 C7 5A - 86 2B 2D A7 D0 56 BB 33  .S..p..Z.+-..V.3
000173E0:  B3 F6 D9 B3 92 9A 59 CF - D9 48 A9 DB 75 81 A0 5E  ......Y..H..u..^
000173F0:  E7 6D 6F B8 E9 A6 97 63 - 75 69 2E 58 FC 7B 71 07  .mo....cui.X.{q.
00017400:  22 13 16 10 F5 C2 96 6F - A6 09 75 11 78 AB DD ED  "......o..u.x...
00017410:  AC EA 06 35 9F 14 B2 A0 - 40 AE 81 47 3D E1 AA BB  ...5....@..G=...
00017420:  6E 03 7E 43 75 E8 21 3A - D5 EA F4 B5 FC 2F DD 1E  n.~Cu.!:...../..
00017430:  15 2E 77 E5 7B 96 B6 E5 - F0 E7 ED F5 D5 07 C4 0B  ..w.{...........
00017440:  D1 E4 81 5C 15 1E 93 38 - C3 C5 24 B6 AA 9B C7 0D  ...\...8..$.....
00017450:  ED 63 C4 11 9D E0 02 80 - A2 EA CC 11 A4 9B 53 7A  .c............Sz
00017460:  96 B6 64 F8 A3 37 7A AF - 35 62 1F D6 2A 84 1B EC  ..d..7z.5b..*...
00017470:  EB 6E BF 93 D4 09 94 BC - A9 C3 88 38 10 86 ED AF  .n.........8....
00017480:  CA 37 FD B0 C7 71 C3 6E - 6B 72 0C 98 EA 23 E7 3D  .7...q.nkr...#.=
00017490:  5B 43 C2 11 CC 00 0E 46 - C2 82 7F 9C 37 31 2A 8E  [C.....F....71*.
000174A0:  A8 82 ED 63 57 92 6D 95 - F9 09 0B D1 79 F3 A2 99  ...cW.m.....y...
000174B0:  FD D0 FB 2E 44 FD C1 45 - 44 D6 4C C0 78 BB 40 5E  ....D..ED.L.x.@^
000174C0:  B1 76 51 2B 1B 84 B7 95 - E7 6D 1E F6 25 B7 CD 23  .vQ+.....m..%..#
000174D0:  F2 B3 B5 94 90 0C 72 D2 - 84 B1 A9 11 F2 42 4F 8F  ......r......BO.
000174E0:  16 EA 53 27 2E A0 66 0A - C5 04 73 05 2D 7E C3 9A  ..S'..f...s.-~..
000174F0:  93 11 DE 3A 67 FA AD E2 - 15 E1 6F BF 46 99 E3 C6  ...:g.....o.F...
00017500:  EB 4B 2C 8F 8A FF 3B D7 - 17 31 48 8C DA 8B 1E 4F  .K,...;..1H....O
00017510:  1B C3 B1 D9 74 F9 30 34 - E6 B0 34 20 0A FF A4 8A  ....t.04..4.....
00017520:  1D A5 3E 45 0B 8D 47 E2 - 82 61 9A 52 8C 91 3C 78  ..>E..G..a.R..<x
00017530:  96 20 B4 96 16 D7 09 F5 - 2B E6 E1 43 C3 72 8A 4B  ........+..C.r.K
00017540:  6C C9 54 A6 CA DB AF 09 - C2 7A 78 05 91 F8 B7 70  l.T......zx....p
00017550:  A2 75 3D 7A E0 97 A9 4C - 59 C5 1F 1F 46 2C 27 AC  .u=z...LY...F,'.
00017560:  B0 8D BE FD E7 CA FE CC - C5 0B 16 B9 6D 7D A0 CE  ............m}..
00017570:  07 BE 0F AD 21 23 57 00 - 91 F2 19 95 26 1D A3 32  ....!#W.....&..2
00017580:  EF 8A 53 81 B8 79 15 F7 - 1E F5 DC 0A E7 80 52 17  ..S..y........R.
00017590:  2D 1E 93 E8 A5 85 A8 46 - 02 8F 9F 1F 54 AB DD 13  -......F....T...
000175A0:  BD 7A BE CA 3A 23 32 49 - 12 2F 61 3E 3B 10 F2 E6  .z..:#2I./a>;...
000175B0:  87 1B 29 3F F9 57 5B 5D - B7 F5 76 07 9B 5E 4C CC  ..)?.W[]..v..^L.
000175C0:  6B 88 D9 97 F3 D9 ED 67 - 8F 60 C0 39 2B 59 51 1B  k......g.`.9+YQ.
000175D0:  36 ED 33 59 FD FB AA 72 - 4D 1B 92 A7 53 7C 01 08  6.3Y...rM...S|..
000175E0:  63 2A FB 65 37 54 2D B3 - C6 46 D1 FB DB A3 35 A6  c*.e7T-..F....5.
000175F0:  FE 14 D4 26 8B B3 FE 05 - 4E 29 2C BA 95 81 D2 E9  ...&....N),.....
00017600:  C9 F2 18 DB 8D EF DE 22 - 63 D2 8F AE 88 27 16 4D  ......."c....'.M
00017610:  04 43 57 45 92 70 AD AA - F9 F1 56 04 65 5D 06 C8  .CWE.p....V.e]..
00017620:  C1 6C A0 ED DB 24 94 C0 - 5B 16 A5 1A A5 ED 69 16  .l...$..[.....i.
00017630:  AF 21 0C 1D 62 60 42 7C - 51 95 E1 71 82 88 8C 75  .!..b`B|Q..q...u
00017640:  BA 7F A8 73 76 13 C2 75 - B0 2E A2 13 3C 7D 8B FD  ...sv..u....<}..
00017650:  A7 EA AA D9 D4 84 19 39 - 9E F6 9C AF 45 64 9C C7  .......9....Ed..
00017660:  3D 2B 13 A7 66 9E 41 61 - 54 DE B0 40 0E 8B 90 38  =+..f.AaT..@...8
00017670:  BD 08 4D F1 FF 6E D8 7E - CA 3A 8B 55 75 09 5A 96  ..M..n.~.:.Uu.Z.
00017680:  29 64 1F 80 49 F7 09 65 - 34 C4 F2 C8 86 74 FB DB  )d..I..e4....t..
00017690:  BC 21 F3 93 CA 7B C7 4B - B9 F5 F9 BC A4 2B 9D 6D  .!...{.K.....+.m
000176A0:  FF DB AA 89 F5 86 79 9E - 89 32 19 45 CF EC 80 07  ......y..2.E....
000176B0:  DA 0A 3B 09 E2 10 61 4D - 89 55 5B F5 4B 6A AF 6B  ..;...aM.U[.Kj.k
000176C0:  6A 52 34 DA 5E B0 A6 49 - B1 AF 5B EE E1 78 3A 9D  jR4.^..I..[..x:.
000176D0:  99 DF 11 3C C7 F2 BD 1C - 76 67 AA A3 7C CD 5C 5E  ...<....vg..|.\^
000176E0:  FD 17 EF 44 2A 6C 4A 3F - C3 92 9B 34 53 2B C2 B0  ...D*lJ?...4S+..
000176F0:  BB 20 39 6C 6D F7 94 88 - 74 8B B6 DC C9 D2 73 70  ..9lm...t.....sp
00017700:  00 52 5D 3B B1 32 EF 1C - 3C 04 69 64 E4 77 B8 D5  .R];.2..<.id.w..
00017710:  FB 19 23 CD 49 1C 2B 9A - 14 FB AE 71 DD 24 96 F5  ..#.I.+....q.$..
00017720:  61 17 8B CB 52 9A 4A FB - 43 FF CA 07 38 84 13 2D  a...R.J.C...8..-
00017730:  45 AA E6 D6 77 7D 3C 82 - 56 78 E9 8C E8 1F B6 02  E...w}<.Vx......
00017740:  BD 6A 12 AE FC 38 4E 3A - C6 F0 19 9C 73 88 6A 1A  .j...8N:....s.j.
00017750:  F4 95 A2 69 A9 C9 F2 FC - 8C 42 3F B0 DE 3E 93 83  ...i.....B?..>..
00017760:  93 BF 65 B6 67 14 2D 26 - B2 72 D3 78 9D 6D 0E EB  ..e.g.-&.r.x.m..
00017770:  58 D1 FB B6 BC 32 35 D7 - 0D 4C E0 E1 82 6D 71 D1  X....25..L...mq.
00017780:  6D FB 73 21 DC 41 DD 8C - 4B 2E 87 DC 0B 35 5B F9  m.s!.A..K....5[.
00017790:  0D 77 A7 08 24 40 74 90 - AD 70 60 02 4C 14 B4 8C  .w..$@t..p`.L...
000177A0:  A8 FC 43 90 5E B0 92 7F - 16 A4 45 60 98 CF F5 BC  ..C.^.....E`....
000177B0:  B5 BE AC 74 9F ED 17 7B - 2B 2C 96 2B CD DE 33 BF  ...t...{+,.+..3.
000177C0:  51 EB B6 12 AF 23 CA 61 - D5 A8 D3 8C C9 7E BA D0  Q....#.a.....~..
000177D0:  EB C0 05 4C 3F AF 42 9F - 85 4B 76 A4 31 05 C5 39  ...L?.B..Kv.1..9
000177E0:  64 EC 59 42 FC 70 76 5A - E1 AE 89 24 31 E9 B6 F1  d.YB.pvZ...$1...
000177F0:  F1 27 79 FE 93 B1 1D 02 - B4 8D 41 90 65 AA B8 4B  .'y.......A.e..K
00017800:  23 4D A3 E7 3C 92 EA 30 - 16 21 21 89 3B 78 93 C3  #M..<..0.!!.;x..
00017810:  94 9A 40 10 BC B5 6F 64 - F1 4F C6 82 EE 79 40 D2  ..@...od.O...y@.
00017820:  FC 91 DF 09 92 5D FE E2 - B7 FB 8A B0 A8 44 64 D8  .....].......Dd.
00017830:  B4 6A 1E D0 47 AC DF F0 - 4F F6 1B 4D E2 BF 90 FC  .j..G...O..M....
00017840:  E6 2A A9 42 2B 00 A8 76 - 3B FD D8 63 6D CB D7 46  .*.B+..v;..cm..F
00017850:  1B D4 81 39 9C 5A 58 8F - D2 77 87 5A AE C9 0C 92  ...9.ZX..w.Z....
00017860:  7E 83 00 0C 06 EB 9A 19 - 9B 9D 25 84 E0 D0 CC FA  ~.........%.....
00017870:  F4 04 8D C2 70 BA 45 EF - 1A 1B 9F 0A 7F AF B9 52  ....p.E........R
00017880:  29 B5 8E 07 F0 8A CE 6F - B0 E4 F1 64 D0 0C 3B 60  )......o...d..;`
00017890:  B1 5E 1C 98 5D B0 DF B8 - 0A 13 09 F7 F5 5C 18 29  .^..]........\.)
000178A0:  91 CE CB 6D 89 59 14 B4 - E9 BE B4 03 B7 85 CE 0A  ...m.Y..........
000178B0:  51 23 05 D0 4E 54 23 84 - 62 22 BD 3B B1 E4 0D 99  Q#..NT#.b".;....
000178C0:  AE ED E5 74 50 40 7E 3C - C1 6A F9 DA 1D 55 96 15  ...tP@~<.j...U..
000178D0:  E7 14 C5 45 68 EE EF 1B - F4 BF 2F CA 4F D6 A9 6F  ...Eh...../.O..o
000178E0:  83 89 29 CE 1B 8D AB B0 - 42 97 E2 F5 D5 6F 5C 9D  ..).....B....o\.
000178F0:  3B 7E E8 6C 9A 74 A6 70 - 72 4C 26 93 6E D7 20 08  ;~.l.t.prL&.n...
00017900:  E0 DC EE EB 3F EA 91 80 - D2 62 B8 AE 8E 4E 21 40  ....?....b...N!@
00017910:  3D BB 3A 07 0F F2 92 DA - A7 91 96 A9 EB 9F 85 FF  =.:.............
00017920:  69 79 A7 97 23 B5 8F CB - 82 15 0F 57 8F 16 7F E8  iy..#......W....
00017930:  17 88 72 32 ED 47 BF 6A - F9 B7 AC FE 87 4D C7 B1  ..r2.G.j.....M..
00017940:  0A C9 FD 46 CD D2 29 68 - 89 52 9E 5F D0 11 FE 98  ...F..)h.R._....
00017950:  3B 4E 2A 4E B2 BE D3 A4 - 36 B6 82 F8 51 96 E5 43  ;N*N....6...Q..C
00017960:  FA 9A AE 8A 7A B3 3C 42 - 04 36 2B 77 13 29 C3 BA  ....z.<B.6+w.)..
00017970:  EF 5D 89 C5 F0 B6 EB 01 - 10 E6 0B F9 F8 D8 C1 3E  .].............>
00017980:  17 BA A9 71 82 E8 83 C0 - 71 BE D6 0B 71 60 86 C6  ...q....q...q`..
00017990:  8B C5 87 39 3D 8B 4E E2 - 3E 59 B5 0E 4F D4 42 A4  ...9=.N.>Y..O.B.
000179A0:  71 F9 CB E6 CA 77 09 67 - 9D C7 64 4B FE FB 71 16  q....w.g..dK..q.
000179B0:  9E 8D 80 96 91 04 BE 3D - 11 C0 C0 5F E3 02 2E 34  .......=..._...4
000179C0:  37 4D C7 0B 3D 85 62 47 - 50 C3 3B A0 A4 4E 11 27  7M..=.bGP.;..N.'
000179D0:  A4 0A 74 2B 17 3F 6B 11 - B3 F4 B4 CC FD F8 36 B5  ..t+.?k.......6.
000179E0:  D6 A4 30 03 D1 DF C3 8C - 19 3C AA 6F 1E 10 51 F8  ..0......<.o..Q.
000179F0:  A4 5B 08 3A B7 0E E5 D2 - AD 4F 2A 49 C0 49 60 82  .[.:.....O*I.I`.
00017A00:  97 99 58 FB B3 97 53 EA - E4 07 85 C9 64 E5 EB CF  ..X...S.....d...
00017A10:  95 90 7F D4 FF 2E 8C 2B - 1F 41 44 8C C9 24 C9 21  .......+.AD..$.!
00017A20:  1F EB B3 52 78 00 76 97 - D4 96 49 10 0E 3B E2 B6  ...Rx.v...I..;..
00017A30:  C8 7E EB AD CF 21 9C B2 - AB 30 BA 28 8A E8 4C C4  .~...!...0.(..L.
00017A40:  8B 73 DC 25 14 ED 86 86 - 8A 8A 32 69 3A 2A C6 FA  .s.%......2i:*..
00017A50:  65 E9 EA 52 79 B5 17 37 - 42 C8 CC BA BB A6 25 CA  e..Ry..7B.....%.
00017A60:  33 B6 AD D8 B1 B5 07 8F - 1D 7C 43 62 9A E3 A1 99  3........|Cb....
00017A70:  C4 B2 8A 94 0B 9D C5 A4 - 45 07 77 14 5A 3D F2 9A  ........E.w.Z=..
00017A80:  EF 78 22 7C BB AA 90 7B - DD 3F B6 B0 5F 4D 5A 50  .x"|...{.?.._MZP
00017A90:  16 5B F6 4E 5B B5 17 A2 - 49 49 9A B8 94 7D C1 25  .[.N[...II...}.%
00017AA0:  AF 65 DA A4 05 51 04 34 - F0 52 E1 F8 07 90 3D A0  .e...Q.4.R....=.
00017AB0:  8C 45 E1 37 5A BE 56 0F - 4C D1 1B 36 A1 0A F8 99  .E.7Z.V.L..6....
00017AC0:  2B 11 65 BA 93 25 31 CA - 9B EA 99 A8 5E A8 BF 5E  +.e..%1.....^..^
00017AD0:  E5 8B 72 AD 09 66 5A C2 - AF F0 EE EB ED 3E 3C 2B  ..r..fZ......><+
00017AE0:  C6 A4 6E 46 DF 3B 4E 79 - 85 5F F2 01 96 10 79 2B  ..nF.;Ny._....y+
00017AF0:  3F F8 C7 18 B8 0C 39 9C - A6 EA 8B 44 72 EC 10 37  ?.....9....Dr..7
00017B00:  B3 89 2E 7D 8C D2 27 BE - 3F E3 F9 C1 2F 68 91 AA  ...}..'.?.../h..
00017B10:  71 46 D2 F5 05 73 5C 42 - 67 EB 3E 93 FD 4E 9B BD  qF...s\Bg.>..N..
00017B20:  B4 6E B0 2C 95 1F 71 C5 - 75 A5 8E EC DB BE 33 AD  .n.,..q.u.....3.
00017B30:  B7 93 1A F7 C0 38 EE 98 - 85 AE B7 3E 2C 88 4C 81  .....8.....>,.L.
00017B40:  43 C6 89 81 DE 4E 0D 48 - 05 7B 48 B0 A6 7B 1B 75  C....N.H.{H..{.u
00017B50:  DE F9 14 78 7B 4A 0E 16 - 54 CE DF 9D 77 CC DC B5  ...x{J..T...w...
00017B60:  82 38 9B B7 AC 9D 9A CD - A4 10 A2 15 D9 8D 7B A9  .8............{.
00017B70:  99 96 B7 E7 1B E7 15 E1 - A1 C2 8B 87 34 10 4B 90  ............4.K.
00017B80:  14 30 E2 03 B1 9F 72 DC - CF FC 08 86 E3 A3 2D 1C  .0....r.......-.
00017B90:  8E FE 99 D7 28 09 DC 7B - BB 4A 7C 40 20 91 C7 5D  ....(..{.J|@...]
00017BA0:  51 50 4A 78 CB 54 80 0F - 3F B7 92 21 9C AE CC 6E  QPJx.T..?..!...n
00017BB0:  E0 D7 6A 75 0F 71 0B 63 - A8 11 5F 1A BB 48 F0 1A  ..ju.q.c.._..H..
00017BC0:  E2 6A 61 3D DE F0 3E E0 - 9F D3 B9 68 63 87 A5 D8  .ja=..>....hc...
00017BD0:  0A 0B 81 87 FB 6A 8D 74 - 3F 5F F3 21 52 19 2E B4  .....j.t?_.!R...
00017BE0:  A1 A4 73 84 7A 6B 5B 23 - 8F CA A0 9A 34 7A 59 FD  ..s.zk[#....4zY.
00017BF0:  22 7D 4C 61 EE 13 97 8F - 28 AB 0A B7 68 22 81 0F  "}La....(...h"..
00017C00:  A6 AE 7D FB 64 FE 86 A5 - A3 A8 48 EF 0F D8 B7 04  ..}.d.....H.....
00017C10:  6E A2 9A 37 12 6E D2 15 - 4E B5 D0 F3 2D 3F CB 59  n..7.n..N...-?.Y
00017C20:  AC 22 20 D5 05 FD 19 DA - 5D FF B6 40 0F 35 8D A9  ."......]..@.5..
00017C30:  DF D2 2B 46 C3 33 FB 3A - 4D 36 CF 0F 98 FC 17 01  ..+F.3.:M6......
00017C40:  47 B1 31 EC 91 09 03 BB - 80 93 88 41 9D D5 6B 86  G.1........A..k.
00017C50:  51 9A EA BF 98 91 4C 47 - 3B 4A 71 0C 45 CB 90 63  Q.....LG;Jq.E..c
00017C60:  CE A0 79 F9 EC D0 13 73 - AD C0 6E D4 C6 1F F9 7F  ..y....s..n.....
00017C70:  78 E3 5E 8F 1C A1 32 A9 - A0 8E E5 4C DF 8D 69 03  x.^...2....L..i.
00017C80:  B1 C5 1F 71 43 3C 5A EC - 0F 8D 84 65 C7 25 57 53  ...qC<Z....e.%WS
00017C90:  1A F0 EE 6F E2 B1 3E 3E - FD 3E 34 45 2A 0D 09 08  ...o..>>.>4E*...
00017CA0:  02 3D 02 06 F0 39 98 DC - A8 67 C2 6B 7D 50 F6 B3  .=...9...g.k}P..
00017CB0:  F3 60 C4 D1 ED 50 38 68 - F1 CA 38 D0 14 C2 37 D8  .`...P8h..8...7.
00017CC0:  4D 3E 1C 23 DD 53 06 5C - FC F7 80 8F 28 0D AA FF  M>.#.S.\....(...
00017CD0:  6C 9C 72 88 D3 E6 72 E1 - 00 26 9C A9 3C F5 1E 90  l.r...r..&..<...
00017CE0:  E0 09 72 BB 0A EB BF 7A - 9E D2 C2 95 D8 F3 0F 3F  ..r....z.......?
00017CF0:  D5 F9 22 C4 B4 AA 1B 87 - 7C 13 8D 90 DE 22 64 40  ..".....|...."d@
00017D00:  9B 92 22 A9 1A D5 B4 63 - E2 61 D9 43 15 BC D7 30  .."....c.a.C...0
00017D10:  C4 DD 35 86 4C DD 39 18 - FF 18 FB 0A 17 6C 37 07  ..5.L.9......l7.
00017D20:  87 E2 15 AA 4C BD A9 63 - CF 7A A4 7D A1 46 2E 5F  ....L..c.z.}.F._
00017D30:  EC C3 5E C3 E9 C3 E2 F7 - 72 0E C8 66 5C A5 A4 B3  ..^.....r..f\...
00017D40:  F1 98 8D 18 00 57 21 BE - 96 AC D3 46 26 9C 14 6F  .....W!....F&..o
00017D50:  4E 68 FF D7 C9 26 78 12 - 47 78 CF EE D0 F9 6A 9B  Nh...&x.Gx....j.
00017D60:  C4 CE D1 9D 62 CC 0F 4F - 4F CE A5 F0 8E E3 02 2F  ....b..OO....../
00017D70:  81 65 19 F9 70 92 B2 5F - 7D 77 9C A2 8A 03 33 F7  .e..p.._}w....3.
00017D80:  7F 6C CB 03 2C 06 12 03 - 54 59 34 EB FE 0D C0 E1  .l..,...TY4.....
00017D90:  1D 5D 0F 69 26 A8 87 8D - 6D 8B 90 F6 55 6D C8 A6  .].i&...m...Um..
00017DA0:  FA 1D 86 28 3B DB 22 D2 - B3 A5 A1 53 B5 F0 BC 6F  ...(;."....S...o
00017DB0:  DD A8 67 3B 84 48 BF 4A - 1B 9F AB FD CC B0 84 36  ..g;.H.J.......6
00017DC0:  7B FA FF AA 2A 3F 0F 55 - D3 0F D6 00 26 FB BC 53  {...*?.U....&..S
00017DD0:  F6 62 8A DE 82 36 0B 28 - 0C 64 60 57 39 A2 CB 9A  .b...6.(.d`W9...
00017DE0:  DA 8C D3 59 F4 4C 67 8F - 2E 62 6F 9D 0B D6 14 4C  ...Y.Lg..bo....L
00017DF0:  BD 18 49 67 C3 13 98 A1 - 93 79 B6 F9 92 EB F7 AC  ..Ig.....y......
00017E00:  93 D4 4E 51 7E 1D 5A 75 - 36 1C 5E B1 A0 85 0E E4  ..NQ~.Zu6.^.....
00017E10:  91 48 DC C3 26 EF FF 65 - A4 DB 86 CF 9C FE 83 F2  .H..&..e........
00017E20:  29 4E 4C BB EB 1A B2 21 - 4E 0A 27 E5 F1 DD 23 A6  )NL....!N.'...#.
00017E30:  AA 06 57 E6 E9 DB 8A 14 - 31 96 BF 73 DD 84 D0 D9  ..W.....1..s....
00017E40:  01 A7 13 98 86 DF 3E 20 - 44 03 B3 3F 49 72 6C 96  ......>.D..?Irl.
00017E50:  78 AB 49 55 C9 78 B6 36 - 61 D6 2B E5 B9 56 B0 CD  x.IU.x.6a.+..V..
00017E60:  50 67 F4 BB D3 C2 C2 9D - CD FA 3F 05 D5 52 40 E8  Pg........?..R@.
00017E70:  A1 0C 5F 2B FE 76 DF 70 - B4 AF 93 46 9C 92 10 B5  .._+.v.p...F....
00017E80:  A7 A9 C5 BA 12 93 57 5D - EE 62 9B 77 4A FC 05 CA  ......W].b.wJ...
00017E90:  DD 12 D0 AF B7 E3 79 E6 - EC 07 1A E1 D8 FF D4 7B  ......y........{
00017EA0:  C9 0D DC 8F D7 91 B6 89 - 24 22 69 0A 94 A8 2C BE  ........$"i...,.
00017EB0:  42 3F 0E 85 F4 A3 1C EA - C2 77 41 15 C5 F4 52 52  B?.......wA...RR
00017EC0:  E9 80 82 AB 5D 66 DF 3F - B8 F4 46 31 A1 BB 54 82  ....]f.?..F1..T.
00017ED0:  5F E5 E0 B7 D6 AF ED 4D - 4C 28 48 3E BF 8E C6 DE  _......ML(H>....
00017EE0:  84 F9 02 50 6E 75 4F 73 - CC 61 9C AB B5 E3 B3 7B  ...PnuOs.a.....{
00017EF0:  2B 5E 1A 36 5A 26 99 F9 - FD 65 3A 57 14 CE B4 EF  +^.6Z&...e:W....
00017F00:  D8 CA CC 31 58 A6 86 6A - 24 C5 9F C9 C8 23 07 6E  ...1X..j$....#.n
00017F10:  28 51 96 94 9B 3D D6 CB - FC 09 80 9F 3F 7C 6B 29  (Q...=......?|k)
00017F20:  1D 29 6A BE F6 43 E8 4E - 00 70 6C 0D E4 8E E7 F3  .)j..C.N.pl.....
00017F30:  96 37 0C B7 13 0A 59 58 - 61 44 FB EA CD A3 2E 79  .7....YXaD.....y
00017F40:  52 40 E0 11 02 E5 B7 D5 - BC 8F 3A 2B 49 EB 00 59  R@........:+I..Y
00017F50:  1E 48 1A 0F CB B8 65 D5 - 2E 38 46 FE DB FD 12 65  .H....e..8F....e
00017F60:  B8 B8 79 66 3B AE 10 08 - 26 28 F4 1F A6 94 8D 0E  ..yf;...&(......
00017F70:  F6 CE DB 57 64 21 52 B3 - 18 E8 F4 E3 E2 4B 34 31  ...Wd!R......K41
00017F80:  DB FA 0C 8D 80 BA A8 41 - 82 47 8B 74 8E 43 AA 83  .......A.G.t.C..
00017F90:  1B 8E 32 D1 55 84 F9 3B - 3B C5 5F 38 F3 BC 07 83  ..2.U..;;._8....
00017FA0:  53 55 06 9A 00 97 07 02 - BC D2 2B F9 A7 AB 76 6A  SU........+...vj
00017FB0:  3F 8D 6F B9 87 02 08 11 - A2 50 C4 6C 27 85 C7 4C  ?.o......P.l'..L
00017FC0:  74 BF 66 FF B2 BB 06 91 - 90 38 99 F9 D4 21 FB 3F  t.f......8...!.?
00017FD0:  0C B4 52 4B 70 2C D1 A1 - 70 45 A5 DE B6 52 16 01  ..RKp,..pE...R..
00017FE0:  C1 B8 E4 1E 8A CD 5F 40 - 97 FD 50 AC 4E B4 54 E9  ......_@..P.N.T.
00017FF0:  BA 19 1E 08 68 A9 6C 05 - 01 63 52 9E 8B F5 C7 A9  ....h.l..cR.....
00018000:  FF 93 D6 08 9C BC 54 4C - 91 E8 37 6D F0 E0 6A D1  ......TL..7m..j.
00018010:  E1 C9 73 69 28 18 1B A0 - 70 42 E9 CA B0 0F B2 B6  ..si(...pB......
00018020:  6F 08 32 54 90 BB 25 49 - F1 1C 83 11 C3 35 29 53  o.2T..%I.....5)S
00018030:  79 42 25 76 32 FA 9D ED - 4C BD A9 37 FA 64 0F AD  yB%v2...L..7.d..
00018040:  7F 29 DE 7C 91 28 DB D0 - AB E0 E9 E1 6D 4A E9 6E  .).|.(......mJ.n
00018050:  0F B1 5A CC F4 B0 BF C7 - 14 FF AD 79 CF B7 82 CC  ..Z........y....
00018060:  57 B9 58 58 0F 9F B0 D4 - 65 C4 9E 7A 18 4E A7 62  W.XX....e..z.N.b
00018070:  17 25 DE B0 4A D0 EE 73 - 67 A0 84 BE AC 0C DB A2  .%..J..sg.......
00018080:  F8 F4 5F D2 60 F5 F9 BA - 1A A1 F0 2E 42 47 EC 15  .._.`.......BG..
00018090:  F2 86 7B 15 37 69 D1 01 - 3F B9 36 EA 82 BE 29 26  ..{.7i..?.6...)&
000180A0:  63 16 9A AD 0A 8D B0 59 - C8 F3 73 DC 8F 60 E0 87  c......Y..s..`..
000180B0:  F4 99 6F 5D FE 2A BB E4 - 71 D4 D2 72 7A FC 6E 1F  ..o].*..q..rz.n.
000180C0:  28 0E 95 81 A8 26 BC 96 - E1 07 39 95 BB A8 88 E1  (....&....9.....
000180D0:  48 EE E1 8F 39 A2 46 B3 - 9E B6 6A DD 9D DE 37 BA  H...9.F...j...7.
000180E0:  CB 4B 9B 1F 3B 34 BE 26 - 25 90 95 74 8A 9F 29 CE  .K..;4.&%..t..).
000180F0:  CE 74 FF 53 40 3B 06 D5 - 3E 42 C1 2E 24 C5 A7 85  .t.S@;..>B..$...
00018100:  13 57 0E DB 86 99 47 53 - F4 34 A6 53 C9 1A 7D E0  .W....GS.4.S..}.
00018110:  ED 25 21 08 16 35 B1 C8 - 87 98 47 1F 34 3C 87 84  .%!..5....G.4<..
00018120:  E9 F2 B2 CC F1 B8 03 6F - 89 AA D2 6F 34 D3 01 83  .......o...o4...
00018130:  6E 88 16 43 94 C6 18 B8 - 6A 3A 96 D0 10 C9 2C 11  n..C....j:....,.
00018140:  EC E2 3E AC 1A 8D 23 51 - 8C A3 D1 93 B5 D3 A0 F2  ..>...#Q........
00018150:  A5 7F C7 77 92 E7 6E 57 - AC 44 08 C3 CE C3 22 3B  ...w..nW.D....";
00018160:  81 19 F8 CE 65 85 12 B8 - 1E FD 0E 34 3F B0 A8 6A  ....e......4?..j
00018170:  B4 2C D7 09 4B 25 0A 1D - 58 C5 68 AC E3 F3 4C 4A  .,..K%..X.h...LJ
00018180:  83 D8 24 16 05 A9 F0 58 - 84 3C F2 CA 89 9E 9D 11  ..$....X.<......
00018190:  AD BB A8 BB D9 17 6B 9F - D3 27 38 F5 C3 8B EA 15  ......k..'8.....
000181A0:  4D 20 BE 57 47 77 E5 0C - 8E 3F EA AC 33 E9 AC 77  M..WGw...?..3..w
000181B0:  3B 6E B7 F4 69 EA BF DD - CF 9E 14 B5 EE E8 7F 56  ;n..i..........V
000181C0:  4D 91 9C 6C 84 97 83 91 - 9E A0 66 AA BB 32 E0 7D  M..l......f..2.}
000181D0:  65 5A 06 60 0E 9F 30 37 - 49 9F CF 29 EA 41 3A 51  eZ.`..07I..).A:Q
000181E0:  49 D8 4D EB C8 C3 31 C1 - 74 4D 90 C4 ED 73 75 48  I.M...1.tM...suH
000181F0:  59 B2 79 4A C6 BC A1 81 - 39 03 86 33 93 22 CB 48  Y.yJ....9..3.".H
00018200:  8D 1A 85 C1 11 D5 55 FC - 00 C1 BD 8A FE 62 65 A9  ......U......be.
00018210:  AC 16 0A AF 40 09 0F 6C - FB C7 99 3B EF D9 7E 9C  ....@..l...;..~.
00018220:  43 7E 2E 05 2C 1A E4 10 - 66 10 CB 84 28 C1 94 6D  C~..,...f...(..m
00018230:  80 85 E0 67 F4 82 E8 5D - 53 10 4B 86 95 64 E3 1D  ...g...]S.K..d..
00018240:  30 FF 54 E2 F7 AB E2 8A - 17 D4 9E C0 EA EC C5 B1  0.T.............
00018250:  6C 43 AE 49 81 C4 21 29 - 94 D6 7C 5B 60 2B CB D6  lC.I..!)..|[`+..
00018260:  7C FA A7 1D B3 06 4F 10 - B2 2A 99 B3 88 E9 7C FC  |.....O..*....|.
00018270:  70 EC 6A B2 7F B3 E8 70 - 34 BA 81 DB E0 A4 6C 9F  p.j....p4.....l.
00018280:  7C E5 ED F6 F6 46 62 1F - BA 22 5E 1B 28 22 DA 11  |....Fb.."^.("..
00018290:  AD 8A 40 3A 8A 68 1A C5 - B0 F2 C1 8B 2B 33 10 61  ..@:.h......+3.a
000182A0:  38 66 AA F3 81 C6 A2 4B - B5 EC 68 69 0F 1C 96 68  8f.....K..hi...h
000182B0:  DF 8A 5A 51 57 18 72 31 - 4F 37 3C 9A 89 66 5F 33  ..ZQW.r1O7<..f_3
000182C0:  28 50 33 6B E7 03 C4 8F - 79 3D B7 91 BE B8 64 36  (P3k....y=....d6
000182D0:  44 2F FA 92 C6 7D FB 40 - 8F 03 60 5B 6C C3 69 2D  D/...}.@..`[l.i-
000182E0:  AA 8D 7E 3B DF 6C 8E D4 - 60 2F 2C D9 F4 27 A5 1C  ..~;.l..`/,..'..
000182F0:  F6 44 A8 4F DF 1E 87 FF - DB 85 F3 80 96 2E 58 A1  .D.O..........X.
00018300:  4F 25 75 06 A9 F6 C9 64 - 66 60 52 86 4E C2 0C BC  O%u....df`R.N...
00018310:  93 80 46 7F 56 83 D5 ED - FC 6C 55 8E E5 22 75 1C  ..F.V....lU.."u.
00018320:  29 9A 78 09 E2 9C 14 7A - 53 98 CB 1A E9 EC 45 DA  ).x....zS.....E.
00018330:  6E 5D 10 D0 84 32 B9 77 - 32 DE 5A C7 36 4B 97 77  n]...2.w2.Z.6K.w
00018340:  37 91 DF F7 62 46 10 CE - AE 35 8B 6D 03 BC B3 10  7...bF...5.m....
00018350:  5A F7 14 B1 D5 C4 A6 AE - C0 0E B0 A6 50 74 64 D1  Z...........Ptd.
00018360:  A4 34 55 F9 A0 A3 EA DF - C0 73 77 E9 2E E2 75 DE  .4U......sw...u.
00018370:  99 73 8B 54 C7 73 60 73 - 80 BC 00 A3 CB 34 B8 F4  .s.T.s`s.....4..
00018380:  27 2B 8E 38 18 50 4D 13 - DB C2 7F FC F3 BF AE 55  '+.8.PM........U
00018390:  58 C7 07 60 6E 4D D9 01 - 63 0E CA 56 35 C4 E1 01  X..`nM..c..V5...
000183A0:  BB C3 D5 B0 19 51 0E ED - 75 B7 02 71 9F 69 5B 79  .....Q..u..q.i[y
000183B0:  6A 2D 69 46 2A 4A A7 EC - EA 91 A4 A5 1B 56 09 C4  j-iF*J.......V..
000183C0:  8A BE 66 EC BC 8D 40 67 - 9E 54 B6 61 46 C5 15 56  ..f...@g.T.aF..V
000183D0:  BC 5B C8 D6 B3 96 F7 68 - CB D3 F2 E2 1F 3B 72 3A  .[.....h.....;r:
000183E0:  00 30 11 C3 6B 10 A0 8F - 7B D4 DC 60 5E 7E C1 BB  .0..k...{..`^~..
000183F0:  6B 07 6C 54 0A 98 43 59 - 81 3C ED F9 DA 75 30 3D  k.lT..CY.<...u0=
00018400:  BD A2 F0 73 2B 7F B3 D8 - F6 A0 14 DD 02 B6 E5 5D  ...s+..........]
00018410:  B1 2A 2D 76 74 81 22 0F - 03 DE A8 E2 D0 76 D1 59  .*-vt."......v.Y
00018420:  0B 73 3C D0 06 DE 87 A9 - 52 29 34 90 2F CC A0 1C  .s<.....R)4./...
00018430:  66 67 48 46 C8 F0 3C B0 - 07 AF C5 C2 BC B1 1D 9C  fgHF..<.........
00018440:  B6 2C 69 05 27 EE 90 BE - 21 A0 57 F3 85 AA 33 2D  .,i.'...!.W...3-
00018450:  C1 1C E2 E7 7E 73 2D EE - 73 C5 8F 06 29 F5 C1 93  ....~s-.s...)...
00018460:  B9 69 C3 6E 29 1A C4 F9 - DF 27 BE 21 42 A2 1C 3D  .i.n)....'.!B..=
00018470:  0E 23 FB C6 EA D8 91 33 - BC C3 08 2A 48 62 4F DD  .#.....3...*HbO.
00018480:  7D 21 07 B9 C2 43 7A 14 - 94 CB 77 1F A9 89 F3 7D  }!...Cz...w....}
00018490:  9D 5D 91 9C 99 C1 2B 86 - BA 3E EA 28 B9 C5 F3 44  .]....+..>.(...D
000184A0:  CA 25 16 91 06 90 C1 CC - 0C 3A 74 FF 29 DE E7 BF  .%.......:t.)...
000184B0:  49 30 E3 E1 F0 28 41 90 - 70 12 21 62 01 C6 12 EF  I0...(A.p.!b....
000184C0:  39 F7 68 C3 90 D3 13 24 - 9F 04 2E E7 CD 54 4F 1B  9.h....$.....TO.
000184D0:  7E B1 DD C0 B9 30 E0 C4 - 9B D4 6C 0D 1B 30 BE C3  ~....0....l..0..
000184E0:  FC 20 46 42 AD A9 A2 0C - 90 E8 6F 4C 32 49 EC 2D  ..FB......oL2I.-
000184F0:  FB D5 7A 4B C2 19 EA 1F - 23 99 73 33 12 2A 1A 5B  ..zK....#.s3.*.[
00018500:  86 5B A5 6F C5 CF E3 03 - 71 5C 70 BB A5 F1 45 1D  .[.o....q\p...E.
00018510:  4E 29 1D B4 C6 68 FC DA - 82 41 05 1B 9D 96 74 EB  N)...h...A....t.
00018520:  D0 71 7B 0C A3 D6 34 88 - C1 83 18 46 20 4F 1B DE  .q{...4....F.O..
00018530:  24 49 34 CE E8 5F 10 00 - 97 39 8B DB 0F 9C 67 3A  $I4.._...9....g:
00018540:  6C CB 1D 08 4A 56 B5 4A - D5 1D 0B 92 DD B7 E3 84  l...JV.J........
00018550:  FF 55 6E 9D 75 6A 2C EF - 8E D4 C2 AF 55 4A C2 F5  .Un.uj,.....UJ..
00018560:  94 B4 55 DF B3 76 EB 18 - A4 AE 06 43 F3 D6 1C B7  ..U..v.....C....
00018570:  6D 9E F4 B2 36 8F D1 7A - 7B BE 8B 4A 98 BF 9C 8A  m...6..z{..J....
00018580:  6A 4A 52 9C 4D 2C 81 A6 - BB 2A F1 8C 60 20 2B 76  jJR.M,...*..`.+v
00018590:  B2 63 E8 E4 4C D8 7E 5F - 1B B8 D3 DD D7 B3 45 36  .c..L.~_......E6
000185A0:  BE 30 A6 C3 58 29 90 EF - F8 40 05 2A D4 6C 6D EB  .0..X)...@.*.lm.
000185B0:  6D 9C 78 7C 71 02 C9 F7 - E7 4B EF 74 E4 5D 5A 16  m.x|q....K.t.]Z.
000185C0:  FF DE 2A 6A FC 6E 64 06 - B3 B3 17 2A A7 65 4B D0  ..*j.nd....*.eK.
000185D0:  46 E3 93 EF 53 68 4A 4D - 2A 38 AE 9A 95 98 D8 5D  F...ShJM*8.....]
000185E0:  1C 2B F2 85 BF 5E F1 6B - A6 DA 6D C3 29 F7 E0 34  .+...^.k..m.)..4
000185F0:  36 21 14 86 16 EE 4C 04 - CD B5 33 78 E4 01 02 ED  6!....L...3x....
00018600:  ED 8D 71 4C FE 5E C3 16 - 37 D2 61 2F F5 06 55 01  ..qL.^..7.a/..U.
00018610:  29 F4 88 24 83 9C 03 33 - 0B 35 E0 D4 B6 DD 7B A7  )..$...3.5....{.
00018620:  C1 FE DF E2 93 94 C6 CB - 8E 24 CF CE 0F 76 10 77  .........$...v.w
00018630:  12 14 BD 93 EB D4 D5 EB - 38 41 A6 DE 20 05 6D 36  ........8A....m6
00018640:  28 EF A7 ED B4 4C 58 71 - 0E 5D B3 12 71 3E CB 98  (....LXq.]..q>..
00018650:  5A 1C 1F 10 BA AA F5 1C - 9B 0E E9 21 F9 66 5E E5  Z..........!.f^.
00018660:  8E C9 CD 07 7C 5D 82 BB - 84 47 6F FD 86 3D B8 3F  ....|]...Go..=.?
00018670:  39 A8 74 1F C6 FE 7E 43 - 19 0F D4 7E D2 36 8C BA  9.t...~C...~.6..
00018680:  DC A2 EE 88 AE CC 89 56 - BF 57 9F 2F 83 38 00 D1  .......V.W./.8..
00018690:  3C F0 12 6B 2F 01 B0 A3 - D8 5C 83 B5 71 FB F8 F5  <..k/....\..q...
000186A0:  85 48 FC F1 DF D5 E2 A0 - 30 2F FF BE 71 1A AD 6C  .H......0/..q..l
000186B0:  7E 74 40 13 62 10 F4 5F - A4 7A 24 B5 56 3B F4 34  ~t@.b.._.z$.V;.4
000186C0:  69 A2 76 94 AF D0 86 CB - CB F3 5C F4 DE 4D 53 74  i.v.......\..MSt
000186D0:  05 68 25 2B F3 69 11 49 - ED D6 5E B5 D0 32 12 92  .h%+.i.I..^..2..
000186E0:  D2 25 90 5F BD 1A E4 31 - F9 5A C9 2A EB FF E5 40  .%._...1.Z.*...@
000186F0:  17 C0 92 2D 60 CC A7 D9 - 05 9C 18 36 2A 70 CD 54  ...-`......6*p.T
00018700:  6D B2 98 CE 43 0F 7E 39 - 13 37 20 31 C6 AC 2E 2F  m...C.~9.7.1.../
00018710:  54 A4 DD 75 C6 55 6D 7B - 7C C1 70 3E 54 89 6A 31  T..u.Um{|.p>T.j1
00018720:  4D 80 95 76 2F A4 72 A5 - 26 0B C1 5A 33 44 CD 24  M..v/.r.&..Z3D.$
00018730:  0F 5E 65 99 15 4E BD E0 - 0F 4A C8 20 57 9D 52 50  .^e..N...J..W.RP
00018740:  D2 4D 38 FD 92 4C 6F 80 - 0F F4 B9 5B 48 BD 9A 52  .M8..Lo....[H..R
00018750:  97 9E 73 03 3A BB 32 13 - A4 E6 F5 1D EA 21 77 F5  ..s.:.2......!w.
00018760:  C2 29 1C B1 11 1A 90 DF - C3 DE DF 19 45 3B 6A 3E  .)..........E;j>
00018770:  AF C3 4E 98 D5 32 1B CD - 8A 1C A9 F8 80 6D 20 14  ..N..2.......m..
00018780:  03 11 A5 4C 96 98 99 23 - A8 E2 8E 38 DE 7A 3E 5F  ...L...#...8.z>_
00018790:  BD 44 72 D9 BB F3 39 12 - 0D D7 D9 7E 03 F1 E2 E9  .Dr...9....~....
000187A0:  FB 9E DF F7 7C 02 F3 84 - 21 36 C7 50 46 8B 60 72  ....|...!6.PF.`r
000187B0:  9B AE 8B 99 3E 2E DA 63 - 42 0C A6 7E 30 13 75 B0  ....>..cB..~0.u.
000187C0:  88 B5 E0 55 D3 62 86 6E - 4A 53 18 A9 92 26 F0 ED  ...U.b.nJS...&..
000187D0:  20 89 CF 4B FE 4E AC 5D - 3D ED 5B 0F 5F 4D 69 EE  ...K.N.]=.[._Mi.
000187E0:  EF 15 F3 A5 02 B6 76 54 - 87 2F E1 83 51 64 57 08  ......vT./..QdW.
000187F0:  F1 C0 C4 E5 45 A3 3A 4D - DD 94 0E 98 CB 63 7C 82  ....E.:M.....c|.
00018800:  A4 F3 A9 66 2C 0C EE 4D - 51 D7 C8 D0 11 77 D5 F5  ...f,..MQ....w..
00018810:  47 7D FB F5 97 29 9F CD - 06 95 62 6A CE 16 B5 E9  G}...)....bj....
00018820:  9C 3E 61 6B 9D 2E EC C7 - C2 97 5D FD 51 A4 07 C2  .>ak......].Q...
00018830:  FA 61 3D CA 0C 64 8D D9 - F0 62 6C 79 5F BC 6E 3B  .a=..d...bly_.n;
00018840:  52 DC 0D 96 17 87 D7 41 - D8 EA D9 EA 18 44 35 99  R......A.....D5.
00018850:  FF 83 31 30 42 D0 AC 0C - B4 6C 86 C7 5F F7 37 95  ..10B....l.._.7.
00018860:  18 CB C1 D7 35 83 3A 2D - 30 1C C7 78 00 98 CD 6B  ....5.:-0..x...k
00018870:  8F 72 70 17 1B 40 13 A0 - EB 11 2C AF FC 26 5B BC  .rp..@....,..&[.
00018880:  20 E8 B3 05 E9 99 82 D4 - 5A D2 AB B0 CB 6C 75 CA  ........Z....lu.
00018890:  81 45 C6 EA D1 DE F7 08 - 85 C5 61 54 7A CD 0D 91  .E........aTz...
000188A0:  2E 60 F6 5E 7F 59 17 BD - 90 89 3B 7D 93 78 84 1D  .`.^.Y....;}.x..
000188B0:  C6 CC 6B 33 02 5A 98 13 - E8 79 2C 8B 48 E8 E9 47  ..k3.Z...y,.H..G
000188C0:  F5 75 2F 8E 07 37 BF 76 - B5 31 59 64 A4 2C F5 5C  .u/..7.v.1Yd.,.\
000188D0:  EA 20 97 E6 22 6C B2 E6 - 41 28 1E 25 71 9C 51 CD  ...."l..A(.%q.Q.
000188E0:  0E D4 D2 5F 3E F3 17 C0 - D5 46 2C BF 10 5D 94 CC  ..._>....F,..]..
000188F0:  5E ED AD 4D F3 74 99 DF - FD 4C 5C 85 9A B9 BE FA  ^..M.t...L\.....
00018900:  10 10 20 6A 71 54 33 71 - 82 FA 1F 8E FC E1 DC 45  ...jqT3q.......E
00018910:  75 6D CC F7 31 14 53 4F - E1 EA EB 6F BD 14 57 75  um..1.SO...o..Wu
00018920:  2B 96 A3 D4 61 72 CF 16 - 2A 97 03 91 05 A8 6A 1E  +...ar..*.....j.
00018930:  00 6C EE 83 B2 30 74 D8 - 5A E8 C8 FD 6C 4C BC C7  .l...0t.Z...lL..
00018940:  8C 25 58 89 38 E3 F2 9B - 89 60 7A 75 9D E8 6A 79  .%X.8....`zu..jy
00018950:  B0 03 76 DD 1E 69 79 9E - 16 13 72 55 D7 27 C1 4C  ..v..iy...rU.'.L
00018960:  C3 99 E5 F6 FC C7 03 3E - C3 CD D0 E2 28 0E D9 59  .......>....(..Y
00018970:  0A 52 C9 A4 23 63 40 E7 - 21 58 78 B6 A8 2A 7B 42  .R..#c@.!Xx..*{B
00018980:  EB 21 C9 88 A5 AA 3A CC - 7B C9 3F 24 E2 33 58 DE  .!....:.{.?$.3X.
00018990:  26 F3 76 FC DE 8F F1 A6 - 52 B0 EB 3B 1F 91 53 0C  &.v.....R..;..S.
000189A0:  3B 7E 7A 1F 0F E3 3F ED - 9C 31 5A C7 FA EC 03 51  ;~z...?..1Z....Q
000189B0:  58 2E F3 B7 A4 2C D0 07 - AF 51 45 E7 BB 1E 60 34  X....,...QE...`4
000189C0:  73 1F F4 10 14 E2 D1 A4 - E0 23 E3 0B B5 42 6C 4B  s........#...BlK
000189D0:  CA 68 A4 D7 EE 41 0A 87 - EF 5C 0E 9C 01 28 AF 76  .h...A...\...(.v
000189E0:  AD 4A BF 44 09 4D BE 46 - 85 68 FF 4B AF FE 1D 5D  .J.D.M.F.h.K...]
000189F0:  72 04 24 67 B3 B2 F2 AC - F1 9D 0E C1 6D 56 03 55  r.$g........mV.U
00018A00:  F0 F9 75 EC FE E1 AC 96 - 4E 43 06 71 52 0F 83 22  ..u.....NC.qR.."
00018A10:  71 53 43 EA CB 6D 6F 17 - 1B D2 75 29 56 DE 0C 6E  qSC..mo...u)V..n
00018A20:  22 11 24 29 FA 9C 72 FE - 35 5A 61 55 05 97 84 B0  ".$)..r.5ZaU....
00018A30:  E1 8F 5A 40 41 A7 23 FA - B1 1C 49 62 00 23 0F BE  ..Z@A.#...Ib.#..
00018A40:  4D 87 5C 49 B2 B1 98 5E - 75 F4 6A 98 89 00 74 77  M.\I...^u.j...tw
00018A50:  95 75 D5 37 06 80 72 8D - 42 3C 10 F5 2A E2 B9 94  .u.7..r.B<..*...
00018A60:  0F F4 E8 CD DE D6 5B EB - 04 27 3D 25 F3 3A 25 7F  ......[..'=%.:%.
00018A70:  40 73 2B 09 81 EB 52 17 - D2 A8 BC A3 98 4C 2E 1F  @s+...R......L..
00018A80:  B9 BA E8 70 7A BC 58 AF - D2 D1 68 84 73 DF 33 D9  ...pz.X...h.s.3.
00018A90:  0C 6C AD 87 68 09 DB 35 - ED F8 63 0D CB BF 2E 6D  .l..h..5..c....m
00018AA0:  D6 A6 FF 85 C4 2E D0 C4 - C7 21 CC CE BA B3 89 C9  .........!......
00018AB0:  97 80 D1 15 D0 F4 96 8D - 1F 71 76 A3 74 45 A5 A5  .........qv.tE..
00018AC0:  9F 8F 0C 77 7C 6C D9 64 - CA 6C A7 33 C5 52 73 92  ...w|l.d.l.3.Rs.
00018AD0:  C7 BF 28 1A 0B 0B 3B 76 - 7F 10 D4 9C 0E 03 3D C7  ..(...;v......=.
00018AE0:  85 24 6F DE 5F 4B CB 01 - D6 52 89 17 D6 FC BD 74  .$o._K...R.....t
00018AF0:  31 0E 50 D3 49 86 E3 B7 - 95 78 3C ED 63 37 37 0D  1.P.I....x<.c77.
00018B00:  D7 E3 D9 6D 56 F6 37 52 - 99 DE 57 03 76 0E 47 7C  ...mV.7R..W.v.G|
00018B10:  AB E0 86 4A 30 93 6A 56 - EC 7C 32 D3 96 C2 A7 5C  ...J0.jV.|2....\
00018B20:  5B CE 03 8D 67 BA FA 44 - 5B 99 14 9F AB 4E 4A 56  [...g..D[....NJV
00018B30:  F6 3B 3C 09 E8 4C 8A 44 - 6E 58 D1 47 BD CC B7 61  .;<..L.DnX.G...a
00018B40:  A1 94 71 CF 0B 8E 31 B0 - 33 A1 86 1E 96 7D 54 4A  ..q...1.3....}TJ
00018B50:  27 40 BB 9E E3 7B 4F B0 - C8 FC A0 93 A7 8A 42 8A  '@...{O.......B.
00018B60:  8F C6 8F 84 5A D0 5D 77 - 28 14 83 0F FF 0F 21 24  ....Z.]w(.....!$
00018B70:  4E 81 08 62 3F 5C 78 DC - 7C ED 14 5D 44 EF DD B1  N..b?\x.|..]D...
00018B80:  B8 3C AC 50 6F 4E 91 A6 - BB 18 E0 69 CB 0A BB 17  .<.PoN.....i....
00018B90:  70 C8 C4 C9 68 70 D9 AF - 25 CF D4 4B 3C FE 3E BE  p...hp..%..K<.>.
00018BA0:  80 C3 37 CF B4 89 B4 31 - 1D 1F 4C 88 1E 45 3D 95  ..7....1..L..E=.
00018BB0:  87 AE 79 16 0F C3 63 33 - 3D 5D D0 1B 23 5B 03 C2  ..y...c3=]..#[..
00018BC0:  CA 13 5E 55 B8 4D 6F CB - C2 97 3D 75 8C E2 E1 FE  ..^U.Mo...=u....
00018BD0:  A6 BE F0 10 E5 EC 58 7E - AD 87 F5 1A 9A 69 5B 98  ......X~.....i[.
00018BE0:  1C DE 36 50 FE 87 A7 B8 - 3D 16 54 11 74 5B B2 CA  ..6P....=.T.t[..
00018BF0:  45 BC 6D CB 72 45 3F B1 - 8F 61 11 7E F6 9F FC CC  E.m.rE?..a.~....
00018C00:  28 1F 09 86 01 08 55 0B - 27 2B 66 8E 30 DE AF CC  (.....U.'+f.0...
00018C10:  F7 DB 7E 1B 2B 88 3F E3 - 3A 0D 44 61 54 C3 72 58  ..~.+.?.:.DaT.rX
00018C20:  3F D9 60 91 50 45 04 F5 - 43 B0 5C 2E 23 4C AE F9  ?.`.PE..C.\.#L..
00018C30:  89 89 91 9E 39 AE 20 A7 - A7 EB B7 60 99 70 90 28  ....9......`.p.(
00018C40:  B4 7F 37 2B 22 4C A7 3E - 37 AB CB AC A2 3D C8 9E  ..7+"L.>7....=..
00018C50:  CF 9C D6 76 C8 93 81 54 - D6 C4 04 4D B5 2D BB 50  ...v...T...M.-.P
00018C60:  E3 5B 93 49 15 9A DD E8 - 6F 08 69 CE D7 E7 4E 9D  .[.I....o.i...N.
00018C70:  1F 81 D0 AD 88 A7 41 3A - 74 B6 52 34 CE 23 DB 36  ......A:t.R4.#.6
00018C80:  F1 89 1B 56 D8 D0 26 9D - D2 BD BF 39 1A A5 A5 90  ...V..&....9....
00018C90:  01 A8 E8 ED 64 C2 FE 79 - 51 D5 BA 2F F1 C7 49 41  ....d..yQ../..IA
00018CA0:  AC C3 30 6C 15 B1 17 28 - 70 D0 D8 8C BE E7 E6 92  ..0l...(p.......
00018CB0:  B3 27 36 93 1F B5 31 48 - 3E 29 3A 10 34 79 17 D1  .'6...1H>):.4y..
00018CC0:  D5 52 68 3F 4C BE 24 78 - 54 21 2F CD 73 E2 AB A4  .Rh?L.$xT!/.s...
00018CD0:  4B 99 8B D5 5A 87 3E 4C - 37 60 64 86 67 DC 96 C7  K...Z.>L7`d.g...
00018CE0:  B0 C4 85 AA 88 91 EC 14 - 99 7B 8F 23 4F 9F BE 07  .........{.#O...
00018CF0:  00 60 52 49 93 AD 5E BA - F8 15 F2 6F 7C 3B 6E 4B  .`RI..^....o|;nK
00018D00:  F5 68 BA 2B 5C 2E EF 6C - CC 75 9E EB 48 02 D1 79  .h.+\..l.u..H..y
00018D10:  83 AF 01 49 8D 5E 01 2E - B0 AE F6 3A 43 FF 92 CA  ...I.^.....:C...
00018D20:  FC FE EF 49 79 27 AB 95 - 98 BB B0 D7 76 34 C1 90  ...Iy'......v4..
00018D30:  16 25 1F D8 3F DE 8F 66 - FA A7 82 ED 9C 5D 2D 22  .%..?..f.....]-"
00018D40:  C2 1D A8 12 E6 7A 3D C0 - 56 AD 80 B2 5F 51 06 9A  .....z=.V..._Q..
00018D50:  EC 3A 1D CF 03 85 3E D7 - BD 67 BF 5D EF 1E EA FA  .:....>..g.]....
00018D60:  69 20 B7 42 B3 25 AC 36 - 32 22 FE 85 BA 57 7A 43  i..B.%.62"...WzC
00018D70:  68 18 CD 60 B7 33 F9 6C - C4 A5 BA 8E CC E0 3B 62  h..`.3.l......;b
00018D80:  E5 EF 96 62 0D 41 55 A4 - 5A FB 34 F0 17 F1 AF 7C  ...b.AU.Z.4....|
00018D90:  52 08 67 21 C1 F3 F7 BC - 5B 44 D2 BD B6 3F 4C EC  R.g!....[D...?L.
00018DA0:  68 53 99 CE D0 AE A9 09 - D9 E6 4B A9 53 59 D6 0E  hS........K.SY..
00018DB0:  14 32 47 CC 9A AF B1 15 - 1E 6B EE 32 E4 D7 A9 68  .2G......k.2...h
00018DC0:  2B 80 7E 1E 43 14 95 A6 - 39 25 3E 09 9F BB 13 48  +.~.C...9%>....H
00018DD0:  BA 4D D6 32 40 C3 D7 19 - 8A 04 97 15 AE 8D B7 F6  .M.2@...........
00018DE0:  B4 72 AB 19 DC 5A A1 8E - 81 97 15 07 D7 B5 67 75  .r...Z........gu
00018DF0:  6A 6C 73 83 71 5C 5D 5E - 94 B3 4C AE D0 A3 2F 31  jls.q\]^..L.../1
00018E00:  BC 92 C3 4E 12 24 4C 6C - DE 58 D8 FB E6 65 CA 7F  ...N.$Ll.X...e..
00018E10:  2D CF 03 16 DE 1B 7C 4F - F8 F9 94 11 CF C5 7D A8  -.....|O......}.
00018E20:  46 9E D3 73 EF B5 34 2D - 40 25 75 83 76 46 3A 54  F..s..4-@%u.vF:T
00018E30:  12 09 86 E3 8C 6B 69 5D - 29 57 5E D5 F0 63 5E 53  .....ki])W^..c^S
00018E40:  65 B0 C4 17 08 58 7F 14 - 6C 27 58 97 3E 53 47 B2  e....X..l'X.>SG.
00018E50:  4D 35 4A A2 CF 83 A5 94 - 55 74 17 D4 4F 9E 8B 84  M5J.....Ut..O...
00018E60:  6C 95 0C 20 C9 08 32 FC - F4 60 A3 B7 74 EA 75 2A  l.....2..`..t.u*
00018E70:  FA 7E 8C A0 94 E7 77 11 - D0 27 87 88 B0 0C 17 49  .~....w..'.....I
00018E80:  F6 23 E6 04 A7 33 B2 39 - 4C 14 30 57 A3 32 34 F8  .#...3.9L.0W.24.
00018E90:  FB A5 F5 37 FD 34 E9 32 - D4 03 F5 77 AD 0D A6 E6  ...7.4.2...w....
00018EA0:  F4 90 D6 62 85 32 A3 5C - ED 16 72 C3 5E 99 21 B2  ...b.2.\..r.^.!.
00018EB0:  8D C0 75 39 58 F4 5C 9D - AC F3 D7 DF 22 32 0A B6  ..u9X.\....."2..
00018EC0:  55 90 49 A1 B0 FF C5 AC - 7B 22 AA 39 39 AB 97 33  U.I.....{".99..3
00018ED0:  B7 F1 4B 95 74 01 F9 B2 - C3 1C 2F F5 EF FF FA A2  ..K.t...../.....
00018EE0:  67 21 A8 08 B4 EB 17 C7 - 2E D9 2A C4 3A 7C 36 7D  g!........*.:|6}
00018EF0:  69 30 9D D1 D0 14 39 A1 - F1 58 24 E1 6D 9E 43 1D  i0....9..X$.m.C.
00018F00:  9A 7A B1 9F 41 9E 6E B7 - 98 F2 27 1B 31 31 AA F5  .z..A.n...'.11..
00018F10:  00 36 64 02 16 C6 43 55 - 0F A5 1E A9 BA 4F 64 8F  .6d...CU.....Od.
00018F20:  74 0C 2B B7 6A 1C 38 D6 - E7 0B 72 66 47 26 22 29  t.+.j.8...rfG&")
00018F30:  04 70 99 AC AC 98 86 C4 - 12 D6 38 ED 81 F9 B6 2C  .p........8....,
00018F40:  90 17 C4 BB 6B C4 3D 4E - F5 9D F7 46 49 BA 79 92  ....k.=N...FI.y.
00018F50:  E9 AA 71 C9 30 B5 96 89 - FD DB C0 C4 7F BE 21 04  ..q.0.........!.
00018F60:  82 D5 53 7E 9A F1 3B 0E - B6 10 EB 24 D0 7F 78 4E  ..S~..;....$..xN
00018F70:  16 85 88 8D 7B F0 9C A1 - 5F 3B 73 3A 48 59 53 6E  ....{..._;s:HYSn
00018F80:  6A 8C D8 FC 95 BE 15 D9 - 2E 03 ED EC 22 B3 3B 70  j...........".;p
00018F90:  62 13 D6 82 16 F6 71 04 - D8 C3 38 7E DC D8 CB 8E  b.....q...8~....
00018FA0:  16 C4 6D DE 2C 54 22 62 - 50 98 2A A3 7C BA 6C 6D  ..m.,T"bP.*.|.lm
00018FB0:  B7 C3 58 32 1F 5B ED D6 - B6 3F 3A 48 C0 22 B6 B3  ..X2.[...?:H."..
00018FC0:  78 6B A8 AC DF 04 F3 6D - B0 2C 13 2D E1 DA 9B E3  xk.....m.,.-....
00018FD0:  C3 CE 28 8F 05 0D 08 5B - 70 03 33 D3 57 02 8F 6B  ..(....[p.3.W..k
00018FE0:  91 E5 65 DC 0B 1C 8F 4C - B2 F2 7C 33 91 DC A7 D7  ..e....L..|3....
00018FF0:  A3 34 42 AC EB 57 AD F1 - A7 8A B4 03 5D 36 E5 EE  .4B..W......]6..
00019000:  46 E1 B7 4A 45 52 EE F5 - FD 90 18 C4 B2 EF 5B 27  F..JER........['
00019010:  48 D3 63 E2 35 36 91 51 - E3 75 97 B7 C6 3D 08 93  H.c.56.Q.u...=..
00019020:  99 7D 10 9B 2F 11 EF F3 - E6 DF 6D 6C 3C A9 BF F9  .}../.....ml<...
00019030:  41 D1 45 19 33 6F 9B 6A - E4 2C 24 26 AD 6E 40 BD  A.E.3o.j.,$&.n@.
00019040:  27 7F 3D 0A C5 F4 67 AA - CD 25 1D A5 6C E5 DD C4  '.=...g..%..l...
00019050:  3E A1 F5 AD F5 0D D9 03 - BD 13 27 11 D2 AB C9 3B  >.........'....;
00019060:  C5 63 2E 6B 02 7E E1 BA - 97 AE DC 4F 8A 2D 5F 6A  .c.k.~.....O.-_j
00019070:  BF 10 48 A9 34 0F 16 B3 - EF 07 8A 18 CC 04 3D EB  ..H.4.........=.
00019080:  F9 6C 07 29 D0 53 FB DF - 34 51 BF 87 17 89 E4 40  .l.).S..4Q.....@
00019090:  78 5A 07 52 AE AD E5 46 - D6 33 7B 07 28 2F 8E 1A  xZ.R...F.3{.(/..
000190A0:  5D 19 5B AC 60 95 03 9B - 7E A3 C4 77 25 6F 7D 85  ].[.`...~..w%o}.
000190B0:  4D D1 B4 CC BE F2 52 8B - B3 07 FD B9 A4 52 A3 66  M.....R......R.f
000190C0:  8C 4A 05 F1 A2 5B 4D 43 - F5 08 E8 69 B4 88 C0 F5  .J...[MC...i....
000190D0:  3E 66 E4 7F 91 42 73 6B - CD 84 28 36 1D 32 7C EF  >f...Bsk..(6.2|.
000190E0:  33 B9 43 47 98 E1 A3 DD - E6 41 DC 9F 15 F7 14 8B  3.CG.....A......
000190F0:  B6 D3 3C 24 4D 98 B9 86 - D9 03 7F 48 0B 68 A1 12  ..<$M......H.h..
00019100:  5F 60 87 F4 9E 4F D4 B3 - A4 A7 41 58 CB E6 00 45  _`...O....AX...E
00019110:  D0 30 65 10 9D 82 0A 20 - F3 6C F2 C2 8F 3A EF 88  .0e......l...:..
00019120:  F1 A1 20 D5 75 1B F9 21 - 99 4D FF E5 34 2D 13 66  ....u..!.M..4-.f
00019130:  F5 90 25 5E BB 7A A9 CA - D1 BC F1 F9 4F 64 3F 34  ..%^.z......Od?4
00019140:  D8 18 91 88 7D A0 CD F9 - 8B 73 93 EA B2 1D E8 35  ....}....s.....5
00019150:  42 24 59 4E 0D 55 08 54 - F8 89 8B ED 2F B0 94 81  B$YN.U.T..../...
00019160:  D8 33 FD 53 E1 C3 22 B7 - 56 9F 8A 80 67 50 AE C9  .3.S..".V...gP..
00019170:  9B 43 15 47 8B C5 79 E0 - 4B C5 1D 71 A9 56 1F F1  .C.G..y.K..q.V..
00019180:  54 27 1C D8 81 FD C1 7B - 3C D1 D8 76 BB 10 06 2E  T'.....{<..v....
00019190:  8F 33 CC A7 AB 06 40 58 - 45 9F 8C 1A 89 C8 66 3A  .3....@XE.....f:
000191A0:  43 A2 69 07 0F 54 FA 43 - 35 D7 E4 3F 25 37 1A AC  C.i..T.C5..?%7..
000191B0:  B6 9E 63 57 4D 88 92 B1 - 24 B5 81 36 E5 D2 97 6D  ..cWM...$..6...m
000191C0:  45 6D B5 0F 2D 89 8B 61 - 57 0C E0 BF A8 74 2F 6E  Em..-..aW....t/n
000191D0:  02 24 F5 6E F0 36 FA 0A - 30 C5 94 AE D9 9A 31 83  .$.n.6..0.....1.
000191E0:  3B C6 2F 33 9F 1A 38 17 - EB DD 3C 15 B0 69 E5 7D  ;./3..8...<..i.}
000191F0:  B9 D2 DC 8A 56 C9 A5 AE - 78 80 41 DA FA 93 74 53  ....V...x.A...tS
00019200:  90 A9 80 13 5E 5E A3 49 - E8 3C 9D 2B A1 79 AD A9  ....^^.I.<.+.y..
00019210:  0C 43 59 DA 44 58 3E FA - E7 08 64 6D 58 6C 02 B0  .CY.DX>...dmXl..
00019220:  17 2A E1 31 C4 24 AC FF - DC C3 DC 41 DE 14 14 96  .*.1.$.....A....
00019230:  A1 A3 17 A1 C3 0D B2 C1 - 66 A2 8F AA CF 5B A8 7C  ........f....[.|
00019240:  14 41 BF 4F 6C FE 18 01 - 98 79 C9 AB 33 2A DF 13  .A.Ol....y..3*..
00019250:  D0 9B 6C 70 AD AA E4 FB - 4A AD 3B AA 14 80 DB 6E  ..lp....J.;....n
00019260:  8F D3 8E 77 70 36 4F B5 - 88 4B F6 08 8F 2F A5 C9  ...wp6O..K.../..
00019270:  C9 C8 BB 79 48 28 79 3D - 8E 10 83 1C F7 9B 79 43  ...yH(y=......yC
00019280:  22 53 A0 31 2A 30 7D 9F - 27 33 2F 10 76 5C 2A 5C  "S.1*0}.'3/.v\*\
00019290:  47 5E A6 F0 C2 65 28 44 - FF 2F BB 0B 5A A2 DD 8F  G^...e(D./..Z...
000192A0:  31 A9 91 80 BA 75 80 36 - 9C 3E BE 63 8A 17 E0 E2  1....u.6.>.c....
000192B0:  CC 31 84 30 88 1B 9A E7 - DB 7C B9 B9 C4 D3 4F 40  .1.0.....|....O@
000192C0:  05 79 3B 9C EB A1 DB 86 - 2D 04 03 B2 A4 E3 18 1B  .y;.....-.......
000192D0:  C1 73 86 5B 2A 53 07 A9 - B8 84 28 66 ED D7 61 65  .s.[*S....(f..ae
000192E0:  15 73 BD A5 D1 C4 F5 64 - D2 08 44 36 1D A8 9F 9A  .s.....d..D6....
000192F0:  7A 77 A3 5C 83 28 F4 54 - 6D 1D 2D AB 50 CB 29 1F  zw.\.(.Tm.-.P.).
00019300:  25 16 2B 74 1D B7 17 9C - 66 5B 2E 18 68 E0 88 98  %.+t....f[..h...
00019310:  72 B0 35 3B 32 50 44 2E - FE 7A 0C 23 B1 70 62 79  r.5;2PD..z.#.pby
00019320:  51 E5 DB E9 D9 1F 93 C9 - 28 35 80 1C 3B 88 9C 5D  Q.......(5..;..]
00019330:  C9 7D 52 D6 CB AE 61 56 - 47 2E 0C 92 21 79 CD 9D  .}R...aVG...!y..
00019340:  6A 15 32 AB ED FA 29 41 - 24 82 51 BC 3B 1A 82 FA  j.2...)A$.Q.;...
00019350:  C3 30 14 09 08 30 E2 F9 - 72 0D 3D 17 1D EC E3 F9  .0...0..r.=.....
00019360:  D0 37 C9 2F 4B 6F 79 2F - 86 8A 18 A1 D3 C1 AE F0  .7./Koy/........
00019370:  5C 36 A9 C2 9D 85 8B B6 - 7D CA DC 91 BA 27 47 A9  \6......}....'G.
00019380:  F7 04 59 FD 36 F6 93 20 - 05 F1 E8 17 A3 42 2C 2C  ..Y.6........B,,
00019390:  49 9C 85 27 A0 4D 2D DF - F8 D9 1F 84 3E 9E 9A 06  I..'.M-.....>...
000193A0:  6F D2 FE 3D DB 96 41 68 - 81 18 1F F3 E8 C9 05 D1  o..=..Ah........
000193B0:  C5 FC 8B 2D 0F 7A E0 88 - F9 5C 43 5C 39 09 F2 64  ...-.z...\C\9..d
000193C0:  A4 BF 66 53 9D 04 02 B2 - 50 4C 35 09 B1 1D 87 E4  ..fS....PL5.....
000193D0:  4D A8 95 35 E5 3D A0 50 - 29 FD C5 9B 3B 8A 76 49  M..5.=.P)...;.vI
000193E0:  B4 C3 13 6E 8B 81 93 0F - 65 7C 2E C9 A1 9A FF 2E  ...n....e|......
000193F0:  EA DF E1 39 AD F3 03 FF - 99 76 E1 53 34 C9 AA 6A  ...9.....v.S4..j
00019400:  4B A2 D2 80 DC 2D B7 40 - B9 DB DF DC 9D 8B AE C9  K....-.@........
00019410:  9D 4D FD 83 B1 4D A5 69 - 6C 71 26 C5 74 5D 02 BB  .M...M.ilq&.t]..
00019420:  A7 54 EB B1 B9 BB 7F E7 - C2 9D 60 BD AE D3 7E 38  .T........`...~8
00019430:  EA 21 FE FF 86 29 64 9E - CD C7 31 63 BF 31 CB 0F  .!...)d...1c.1..
00019440:  49 F9 EA 9E DE 98 71 38 - 20 BC C7 4B 62 A5 F2 70  I.....q8...Kb..p
00019450:  96 07 E7 2D 4E F3 B4 DC - 04 C1 77 DE B9 1F D1 A2  ...-N.....w.....
00019460:  82 03 30 57 5E 7A 54 1E - F8 E1 99 DC A3 C1 50 90  ..0W^zT.......P.
00019470:  A3 D3 F5 03 47 D4 07 C9 - B2 78 C5 CB 23 7B 64 D4  ....G....x..#{d.
00019480:  62 D9 EC 9A EB FE 2B 02 - 12 89 F6 0E 63 20 36 B9  b.....+.....c.6.
00019490:  1F 22 45 8F F2 B6 51 26 - 5D A6 AC 36 73 E0 8D F6  ."E...Q&]..6s...
000194A0:  29 72 7B DC 6A B3 C0 40 - F6 55 E8 8C 1A 00 06 85  )r{.j..@.U......
000194B0:  13 E4 E2 18 9D 0A 58 2F - B8 B7 AD 24 10 69 3B 0F  ......X/...$.i;.
000194C0:  66 06 5D F7 05 79 DA F5 - 2E 83 80 E0 DC 8C A2 58  f.]..y.........X
000194D0:  35 75 9D A9 9E 64 8E 0B - CF BC 74 01 5A E2 A0 B3  5u...d....t.Z...
000194E0:  C9 52 6B 63 12 73 D4 C0 - E4 E8 43 B9 47 25 02 39  .Rkc.s....C.G%.9
000194F0:  7D 9B DC D5 2E 46 92 C2 - 04 1A 4F CA 31 80 E7 B1  }....F....O.1...
00019500:  60 9F DD 11 03 74 AC 67 - 92 FF 74 2D 28 FF 15 70  `....t.g..t-(..p
00019510:  35 8C 2E D0 63 75 DE E8 - BB 66 9A 1B E6 22 73 BD  5...cu...f..."s.
00019520:  D3 6F FB 5A A4 2E 60 F6 - E2 6F E9 46 03 63 4D 4A  .o.Z..`..o.F.cMJ
00019530:  B8 C3 BB 76 25 3D FF FB - 3E 0F 22 B8 E1 05 36 81  ...v%=..>."...6.
00019540:  6D 39 AA AE 52 9B 27 72 - E4 5B 66 9C 07 45 BD 50  m9..R.'r.[f..E.P
00019550:  16 15 9B 54 79 0E 4B 5C - 24 45 EA 3C 4B 69 C6 7A  ...Ty.K\$E.<Ki.z
00019560:  66 4B 05 8F CB A3 3B DF - 43 A7 39 AE 09 E8 5D 82  fK....;.C.9...].
00019570:  87 50 79 C4 F3 94 4E 51 - DB 92 51 66 D2 23 FC AF  .Py...NQ..Qf.#..
00019580:  01 E0 FA A8 4F F4 D6 62 - 42 45 DC 6F BD 32 69 35  ....O..bBE.o.2i5
00019590:  DE 85 C8 CD 9C EE D0 3C - 83 34 16 60 B4 7B 95 49  .......<.4.`.{.I
000195A0:  40 AE 7C D5 8F 4A 1E F0 - 44 B2 6E A7 8D 68 1F A1  @.|..J..D.n..h..
000195B0:  40 DC 3B 3C 4C 97 2D E7 - DB B1 D4 23 9E BE 1D 5F  @.;<L.-....#..._
000195C0:  C9 A8 BF 8A A3 7B 68 F8 - BC 9C 0A 94 82 DD D6 95  .....{h.........
000195D0:  FA F5 05 79 A5 52 D5 D9 - 20 EE 5E 3D 5C 79 3F 35  ...y.R....^=\y?5
000195E0:  39 70 A1 5A C1 61 5D C7 - 6E 3C A2 08 0A 9D F8 D8  9p.Z.a].n<......
000195F0:  40 C6 04 7D 73 F4 39 C4 - 54 02 08 AE AE 28 0E C8  @..}s.9.T....(..
00019600:  7B 4A 27 C9 80 DF 4F 4B - 74 38 DC B3 12 31 C3 8F  {J'...OKt8...1..
00019610:  6C 2A B0 04 8F 6F A4 58 - B9 DF 2C 4A C9 C8 6B 94  l*...o.X..,J..k.
00019620:  45 06 23 FE 4F 5B 83 05 - 6A 8D 0C 4E 84 39 81 52  E.#.O[..j..N.9.R
00019630:  6B 29 DD F3 64 A4 54 B9 - 09 63 A7 CD 6F A5 E8 89  k)..d.T..c..o...
00019640:  41 8A 63 98 20 59 B6 2D - 84 FE D6 A2 55 BF DE 70  A.c..Y.-....U..p
00019650:  A2 5F 05 3E 93 40 29 00 - D4 70 F8 ED 11 54 D3 70  ._.>.@)..p...T.p
00019660:  16 DF FC 41 05 72 21 19 - 29 46 A9 9A 67 43 1F B7  ...A.r!.)F..gC..
00019670:  D0 EA 9C 1D D7 A2 65 86 - 98 E8 28 5E E3 4F 8F 82  ......e...(^.O..
00019680:  6B A5 CE 82 81 64 88 53 - BF 35 66 3B F0 72 2F DC  k....d.S.5f;.r/.
00019690:  0B 8C 7E C2 5B 30 A6 7B - 24 86 BB E8 4A C8 67 1E  ..~.[0.{$...J.g.
000196A0:  16 75 00 D0 C7 37 E5 48 - 57 41 B8 C8 56 E8 54 6B  .u...7.HWA..V.Tk
000196B0:  AE F6 BA 61 52 06 CC 41 - 4F 76 13 E0 36 48 70 D4  ...aR..AOv..6Hp.
000196C0:  3F EF 25 AC 08 3D 9C FB - DE CC 9D B2 95 ED D2 B0  ?.%..=..........
000196D0:  FF A0 DE 2C 66 6D 8C 06 - 1C D9 C0 A6 4C 8E D6 AD  ...,fm......L...
000196E0:  6D 19 6D A6 AE 11 45 86 - 9C AF 0B 2B F0 A5 FC DE  m.m...E....+....
000196F0:  6C 18 E3 87 F2 03 68 FD - 7C AC F2 73 F2 49 F7 27  l.....h.|..s.I.'
00019700:  59 75 59 46 DA A2 9B 73 - A6 FD 12 0B E1 92 C7 60  YuYF...s.......`
00019710:  B3 56 6E 11 E8 AC C6 55 - 00 DD 96 99 79 48 48 0C  .Vn....U....yHH.
00019720:  81 9F 03 68 BD 2A CC EE - 6F 49 6A DC 4A 4C 18 83  ...h.*..oIj.JL..
00019730:  BE C5 1F 51 1F DE 99 1A - 46 8E C3 5B 32 D7 2C 6B  ...Q....F..[2.,k
00019740:  74 09 E7 C0 F6 15 61 A8 - 56 4F E6 42 C7 8F 60 43  t.....a.VO.B..`C
00019750:  49 7E D3 A8 AC A2 03 90 - 78 5E F1 E4 F4 1D 51 DE  I~......x^....Q.
00019760:  A8 1D 40 B9 6A 32 8D F2 - 95 14 CC FC 4C 1B D5 A2  ..@.j2......L...
00019770:  EF A7 BC AF 35 CC B9 EA - AA 73 2B 2B 4B 14 F2 4A  ....5....s++K..J
00019780:  77 D8 FC 9C DF F8 5D 6A - 1B CB CD 5B A0 37 91 05  w.....]j...[.7..
00019790:  41 E4 BC 2C 13 AE FF 43 - D1 78 DE BD 1D 76 82 AA  A..,...C.x...v..
000197A0:  A3 61 36 04 17 DB FE 47 - 19 37 F8 EB 5D 52 1B 68  .a6....G.7..]R.h
000197B0:  BF 2F 39 2C 61 9F A8 7F - 3C 6A 8D B8 71 BF EA B8  ./9,a...<j..q...
000197C0:  BE 00 4E C2 7F 76 A3 F1 - 9D BE 6D 9D 4C E3 33 84  ..N..v....m.L.3.
000197D0:  5E C9 8A 3E 35 A6 5A D7 - 82 A4 A8 40 90 71 7B 63  ^..>5.Z....@.q{c
000197E0:  48 F9 0F E9 D6 4A 6C 34 - 27 E7 B2 5F 71 04 79 09  H....Jl4'.._q.y.
000197F0:  D0 31 81 70 EE EA 5D A9 - AC 5F 49 0E 87 58 99 A6  .1.p..].._I..X..
00019800:  0B 55 4A 03 52 D9 1B 64 - 2C 52 BB 06 1F FC E7 3D  .UJ.R..d,R.....=
00019810:  A5 86 29 D6 0B 9F C6 74 - 24 9C E3 CA 3F 16 76 02  ..)....t$...?.v.
00019820:  61 F6 84 86 1D 3C 84 EE - 9F 4C 26 E6 01 54 1E 8B  a....<...L&..T..
00019830:  AB 6E C3 E5 2B E6 2E 2A - 8B 30 DA F0 1B FF 22 97  .n..+..*.0....".
00019840:  32 3A 22 DB AA 5D B2 1B - E9 BC 62 59 E9 C5 EF EE  2:"..]....bY....
00019850:  44 D5 47 5B E1 AD DD 5D - 33 A0 7E FF EA D9 67 3B  D.G[...]3.~...g;
00019860:  41 DF FE A2 DE 0F 68 3D - 74 30 04 61 76 F6 00 55  A.....h=t0.av..U
00019870:  BD 1D E9 B7 1E 8D A8 02 - 5C CE 6A 04 47 72 48 7D  ........\.j.GrH}
00019880:  A3 8E 7A 2D C1 9E B1 FF - 70 28 76 CC 9E DD 7B 98  ..z-....p(v...{.
00019890:  46 CE 95 45 4C 43 05 3E - 87 21 D0 BA 2D 88 31 A9  F..ELC.>.!..-.1.
000198A0:  71 78 B5 D2 AF 72 22 BA - 91 60 C8 4A A9 4B F5 60  qx...r"..`.J.K.`
000198B0:  11 45 52 6A D7 03 38 9A - 70 0F 18 F2 B5 E4 E9 86  .ERj..8.p.......
000198C0:  7D D5 61 4C 37 86 6C 79 - 52 C4 81 0E AC E6 03 F7  }.aL7.lyR.......
000198D0:  FD A4 15 C7 0C 30 FF 8D - EB 19 74 55 28 88 49 C9  .....0....tU(.I.
000198E0:  38 53 E7 68 70 DE 67 2B - DC 3F 97 F3 2E 62 E3 5A  8S.hp.g+.?...b.Z
000198F0:  93 59 68 81 AE 59 43 DE - 85 C7 10 D1 69 01 69 A2  .Yh..YC.....i.i.
00019900:  7A 7F 39 FD AE C9 48 25 - 78 CF 19 FC EC E7 E4 88  z.9...H%x.......
00019910:  E0 91 9B 0C 32 D2 A6 3A - E1 33 65 8F E6 C0 26 40  ....2..:.3e...&@
00019920:  2A 1B E3 4E 6D 7B BD E3 - 31 59 0F FC C2 56 9D E8  *..Nm{..1Y...V..
00019930:  3A BA AC C0 41 1C 15 30 - C8 A5 DF 21 4C A3 DB A4  :...A..0...!L...
00019940:  5E 9C 37 0B 08 6C D8 F9 - FF 34 F9 8D 0A 9E EC 62  ^.7..l...4.....b
00019950:  FA B6 10 CC 9B F0 B8 93 - E0 99 84 66 42 43 AA 08  ...........fBC..
00019960:  7D B3 CE 4A 3F E7 81 DF - 18 EB B3 4D BE 30 5B 6F  }..J?......M.0[o
00019970:  7F 6F FE F8 FC 86 7D E2 - 37 B9 53 24 A8 38 27 F7  .o....}.7.S$.8'.
00019980:  15 C1 72 8C F5 2F A5 C5 - 94 6F 4B 3F 14 90 12 7D  ..r../...oK?...}
00019990:  CD 0C 51 6A 6F 3E 7D 09 - 67 25 3D BD CF 24 29 E9  ..Qjo>}.g%=..$).
000199A0:  89 49 57 83 5D 35 57 22 - CD 6D DF 53 6C 25 92 8E  .IW.]5W".m.Sl%..
000199B0:  C4 E3 AD 18 5F 13 08 5B - 9B C7 3D 74 D5 01 AD 89  ...._..[..=t....
000199C0:  F9 4B D9 B9 E1 DF 0B D3 - D4 AA D8 EF 8E 7F 9D 53  .K.............S
000199D0:  95 0A EB BD 68 8E C2 52 - 5B 71 41 04 92 AB 40 11  ....h..R[qA...@.
000199E0:  82 DE 25 2B F2 FA 05 12 - 55 40 8F 19 7B 2A 94 DC  ..%+....U@..{*..
000199F0:  53 F7 2E 0D 66 50 66 61 - 33 59 5E 13 18 1D D7 3C  S...fPfa3Y^....<
00019A00:  2F 26 66 40 AF AE AB EB - 9F 75 62 F1 80 27 37 FD  /&f@.....ub..'7.
00019A10:  FF ED 03 C9 67 71 14 90 - 7B 31 01 2B C8 75 C2 F2  ....gq..{1.+.u..
00019A20:  32 15 47 B2 A0 93 01 B4 - 28 A5 2A FC D7 7C BB CF  2.G.....(.*..|..
00019A30:  2C 19 DE 58 CA F6 BB 52 - 44 D5 DA 6F 9C 92 8A C4  ,..X...RD..o....
00019A40:  B8 0E 0A DF 6E 7D 6E 3D - 95 02 FA AF 7C 80 7C 5F  ....n}n=....|.|_
00019A50:  BB CF 77 DD 3D 2C B6 D5 - C6 89 C8 FD 36 CE 18 FC  ..w.=,......6...
00019A60:  48 1C 19 12 0D AE 7A 88 - DF 40 A5 97 0A FC 9A F1  H.....z..@......
00019A70:  58 4B 67 C3 BA 06 0A 25 - 98 48 55 C2 E6 B4 43 5A  XKg....%.HU...CZ
00019A80:  20 4D 0E D2 B8 3B 00 C7 - BA A5 E7 E4 27 85 4D 3A  .M...;......'.M:
00019A90:  92 6D 35 49 05 1F D6 CD - F1 46 4B 4F 19 B7 E9 73  .m5I.....FKO...s
00019AA0:  41 61 C3 BA 23 D0 C0 4E - 62 2A EB 3C 8B 98 52 1A  Aa..#..Nb*.<..R.
00019AB0:  E4 86 51 E4 A9 BA 42 CC - 78 06 E5 E2 67 84 3E 4E  ..Q...B.x...g.>N
00019AC0:  0E A4 42 5F 45 A0 9C B2 - 72 B4 2F 4E DB 60 0C 64  ..B_E...r./N.`.d
00019AD0:  93 E5 7F 03 8C 22 AA 20 - D0 53 F3 0D F1 BC 16 7D  ....."...S.....}
00019AE0:  29 68 20 B0 BC 51 FA 05 - CB 48 D4 50 4C DA C0 2B  )h...Q...H.PL..+
00019AF0:  E8 9B C6 ED 6E A1 DF 99 - E7 2C 7A AC 46 EF 64 F1  ....n....,z.F.d.
00019B00:  67 3C 27 A7 62 5F 9B BF - 36 8E 08 99 94 25 AE 52  g<'.b_..6....%.R
00019B10:  DE 2A 7D 04 9C 95 FA F4 - C5 52 CA C3 6D 36 20 4B  .*}......R..m6.K
00019B20:  3E 0E 42 07 3B 17 1C B6 - 6B 5A 34 10 61 58 C8 6B  >.B.;...kZ4.aX.k
00019B30:  FC 14 AD 80 C2 DE A5 29 - 8F D6 94 AD 1D 9F 3F 13  .......)......?.
00019B40:  EB C1 6E 28 B1 FC 11 BE - C9 CE 82 E7 64 D3 8C 8E  ..n(........d...
00019B50:  FB F1 A5 D7 4F 82 E2 42 - 19 8E 1B ED CB 41 F8 39  ....O..B.....A.9
00019B60:  64 0F BE 6A 81 71 26 AA - F8 3A 68 57 1A D4 99 F5  d..j.q&..:hW....
00019B70:  8D 5C F9 3A 18 11 63 CA - 75 E1 9A E6 62 10 85 C7  .\.:..c.u...b...
00019B80:  B2 EC 5A D9 76 61 96 19 - 2E 22 0F 63 E9 E9 4E DE  ..Z.va...".c..N.
00019B90:  A9 82 57 A5 7A 19 6B A1 - 15 5D 99 07 50 C2 D9 92  ..W.z.k..]..P...
00019BA0:  33 E2 6E AE B6 77 83 84 - 85 DE 68 B9 01 27 BB 36  3.n..w....h..'.6
00019BB0:  F5 27 3D 9A 1C E8 36 46 - 2D AE 81 3B 74 E7 68 42  .'=...6F-..;t.hB
00019BC0:  17 D8 0F 66 E4 12 9A 7E - C6 CC C9 78 46 A1 16 0D  ...f...~...xF...
00019BD0:  8D 98 5D CC 9C 3C E1 8D - F2 24 16 E3 96 6C 80 E3  ..]..<...$...l..
00019BE0:  03 68 53 C9 72 58 99 E8 - 79 B2 6A C1 3E FF 97 FA  .hS.rX..y.j.>...
00019BF0:  7D C0 A5 05 A0 A5 A0 ED - 39 0B F9 33 AC BC 0B A7  }.......9..3....
00019C00:  1A BC 4E A0 EA C5 D5 36 - 7E 59 C5 06 6A 63 4F EA  ..N....6~Y..jcO.
00019C10:  C2 FB 6A F6 3E A9 AF 06 - 90 E8 9C 25 38 AD 23 7A  ..j.>......%8.#z
00019C20:  77 E0 B7 EF 2E FA A0 9F - E9 C0 CA 0E A8 83 40 E6  w.............@.
00019C30:  6E DD 35 28 AE E2 E9 67 - 56 2C 5F 86 66 5F 29 81  n.5(...gV,_.f_).
00019C40:  0E 7B 05 4A 14 3A 6B C1 - 13 10 1E FD 14 20 16 ED  .{.J.:k.........
00019C50:  1A 43 BB 35 BA 28 0C F6 - 21 7B 67 6D 74 AE C8 E7  .C.5.(..!{gmt...
00019C60:  B9 7A C0 BC C7 B7 36 48 - CA 3C 02 35 60 ED 8B 21  .z....6H.<.5`..!
00019C70:  CB 19 08 C2 8D 94 BA C4 - FE E2 C0 70 36 6D F1 C0  ...........p6m..
00019C80:  49 E2 F6 2B 26 52 30 AB - 7F E9 A6 C0 46 D5 F7 28  I..+&R0.....F..(
00019C90:  58 98 B3 5D B1 C1 57 C0 - 0C 8F 54 8C 57 F9 1E 38  X..]..W...T.W..8
00019CA0:  FA 6E 6F FD 51 48 AE 24 - D4 05 F9 70 60 31 2C 60  .no.QH.$...p`1,`
00019CB0:  B4 3A 31 45 C8 8D 6A E0 - 81 0E 38 7E BE 3A F7 7F  .:1E..j...8~.:..
00019CC0:  AB 06 3F 98 F9 22 A8 77 - D4 A0 48 F0 2D 67 D6 FE  ..?..".w..H.-g..
00019CD0:  73 01 64 C2 35 BE 25 95 - 0E 8C F1 F6 CE 32 2B DF  s.d.5.%......2+.
00019CE0:  2B 99 5D 36 67 0E 92 BE - 92 9D E9 93 A5 4F 35 DB  +.]6g........O5.
00019CF0:  83 87 CE 87 16 7B A7 79 - D9 7E B4 CF 3B 10 2E E7  .....{.y.~..;...
00019D00:  D6 6D FF F2 06 1D B6 B8 - 32 0F A4 1A 83 0F CB 0D  .m......2.......
00019D10:  65 85 A0 EB 7F 95 59 B7 - E1 76 67 12 35 BE 42 8E  e.....Y..vg.5.B.
00019D20:  7F D7 CD 7D D1 4B FF 57 - 98 45 E2 BD 01 AF 8F BF  ...}.K.W.E......
00019D30:  AB 7F 4C DF 21 BA 44 A9 - 37 7A 49 0A 9D 8D F0 B9  ..L.!.D.7zI.....
00019D40:  E1 A9 2E F8 9D 49 FF C7 - 1E F9 B2 3A 6F E9 16 E1  .....I.....:o...
00019D50:  F3 59 89 82 D8 34 22 52 - 4D 3E 57 0F EE 6B B6 07  .Y...4"RM>W..k..
00019D60:  C8 49 D0 BD 71 5B 91 85 - 1D 39 2B 10 5C 9F 52 3F  .I..q[...9+.\.R?
00019D70:  70 12 14 96 AB 5B DA 35 - 78 86 FD 51 5C DA 48 1C  p....[.5x..Q\.H.
00019D80:  D0 F5 89 DA 57 E4 9A D5 - BC 8D 71 D9 17 79 49 AE  ....W.....q..yI.
00019D90:  34 BD 2B CA B7 07 22 7A - E5 36 88 FE E1 76 57 10  4.+..."z.6...vW.
00019DA0:  19 3B 00 F9 9E BF 69 64 - 5A EF C2 CC 35 56 F8 3D  .;....idZ...5V.=
00019DB0:  5F A4 77 C0 13 86 46 B9 - 9C 51 67 F9 80 7A 79 6D  _.w...F..Qg..zym
00019DC0:  25 AD D9 31 DD FF FD 81 - 01 31 95 25 93 CA C3 3F  %..1.....1.%...?
00019DD0:  C2 ED 91 2F 96 8C D6 33 - 8D 97 D6 3D 5B 62 F4 2B  .../...3...=[b.+
00019DE0:  53 43 A6 3A 48 61 2D 0A - 24 F2 66 5E 89 04 B5 89  SC.:Ha-.$.f^....
00019DF0:  79 8B CF ED 83 C3 82 28 - BE FB B0 98 9C A1 D9 2E  y......(........
00019E00:  A6 97 DC FF 67 DD 52 D6 - 05 71 6C 10 F1 16 BC 36  ....g.R..ql....6
00019E10:  7A F5 75 85 22 D7 98 93 - 73 9F 12 59 4C FB 40 2C  z.u."...s..YL.@,
00019E20:  36 43 0B 0A 21 11 D2 50 - 10 CC 18 D4 78 DE 4F AC  6C..!..P....x.O.
00019E30:  E9 86 18 8C B8 AE F1 20 - 8F 81 36 98 7D CB 25 E5  ..........6.}.%.
00019E40:  08 A8 7D 79 3A 36 F8 E6 - 2C 41 6A 9B D3 80 3F D1  ..}y:6..,Aj...?.
00019E50:  95 92 EB E8 7A E0 AB E6 - C2 BF 21 4E 9C C3 C0 AF  ....z.....!N....
00019E60:  D0 D3 85 4A 6D 79 A9 E6 - FB 5E 63 2E B7 76 65 BF  ...Jmy...^c..ve.
00019E70:  4F 7F 47 35 3A FB 1D 8B - 43 C5 2F 31 DE AD D4 32  O.G5:...C./1...2
00019E80:  CD AA 22 0A F2 86 96 03 - CE AD A2 EB F2 6A 44 C3  .."..........jD.
00019E90:  48 49 F6 CC 58 CB 27 86 - 46 EA FB 88 E4 95 2F 68  HI..X.'.F...../h
00019EA0:  0E A5 5D 6F 6A 11 86 40 - C0 DC 63 EF 26 2F CB 9D  ..]oj..@..c.&/..
00019EB0:  82 64 D6 6A 9A 45 D5 D6 - 5E CA BB A7 2B 12 59 43  .d.j.E..^...+.YC
00019EC0:  77 EA E8 BD 94 E7 AB 4B - 72 4F 4B 61 16 E1 17 CA  w......KrOKa....
00019ED0:  C1 F7 DD 61 3E 4F 66 5E - 51 87 24 96 93 CD 35 0E  ...a>Of^Q.$...5.
00019EE0:  8C A0 6B C6 7C 52 06 65 - 27 1B 2C A1 CE 48 0F E5  ..k.|R.e'.,..H..
00019EF0:  9B E1 3C 0A C2 77 37 DF - F0 96 EC 79 29 78 49 D8  ..<..w7....y)xI.
00019F00:  6E 0D 12 DD 0B BF D4 29 - 02 FC 6F F1 FC 54 FB 1D  n......)..o..T..
00019F10:  FB EC 03 C0 42 30 65 DF - E7 51 4B 0F AC 07 C9 FF  ....B0e..QK.....
00019F20:  36 52 5B 53 50 18 79 FC - AD A1 14 CC 8F 64 0C F1  6R[SP.y......d..
00019F30:  D8 D8 25 C9 45 78 DC E5 - 0D 0A 65 6E 64 73 74 72  ..%.Ex....endstr
00019F40:  65 61 6D 0D 65 6E 64 6F - 62 6A 0D 34 32 20 30 20  eam.endobj.42.0.
00019F50:  6F 62 6A 0D 3C 3C 2F 46 - 69 6C 74 65 72 2F 46 6C  obj.<</Filter/Fl
00019F60:  61 74 65 44 65 63 6F 64 - 65 2F 4C 65 6E 67 74 68  ateDecode/Length
00019F70:  20 31 33 39 36 38 2F 4C - 65 6E 67 74 68 31 20 34  .13968/Length1.4
00019F80:  37 33 34 34 3E 3E 73 74 - 72 65 61 6D 0D 0A C2 DD  7344>>stream....
00019F90:  60 BF C2 CE C6 F9 39 C5 - B9 4E 1B 0A AB 1B 73 03  `.....9..N....s.
00019FA0:  B0 3A B7 59 85 89 4A 33 - 9C 12 7F 88 FB D6 23 B2  .:.Y..J3......#.
00019FB0:  46 E4 DF A3 5B 8F DD 04 - CE FB 99 9B E2 2D F3 69  F...[........-.i
00019FC0:  2E 9E 5A FC 1D 3E 95 65 - 54 98 3B 51 B6 A5 79 E6  ..Z..>.eT.;Q..y.
00019FD0:  D6 D2 9C 23 39 21 B8 C8 - BE 4A 96 0A 28 AF 70 91  ...#9!...J..(.p.
00019FE0:  F4 66 88 95 52 51 CA D3 - 29 1F 2D 39 09 2C 07 18  .f..RQ..).-9.,..
00019FF0:  98 34 9B 82 3A A2 68 15 - A0 C2 DB C2 3A FD 55 7C  .4..:.h.....:.U|
0001A000:  F3 70 01 36 F1 A4 95 EF - 66 AD 58 14 F3 01 78 D5  .p.6....f.X...x.
0001A010:  5E 1E 78 17 01 0A DF 91 - 74 40 5A 12 4F 20 03 4A  ^.x.....t@Z.O..J
0001A020:  D6 C0 8E C0 09 E4 49 47 - 4F A8 D5 2F 85 45 DF 78  ......IGO../.E.x
0001A030:  F8 A3 85 42 1C E3 84 ED - F1 BF 79 39 12 B7 96 1D  ...B......y9....
0001A040:  EC B9 4F CC 8C A4 B0 1B - C9 71 85 EC 32 B5 3F 28  ..O......q..2.?(
0001A050:  50 46 B9 D3 19 F2 1C CB - 9B D6 60 C3 5B 83 6F C4  PF........`.[.o.
0001A060:  14 98 AE 48 7E 8D 90 8F - 26 80 2F 47 B2 14 92 9F  ...H~...&./G....
0001A070:  BF A4 26 6C 86 DA A3 51 - 86 18 80 F5 BB ED 5C 9B  ..&l...Q......\.
0001A080:  0E 3F 93 27 EB D1 E6 28 - 9B 68 69 77 BF 3C EE 4E  .?.'...(.hiw.<.N
0001A090:  CE 90 40 B4 19 91 F2 48 - 3C FF 99 2A 6A CD FD B3  ..@....H<..*j...
0001A0A0:  08 3B B3 AD 15 77 1A B5 - 5D FE 9C 01 BE 16 7F B2  .;...w..].......
0001A0B0:  A6 06 53 6A 49 C2 6C 51 - 7D 20 37 0F 12 EF 51 49  ..SjI.lQ}.7...QI
0001A0C0:  DD 22 C0 B6 02 59 A6 66 - E3 12 F4 8C 3F 0E 16 66  ."...Y.f....?..f
0001A0D0:  15 E7 07 CA 9C DA B9 C8 - C1 7A 2E 99 71 E9 7F C6  .........z..q...
0001A0E0:  C1 6C BF 8F 83 3E 72 13 - 0B FA D7 F9 B7 0B 6B A4  .l...>r.......k.
0001A0F0:  9F B0 94 B0 A1 A8 61 D5 - 34 C2 1E 3C D5 86 50 FA  ......a.4..<..P.
0001A100:  A9 C5 08 99 79 B4 95 DC - AB D2 81 1C 3B 6D 05 44  ....y.......;m.D
0001A110:  5B 04 5C 6C B9 92 98 A4 - E3 FA E9 36 50 55 D6 D2  [.\l.......6PU..
0001A120:  2F E2 BC C9 70 A8 ED CA - 58 28 C3 99 A8 1D 81 7B  /...p...X(.....{
0001A130:  38 11 72 75 2C 1B EB DC - 00 64 4F AB 41 76 D4 43  8.ru,....dO.Av.C
0001A140:  DF 53 6D 2A E5 87 29 DF - 61 4E C4 FD 83 AB 29 BD  .Sm*..).aN....).
0001A150:  F1 BF 22 EB B2 B6 E9 E4 - AB F9 94 DE 8B 4D AF B4  .."..........M..
0001A160:  0A C9 1E E1 E0 30 1B 9B - 4F D5 48 64 B7 85 DA EE  .....0..O.Hd....
0001A170:  F8 5A CF 2C 3E F1 94 12 - 11 FC 41 81 16 BD 3E 74  .Z.,>.....A...>t
0001A180:  C9 C1 8E 90 C2 11 E0 D7 - 3C B3 B4 6B 73 94 F9 02  ........<..ks...
0001A190:  7A 2F 87 67 74 A3 FE B8 - 47 98 BD 0C 14 6B 2D 6E  z/.gt...G....k-n
0001A1A0:  14 84 65 23 55 85 C9 0C - 02 D6 9D 69 E3 DA C0 5C  ..e#U......i...\
0001A1B0:  AA 1D 46 DD 40 60 2E E5 - 08 AF B4 FF C2 EF 0D F4  ..F.@`..........
0001A1C0:  BA AD 06 CC 92 44 92 05 - 38 CB 7B DC 1B DD CB 39  .....D..8.{....9
0001A1D0:  66 9C 5F 0F 7E EA E9 5B - 7B 07 66 4C 10 13 48 DB  f._.~..[{.fL..H.
0001A1E0:  02 46 4C 68 44 73 2B DF - 19 86 66 E9 E7 1C B6 7F  .FLhDs+...f.....
0001A1F0:  08 2B 4E 10 F5 3F 15 C7 - 48 8A AE E9 0D 48 A4 DD  .+N..?..H....H..
0001A200:  14 44 88 C9 F8 E9 F5 26 - E6 63 D7 95 9F A0 C1 20  .D.....&.c......
0001A210:  D9 18 0C 1E 00 6D DF 82 - 00 1A 24 99 36 26 5F A0  .....m....$.6&_.
0001A220:  A3 1F A0 89 D9 B6 C1 2F - 68 38 EC 37 C7 88 A7 D1  ......./h8.7....
0001A230:  17 53 11 86 75 6B 3E DE - 6B F2 C9 3B A8 FB 08 A9  .S..uk>.k..;....
0001A240:  00 1A 3F E5 06 83 2A 4B - EC 46 00 66 24 98 80 56  ..?...*K.F.f$..V
0001A250:  FE 62 16 BB 1E 17 AE 47 - 64 05 D1 86 EF 06 4E DC  .b.....Gd.....N.
0001A260:  48 C5 39 57 94 93 97 32 - 62 36 1B 78 48 3B 5C C3  H.9W...2b6.xH;\.
0001A270:  44 17 C0 66 AA F1 20 46 - B6 6B 2E 01 55 8C 0B 0E  D..f...F.k..U...
0001A280:  BD 81 7D E3 81 29 31 36 - 47 F6 72 41 28 B6 CB 18  ..}..)16G.rA(...
0001A290:  93 20 07 95 2E D4 21 D6 - B0 57 05 9B BC E0 45 B1  ......!..W....E.
0001A2A0:  D3 65 D9 A6 FF 1F 59 0D - 6D E4 A3 6D BE 00 A0 FC  .e....Y.m..m....
0001A2B0:  0A B6 43 87 84 95 5E 31 - F0 85 3D 65 E8 D3 FE 20  ..C...^1..=e....
0001A2C0:  84 A6 FC 02 F9 5E A6 35 - 51 9F F4 19 71 3D 94 0A  .....^.5Q...q=..
0001A2D0:  B9 07 0F C2 F9 95 73 5D - D1 DA 08 65 ED B5 26 63  ......s]...e..&c
0001A2E0:  15 CE BB 11 A7 2F 2E D0 - 19 C2 C8 0E C7 0F B2 BF  ...../..........
0001A2F0:  BF CE E4 1C 32 FB 32 42 - 29 1E 11 2C AC 86 65 16  ....2.2B)..,..e.
0001A300:  19 24 A3 4D B7 FD BE E7 - 23 53 CB 30 9F D0 21 D0  .$.M....#S.0..!.
0001A310:  AE EF DC 7D 7E B0 5B 55 - 2B AB D5 90 1C 83 A3 AF  ...}~.[U+.......
0001A320:  0F EE 04 E6 46 E9 F0 74 - 44 A8 54 33 8B 0E 26 01  ....F..tD.T3..&.
0001A330:  2A 33 F6 2C 83 5F AC B5 - 81 82 75 95 FA 6E 96 7D  *3.,._....u..n.}
0001A340:  25 0C 28 91 0B 43 28 27 - B9 7C BD D5 4A AA 5E DE  %.(..C('.|..J.^.
0001A350:  CC 4E 08 41 FA 03 4D 6E - D2 C2 D4 FD 7D 6D 2F 77  .N.A..Mn....}m/w
0001A360:  1B 45 17 B8 4F 12 D6 F2 - 56 00 69 85 D5 FE CF 25  .E..O...V.i....%
0001A370:  6F A2 D4 C5 33 8B 5F C6 - 30 C5 00 F4 AD AE 01 5C  o...3._.0......\
0001A380:  11 4B 60 E6 1C 38 13 D4 - 46 F3 C3 89 66 75 41 EB  .K`..8..F...fuA.
0001A390:  CD C2 BA 8D 05 8F 1C C3 - 23 96 CC 22 60 B2 14 61  ........#.."`..a
0001A3A0:  68 39 A0 99 1B CF E6 C7 - 2A 36 79 C2 B6 D9 7B E3  h9......*6y...{.
0001A3B0:  A1 A3 07 11 28 A7 94 85 - F0 41 4D 6A D7 65 D2 A6  ....(....AMj.e..
0001A3C0:  7C 87 4C 1F 36 52 1D D7 - FF 2E DC F6 07 34 1F 4E  |.L.6R.......4.N
0001A3D0:  4C DB 60 3F 19 1B B0 BC - 6D A9 57 F7 5A 29 71 B4  L.`?....m.W.Z)q.
0001A3E0:  5D D6 EE 45 1A 53 1C CF - 88 3E 59 14 45 44 D5 4B  ]..E.S...>Y.ED.K
0001A3F0:  C7 25 9F 66 7B D9 5B 23 - D3 81 A5 6E 5C C4 4A 25  .%.f{.[#...n\.J%
0001A400:  C1 81 E9 83 4E 52 4E 2E - 8D 8A 8E D3 D2 6C BA E6  ....NRN......l..
0001A410:  79 BC 2D 38 62 54 15 E6 - D5 08 F9 90 2A 82 7A 9D  y.-8bT......*.z.
0001A420:  1D 73 2C 8B 26 27 CC AB - 25 AA F5 62 8C F8 94 56  .s,.&'..%..b...V
0001A430:  CB 44 10 D2 BB 8A D5 FF - D8 50 FD D1 8B 07 2A 93  .D.......P....*.
0001A440:  06 2C 4B 7D 7E F9 69 CD - 2F 1B ED 31 C4 F4 D5 0B  .,K}~.i./..1....
0001A450:  C5 BC F5 FC 9C 18 5E CC - 9E 88 F3 C4 1C 2D B8 04  ......^......-..
0001A460:  BC DC 99 23 20 F4 34 C2 - 9F A6 0F 88 EC AF 86 C7  ...#..4.........
0001A470:  82 05 FD DE 21 9C 67 A5 - 79 C1 61 33 F0 1F 81 84  ....!.g.y.a3....
0001A480:  BC 5D 84 62 79 DA A9 6D - 3C 39 BB E6 0E FB D7 A0  .].by..m<9......
0001A490:  56 40 94 5A 7E 2E 6D 30 - 6F 18 F9 95 22 E1 C2 73  V@.Z~.m0o..."..s
0001A4A0:  73 36 C7 20 A9 FA 35 56 - 9B BB BF B0 5E 63 F3 FE  s6....5V....^c..
0001A4B0:  C4 1C 44 C7 7C 34 44 7D - 86 5E FB 6E 20 80 07 EE  ..D.|4D}.^.n....
0001A4C0:  1E 7D 21 E4 D2 93 A6 68 - 8D DC 87 7D 9C 96 30 DD  .}!....h...}..0.
0001A4D0:  FF 9A FF 07 87 40 B5 49 - E6 13 D1 57 0E D0 51 F4  .....@.I...W..Q.
0001A4E0:  BD 0E 0E 03 98 84 0F 20 - 24 B1 16 51 4A 2D A6 E0  ........$..QJ-..
0001A4F0:  2C 65 D3 E5 28 34 22 9E - 1E E2 E2 7D 9F 28 53 29  ,e..(4"....}.(S)
0001A500:  1D 14 A4 34 41 A3 FA B6 - 41 28 02 DD 6D E0 E8 FF  ...4A...A(..m...
0001A510:  11 8E BD 59 81 4A 88 48 - 3E 2A 85 0E 1A 18 5E 61  ...Y.J.H>*....^a
0001A520:  FC 7D 9C A4 67 2A 9A D0 - 08 CD 6F 21 6D AB 5C B5  .}..g*....o!m.\.
0001A530:  23 D1 14 72 EE 1E FD AB - BF DE DB 37 5F 1B 16 1E  #..r.......7_...
0001A540:  A4 5B 2A 45 64 6A 97 46 - C2 BB 5D 95 D5 1B 85 A3  .[*Edj.F..].....
0001A550:  63 1E 67 88 D2 BB 99 3F - E0 BF 3E B0 2B 60 BC 62  c.g....?..>.+`.b
0001A560:  AA B1 C0 CC B4 69 4C A9 - 9C 67 7B 1D 7C 65 78 9E  .....iL..g{.|ex.
0001A570:  15 50 82 64 FC 49 10 75 - 8B 51 2B 3F 2A 7E BE A7  .P.d.I.u.Q+?*~..
0001A580:  99 FB E3 03 DC 74 41 D3 - 9B 3B EA 83 64 47 B2 AA  .....tA..;..dG..
0001A590:  C1 69 F8 D8 ED 98 F2 BE - F2 AE 2F 0A EC 2A F5 9E  .i......../..*..
0001A5A0:  8F 2C B5 B8 12 DC D1 2E - 6B 90 29 AE 2C 55 C6 83  .,......k.).,U..
0001A5B0:  EF 1A 8B C5 08 D5 0E CA - 3A 84 4E 45 4B DB 0A 9D  ........:.NEK...
0001A5C0:  D1 2B 54 6A 29 1E 55 16 - 8B C0 EF 02 A3 9F 82 7D  .+Tj).U........}
0001A5D0:  2B 44 61 1C 18 AF 8F 7E - 5A CC BE DD B7 E2 36 82  +Da....~Z.....6.
0001A5E0:  8C A4 A7 B1 85 3E 64 C0 - 53 CB 5D 8D C7 62 5D 36  .....>d.S.]..b]6
0001A5F0:  84 37 02 CE E3 4C 86 2B - 14 B5 D7 37 7D 1E 5E 46  .7...L.+...7}.^F
0001A600:  96 87 BF FD E3 14 35 78 - 6A 54 B5 F8 2B 0E 92 21  ......5xjT..+..!
0001A610:  09 A6 05 FF 16 A0 8B 40 - 03 77 F0 2D 8A 6E 73 79  .......@.w.-.nsy
0001A620:  2B 8A 7E C0 2D A2 CF BB - B0 FB 7D F8 03 13 EA 7C  +.~.-.....}....|
0001A630:  30 0F D9 E2 30 18 27 E1 - C9 4F 5B 1A 62 6B 29 63  0...0.'..O[.bk)c
0001A640:  1E 38 34 EB 67 73 6B 2D - 03 2F 84 8C 6B 39 8F 0A  .84.gsk-./..k9..
0001A650:  CC 1A 53 9B B8 AE 1D 5A - 22 46 F5 21 D5 29 81 C6  ..S....Z"F.!.)..
0001A660:  B1 DA 78 4A 2E 5B 18 5D - C2 4A D4 48 A8 57 1B 33  ..xJ.[.].J.H.W.3
0001A670:  D1 46 1C C8 E9 3E E2 0D - 7D CC FE F9 CB 96 A7 88  .F...>..}.......
0001A680:  7B 2E 20 20 F2 AB 07 D9 - 70 61 4E 0E 1C 4E CC 63  {.......paN..N.c
0001A690:  89 53 F2 FC 20 8E 9E B0 - E3 EF 48 EE 32 FB B8 91  .S........H.2...
0001A6A0:  99 B8 DE 8A 2B D3 83 EA - DC CE CB F9 BD D4 EF E8  ....+...........
0001A6B0:  1A 7B 2E 5C 8C 6C 71 7E - 2A B4 62 55 88 EF 18 1F  .{.\.lq~*.bU....
0001A6C0:  42 7B DD B8 6E 36 E1 4B - 2C DE 38 28 A8 52 77 D7  B{..n6.K,.8(.Rw.
0001A6D0:  AB 32 E8 7E 56 EC 81 FE - D9 4C 89 0E 5D A2 8C 09  .2.~V....L..]...
0001A6E0:  2A E9 20 19 AA 0C 7A 06 - 2F E4 BD 04 E1 0D 14 5E  *.....z./......^
0001A6F0:  E3 74 A6 1F 62 21 4B E1 - 65 87 D2 66 C1 AE 64 72  .t..b!K.e..f..dr
0001A700:  F6 4B 86 5D 42 C9 CC 1D - 3D 1F 9C ED 17 C9 49 89  .K.]B...=.....I.
0001A710:  16 57 39 92 9B 47 2B 64 - 7C D8 15 3D FE B3 C2 1C  .W9..G+d|..=....
0001A720:  E9 56 ED 2F B7 4E 04 87 - 6F 7B F7 C7 79 75 00 E2  .V./.N..o{..yu..
0001A730:  86 36 B7 22 09 32 67 2E - 05 A8 FD 9C 33 10 57 FD  .6.".2g.....3.W.
0001A740:  C7 ED 6E F4 E3 41 32 4D - BD A6 9A 22 2B E6 C5 F6  ..n..A2M..."+...
0001A750:  20 1B F0 59 FF A8 14 73 - 7E 1A 01 89 92 E9 FC 60  ...Y...s~......`
0001A760:  64 16 AB E9 50 F3 95 B5 - C6 6F 12 64 85 3C 6B 12  d...P....o.d.<k.
0001A770:  A0 91 BC B6 0B F1 31 D0 - 56 18 ED FE 57 97 81 A5  ......1.V...W...
0001A780:  37 26 5A DA 36 4A 7E 1A - 7E 66 B8 68 04 F1 32 46  7&Z.6J~.~f.h..2F
0001A790:  79 9D 42 3D D9 07 09 C3 - A0 15 C0 24 40 7D 0A 69  y.B=.......$@}.i
0001A7A0:  F0 FA 53 B0 25 73 D1 F3 - A3 66 23 FB D5 6D D2 53  ..S.%s...f#..m.S
0001A7B0:  C9 42 5B DB D3 C6 FA 19 - 8A 7C F9 10 39 A3 2D AB  .B[......|..9.-.
0001A7C0:  5D C7 B4 EC C9 B0 DC 43 - 13 E2 24 A9 D0 30 79 BD  ]......C..$..0y.
0001A7D0:  DB 0E 7F 64 21 D5 4A 15 - 9C F7 21 4E 44 1A CC BA  ...d!.J...!ND...
0001A7E0:  34 69 D8 C5 55 E7 EB 70 - 96 18 92 83 92 2A 2E 1D  4i..U..p.....*..
0001A7F0:  56 5B 84 4F FB F0 47 A9 - D5 6D 87 4C 23 EE B2 1A  V[.O..G..m.L#...
0001A800:  29 87 83 CB 69 C0 A9 5A - 69 AB 36 97 BD 7B E4 69  )...i..Zi.6..{.i
0001A810:  AE 0A 6D C4 73 EF 24 6A - A1 B3 C6 E2 3A 78 58 1D  ..m.s.$j....:xX.
0001A820:  21 1A 75 F4 DB 84 62 AE - 65 56 46 89 3F C2 57 C3  !.u...b.eVF.?.W.
0001A830:  32 41 4A 0D EE 70 E5 A5 - B8 08 86 57 3C CF A1 B0  2AJ..p.....W<...
0001A840:  CA 50 65 02 20 3D C7 99 - E5 66 16 F6 DE 9D 99 D9  .Pe..=...f......
0001A850:  7A 47 50 10 FB 8D 41 CF - 49 1E 46 D1 63 2A 95 80  zGP...A.I.F.c*..
0001A860:  F2 02 DE 48 EA 45 7C 79 - 51 49 6A AB 94 FC 5C 2F  ...H.E|yQIj...\/
0001A870:  48 F5 43 10 FB E0 32 76 - 86 07 74 78 47 09 E0 29  H.C...2v..txG..)
0001A880:  8F AE 37 C4 07 8A 99 2F - 69 22 6A 38 51 64 0D 15  ..7..../i"j8Qd..
0001A890:  23 F8 8D 41 D9 3D E4 99 - 5E 20 CF DD B0 1E 04 05  #..A.=..^.......
0001A8A0:  43 0D E1 B8 6E 67 47 92 - 6D 5A 24 22 2B 35 0F D3  C...ngG.mZ$"+5..
0001A8B0:  24 C3 57 93 D1 E8 1D 77 - D5 16 51 50 8A 3C E0 3E  $.W....w..QP.<.>
0001A8C0:  42 C4 C6 D8 F3 7D 73 20 - A3 E9 41 90 83 62 D6 89  B....}s...A..b..
0001A8D0:  8E 1E 2E 46 FE 1D 08 76 - 7D FD F9 17 8F 98 46 FC  ...F...v}.....F.
0001A8E0:  74 CA CE E2 80 78 6E 50 - 0F 4F FA F5 55 65 9B 20  t....xnP.O..Ue..
0001A8F0:  16 C7 19 76 AB BB AB A2 - 4A 4A C5 8E 0C D8 D0 A4  ...v....JJ......
0001A900:  53 39 43 15 3C 86 DE 63 - AE AC 38 7A 91 4A 2E B5  S9C.<..c..8z.J..
0001A910:  BA 98 FB 07 F1 FA 22 C6 - 78 5F 10 EE EF 81 8C 95  ......".x_......
0001A920:  A4 BA 97 40 23 88 B3 20 - BE 44 7F 86 AC 4A 30 23  ...@#....D...J0#
0001A930:  30 5E 3D 9D 9F 13 D7 C9 - 11 A8 09 1C 21 1F D3 6F  0^=.........!..o
0001A940:  4C F4 B1 9D CC 89 ED 92 - FC CD CF 8F E3 04 F5 B1  L...............
0001A950:  85 92 FC B7 28 8E 7A 54 - 16 7F 52 3A 83 15 18 B1  ....(.zT..R:....
0001A960:  B0 DB 79 1C 6C 95 E5 D4 - A1 86 A9 8A 33 F0 A8 61  ..y.l.......3..a
0001A970:  A2 E4 43 96 06 24 DD 53 - 26 F1 E2 34 42 A1 CC 77  ..C..$.S&..4B..w
0001A980:  38 B1 EF C3 21 06 7A 09 - 3A 26 B2 46 89 34 01 95  8...!.z.:&.F.4..
0001A990:  A2 CD 44 1F A6 74 53 1A - D0 D2 42 5E 93 A4 38 EA  ..D..tS...B^..8.
0001A9A0:  E3 F6 92 82 C0 2C E2 CF - 98 14 2D 52 76 57 F4 06  .....,....-RvW..
0001A9B0:  69 6B C1 61 1B 0B 9D 5C - 5A C8 9F 7E 3A D9 FB 7F  ik.a...\Z..~:...
0001A9C0:  25 30 24 38 14 F2 FD EE - 6A 51 D3 8E 4C F8 A2 67  %0$8....jQ..L..g
0001A9D0:  D7 50 8B 37 F7 96 65 83 - 40 78 C9 4F B4 51 0F 13  .P.7..e.@x.O.Q..
0001A9E0:  FE 6E B8 B7 D6 11 71 96 - E9 62 05 8B 72 F1 25 00  .n....q..b..r.%.
0001A9F0:  D4 07 93 61 9B 60 1A 10 - 41 77 38 C8 16 77 3E 3E  ...a.`..Aw8..w>>
0001AA00:  BC 69 78 F0 A5 0C AA 81 - E2 69 B3 0C 9F 35 FF 0A  .ix......i...5..
0001AA10:  36 59 CE A1 F5 5B 62 9D - 55 38 16 5B F6 25 EA 3F  6Y...[b.U8.[.%.?
0001AA20:  21 21 C0 34 CC AF 2D 21 - B7 F5 7A 00 98 E5 58 AA  !!.4..-!..z...X.
0001AA30:  99 AE BE CD B3 57 3D F4 - 7F 0F 57 45 1D 2F 4B D5  .....W=...WE./K.
0001AA40:  19 4A FA 7E AF 76 B5 2C - B1 9C FC 4B D3 C6 E9 72  .J.~.v.,...K...r
0001AA50:  86 FB 9A D8 93 3F 81 84 - FB FD 9B 5F 5A D6 81 57  .....?....._Z..W
0001AA60:  F8 79 DF E0 CA 6D CA 08 - 9E F2 FB 7A 1B 7F F3 61  .y...m.....z...a
0001AA70:  94 82 E3 D8 C4 4F 3A AA - 2B E6 2E E5 76 69 5B 50  .....O:.+...vi[P
0001AA80:  7E 18 01 86 77 C5 F7 45 - 55 D7 09 8A 9C F3 C1 54  ~...w..EU......T
0001AA90:  55 2E B4 8A B0 72 0D 51 - 10 0B 03 FF DA DE 17 48  U....r.Q.......H
0001AAA0:  17 A8 F6 20 31 8C C4 E0 - B2 85 45 EA A8 64 C8 C8  ....1.....E..d..
0001AAB0:  78 CD 60 CE D8 E2 D1 31 - 23 8C 5F 1E 9B 5C 5C 26  x.`....1#._..\\&
0001AAC0:  6F 92 2F B8 BC 23 2F 17 - 34 2F EC 9C 81 C2 5B 30  o./..#/.4/....[0
0001AAD0:  AA A9 FC 90 BB F7 08 96 - B0 BA DD 8A EE 2A F1 52  .............*.R
0001AAE0:  A7 F1 A5 14 C4 27 7B 57 - A7 2D 34 3C 96 26 55 46  .....'{W.-4<.&UF
0001AAF0:  10 F0 71 76 52 BE 56 86 - 50 94 08 57 C3 D7 8C A2  ..qvR.V.P..W....
0001AB00:  2F BD 22 90 A7 B2 69 84 - 1D 29 87 1F 7F 25 71 3D  /."...i..)...%q=
0001AB10:  90 7C 3C 5E D7 95 32 CF - 46 99 E9 E8 13 B6 D4 3A  .|<^..2.F......:
0001AB20:  79 D6 64 C5 96 F8 EE BE - B6 07 48 EA 2B 33 76 0A  y.d.......H.+3v.
0001AB30:  9D C0 6D 29 B1 D7 88 78 - 20 67 FA 1B 97 59 96 7F  ..m)...x.g...Y..
0001AB40:  CD 76 B2 A8 25 CC 90 6E - 88 B4 E6 BF 94 FC DD 9A  .v..%..n........
0001AB50:  FB 1B 43 FC 62 E8 72 C6 - 32 30 B2 03 88 D7 9E F2  ..C.b.r.20......
0001AB60:  A8 54 96 2F 1C A0 FB 80 - AE 06 81 BB B9 12 7B E5  .T./..........{.
0001AB70:  CA 45 84 1E 7F 87 C8 3D - B9 50 0A F3 23 2D BB 6D  .E.....=.P..#-.m
0001AB80:  02 8E 29 C5 ED 4F BF D6 - FD C2 5F 8D A1 EF A3 24  ..)..O...._....$
0001AB90:  39 21 C9 FE 97 ED EA A5 - 19 90 14 7F 1F E0 92 34  9!.............4
0001ABA0:  76 C9 A3 B5 BE 46 B8 3A - 75 90 BE 65 FA 33 36 59  v....F.:u..e.36Y
0001ABB0:  20 94 A7 C2 8A 93 8C 96 - CA F9 C8 51 AB 19 CF 3C  ...........Q...<
0001ABC0:  98 79 EA 17 61 F6 4C 81 - D1 D7 E3 7A 82 9B B2 52  .y..a.L....z...R
0001ABD0:  2A 74 D0 0D 19 72 79 8F - 2A 85 3A 81 70 9D D6 12  *t...ry.*.:.p...
0001ABE0:  D7 D3 0E E9 5D 9F 8E 78 - 4F 8C 89 96 3B 3A 4A F9  ....]..xO...;:J.
0001ABF0:  2B DA 77 15 C3 1E 7E 33 - 42 D5 5F EF 5F F9 9F 37  +.w...~3B._._..7
0001AC00:  F6 B5 4E 7A 50 89 AA C4 - 1A 1D 67 63 9E F7 6E 6C  ..NzP.....gc..nl
0001AC10:  8F 45 A7 A7 3A B5 C4 88 - 71 4F 98 17 94 DF 0E E5  .E..:...qO......
0001AC20:  E8 18 72 78 19 B9 1E 26 - EF 1B 80 82 C9 9E EA BD  ..rx...&........
0001AC30:  AD EF 53 8E 03 33 C8 E0 - A4 9F 1B 25 08 7E 80 3C  ..S..3.....%.~.<
0001AC40:  CC 0D 85 C9 04 0C C7 34 - 67 18 35 A8 7B 2B DB 0C  .......4g.5.{+..
0001AC50:  6E CB 9B 77 15 3B 99 B3 - 6D EB 04 A5 B2 82 3B E7  n..w.;..m.....;.
0001AC60:  3E 0A BD 3B 4C 84 AD 96 - 51 84 96 A4 5E 84 AD FB  >..;L...Q...^...
0001AC70:  94 7B E1 77 6C F0 D6 E0 - 26 96 15 DC A2 8E 88 6A  .{.wl...&......j
0001AC80:  66 5B 87 E9 46 8F 3E 4B - 1E C2 BF 52 C5 D1 5F CE  f[..F.>K...R.._.
0001AC90:  6C A7 C2 5B 15 69 68 3C - 94 C4 44 E4 7B A5 4F B1  l..[.ih<..D.{.O.
0001ACA0:  F2 CA F6 78 07 7F B7 F3 - E8 AE 03 7F 74 3F 03 9D  ...x........t?..
0001ACB0:  56 E8 6F D8 CF D6 CD 0D - A7 48 38 0C BC 29 F6 81  V.o......H8..)..
0001ACC0:  4E 7C 3C C8 A8 AD 5D 07 - C7 87 86 A1 10 F6 78 05  N|<...].......x.
0001ACD0:  56 C4 89 5E A4 FB AF 56 - 5C BD 36 A7 3A 15 96 DD  V..^...V\.6.:...
0001ACE0:  D8 79 1A D9 63 06 16 00 - 46 24 B0 5A 6B A2 3A 88  .y..c...F$.Zk.:.
0001ACF0:  2C 8C 49 A5 B8 0C 2D 2E - EE 02 BD 0B 71 C6 C1 F0  ,.I...-.....q...
0001AD00:  6F 7D 50 23 E9 03 E0 1C - B8 71 D5 73 B2 B1 70 CA  o}P#.....q.s..p.
0001AD10:  C4 7B 8A DD 5F 5E 08 B7 - 25 ED 9E 6C 1F 43 04 AE  .{.._^..%..l.C..
0001AD20:  75 9B 73 40 85 6E 8A E3 - D9 0C 43 9B 78 A0 46 EF  u.s@.n....C.x.F.
0001AD30:  88 1C D8 D0 B0 B3 2F 7D - A1 57 1C 56 9C B9 A7 E1  ....../}.W.V....
0001AD40:  CB 2C 8F E3 7B 20 DF 0E - 32 A0 C6 94 0F E0 24 A7  .,..{...2.....$.
0001AD50:  B2 C5 90 98 10 52 26 4E - B3 E2 A7 E5 3C 3B 44 02  .....R&N....<;D.
0001AD60:  EE 81 C2 5E 00 8A CE 0F - 0C 75 E6 02 7A 4C 85 80  ...^.....u..zL..
0001AD70:  13 5E 14 3F 9C 4F FB 00 - 2A 07 4A D6 E6 5E 8D 03  .^.?.O..*.J..^..
0001AD80:  0F B8 4B 17 54 80 E4 F8 - 64 3F 8A 26 50 D0 B2 F1  ..K.T...d?.&P...
0001AD90:  F2 55 3F 4E 29 A9 05 95 - 5C A3 F8 FF 78 7F 82 54  .U?N)...\...x..T
0001ADA0:  95 F6 8E 79 A8 56 EB 1D - 5F F0 25 89 00 2D CA 8E  ...y.V.._.%..-..
0001ADB0:  06 74 91 C7 DD 86 1E 13 - 00 B5 65 07 C2 78 D8 CF  .t........e..x..
0001ADC0:  88 1D A6 97 68 74 61 B9 - 53 4A 6F 8E 15 34 7F 8C  ....hta.SJo..4..
0001ADD0:  3D 92 84 8D 44 24 5C 67 - 43 75 9F C8 6C CF F4 1F  =...D$\gCu..l...
0001ADE0:  2F 24 3B 25 79 DB A7 9A - 47 95 EA CF EA 48 27 93  /$;%y...G....H'.
0001ADF0:  15 07 4E 05 10 E8 E6 A8 - 0C 8E 09 56 18 6E CA F0  ..N........V.n..
0001AE00:  D7 95 BC 11 42 C5 EB 5D - F4 9F C5 1C 4D 8C C7 5A  ....B..]....M..Z
0001AE10:  FC C6 A1 B7 44 83 91 65 - D4 2F 45 AD A4 EE 75 13  ....D..e./E...u.
0001AE20:  FF 60 C5 43 51 0B 24 E8 - 9A 42 D7 EE DA D8 A3 24  .`.CQ.$..B.....$
0001AE30:  DC E6 8A E4 37 CC 84 6C - 25 40 4C 10 C4 C3 AC A6  ....7..l%@L.....
0001AE40:  E4 44 3C 56 0A 23 FB 72 - 09 22 F5 38 81 AE C5 ED  .D<V.#.r.".8....
0001AE50:  0E 4C 95 B5 B5 DC 11 B0 - F2 BD 48 57 18 6A 01 20  .L........HW.j..
0001AE60:  3C 1A 77 91 5A 35 76 05 - 4A 09 34 40 90 48 46 66  <.w.Z5v.J.4@.HFf
0001AE70:  54 B2 F8 12 5E 12 4D DB - 08 D1 DE 0B A2 B6 7F 8A  T...^.M.........
0001AE80:  1D 7E 89 8B 12 FB 9D 15 - DC E4 FF 00 EA 32 5B DA  .~...........2[.
0001AE90:  A5 B2 D7 7A ED 67 39 CA - 41 4D A0 38 1F B7 89 A0  ...z.g9.AM.8....
0001AEA0:  FC 05 63 AC 10 77 5F 25 - 70 77 B7 20 6E F5 D8 7D  ..c..w_%pw..n..}
0001AEB0:  1D F6 BE A5 71 B2 4A B9 - 50 41 E6 8B 79 14 96 E7  ....q.J.PA..y...
0001AEC0:  2F CD 55 E1 2D 34 B2 A0 - 36 A5 C8 62 D4 07 AC E8  /.U.-4..6..b....
0001AED0:  13 38 B7 25 E3 A4 BE 11 - B6 08 06 59 9C F2 B9 F1  .8.%.......Y....
0001AEE0:  0B 0E 0A 05 03 DD 7B 8F - 4D 33 66 CB 94 35 F9 14  ......{.M3f..5..
0001AEF0:  C1 B8 A1 A0 F9 06 60 1C - D5 A5 93 50 12 2E CA C9  ......`....P....
0001AF00:  47 FD 2F 75 A7 70 F7 69 - 8F 1F 9F D4 58 E0 CE 08  G./u.p.i....X...
0001AF10:  DB 39 E3 51 5C 80 4E 94 - B1 08 B9 4A B2 AA 39 0D  .9.Q\.N....J..9.
0001AF20:  33 9C 39 71 BB BA B9 9F - F6 1D CA EF 21 62 F8 5D  3.9q........!b.]
0001AF30:  73 D2 9C 97 43 F2 7F BD - 5D EF F9 E7 AE FD 40 4F  s...C...].....@O
0001AF40:  C1 21 BD 44 34 90 61 73 - 8D A0 A7 0B 6B FE A0 1B  .!.D4.as....k...
0001AF50:  A9 21 8C FD C9 A2 F6 99 - E5 BC 4B 6B C2 20 3E AD  .!........Kk..>.
0001AF60:  7C 40 72 01 E5 98 E4 C6 - 22 AE 7A DA C4 E9 E1 1B  |@r.....".z.....
0001AF70:  47 B2 C2 60 7A 29 19 D8 - EB B9 95 48 A5 52 69 D8  G..`z).....H.Ri.
0001AF80:  28 0A 06 26 85 77 C9 AF - 82 28 B3 C7 B1 1A 99 2D  (..&.w...(.....-
0001AF90:  CC C2 E9 6B 85 88 DF E4 - A8 D0 E5 16 E5 53 1E A5  ...k.........S..
0001AFA0:  08 8F FD 09 60 91 75 7F - C2 5E 5C 27 94 D2 D1 E8  ....`.u..^\'....
0001AFB0:  C8 72 A7 94 70 44 FE 83 - F6 5C FA 8A DF 3A 0B BC  .r..pD...\...:..
0001AFC0:  CF 81 FC 18 F1 7D A6 15 - 95 12 CD A2 3D D4 25 2C  .....}......=.%,
0001AFD0:  C2 49 26 44 CD 8E 71 9C - 86 2E 0F E6 87 60 DF 3E  .I&D..q......`.>
0001AFE0:  F2 AA 09 38 57 B4 A2 C8 - 5E 03 78 FB B6 60 4F 33  ...8W...^.x..`O3
0001AFF0:  4C 27 87 68 64 9F 5A AF - 58 8A 46 D1 7A 3F AD 6E  L'.hd.Z.X.F.z?.n
0001B000:  2B 13 E4 5B 7D 00 95 33 - 1D E0 0E 83 97 F7 F3 29  +..[}..3.......)
0001B010:  54 CB DA 92 8C B9 67 40 - D9 40 1B BA B7 A4 05 94  T.....g@.@......
0001B020:  21 B0 91 E0 39 83 B1 20 - F2 CC BD 50 94 7C C0 0D  !...9......P.|..
0001B030:  D7 D3 F4 2B 3D 60 72 A2 - FD 7A 26 00 3D 1E 4F 96  ...+=`r..z&.=.O.
0001B040:  6B B9 2A EB CA A1 DD 9B - D4 D0 25 F3 91 D3 D1 5C  k.*.......%....\
0001B050:  23 33 CE F4 A6 22 B6 56 - C8 95 62 F3 B8 01 16 2A  #3...".V..b....*
0001B060:  34 9C A9 B7 75 E2 04 0B - C2 EE BA 0A 20 37 15 D9  4...u........7..
0001B070:  D9 1D 78 61 AB 18 86 16 - 97 1D 20 9D FB 82 6D 31  ..xa..........m1
0001B080:  94 82 34 66 6C 21 0C 66 - B8 DB 79 45 75 9D 5B 72  ..4fl!.f..yEu.[r
0001B090:  20 00 DC A9 E0 2B 33 C5 - 4D D0 FB 97 70 4F 0E 58  .....+3.M...pO.X
0001B0A0:  C2 99 43 B9 0A 02 05 1F - 66 D6 AD 3A 6D F4 0E FE  ..C.....f..:m...
0001B0B0:  88 CE 62 95 22 AA 18 3E - 4E 71 8B 3F E2 78 55 3D  ..b."..>Nq.?.xU=
0001B0C0:  37 54 70 65 73 99 1A 74 - 07 A9 24 E3 8D 27 78 66  7Tpes..t..$..'xf
0001B0D0:  32 AE D9 ED BC A6 10 B4 - F2 67 7D 98 2C 2D 5C 7A  2........g}.,-\z
0001B0E0:  56 0D 07 08 0D 5F C6 E1 - 23 6B 8A 67 B8 47 08 D3  V...._..#k.g.G..
0001B0F0:  B0 E5 56 AD 66 02 AF 26 - 09 33 B8 89 2F 4D 57 7B  ..V.f..&.3../MW{
0001B100:  8F C0 8B 5E 89 A2 32 4E - 6F 99 4D 29 0F D7 06 D7  ...^..2No.M)....
0001B110:  E9 28 18 BD 19 EF D1 70 - CD CD EA 2A DE A5 3C 89  .(.....p...*..<.
0001B120:  84 DB 22 36 F6 E6 61 E0 - E9 87 D0 F9 06 F8 0A BB  .."6..a.........
0001B130:  82 71 F2 5C A1 F6 97 64 - BA 7C 45 4B ED AE 72 1A  .q.\...d.|EK..r.
0001B140:  31 95 04 46 C1 E6 28 C8 - F4 D1 EC DE 19 89 B3 1A  1..F..(.........
0001B150:  CF 7E 17 79 59 80 95 81 - 97 CA 71 16 D6 44 F4 8A  .~.yY.....q..D..
0001B160:  7A F8 6C DC BF 90 EF 31 - AE 5F 72 67 81 70 9A 66  z.l....1._rg.p.f
0001B170:  15 57 E0 A7 AD 7B 8A 6B - F2 1A 3F 90 1C CC 72 06  .W...{.k..?...r.
0001B180:  E4 2F C7 41 24 0B 3B 7D - 5C FC 10 62 4E 32 31 94  ./.A$.;}\..bN21.
0001B190:  30 30 15 18 EA 76 5E 7B - C0 5A CC C7 E9 46 1C 2A  00...v^{.Z...F.*
0001B1A0:  96 25 45 D6 B1 FF 79 88 - 47 1A 80 5B 48 CD 0C CA  .%E...y.G..[H...
0001B1B0:  A8 E0 7A 55 C7 78 2C 89 - D8 17 84 3F D6 C3 7B BD  ..zU.x,....?..{.
0001B1C0:  65 3E 85 3B CE 5F AD 6F - D4 17 FD 5D A9 E7 1B 56  e>.;._.o...]...V
0001B1D0:  B3 F5 14 44 8D 5D C3 0E - 96 6B 70 3D 08 31 20 D0  ...D.]...kp=.1..
0001B1E0:  E7 2C 24 9C 48 BC 14 97 - 97 BF 56 20 79 B3 9E 1A  .,$.H.....V.y...
0001B1F0:  63 E6 4F BC B1 2C 78 A3 - 57 10 E9 36 81 19 6A 3C  c.O..,x.W..6..j<
0001B200:  0A 8D 19 AD 04 AC D8 5A - 7E E9 55 4F 8E D1 31 96  .......Z~.UO..1.
0001B210:  54 1F 03 8A 61 35 1B A8 - 52 CF E3 14 E1 B6 65 FA  T...a5..R.....e.
0001B220:  B1 12 E4 77 4D F1 00 2A - 18 77 D8 88 EE FB B3 C0  ...wM..*.w......
0001B230:  C2 19 A9 76 C9 95 1E EC - 6B 2A D7 AB 4B 37 1A 79  ...v....k*..K7.y
0001B240:  1A CE 0F 48 B0 8B 86 CA - 63 89 33 5A BE F3 D9 A4  ...H....c.3Z....
0001B250:  DF A5 12 48 99 F8 B2 C2 - C2 DD B2 57 11 E1 38 76  ...H.......W..8v
0001B260:  DF BA 03 13 21 DD 92 03 - CF FE 1B F1 9D E8 5D 0C  ....!.........].
0001B270:  B0 BA 63 E6 5F 85 06 AC - AE E3 CB 6C 78 96 CC 64  ..c._......lx..d
0001B280:  28 1C 43 35 CC C3 0D 6F - 14 92 19 F7 87 71 29 84  (.C5...o.....q).
0001B290:  D6 F4 19 26 41 D2 DF 41 - 8D 21 A5 1A A6 51 92 8B  ...&A..A.!...Q..
0001B2A0:  0E 98 8B 1F 75 9E 20 DE - CC D8 1C 5C 40 5E A3 6D  ....u......\@^.m
0001B2B0:  D8 E2 29 7E D4 61 BC 8C - 62 67 FC 44 12 D3 E7 D3  ..)~.a..bg.D....
0001B2C0:  F7 52 49 E7 2B 0C 25 EA - E4 FA FF 0B 63 8B E5 05  .RI.+.%.....c...
0001B2D0:  7B F1 26 AB B7 86 D5 3A - 22 FD 9A AA 82 4B 39 CD  {.&....:"....K9.
0001B2E0:  A4 09 A1 EB 46 67 C9 E2 - 85 77 D8 51 7D 55 4B E8  ....Fg...w.Q}UK.
0001B2F0:  A2 41 4B EA C0 E7 78 60 - E3 4A BD 80 AB A6 B5 14  .AK...x`.J......
0001B300:  D5 47 54 C8 D3 17 19 B2 - 72 D2 36 C1 CE D2 9F 32  .GT.....r.6....2
0001B310:  D5 1B 0E CC 04 2C 41 3D - 83 30 95 42 E0 11 BE 95  .....,A=.0.B....
0001B320:  A5 41 71 32 4C 73 6A 4B - 27 C7 63 02 5A 5B D3 64  .Aq2LsjK'.c.Z[.d
0001B330:  A3 D9 AD 21 7F F1 ED 4E - 67 73 46 7F 6B AF 8A E4  ...!...NgsF.k...
0001B340:  B5 F6 CC 07 E2 D8 7A CA - C0 B1 1D 91 ED 18 A8 D7  ......z.........
0001B350:  AF B3 65 6F 7F EA 49 04 - 5D 1E 90 B9 B0 9D FC E3  ..eo..I.].......
0001B360:  8F 00 91 67 20 47 3C 8E - A5 0F 2F 44 D7 0D 39 5F  ...g.G<.../D..9_
0001B370:  92 32 3F 50 02 4F 1A C8 - E8 CE 3A 1C 88 0F 26 1C  .2?P.O....:...&.
0001B380:  BB A6 76 39 B5 12 32 DD - E5 AE 3B 30 43 C7 6C CA  ..v9..2...;0C.l.
0001B390:  A9 6D C8 9B 4D 88 B3 03 - 7C A1 46 A8 80 C2 3B E4  .m..M...|.F...;.
0001B3A0:  56 F7 C4 24 65 AA 0C B7 - 2C EA 4F E1 6E 44 9D D1  V..$e...,.O.nD..
0001B3B0:  51 CC B6 1F 66 AA 60 42 - 51 32 53 39 50 5C 03 8B  Q...f.`BQ2S9P\..
0001B3C0:  07 A7 58 35 E1 C9 D4 82 - 59 97 7C E8 D4 9C 3C FA  ..X5....Y.|...<.
0001B3D0:  79 17 FA C4 CB 64 F2 EA - BC 3B E4 00 96 1A 95 FF  y....d...;......
0001B3E0:  4A 88 ED 70 19 EF 2B A1 - 13 89 08 47 C2 3C D1 57  J..p..+....G.<.W
0001B3F0:  79 4C 6A 80 D6 E5 D8 05 - 2D 96 C6 9D D0 AB D6 48  yLj.....-......H
0001B400:  8B 74 DF 25 66 86 37 65 - AD F8 3A EC 1A DC 3B 97  .t.%f.7e..:...;.
0001B410:  AE D3 22 79 8E 5C 45 59 - CA 2B F8 7C 9B 21 EE F3  .."y.\EY.+.|.!..
0001B420:  EC 28 66 49 FD 7B F8 85 - 7C B8 4D 7E AB 7F FF 38  .(fI.{..|.M~...8
0001B430:  DE 05 D2 C7 B5 12 DB A5 - A4 67 0A F4 7F D2 2F A3  .........g..../.
0001B440:  54 35 4F 7E C3 21 C6 4A - A4 2F E8 BB EB 5B 22 C4  T5O~.!.J./...[".
0001B450:  26 A2 75 5B AC 5F B4 A0 - 9D 9F 37 50 CE 8A 7B 31  &.u[._....7P..{1
0001B460:  4C 31 C8 A3 F9 1C 3C 73 - 83 CC 9E 81 9D 80 74 DE  L1....<s......t.
0001B470:  7E 82 C3 0C 35 E2 CD 57 - E1 12 F6 2D 52 4E CA 63  ~...5..W...-RN.c
0001B480:  CC 79 29 41 43 AD 4C EB - 21 F1 80 2A B0 83 7D 67  .y)AC.L.!..*..}g
0001B490:  30 05 97 80 D3 CD 22 B9 - AC F4 70 DD CD 71 38 6B  0....."...p..q8k
0001B4A0:  C8 AD 6E C3 FF 8D 56 0E - 1B E6 12 75 95 E5 55 EA  ..n...V....u..U.
0001B4B0:  61 F9 F7 9F 0B D6 ED 85 - D4 35 72 F1 13 22 F4 FF  a........5r.."..
0001B4C0:  57 7E F3 83 BC DC 49 75 - 3B 46 0C CB 17 94 54 1D  W~....Iu;F....T.
0001B4D0:  C9 5B 33 2E B5 AA 91 E6 - 85 B6 C7 57 19 7C 01 3A  .[3........W.|.:
0001B4E0:  E7 D6 F2 8B 7C 9C FA A4 - 2E 29 B3 ED 74 B7 72 EE  ....|....)..t.r.
0001B4F0:  75 B0 E9 FE 65 2D DD FB - 6E 23 3E 5A ED CC 1B 66  u...e-..n#>Z...f
0001B500:  5A 38 87 7D DD 8D 8C C5 - CE C8 CF 75 21 FC 3C 89  Z8.}.......u!.<.
0001B510:  F9 52 C6 52 0D 35 A6 90 - 3F F9 57 98 A5 FA D3 51  .R.R.5..?.W....Q
0001B520:  43 94 80 CC 8E 77 B3 80 - BC F3 47 C6 2D 57 12 0E  C....w....G.-W..
0001B530:  6D 59 8D B2 1B 2B 4B 70 - 88 3F 7F 68 78 6A 35 DB  mY...+Kp.?.hxj5.
0001B540:  D4 A4 D9 56 87 52 34 F8 - A3 47 46 1F 19 15 7D 5B  ...V.R4..GF...}[
0001B550:  CE BF 58 A2 CA 11 9D 0F - 8C 2E F3 6C D0 CE CC 5A  ..X........l...Z
0001B560:  B4 BD 7E 55 87 CE FC AE - F1 56 DF 52 E2 AD 89 53  ..~U.....V.R...S
0001B570:  63 1A 87 A2 E3 5F E5 E7 - 5C BA D2 86 32 ED 23 97  c...._..\...2.#.
0001B580:  4E 9C 61 6D B0 18 9C DF - 9A 2F 36 5E BB AE 60 23  N.am...../6^..`#
0001B590:  A8 00 FA AA B0 D4 FC DB - F4 2B D7 A2 90 1B 92 B1  .........+......
0001B5A0:  16 FD BC CD E6 50 F4 94 - 0E 80 4C D2 92 F6 03 1E  .....P....L.....
0001B5B0:  9B C4 B6 9C DF 4F B4 A7 - 27 EA 5D EC 55 44 BD 1B  .....O..'.].UD..
0001B5C0:  8C 22 59 0E 3B 5F B1 05 - 85 C5 70 01 AA 5E EE E0  ."Y.;_....p..^..
0001B5D0:  7B 32 95 3A 4D DB C6 95 - 96 5F 54 AB A7 DC 1A 1A  {2.:M...._T.....
0001B5E0:  56 BF 09 37 BB 63 53 50 - 52 E4 6D E5 02 40 54 9F  V..7.cSPR.m..@T.
0001B5F0:  5C 82 D4 5D AC 24 CD B8 - 2B ED 9B 65 E7 DE 3B 1C  \..].$..+..e..;.
0001B600:  87 FC 7B 97 02 B0 07 73 - 80 95 27 DC 78 4F BA 68  ..{....s..'.xO.h
0001B610:  66 0F A9 40 0C CB 30 4E - 69 28 8C 19 2F AC 6C BD  f..@..0Ni(../.l.
0001B620:  EA 58 25 DE C5 0F AC BB - 96 11 B5 45 0B 5F 70 5C  .X%........E._p\
0001B630:  65 CC DB EB 1C D2 CA 58 - 23 71 0F 83 FF 85 E3 5C  e......X#q.....\
0001B640:  E9 DC CA AA 5D A5 90 05 - 78 BD 04 E9 A4 1E DC AE  ....]...x.......
0001B650:  34 42 45 8A EB 8B BD 46 - CD 5A 60 DB 80 7C F8 A8  4BE....F.Z`..|..
0001B660:  29 64 09 DC 7B 08 8F 80 - EE 50 9A A0 E8 2A AB 95  )d..{....P...*..
0001B670:  30 3E 5B 5F 0B 12 DC 02 - 58 2D 75 A3 D4 EC FF 98  0>[_....X-u.....
0001B680:  37 52 6F 8A 32 B1 87 5A - FC 42 30 3D 0F 3F 0D 1C  7Ro.2..Z.B0=.?..
0001B690:  2E 88 87 2E CE 1D FA 1B - CB 1D 49 75 62 E3 CF 96  ..........Iub...
0001B6A0:  BC 69 AC 7B B2 E4 16 34 - 3F 67 E2 67 69 6A 33 94  .i.{...4?g.gij3.
0001B6B0:  84 EE 87 F2 7F 76 26 1E - 9A 85 64 E7 BD 23 7A 2B  .....v&...d..#z+
0001B6C0:  B0 75 65 4F 72 F0 BD D5 - AF 39 E4 1D AF 53 3D DA  .ueOr....9...S=.
0001B6D0:  5A 87 6F 9D DD BC 54 A5 - 79 02 09 27 23 A0 E4 1F  Z.o...T.y..'#...
0001B6E0:  C2 1E 10 92 91 51 68 33 - 0A 9B A0 95 9A 9E B2 A7  .....Qh3........
0001B6F0:  DF 13 44 7E FB 73 D1 96 - A2 D9 7E CC 44 62 DF 00  ..D~.s....~.Db..
0001B700:  B6 8F 09 95 89 13 A5 73 - 4A F4 74 B7 11 FC 96 12  .......sJ.t.....
0001B710:  D8 35 F5 E9 86 8B 59 88 - 1F AA 9D A7 78 27 7F 5B  .5....Y.....x'.[
0001B720:  9C E0 7A B6 AE 1D 4F B6 - 73 30 13 73 2B 5B 18 30  ..z...O.s0.s+[.0
0001B730:  35 6F B4 65 01 50 CE 47 - 15 AF 4F C7 46 65 8B 19  5o.e.P.G..O.Fe..
0001B740:  A5 DB 90 3F FB 46 69 09 - F8 DF 79 02 C5 3D 06 B9  ...?.Fi...y..=..
0001B750:  97 DB 62 6C FF A4 78 34 - B9 AD 54 8A FD 60 A5 9F  ..bl..x4..T..`..
0001B760:  C2 EF 0D CF 4D 01 EB 3F - D7 A7 CC C3 2A B5 A9 82  ....M..?....*...
0001B770:  49 09 6F 17 D1 1B 6F 13 - B6 C2 46 CB DE C5 01 22  I.o...o...F...."
0001B780:  99 0D CB AF E9 25 63 35 - 07 A8 3B A1 C7 E6 4B 4C  .....%c5..;...KL
0001B790:  2D 4E 39 C2 AB 95 40 11 - FE 52 5B 5B 0B F9 30 45  -N9...@..R[[..0E
0001B7A0:  DC FF BE D1 B8 C3 D1 E2 - 41 61 7E 93 AF A7 81 93  ........Aa~.....
0001B7B0:  18 A9 8D BF A8 EE 03 F7 - 26 EB B2 C5 10 A7 AF F9  ........&.......
0001B7C0:  3B BF DC 65 64 F0 C0 16 - BD D0 34 F7 AF B7 C6 FC  ;..ed.....4.....
0001B7D0:  4E DA 38 DF 5C 51 CA 61 - C9 59 2C A2 00 BA 74 39  N.8.\Q.a.Y,...t9
0001B7E0:  D7 38 47 A7 0E 5F 53 AC - 39 8C 60 61 D2 E9 C2 4D  .8G.._S.9.`a...M
0001B7F0:  02 D7 EA FD 11 58 9D 44 - 7C 69 23 10 4A 42 A0 61  .....X.D|i#.JB.a
0001B800:  53 F6 CE 1C B8 C4 64 50 - 5A F6 93 55 2F 02 A4 9C  S.....dPZ..U/...
0001B810:  1C 2C 89 7E 4A CB 9C EA - 49 A5 65 86 D1 38 29 D8  .,.~J...I.e..8).
0001B820:  96 33 BD EF 00 B9 37 B3 - 37 2E 55 4B AA FE 6A 69  .3....7.7.UK..ji
0001B830:  80 E9 A4 41 0C 35 14 1B - B7 F1 CB 71 4D 70 DA CC  ...A.5.....qMp..
0001B840:  DE 69 39 9A 30 B2 CE 23 - 34 33 C5 1E 64 FC 61 BF  .i9.0..#43..d.a.
0001B850:  B6 91 F7 9D 2E F4 9D D8 - 73 40 75 C0 3A B9 83 A7  ........s@u.:...
0001B860:  F1 EB 8A EC 95 DD EC C5 - 32 B5 29 DC E9 C4 6B 24  ........2.)...k$
0001B870:  E0 CE BF E4 92 CF 19 92 - 44 57 08 FF 08 D6 F6 D8  ........DW......
0001B880:  C1 37 D1 8C 14 B2 39 30 - 64 A3 4E EF A4 81 53 0A  .7....90d.N...S.
0001B890:  AE BA 83 5B 6B 93 9A 1D - BD 5C C3 EB 35 C8 26 0F  ...[k....\..5.&.
0001B8A0:  EA 0F 0A 88 0E 76 4C E9 - EE 42 05 44 28 3C 00 9C  .....vL..B.D(<..
0001B8B0:  97 65 5D F5 62 FC 03 25 - 39 74 78 57 A9 46 71 B3  .e].b..%9txW.Fq.
0001B8C0:  75 FA 13 9B 94 7C 34 1E - DD DB D7 BB D9 14 F5 60  u....|4........`
0001B8D0:  7A 9E FE A2 73 62 C8 9A - 7D 68 2D 1D 7F CC DE B1  z...sb..}h-.....
0001B8E0:  BF 4C 92 A2 23 1D 65 C5 - 5B D5 3F 9A 08 30 BE 75  .L..#.e.[.?..0.u
0001B8F0:  97 27 82 6C 91 2B 3B 56 - A6 6B B3 00 CF CB FE EC  .'.l.+;V.k......
0001B900:  0B A2 B7 25 20 EC CF 0A - 0D 25 DD B1 35 29 3C 35  ...%.....%..5)<5
0001B910:  FB F7 95 08 C0 EF 53 7F - 2B 54 3B D6 6E FF 44 67  ......S.+T;.n.Dg
0001B920:  CC 64 D5 8D 56 E7 1D 83 - D1 7C FD 4B B7 73 77 2A  .d..V....|.K.sw*
0001B930:  AE 15 53 57 88 16 E4 9A - AC 48 D4 4F 36 53 FE E7  ..SW.....H.O6S..
0001B940:  2C C1 26 8A 9F 0C 4F 7D - 4F 37 2A 26 26 31 28 A8  ,.&...O}O7*&&1(.
0001B950:  16 71 73 52 05 6C 04 EA - 69 3F 2A 9F A6 E4 30 AE  .qsR.l..i?*...0.
0001B960:  3F 9A DD 7E 11 41 90 5C - FB A8 CD D5 64 DF EA 0A  ?..~.A.\....d...
0001B970:  4D 73 14 20 4B EC 7E 33 - 43 13 F1 81 59 0A ED 7A  Ms..K.~3C...Y..z
0001B980:  2C 8C 85 25 66 AE 0D 95 - 9E A1 12 4C 59 37 0E 4E  ,..%f......LY7.N
0001B990:  C8 17 07 C7 06 8D 1F D3 - 75 42 45 05 8A 7E 55 38  ........uBE..~U8
0001B9A0:  72 4A BC A6 7C 3B B0 9C - 69 BD 42 58 5D FA 1E 12  rJ..|;..i.BX]...
0001B9B0:  C5 9D 32 98 BA F0 01 20 - 7F 18 23 59 0C 20 FD 4C  ..2.......#Y...L
0001B9C0:  22 F1 28 97 7F 78 72 83 - BC DF E1 ED B9 6B C9 95  ".(..xr......k..
0001B9D0:  BF F5 93 E3 E6 D8 05 FE - AD 5D 67 90 0E A5 DA 93  .........]g.....
0001B9E0:  B1 01 EA F3 1F 64 2B 6F - 5F 7E BB 3A 24 56 74 85  .....d+o_~.:$Vt.
0001B9F0:  ED 60 EE 06 37 FE 7B 85 - EF 7E EE 8F 59 8C BB C3  .`..7.{..~..Y...
0001BA00:  1A 1B 96 BB 9F AD 78 38 - 7C FA 1C A8 BF 14 6D F2  ......x8|.....m.
0001BA10:  FF 03 79 E2 5A ED B9 9A - E3 7D 85 22 14 EB 41 E4  ..y.Z....}."..A.
0001BA20:  39 4B D1 73 BA 5D 22 F8 - E3 18 29 17 B9 A7 9E 6C  9K.s.]"...)....l
0001BA30:  B0 2D 97 8F E2 58 05 F5 - 40 47 A6 09 8D 12 B2 D8  .-...X..@G......
0001BA40:  F7 BF AE 77 1F 6B 5E BF - 7C 60 E9 67 AE AA F3 00  ...w.k^.|`.g....
0001BA50:  1B 59 2D 3F A5 CD AF 2A - 46 44 73 A2 5F 61 7D 69  .Y-?...*FDs._a}i
0001BA60:  41 59 03 80 38 49 00 49 - CC 3D B5 A8 CD C0 D8 04  AY..8I.I.=......
0001BA70:  66 FD 50 EE 8B 0F 10 23 - 70 B3 3C E4 D4 91 E9 58  f.P....#p.<....X
0001BA80:  73 4E 30 35 45 5C 5B 18 - 86 07 56 BC BF 02 1D 4E  sN05E\[...V....N
0001BA90:  EE FF B0 E9 96 0F 00 DF - C4 8F AF AF 22 38 D3 7C  ............"8.|
0001BAA0:  7C D7 5D 32 2D 24 09 1F - 29 17 47 1A 17 02 64 29  |.]2-$..).G...d)
0001BAB0:  15 71 D8 7B B3 AE 7A E9 - 40 CE 98 20 A9 1E B6 CC  .q.{..z.@.......
0001BAC0:  CF 00 C1 DC 57 19 14 F8 - CE 4E B6 03 6B 95 35 BD  ....W....N..k.5.
0001BAD0:  BE 5C 27 EB CC 73 51 C9 - D0 39 BC 40 03 3D 76 C6  .\'..sQ..9.@.=v.
0001BAE0:  2A F0 0E 2E 01 23 59 95 - B0 28 49 7C 59 E8 64 DC  *....#Y..(I|Y.d.
0001BAF0:  BF C6 F0 12 7D 4A 62 FF - 3D C1 0D D2 38 BE 69 87  ....}Jb.=...8.i.
0001BB00:  33 6D 05 EC 8D 43 3F 77 - 19 51 FD 77 51 B5 2A 16  3m...C?w.Q.wQ.*.
0001BB10:  65 0E 82 C5 74 F0 B6 50 - 9A 4B C4 02 3E 11 45 5A  e...t..P.K..>.EZ
0001BB20:  6C 3E CB 9B 08 72 8C 88 - C9 68 EC 16 0F 30 C4 DE  l>...r...h...0..
0001BB30:  5B 10 5A F4 1F 62 DB DA - 26 85 83 5D 16 BC E9 0C  [.Z..b..&..]....
0001BB40:  E0 4D 36 EF 18 BD 9F 24 - 52 F6 62 AE 9A E1 CB 68  .M6....$R.b....h
0001BB50:  C3 87 D4 9E B2 81 F9 16 - C7 0B 14 95 36 E6 51 EF  ............6.Q.
0001BB60:  13 D9 51 99 13 A3 80 B6 - 60 E9 4F 81 30 2F 7F E3  ..Q.....`.O.0/..
0001BB70:  AC 91 F9 F7 2A D2 D4 50 - 80 14 D6 83 30 17 09 B0  ....*..P....0...
0001BB80:  CA A5 F6 A1 3C CC 2D 33 - D4 4E 61 45 EF 1E 6C 87  ....<.-3.NaE..l.
0001BB90:  0C 30 D2 87 B6 30 D3 05 - BB BC F0 0D 20 B4 A9 CE  .0...0..........
0001BBA0:  CE 80 DA 23 38 9D B6 FD - 12 5E C0 26 4E 48 27 F3  ...#8....^.&NH'.
0001BBB0:  1E B4 6A F9 30 40 B0 45 - 0F AA BE 11 3C 29 62 83  ..j.0@.E....<)b.
0001BBC0:  70 83 B4 B2 63 84 19 82 - 68 E9 60 8A 9F 8C 09 80  p...c...h.`.....
0001BBD0:  A0 19 0B 9B 4D F2 CB CD - 5C D1 7E 79 72 2E 15 C6  ....M...\.~yr...
0001BBE0:  67 56 96 D9 D5 D2 C1 77 - 53 E3 BC 59 EB EA A0 AF  gV.....wS..Y....
0001BBF0:  B0 5E 41 E8 B1 A4 42 2A - 91 AD F9 47 9A 12 05 59  .^A...B*...G...Y
0001BC00:  BF 33 2C 6E 75 CC E4 E0 - 52 93 63 31 46 0B 8B BE  .3,nu...R.c1F...
0001BC10:  7A AA CE 20 73 0A 22 8E - D6 A8 1A FA 80 85 76 36  z...s.".......v6
0001BC20:  34 9C 9B 22 27 94 77 0E - 02 BF FA 5D DA 65 E7 30  4.."'.w....].e.0
0001BC30:  D9 1B E4 B3 6C D5 18 0E - AA E7 DE 25 52 28 38 DD  ....l......%R(8.
0001BC40:  38 9D 7B 02 08 22 6E 2F - D6 B1 CB 48 47 81 A3 00  8.{.."n/...HG...
0001BC50:  0C D7 A1 35 78 64 34 22 - 20 90 39 DE 69 53 F6 B4  ...5xd4"..9.iS..
0001BC60:  3D 2E 5B 78 FE 31 65 FD - E9 F9 90 9D 24 36 9F 32  =.[x.1e.....$6.2
0001BC70:  F4 E6 94 59 4A 90 9C BB - 55 3A EC 5A B9 63 8E B5  ...YJ...U:.Z.c..
0001BC80:  F9 9C 26 C9 AD 27 6F B7 - 1A 53 6B 12 62 7E 5B 24  ..&..'o..Sk.b~[$
0001BC90:  04 8B 54 E1 13 8D C8 51 - 39 82 62 E8 6F A1 E1 48  ..T....Q9.b.o..H
0001BCA0:  4B 6E 03 DD C9 C2 4E 5C - 8C C3 C7 F8 3B E1 81 0B  Kn....N\....;...
0001BCB0:  03 2D E6 4C A4 5B 3D B5 - A9 54 43 99 72 60 5F 38  .-.L.[=..TC.r`_8
0001BCC0:  C6 D5 D5 C3 D7 D1 26 5B - 0B 34 C3 E9 8F 84 25 CE  ......&[.4....%.
0001BCD0:  F5 13 49 C8 73 C5 DD 4A - 97 2A A0 1C C0 50 88 20  ..I.s..J.*...P..
0001BCE0:  FA 84 A6 C1 37 E5 0E A3 - 01 F6 62 00 7C 66 FD AD  ....7.....b.|f..
0001BCF0:  79 68 46 4C 02 BF B3 53 - 08 38 5E 69 DC 6B 6F FB  yhFL...S.8^i.ko.
0001BD00:  07 A5 C6 C6 E1 A9 53 9C - E5 81 61 50 5C 27 46 25  ......S...aP\'F%
0001BD10:  F3 71 1E F8 9B 6D FA 04 - E8 6F 2D A4 F0 26 CC B7  .q...m...o-..&..
0001BD20:  E1 84 00 D0 63 BF CB 51 - 44 69 6A 4C 86 62 90 28  ....c..QDijL.b.(
0001BD30:  0E 83 26 3A B3 51 BC 72 - D3 03 AD BF C7 ED 9B 62  ..&:.Q.r.......b
0001BD40:  E3 43 21 9B E4 6E 98 BD - 4D D1 63 FA B9 7D A7 EB  .C!..n..M.c..}..
0001BD50:  98 B5 DE 86 A6 D7 E1 86 - A3 F4 9A 32 93 68 27 D0  ...........2.h'.
0001BD60:  3E 70 99 FB A3 79 A7 3C - 66 2C A9 7C 19 E2 B7 D6  >p...y.<f,.|....
0001BD70:  BC F8 D4 20 38 22 23 33 - 6B 9C 46 F4 47 A5 43 84  ....8"#3k.F.G.C.
0001BD80:  B5 78 6B FB 9E 89 81 36 - E2 F7 43 19 B7 0B 93 CB  .xk....6..C.....
0001BD90:  97 98 AD 27 8E A0 12 87 - 3F 84 08 86 7B A9 0E C8  ...'....?...{...
0001BDA0:  F1 86 E6 BF D1 52 89 F2 - 52 D9 4C A9 9F 52 46 CA  .....R..R.L..RF.
0001BDB0:  DC 9D C3 98 E6 66 D7 33 - 43 A5 6F 9A B6 DA 78 E0  .....f.3C.o...x.
0001BDC0:  7B E9 DF 80 88 5B 69 86 - D0 F3 7F 4F 7A 06 CB AC  {....[i....Oz...
0001BDD0:  58 E7 9A F2 95 E6 37 2F - 1F B7 9E 40 8D 51 D2 C1  X.....7/...@.Q..
0001BDE0:  79 41 58 BA 2B B3 EC 93 - DB 01 D4 F7 85 8A F4 6A  yAX.+..........j
0001BDF0:  04 73 C5 F6 DC 5B 73 D8 - 15 F7 67 37 9D 43 54 93  .s...[s...g7.CT.
0001BE00:  CA B9 23 30 E7 41 73 37 - AD DA 39 86 4D E8 B0 2B  ..#0.As7..9.M..+
0001BE10:  11 2E 74 7B C4 15 E5 C9 - AE 97 77 ED 6B C2 ED DD  ..t{......w.k...
0001BE20:  E3 12 8F 8C 7A 83 59 66 - D8 6C C9 58 2E 92 F3 55  ....z.Yf.l.X...U
0001BE30:  04 24 FF 97 C2 2B 22 F3 - 91 1B 2C 36 DC 80 07 36  .$...+"...,6...6
0001BE40:  B5 28 DA 44 D2 B3 69 D6 - 13 0E F3 14 C5 DD D7 29  .(.D..i........)
0001BE50:  82 47 F5 F5 57 B9 CC 8B - E4 19 0F 97 95 6F E8 48  .G..W........o.H
0001BE60:  37 91 FE 87 D0 71 88 91 - F8 08 A0 53 86 DE 29 76  7....q.....S..)v
0001BE70:  63 71 78 62 5C 43 D9 DF - 66 30 66 0B 18 43 0D 7D  cqxb\C..f0f..C.}
0001BE80:  9B CC EB 80 1E 67 CD B4 - FC 02 72 9B 0F 9B C6 E1  .....g....r.....
0001BE90:  3B FE AB DF 4E AA 95 C2 - 3B 3F CB 87 5C D5 0E 21  ;...N...;?..\..!
0001BEA0:  5A A1 F0 DC 9E 9D D8 50 - 2B 7D 9C DE 96 FE 9C 6B  Z......P+}.....k
0001BEB0:  A3 9A 30 7E 01 66 51 2C - 5C 4C 70 9F B1 F4 28 75  ..0~.fQ,\Lp...(u
0001BEC0:  66 82 C1 30 60 39 E6 42 - 5C 5C E9 08 2C 0C 83 73  f..0`9.B\\..,..s
0001BED0:  58 00 33 DF 06 EB 50 3E - 5D D5 5B 0C 67 41 A7 D1  X.3...P>].[.gA..
0001BEE0:  5D A4 8D 1D EB 59 67 77 - EB 93 83 2C 23 D1 48 18  ]....Ygw...,#.H.
0001BEF0:  98 F4 D4 C6 52 45 75 33 - 9F C2 26 B0 8C BC FD 86  ....REu3..&.....
0001BF00:  DC 08 03 AA 62 35 C8 D5 - 3D E5 22 CB CF EA 01 C3  ....b5..=.".....
0001BF10:  88 28 06 E4 47 48 AB 8B - 5F 09 DB 69 76 30 78 0C  .(..GH.._..iv0x.
0001BF20:  55 9D 1C 3C 86 15 D6 9E - F1 B2 82 14 F8 B1 7F A5  U..<............
0001BF30:  18 CA 36 D3 49 54 54 88 - A3 70 CC 46 3B 12 96 AE  ..6.ITT..p.F;...
0001BF40:  E7 F1 87 A6 0F D5 FF A1 - DB 3C 58 8F 52 CB 50 E5  .........<X.R.P.
0001BF50:  13 9A 39 9B 84 AA BC E8 - D2 C6 56 D6 C5 3C 4C D4  ..9.......V..<L.
0001BF60:  04 EB B1 D5 95 39 E5 44 - 6E E9 FD 66 C8 47 86 0F  .....9.Dn..f.G..
0001BF70:  1B 22 33 7A 7D CB D7 1D - 4E 9C 46 38 C4 D2 5D E2  ."3z}...N.F8..].
0001BF80:  C7 F6 EC C7 BA AE 04 B0 - 4B 9B A8 B9 82 F9 81 1F  ........K.......
0001BF90:  93 CA 06 63 11 B7 80 40 - 46 6C C0 B1 5E 4F 57 11  ...c...@Fl..^OW.
0001BFA0:  05 E4 C3 01 C2 2C 36 E6 - DA AF DE 1C 59 EC 4B 9B  .....,6.....Y.K.
0001BFB0:  8A 28 7F 44 D6 90 0F 9B - 45 94 5E 55 8B 96 B4 F7  .(.D....E.^U....
0001BFC0:  B5 AB 1C CC FD 2C 2E 68 - 47 23 23 FF 2A 16 58 8A  .....,.hG##.*.X.
0001BFD0:  F5 A6 64 B5 A7 C7 4F A4 - E0 74 21 93 09 48 2E C0  ..d...O..t!..H..
0001BFE0:  FE FC 13 3E D4 E8 BA E2 - 39 73 DA 2A A7 63 F4 B6  ...>....9s.*.c..
0001BFF0:  7A A0 2A B5 19 6D BB F2 - A3 9A 87 1B 18 DE 82 79  z.*..m.........y
0001C000:  F0 74 E0 48 1A 3E B0 7E - 36 36 6E 47 B2 1D 80 8A  .t.H.>.~66nG....
0001C010:  85 F0 43 62 9B F2 43 42 - D9 3F C7 EA 8B 85 AB 34  ..Cb..CB.?.....4
0001C020:  B0 B0 D8 B8 6F 40 D8 A6 - 41 34 AB 76 23 58 72 05  ....o@..A4.v#Xr.
0001C030:  21 2F 53 9E A3 0F F1 19 - 47 E9 B2 C5 29 E7 6C F2  !/S.....G...).l.
0001C040:  8C 52 DF A3 F8 8F 34 F4 - 1F 96 12 E2 20 5B AF AE  .R....4......[..
0001C050:  6E AA AA 4D E3 7C 12 B0 - 46 3F A5 3E 92 08 BB 3C  n..M.|..F?.>...<
0001C060:  98 6D 7A D4 D7 80 2B 9C - A4 78 63 C3 15 1A C4 36  .mz...+..xc....6
0001C070:  C1 B9 44 72 02 1A AC 9D - 0B 54 AB D0 0E BF 3E 6E  ..Dr.....T....>n
0001C080:  BC FA 62 CB 98 B6 5C 97 - A3 BD 9D EE 9D 5D D2 A8  ..b...\......]..
0001C090:  D5 71 43 A7 88 76 E3 96 - 42 41 6E F7 13 FA 31 1F  .qC..v..BAn...1.
0001C0A0:  5F BB A1 54 73 0D E6 54 - 92 9C FB EE EF D8 77 E3  _..Ts..T......w.
0001C0B0:  39 46 23 CE 0D 45 A9 46 - 9D 54 AF B7 F2 53 A7 90  9F#..E.F.T...S..
0001C0C0:  A0 85 80 67 3E 2F 17 A9 - CF 99 66 9C 83 A4 58 59  ...g>/....f...XY
0001C0D0:  E6 E2 84 F8 14 91 6E F3 - 96 BE 48 CA 58 1B 1A D5  ......n...H.X...
0001C0E0:  D4 DD BA 5F F8 DE E0 54 - 78 25 98 00 D0 F0 3D AE  ..._...Tx%....=.
0001C0F0:  31 B0 AC 47 39 42 EC D2 - 7A 31 3A CF 20 89 75 E1  1..G9B..z1:...u.
0001C100:  03 08 1B A7 6F 62 2C CC - 7E CD 41 FF 73 BA 16 F3  ....ob,.~.A.s...
0001C110:  F8 23 D2 9C 8D 06 A3 E2 - A8 C0 9A 74 D0 54 90 5A  .#.........t.T.Z
0001C120:  BC 7A 86 5E 71 40 00 01 - F1 4D B9 AF D7 1C 51 CA  .z.^q@...M....Q.
0001C130:  00 1D 28 21 6B E2 71 2A - 0C 64 2B F4 39 A5 6F E5  ..(!k.q*.d+.9.o.
0001C140:  5E FD 45 96 1F EA 93 A1 - FD 4E 2B 02 63 EC DE F8  ^.E......N+.c...
0001C150:  07 99 03 DD 8A FE 34 35 - 5B DB ED 00 10 F8 A4 8B  ......45[.......
0001C160:  CF 53 BF 96 3B FF 80 70 - 7A E0 FD 91 78 1D CB 8A  .S..;..pz...x...
0001C170:  0B 59 3E F2 95 91 4E 27 - 8A B9 D9 E5 07 00 7E CB  .Y>...N'......~.
0001C180:  4B E0 CB F6 29 E9 E7 29 - A9 0B AC 34 85 C9 3C 79  K...)..)...4..<y
0001C190:  06 5F 0D 8E 75 40 21 58 - 7D B6 C1 97 78 76 62 68  ._..u@!X}...xvbh
0001C1A0:  63 34 37 23 B6 4C 35 88 - 09 AA F0 8D 90 7B 8B 88  c47#.L5......{..
0001C1B0:  E7 3D 41 A7 44 E3 62 69 - 22 5F D3 26 83 28 3C 3E  .=A.D.bi"_.&.(<>
0001C1C0:  C6 82 4C 17 79 7B 56 82 - 55 6C BC A5 9F 3E 60 40  ..L.y{V.Ul...>`@
0001C1D0:  C6 4F 97 E7 EC 7D F9 FB - 02 3C 04 6E A1 E0 7D E2  .O...}...<.n..}.
0001C1E0:  B8 F8 06 D4 35 BB 7E 0D - 16 A7 AA 4B 66 28 92 29  ....5.~....Kf(.)
0001C1F0:  03 68 C1 92 D4 D8 15 2F - 23 4A 2E F2 D6 73 EE ED  .h...../#J...s..
0001C200:  31 E3 92 12 CC 14 F2 6A - 99 B5 52 99 56 2F BE 05  1......j..R.V/..
0001C210:  1D 9F 19 AC A0 D5 A9 85 - BA 23 B3 D2 94 2C 9C 0A  .........#...,..
0001C220:  04 4E 43 DD 1F BA AE BF - 11 1C 9C A1 6F C8 00 D1  .NC.........o...
0001C230:  EA 4F 28 E5 26 5F 2D 8C - 05 D7 9D 81 0C 10 D2 C7  .O(.&_-.........
0001C240:  45 07 C2 79 74 B9 16 11 - 58 4C CC EA C3 0F 8A 09  E..yt...XL......
0001C250:  DA F0 AB 33 B6 2E FC 7B - 16 F7 20 14 30 99 62 C7  ...3...{....0.b.
0001C260:  65 9D 59 DF AF 11 3D 4A - 3E B7 24 C9 CE 87 2A 15  e.Y...=J>.$...*.
0001C270:  0A 83 FE BF 2F 77 79 A7 - 5C AC 9A 9A 02 72 85 E4  ..../wy.\....r..
0001C280:  E9 58 0E AB 20 26 1E 30 - AF 31 E8 E2 D9 CC E3 53  .X...&.0.1.....S
0001C290:  3E 2F 13 26 3B C2 16 9B - B0 A1 27 20 6E 08 1A B8  >/.&;.....'.n...
0001C2A0:  D6 CF 95 79 C5 2F 7C 24 - E6 D1 3A 20 F1 61 16 F4  ...y./|$..:..a..
0001C2B0:  8F D5 15 21 5E FB 18 93 - DC 7B A0 26 62 AD D1 E1  ...!^....{.&b...
0001C2C0:  57 0F 6C A8 20 67 F1 AC - 89 B5 A5 B7 BD A5 26 46  W.l..g........&F
0001C2D0:  B0 91 AA 69 A6 16 75 A7 - DF 00 9D A3 8A CE 7D F5  ...i..u.......}.
0001C2E0:  E8 F3 B7 4D 1C 8B A0 1E - AA 79 A3 0E 12 69 2C 15  ...M.....y...i,.
0001C2F0:  C3 92 88 F5 B6 B8 01 9E - AA 57 95 EE 3F 6B B2 EB  .........W..?k..
0001C300:  AD A9 87 8C 37 D3 32 A8 - A1 B4 10 8B 84 A9 C0 1B  ....7.2.........
0001C310:  CC DF C4 CE 45 51 1C 7C - 91 55 0C F2 39 50 FF DA  ....EQ.|.U..9P..
0001C320:  15 FD 90 78 48 E7 DD DC - C2 52 5C 3A C4 FD 09 17  ...xH....R\:....
0001C330:  E9 DA 7A 6B 11 F2 71 FF - F7 DD 02 87 AC 79 49 D6  ..zk..q......yI.
0001C340:  F8 D5 83 4C EA FE 3A 4B - 4F 5E F6 85 5B 13 F9 C8  ...L..:KO^..[...
0001C350:  21 82 3D 99 28 F9 70 16 - 35 2E D7 12 8A 53 99 39  !.=.(.p.5....S.9
0001C360:  38 0E CA F0 96 92 43 C8 - DB 25 5B 32 CE 6D 07 B9  8.....C..%[2.m..
0001C370:  8A 24 FB 3C E6 25 8F 39 - B3 19 DC 2F 86 89 54 DE  .$.<.%.9.../..T.
0001C380:  69 78 0C 77 6C 63 69 4A - 23 8E 2D 04 40 4F 34 3A  ix.wlciJ#.-.@O4:
0001C390:  7D 53 98 79 15 D3 59 ED - 33 13 E0 99 95 85 59 6A  }S.y..Y.3.....Yj
0001C3A0:  3C 35 E0 FD 4F 32 15 10 - 5D EC EE 82 19 E6 F2 9A  <5..O2..].......
0001C3B0:  FB F5 9F 48 09 BC 86 91 - AA 0F 4A 3A 6A 90 C6 6B  ...H......J:j..k
0001C3C0:  63 B6 56 84 C0 0F 8E 39 - C3 00 A1 B3 A2 7A 7A 28  c.V....9.....zz(
0001C3D0:  0C C8 DF AC A3 07 30 02 - AF D9 13 52 C9 8B FF 91  ......0....R....
0001C3E0:  EB 20 81 B0 3C 24 60 95 - 51 9D 9F F2 CE 4F A3 7F  ....<$`.Q....O..
0001C3F0:  B4 1B BA 99 D3 D9 CD F4 - 0A 24 D3 96 B6 00 BA 3C  .........$.....<
0001C400:  40 17 41 98 7F D6 40 BD - 51 88 81 B0 52 25 A1 D1  @.A...@.Q...R%..
0001C410:  E1 8A 01 40 01 D2 64 9C - A0 E7 C4 C9 C3 FF 63 0C  ...@..d.......c.
0001C420:  DA 76 60 55 AD 8A 74 67 - 4A 3E 38 9F 87 AC A9 A9  .v`U..tgJ>8.....
0001C430:  65 CD 07 FC E6 5D 9A C1 - 43 4D 91 CA 0E E2 9D BE  e....]..CM......
0001C440:  ED 44 EB 2D 0B 1F 43 29 - 87 BB D2 90 63 7B 83 91  .D.-..C)....c{..
0001C450:  9B 66 DE 84 FA 0E 0B 88 - 8E 9E D6 58 46 43 9F 5D  .f.........XFC.]
0001C460:  B3 E8 B7 A0 59 F0 DD 05 - 01 4D 02 65 8B 7D A2 55  ....Y....M.e.}.U
0001C470:  31 2E 42 81 52 B8 4B 86 - E4 D0 7B 56 59 93 D3 FF  1.B.R.K...{VY...
0001C480:  7C AE E4 52 E7 FB 23 38 - 10 0B 70 83 C1 56 A7 B6  |..R..#8..p..V..
0001C490:  44 F6 A2 64 26 ED 7C 48 - 14 07 51 28 43 E2 3E 06  D..d&.|H..Q(C.>.
0001C4A0:  9F 23 69 6D 9C CD 31 90 - 3B AA 78 A2 C7 AA 6D C8  .#im..1.;.x...m.
0001C4B0:  17 DE 05 91 C4 93 34 C0 - 35 C6 EB CE 36 CE 6C EF  ......4.5...6.l.
0001C4C0:  93 32 3F 23 FB EC 40 29 - 81 7A 97 09 40 E8 FD ED  .2?#..@).z..@...
0001C4D0:  7D 5C 14 C7 21 77 99 E9 - FC 0A B2 C4 02 E4 54 92  }\..!w........T.
0001C4E0:  23 EB C2 26 DA 4F EA CB - 0A B1 77 A5 BC CF 03 DA  #..&.O....w.....
0001C4F0:  84 49 21 84 D8 6F 7F 66 - 9F D6 BF C3 16 18 20 A0  .I!..o.f........
0001C500:  D5 1B 1D 4D 02 9B FE 86 - BC 62 70 5A CC 25 49 00  ...M.....bpZ.%I.
0001C510:  FE 2E 65 8C 54 C9 78 E6 - B9 72 3B B1 AF A1 AF 12  ..e.T.x..r;.....
0001C520:  E1 D6 28 7C 57 71 2A BA - 42 33 00 58 3F 5B 81 70  ..(|Wq*.B3.X?[.p
0001C530:  B6 70 71 D0 5C 61 0A AF - 71 91 46 87 5D 88 93 E9  .pq.\a..q.F.]...
0001C540:  FC EC 5C 51 10 0B 01 B1 - FF 40 F8 85 A8 A0 2E FD  ..\Q.....@......
0001C550:  28 15 C9 64 D7 0E D5 8D - 85 19 D3 DE AB 71 B5 56  (..d.........q.V
0001C560:  08 34 17 72 08 FB 7C 05 - AD 16 43 3B E8 FF E4 8E  .4.r..|...C;....
0001C570:  73 12 CF 5D 33 09 16 A0 - 4A 60 6E 8C 32 97 86 D3  s..]3...J`n.2...
0001C580:  AE DF F2 21 F0 35 4F 57 - 1D 5E 6C 4A B2 C6 9A CE  ...!.5OW.^lJ....
0001C590:  C3 CC 22 8B 78 F0 54 05 - 7A 55 EE 4B D5 D9 C5 CD  ..".x.T.zU.K....
0001C5A0:  E4 A8 B6 F0 BF F0 75 82 - 43 BB 15 C0 8C AA 96 B4  ......u.C.......
0001C5B0:  18 8D 38 FB E2 FC 00 74 - 9D 16 E1 4F EF 17 21 FB  ..8....t...O..!.
0001C5C0:  5A 4E B4 54 CC 5C C3 51 - D9 03 DB 39 F9 17 C8 7A  ZN.T.\.Q...9...z
0001C5D0:  9E D4 3B 41 65 BD 3E 3F - E7 ED D4 A2 5D 02 F7 DC  ..;Ae.>?....]...
0001C5E0:  E0 EE F7 A7 B3 72 37 04 - 07 A3 0D 60 FC 7B 52 5A  .....r7....`.{RZ
0001C5F0:  10 05 09 F3 91 35 08 A1 - B2 C1 FB 1C B1 7B 10 32  .....5.......{.2
0001C600:  BD 34 CE 34 AA 50 4C 02 - 99 27 DA 1E CC E0 49 62  .4.4.PL..'....Ib
0001C610:  CD 92 02 FC 0D BF EF 01 - 4F ED F4 CB 75 2F A0 80  ........O...u/..
0001C620:  0E F4 2C A0 FE 0D 26 E2 - B0 0C 58 47 65 B4 E2 B4  ..,...&...XGe...
0001C630:  63 6D 2A 86 C7 D5 BE 0A - 2D 7D AF 67 6F 8A 0F C9  cm*.....-}.go...
0001C640:  0D 98 04 CC 3C F4 81 84 - 8E 99 64 C6 D5 64 D8 9E  ....<.....d..d..
0001C650:  26 A9 59 49 AC C1 07 DC - 68 97 3D 5E 57 1D 8A 1D  &.YI....h.=^W...
0001C660:  03 F0 91 5F 35 15 20 90 - C7 B2 69 73 61 30 1E C1  ..._5.....isa0..
0001C670:  0E 9F 60 69 1E 54 F4 18 - 48 14 1D 1B 3C 5D 1D 1A  ..`i.T..H...<]..
0001C680:  D0 DD 30 56 6E 49 C3 1C - 3D 87 EC 1A 42 1E C8 A9  ..0VnI..=...B...
0001C690:  AC D6 D3 91 4D 3A A8 A8 - 09 06 55 3F 49 13 B0 7F  ....M:....U?I...
0001C6A0:  D2 18 89 A0 02 34 AE 19 - 67 C7 92 D4 E3 31 EF 4E  .....4..g....1.N
0001C6B0:  F0 84 57 C9 C5 92 FA 9F - F0 16 A2 F0 9F 35 85 A7  ..W..........5..
0001C6C0:  6A 8E DE AF FF B5 C9 6D - FC 70 91 FD 82 64 14 53  j......m.p...d.S
0001C6D0:  24 71 E5 DD F4 47 24 B7 - 3B 21 85 92 6E 40 D3 4F  $q...G$.;!..n@.O
0001C6E0:  95 45 3C DF 61 9B F0 0C - 6C 62 D0 63 03 0F 97 36  .E<.a...lb.c...6
0001C6F0:  8E 85 C4 8C 21 C7 A5 CF - 05 39 F6 C3 B5 A9 A2 C3  ....!....9......
0001C700:  66 CF D6 8F FF FD 22 CE - BE C4 9A C9 47 52 77 70  f.....".....GRwp
0001C710:  B3 71 F1 C7 0E 9C 0F 2A - 0A CC AA 8F 91 5C AD 2B  .q.....*.....\.+
0001C720:  B6 A6 D1 33 65 D0 28 A6 - 4A 87 29 53 AD E8 38 E8  ...3e.(.J.)S..8.
0001C730:  7A 40 A0 21 AF 4E A5 66 - 34 E4 35 21 F2 24 C2 5B  z@.!.N.f4.5!.$.[
0001C740:  91 E0 B9 13 4C E7 EE A6 - E7 62 AF 7A 8E B3 A0 D1  ....L....b.z....
0001C750:  D3 E8 14 95 39 01 04 25 - 5B 81 EC 13 7F 6E 18 3B  ....9..%[....n.;
0001C760:  F1 B2 5A 3F D0 5A 42 3D - F8 7D EE 62 F2 A5 1D BF  ..Z?.ZB=.}.b....
0001C770:  D7 33 26 B3 7B B3 BC E5 - E4 5C E2 EC B1 3B D6 92  .3&.{....\...;..
0001C780:  92 06 E1 BC 10 90 6E 80 - F3 58 E8 0F 6C B0 C8 71  ......n..X..l..q
0001C790:  69 21 17 48 5D B1 AD D6 - 4C 0E EB E7 59 27 45 08  i!.H]...L...Y'E.
0001C7A0:  BA 3D BB 3F 6D 5F 63 54 - A9 1C 9E 4F BC 1F 29 73  .=.?m_cT...O..)s
0001C7B0:  D9 44 9F 5A 7D C8 02 26 - 1B 64 34 46 82 E9 5F 98  .D.Z}..&.d4F.._.
0001C7C0:  30 D0 48 94 D9 31 1E C0 - 30 DC 74 65 55 13 C7 A0  0.H..1..0.teU...
0001C7D0:  C1 F5 E2 96 49 25 62 F1 - 24 A3 0D 68 BC 09 DE 81  ....I%b.$..h....
0001C7E0:  9E 0F D8 90 08 E4 6D 99 - 08 03 3A 67 0F A8 6B F0  ......m...:g..k.
0001C7F0:  44 27 85 5C 71 3C C2 20 - D8 DD DB 0C 30 CC 15 D5  D'.\q<......0...
0001C800:  FE 55 9A 39 F9 0B A0 62 - 6E BC CC 94 AC 60 8A 16  .U.9...bn....`..
0001C810:  F4 1D 36 81 F6 6B CD 5D - 75 84 A0 D1 33 D6 49 DB  ..6..k.]u...3.I.
0001C820:  42 79 65 03 D3 A5 12 67 - 77 B0 88 7A 67 A3 3F 88  Bye....gw..zg.?.
0001C830:  08 B2 2C 25 75 8E F5 7D - 85 92 C9 96 6F FE C9 F8  ..,%u..}....o...
0001C840:  81 BD BF D9 25 38 08 B1 - 0F 9D C1 A4 CE 0C FB 85  ....%8..........
0001C850:  C1 9D 9B 1B 81 0F 13 61 - 7C 9C 89 0C 4C 69 1B 0D  .......a|...Li..
0001C860:  54 EB 5C E7 AB DA BE 2C - 6F 4C 98 83 A7 D9 91 E7  T.\....,oL......
0001C870:  5F 88 03 EC 67 30 9F 1D - 19 6F 87 7E 2E CA 5B 97  _...g0...o.~..[.
0001C880:  2D 33 91 57 17 96 02 42 - 96 66 6A E3 CC AA 36 65  -3.W...B.fj...6e
0001C890:  74 73 3A D7 5C C8 0C 7F - 6E 37 56 52 56 52 AC 74  ts:.\...n7VRVR.t
0001C8A0:  EC 23 72 0E E0 29 85 DB - 0B 99 30 08 74 77 06 70  .#r..)....0.tw.p
0001C8B0:  1E FC 51 DF AC 81 3C C0 - 5F D0 33 01 2F 9A B1 E9  ..Q...<._.3./...
0001C8C0:  0D 13 B4 0D 27 F6 64 B8 - 46 B8 6F 9F DE DC FB 9D  ....'.d.F.o.....
0001C8D0:  8E A6 F0 67 44 B5 A9 74 - D4 62 94 29 8E D2 3F 79  ...gD..t.b.)..?y
0001C8E0:  45 41 F8 6E 68 AF 21 31 - B7 66 42 F4 88 98 4E FB  EA.nh.!1.fB...N.
0001C8F0:  C3 CF 68 28 74 49 6D E5 - 15 AB D5 0B 66 AD F2 A4  ..h(tIm.....f...
0001C900:  ED 4E 3C 6C 89 FC EF 11 - E2 63 3C 69 A9 08 01 B5  .N<l.....c<i....
0001C910:  78 7E 63 CD EF 77 65 25 - 55 44 6D 75 8B 5E F7 BC  x~c..we%UDmu.^..
0001C920:  20 38 AF 9F BC EE 00 4D - 86 58 90 E0 2E 7F 75 6D  .8.....M.X....um
0001C930:  81 C5 7E 5B 2C 5E 45 90 - 8C 40 0C 9D D1 94 F6 7C  ..~[,^E..@.....|
0001C940:  0B C4 38 6D B5 49 67 72 - 3E 45 7B 04 22 04 DB A1  ..8m.Igr>E{."...
0001C950:  31 9E 03 34 57 5E D2 F3 - 7D BD 8A 3C A8 6B 64 A0  1..4W^..}..<.kd.
0001C960:  3B 4C 0D F1 39 B8 A4 99 - 0F C9 A2 A7 DF 48 AF 14  ;L..9........H..
0001C970:  14 C4 DD 31 30 0E 60 92 - 6A 0A FF 37 C9 10 52 3A  ...10.`.j..7..R:
0001C980:  7D 75 CA F0 D7 BF 03 C6 - F8 E9 EF 98 57 24 3A 44  }u..........W$:D
0001C990:  35 5E 65 3A 1C DD 16 18 - C1 21 D8 CB 11 7E 37 C9  5^e:.....!...~7.
0001C9A0:  57 84 01 69 0E CD C5 26 - 40 D2 B8 6E 5C 4F 72 6C  W..i...&@..n\Orl
0001C9B0:  90 96 C1 4F 45 5E D7 E1 - A9 04 0A 49 EB 42 D4 8B  ...OE^.....I.B..
0001C9C0:  CC 4F 63 4F C9 7F DE 31 - AD E8 93 27 A3 A8 C3 94  .OcO...1...'....
0001C9D0:  38 D6 EF 3A 36 80 2F 9A - 5D 73 C6 58 F8 EC 24 E9  8..:6./.]s.X..$.
0001C9E0:  66 A9 F9 43 EF A9 8B CA - 2C 08 4B C8 ED F3 C7 E3  f..C....,.K.....
0001C9F0:  2A 35 AA CC F4 93 40 35 - 90 B6 AA 77 18 F5 2B 54  *5....@5...w..+T
0001CA00:  CD 45 1E 65 3A C2 16 14 - 18 2F 96 B4 E4 9D 1A 4F  .E.e:..../.....O
0001CA10:  2D 3A FF 39 2E 22 AB 31 - B3 40 82 C5 04 7B 33 A9  -:.9.".1.@...{3.
0001CA20:  D3 F3 2B F9 4B E3 50 82 - 42 AB 54 31 F2 42 61 D5  ..+.K.P.B.T1.Ba.
0001CA30:  16 5A 9C 37 CC D6 6B 21 - 5B 62 2C 22 D5 52 9F 6E  .Z.7..k![b,".R.n
0001CA40:  CB 49 4A 37 4D 19 8B 44 - CB 63 47 B7 6C AE 35 01  .IJ7M..D.cG.l.5.
0001CA50:  00 3A 73 FA 30 2D 1D F0 - 4F D1 FF DC AF 4B DB 0F  .:s.0-..O....K..
0001CA60:  09 F0 5C 2C F2 33 32 D9 - CC 4F 6E FE 64 C1 8F 75  ..\,.32..On.d..u
0001CA70:  39 56 30 D7 F7 30 34 F4 - 9D 25 F7 5E 08 5C D0 BC  9V0..04..%.^.\..
0001CA80:  C4 F6 22 92 68 FE C4 E3 - 56 4A 51 08 E4 F2 D6 90  ..".h...VJQ.....
0001CA90:  C9 12 9B 14 66 FA 2C A1 - D2 B9 1C B6 2D 41 A7 FC  ....f.,.....-A..
0001CAA0:  BA 41 55 43 B0 74 BD 0A - 6F 73 D8 65 88 7A DE E6  .AUC.t..os.e.z..
0001CAB0:  20 7F BD 70 D1 05 8F A3 - DC E4 7F 2D FF 08 F3 47  ...p.......-...G
0001CAC0:  AD 24 98 50 F3 A3 6A 09 - 68 D1 29 AD D0 C8 58 DE  .$.P..j.h.)...X.
0001CAD0:  7F 2A 7A 54 69 1B 72 D3 - 44 66 32 D0 E2 30 02 C6  .*zTi.r.Df2..0..
0001CAE0:  03 7A 20 0A 42 77 8A F2 - 9C FB 75 04 B6 67 0B DB  .z..Bw....u..g..
0001CAF0:  F3 D4 17 91 07 00 DA 6C - 1D D1 F3 08 4F 05 61 1D  .......l....O.a.
0001CB00:  AE 5E 71 A9 69 BD 44 AF - 53 57 97 02 B2 3C DC BB  .^q.i.D.SW...<..
0001CB10:  A6 C7 56 C2 ED FC 8B 3C - A1 00 26 17 0A 21 A2 0A  ..V....<..&..!..
0001CB20:  40 1A 41 03 69 41 B2 92 - 5E D4 48 3F B1 57 76 56  @.A.iA..^.H?.WvV
0001CB30:  90 30 96 55 F5 AB 4A 41 - 00 E9 5D E9 FD 75 85 FD  .0.U..JA..]..u..
0001CB40:  A2 BE 6E 63 DB 70 C7 45 - 05 AA AA 5E 29 21 72 0D  ..nc.p.E...^)!r.
0001CB50:  F4 6D B2 BB BB 08 47 D9 - C5 34 17 38 DD 0E E7 B9  .m....G..4.8....
0001CB60:  16 12 9E A5 C3 0E C6 3E - 50 F6 C3 BC 3D D7 BB 7C  .......>P...=..|
0001CB70:  B8 E0 A8 BE 4D E6 D3 33 - F9 A4 F0 E6 BC 80 BC EB  ....M..3........
0001CB80:  CF D4 EC BE 78 AF 54 68 - 95 6A F3 09 10 CE 85 9D  ....x.Th.j......
0001CB90:  C1 A3 2D C5 09 87 D5 49 - 87 C8 4A 6D 02 95 3E 69  ..-....I..Jm..>i
0001CBA0:  61 AA DC CF 00 CC 48 4F - 1F 0F D5 44 28 B3 1D 71  a.....HO...D(..q
0001CBB0:  29 E5 95 09 B5 4A 40 2C - 03 DB 2E F5 B7 6C E9 68  )....J@,.....l.h
0001CBC0:  20 6E F5 41 FF 01 67 47 - 2F 23 84 99 49 A0 1F 42  .n.A..gG/#..I..B
0001CBD0:  DA BA DB 82 D1 1D 97 0E - 0B FE 3C B4 8B 7C C7 CB  ..........<..|..
0001CBE0:  81 CC 44 41 43 26 46 30 - AF FE 59 AD 19 12 44 B2  ..DAC&F0..Y...D.
0001CBF0:  FB B3 A0 9B BC CC 0F E8 - 7B DC E2 55 32 F8 3A 1D  ........{..U2.:.
0001CC00:  40 BF D7 6D 32 B5 8D 51 - 09 FD A2 3E E3 B5 DB 14  @..m2..Q...>....
0001CC10:  24 50 39 7A F4 2C 20 45 - 08 91 8C 7B 65 39 75 CA  $P9z.,.E...{e9u.
0001CC20:  45 D4 2B 78 04 F9 57 7C - 58 0F 97 C6 84 1F 9D 95  E.+x..W|X.......
0001CC30:  4B 7E 36 61 AA 75 01 F1 - 06 96 9E F6 78 C1 84 55  K~6a.u......x..U
0001CC40:  84 C3 E5 F8 46 3B DD 82 - 70 68 68 73 1F C6 67 08  ....F;..phhs..g.
0001CC50:  B8 48 A5 FE 6F 11 FD 75 - 4F 3A D9 A8 DA 17 A4 DB  .H..o..uO:......
0001CC60:  80 7D B6 46 57 F6 F6 AC - 3E 58 E4 D1 C6 66 69 07  .}.FW...>X...fi.
0001CC70:  B1 6B A0 23 17 CC E8 F4 - 46 3B 32 49 D6 20 13 A8  .k.#....F;2I....
0001CC80:  28 8A FF B0 79 52 77 CC - 77 F9 27 08 E2 5E 6B 8D  (...yRw.w.'..^k.
0001CC90:  7A E7 8B A6 AD 51 1B A5 - ED 56 BC 5F 84 7D D6 16  z....Q...V._.}..
0001CCA0:  D2 51 16 04 A1 39 92 97 - F2 0E 43 0C 1B 62 B6 2F  .Q...9....C..b./
0001CCB0:  7A FC 43 4B D2 EE CB C9 - 9F CD 8B A1 3E B4 A9 78  z.CK........>..x
0001CCC0:  D4 68 21 44 4B B4 FE 1E - 49 F9 B0 76 05 C2 33 12  .h!DK...I..v..3.
0001CCD0:  BD D3 FA 4F FC 24 FF 6C - F9 5E A2 35 F8 84 19 26  ...O.$.l.^.5...&
0001CCE0:  B6 C2 8E 11 46 94 3D 95 - B2 21 2A 86 66 23 C9 74  ....F.=..!*.f#.t
0001CCF0:  FC 4B DA 3A DD EF 92 76 - 2D A2 22 72 76 EE 8B AC  .K.:...v-."rv...
0001CD00:  80 F4 13 79 97 03 E2 B9 - 6D 2F 4C 30 9F 26 8C B0  ...y....m/L0.&..
0001CD10:  CD F4 13 58 41 98 41 CD - FC 52 AF 78 13 34 5C 81  ...XA.A..R.x.4\.
0001CD20:  70 3A 65 3E 08 F9 25 14 - 2A 28 86 D6 50 E4 C6 8B  p:e>..%.*(..P...
0001CD30:  C4 39 3C 14 0E 30 D5 EE - A0 3E 09 A4 E0 E3 3C 58  .9<..0...>....<X
0001CD40:  33 2A 01 CC 97 21 C1 39 - D7 24 36 01 16 2C BF 6C  3*...!.9.$6..,.l
0001CD50:  D9 14 8F D2 84 D6 2C 88 - D5 9B 94 D6 0D 98 4A A2  ......,.......J.
0001CD60:  C7 D2 D2 A8 DE 5A 4F 75 - FD FF 96 B5 16 D5 A9 25  .....ZOu.......%
0001CD70:  E8 D9 E0 19 6E CB E0 38 - AE 9D 52 BA 8F 36 5A 3F  ....n..8..R..6Z?
0001CD80:  29 19 48 8C 33 66 61 96 - C6 DA 1C E6 C0 3D C8 DB  ).H.3fa......=..
0001CD90:  8C 22 A0 6F 64 E9 34 7E - B8 3F CA B5 99 22 01 E4  .".od.4~.?..."..
0001CDA0:  4A 3E CD 6A 1D 5F DF E1 - CA 52 98 8A 09 08 B8 42  J>.j._...R.....B
0001CDB0:  76 5D BB E2 C0 0A 2B BD - 1C 92 21 6A 19 5A F0 34  v]....+...!j.Z.4
0001CDC0:  E9 F9 1C 19 C6 D5 7D E7 - 3C 8B 14 FD 83 B4 95 BE  ......}.<.......
0001CDD0:  A3 5B 9B 56 99 35 FE 5A - 05 BD 40 38 A4 74 5A 3D  .[.V.5.Z..@8.tZ=
0001CDE0:  E6 DA 3A A8 94 6D 79 C6 - D3 04 20 57 09 BF 14 1B  ..:..my....W....
0001CDF0:  D4 72 20 28 17 89 B8 AD - A5 7D D8 82 B9 0C 8F A3  .r.(.....}......
0001CE00:  00 C2 A0 5B 10 C0 6D 73 - 29 B9 73 8C 08 21 34 86  ...[..ms).s..!4.
0001CE10:  D3 E2 EC 76 6D 40 AF CE - 99 D2 ED C4 82 C1 7A 2E  ...vm@........z.
0001CE20:  CD CE 34 02 52 80 FF 2D - 16 76 C6 60 2D C6 1A 49  ..4.R..-.v.`-..I
0001CE30:  A1 C5 BF A6 F0 7C 3A 19 - 6C 52 18 46 E5 E9 46 BC  .....|:.lR.F..F.
0001CE40:  53 B9 8F 0B FF AC 96 15 - 7B 69 B9 42 13 BE A2 A5  S.......{i.B....
0001CE50:  1C 2F 7D 15 BF 31 8A 1F - 41 0B 91 DA C9 3B CE 60  ./}..1..A....;.`
0001CE60:  E1 38 4C D5 59 B7 65 9A - 29 FD 11 C6 5E 93 39 E3  .8L.Y.e.)...^.9.
0001CE70:  AA 08 FB 67 98 86 CC BB - D7 44 8B 47 9A DD A3 03  ...g.....D.G....
0001CE80:  51 6A BA DC EB 12 32 FE - 1F 0E 42 9A 90 6D 08 51  Qj....2...B..m.Q
0001CE90:  CB 40 92 29 5E B5 77 2B - 63 FB E6 1E 8A F4 19 2E  .@.)^.w+c.......
0001CEA0:  1E D0 0C 9E CE E8 96 67 - 4C 35 4F 4D DA E5 A3 73  .......gL5OM...s
0001CEB0:  7C F9 93 08 44 F8 38 97 - 07 BE 2C 1A 4E 54 AF BD  |...D.8...,.NT..
0001CEC0:  79 59 7A B1 42 E3 14 51 - AB 0B AE 7A 9A DA 32 55  yYz.B..Q...z..2U
0001CED0:  42 86 E8 CC CB F1 64 9B - EF 44 96 6A 9A D6 9C 08  B.....d..D.j....
0001CEE0:  CC 12 38 F2 D9 E7 28 18 - C3 D6 E1 43 A7 9B 7A C5  ..8...(....C..z.
0001CEF0:  AE AD 94 37 1A 65 A0 37 - 14 6D 94 89 56 64 11 B5  ...7.e.7.m..Vd..
0001CF00:  16 5A 03 0D 57 F6 1F 60 - 8D 16 25 7C 88 5B 82 0E  .Z..W..`..%|.[..
0001CF10:  B8 6F 47 87 31 F6 B9 01 - BC 18 82 A7 19 97 47 FD  .oG.1.........G.
0001CF20:  F2 CB CD 08 0F FE A7 E7 - 7A AD 2C 68 66 16 A5 D3  ........z.,hf...
0001CF30:  BD BA 86 DD 42 D7 95 F7 - 45 4A 89 6D C0 1E 5D B2  ....B...EJ.m..].
0001CF40:  99 2B D7 6B 14 5A 7C 74 - E7 04 51 89 EB 44 08 FC  .+.k.Z|t..Q..D..
0001CF50:  A0 70 D2 B1 46 D9 3E 2E - AE 2B F8 71 C5 93 E3 91  .p..F.>..+.q....
0001CF60:  60 5D 5E 78 C3 60 D6 5B - 13 6D BF C1 DB 03 82 53  `]^x.`.[.m.....S
0001CF70:  54 CE 1E BD BD BB B0 F4 - 9B 5B 4B 9F 17 44 A0 7F  T........[K..D..
0001CF80:  42 46 33 BB 98 EA D0 BD - 64 A3 2B 3A 5C 1E A8 F6  BF3.....d.+:\...
0001CF90:  13 11 56 18 FE 92 52 EE - BB 62 39 6A C0 25 D1 4E  ..V...R..b9j.%.N
0001CFA0:  A3 5A 09 50 68 B5 78 35 - 1D 11 0D E3 EF DA 82 22  .Z.Ph.x5......."
0001CFB0:  A1 21 51 7C 5E 1E B7 69 - F6 09 A5 95 44 7C 6D E1  .!Q|^..i....D|m.
0001CFC0:  B4 A7 C1 68 B7 DE 02 C8 - 21 F8 33 4C 3E 1A 9E 95  ...h....!.3L>...
0001CFD0:  40 41 74 55 B2 A2 71 66 - 03 B0 EF 22 88 08 E3 AF  @AtU..qf..."....
0001CFE0:  E0 16 D2 1F 26 C0 4C 9E - 56 D0 A0 B5 49 2E FC 9E  ....&.L.V...I...
0001CFF0:  DF 56 42 E5 82 43 5D 93 - 1A 1C 49 61 71 7C 85 FC  .VB..C]...Iaq|..
0001D000:  25 C0 D6 03 F0 95 34 A9 - 36 60 A1 98 F5 39 9B 3F  %.....4.6`...9.?
0001D010:  08 A8 F0 F1 D5 D2 7B 9B - 0C 25 CA D7 D7 58 3A C2  ......{..%...X:.
0001D020:  37 52 7C 9C 3B 18 C9 2D - 59 17 53 02 41 2C 68 50  7R|.;..-Y.S.A,hP
0001D030:  55 18 C4 62 65 20 BA E3 - D8 78 87 CC 67 06 68 FD  U..be....x..g.h.
0001D040:  20 E4 A3 8C ED A4 C3 F4 - F6 EA 83 AD F8 20 D4 EF  ................
0001D050:  AC 3F BB 65 8F 11 59 48 - 7A 28 7B 31 62 A1 56 6F  .?.e..YHz({1b.Vo
0001D060:  0F 70 32 EC E4 A6 5A 17 - FC F4 28 07 6B C8 A0 48  .p2...Z...(.k..H
0001D070:  65 03 A2 21 F1 F6 00 E8 - D0 AC AB 0A E1 E5 0B 9B  e..!............
0001D080:  34 D7 0D A2 3C BB 73 C5 - 7F 7B E5 CA 21 1F A7 7F  4...<.s..{..!...
0001D090:  21 31 17 CF 01 9C B6 CA - CE AD D4 A7 4E 57 1A EA  !1..........NW..
0001D0A0:  E5 DA BF FD 25 54 BD 40 - 59 CF 1E A5 AA B9 4D CC  ....%T.@Y.....M.
0001D0B0:  C6 3E 95 4F 5E EB 52 FA - 27 9E 40 03 61 BC 75 B1  .>.O^.R.'.@.a.u.
0001D0C0:  E7 31 D6 32 D4 48 F8 3B - D9 CC 1A 99 12 24 15 A0  .1.2.H.;.....$..
0001D0D0:  B4 3F 23 D0 37 54 5B 99 - E8 39 68 CD D7 7F 62 7A  .?#.7T[..9h...bz
0001D0E0:  8E A4 51 F8 37 5F F4 EA - 3F BD 26 E8 14 E2 A6 14  ..Q.7_..?.&.....
0001D0F0:  67 A9 C5 51 7F 3B 5A 00 - 45 E3 A7 59 5E AE 52 5F  g..Q.;Z.E..Y^.R_
0001D100:  D8 B5 84 25 B6 74 F5 E2 - 83 E5 6C 99 80 8B 18 C6  ...%.t....l.....
0001D110:  F8 26 E0 01 23 0B 3A 90 - 37 06 FF 28 AE 1D 19 BC  .&..#.:.7..(....
0001D120:  4E 25 73 7E DE 61 53 80 - 56 C3 B8 5C AC 6A 00 8F  N%s~.aS.V..\.j..
0001D130:  35 2B 52 0C 76 F7 AC 74 - 67 A3 93 B0 44 C0 FC 70  5+R.v..tg...D..p
0001D140:  86 1C B1 3D C4 39 2D E1 - 73 06 84 72 CE BB 82 8D  ...=.9-.s..r....
0001D150:  D8 A1 46 D1 90 DD FC 13 - 49 94 D3 29 7D 8C 80 AA  ..F.....I..)}...
0001D160:  F8 C0 C3 68 D7 03 95 21 - 48 9E 73 FC A1 54 26 5E  ...h...!H.s..T&^
0001D170:  C3 A6 FD 08 C2 B8 A6 B9 - C4 DB D1 58 A8 AB A7 18  ...........X....
0001D180:  99 4A 5E 32 DE 62 00 6B - 9D FC 47 BB 0B 70 DC C1  .J^2.b.k..G..p..
0001D190:  86 F9 65 55 C6 F3 9A 91 - 74 0D 8D 98 50 7A CA E7  ..eU....t...Pz..
0001D1A0:  7D E5 78 A6 5C F8 F9 DC - 05 26 D9 F1 6D D7 2B 30  }.x.\....&..m.+0
0001D1B0:  61 F5 31 1D D2 54 81 8A - 6C E9 D3 2D 3F DF 9D BA  a.1..T..l..-?...
0001D1C0:  D6 65 37 EC 05 10 2C 90 - 2A 45 88 62 68 E2 76 F2  .e7...,.*E.bh.v.
0001D1D0:  A1 CD D3 53 A4 B4 6F DC - AB 56 7E 52 6B 27 87 F2  ...S..o..V~Rk'..
0001D1E0:  79 93 A5 8A 50 CF 06 AF - F1 EE 6D 75 2B 37 78 13  y...P.....mu+7x.
0001D1F0:  15 03 0A 4F 48 DF 1D 3B - B0 E7 EE 63 6F C4 2D 8C  ...OH..;...co.-.
0001D200:  43 9B F9 40 F5 74 F3 21 - 16 1D CB BB C4 2B CA E6  C..@.t.!.....+..
0001D210:  10 6C EA 2C 65 26 C1 A3 - C6 D2 85 5A 15 C8 C1 02  .l.,e&.....Z....
0001D220:  BD 91 23 98 6F C6 75 E9 - DD B6 48 65 EE EB E6 40  ..#.o.u...He...@
0001D230:  55 CC 9E 12 9B B2 44 16 - 23 48 0D F3 56 3C EE 5E  U.....D.#H..V<.^
0001D240:  96 01 D6 69 3B 8A 58 EF - 6D 6A 54 11 6A E2 83 C7  ...i;.X.mjT.j...
0001D250:  58 1D 1C 74 84 7B 7A 8E - 62 C7 4D 9E 20 C0 7C 51  X..t.{z.b.M...|Q
0001D260:  45 19 82 02 93 A6 9F 12 - 36 6E 9E 27 8C BE 1B AF  E.......6n.'....
0001D270:  C7 58 94 B8 62 0C 86 0B - 53 DD F3 C7 01 EB 75 24  .X..b...S.....u$
0001D280:  10 A6 75 3F A8 6E AE E5 - B4 6F 5E 1F 0D A5 9A A7  ..u?.n...o^.....
0001D290:  3F B5 C7 69 F8 B6 6A 6B - E2 E1 A9 19 1C 42 75 6E  ?..i..jk.....Bun
0001D2A0:  EC F8 56 91 BA 53 52 C6 - 39 24 4D C7 81 D2 94 EE  ..V..SR.9$M.....
0001D2B0:  07 6E 34 DA 8B D1 08 0F - 0C 3E 1A 1E E2 98 30 B5  .n4......>....0.
0001D2C0:  E1 F1 33 37 D6 01 9D 23 - 15 1A 3A 5E DD 9B 46 4F  ..37...#..:^..FO
0001D2D0:  95 5B B2 55 FE 5D 45 A6 - 02 68 A5 DB B0 06 0F 31  .[.U.]E..h.....1
0001D2E0:  F4 8D C0 BA 3D CD 54 EC - 0E D6 12 13 1D 09 DD 17  ....=.T.........
0001D2F0:  DF C1 9F 9A 89 D8 14 99 - 2D F9 DF BE 6F B1 E6 F6  ........-...o...
0001D300:  84 85 EF F0 97 A8 C6 09 - 29 39 92 13 2E E9 17 F9  ........)9......
0001D310:  D0 16 8A 3E 18 EC 2B A4 - 9D BA D6 D7 17 0A 61 08  ...>..+.......a.
0001D320:  00 4E 29 97 04 BF 0F 61 - EA D3 BB 72 B2 09 A5 ED  .N)....a...r....
0001D330:  E8 41 3F 04 E5 14 C2 A8 - FE 9B A0 C7 C3 DF 5B B2  .A?...........[.
0001D340:  E9 10 5E DF 8E 10 39 32 - 4E B9 D9 6B 2D BB F1 19  ..^...92N..k-...
0001D350:  38 41 A3 42 8F 20 D4 ED - D0 C5 97 40 C0 9B 25 E5  8A.B.......@..%.
0001D360:  8C EA C5 23 88 67 1A 86 - 55 EA 88 96 1F 0D 84 5B  ...#.g..U......[
0001D370:  79 86 77 D4 B7 24 36 83 - EB E4 0F B7 6A 0C F2 F6  y.w..$6.....j...
0001D380:  DC F6 88 A5 9C 47 ED 1E - 80 E0 18 BA 7F BD 2B C2  .....G........+.
0001D390:  77 D3 FA 5D D1 D1 56 3C - E2 AE FF 60 1C 51 D9 A2  w..]..V<...`.Q..
0001D3A0:  09 EE 55 43 6D E3 E1 45 - 36 23 BC B6 1D 2B CA C6  ..UCm..E6#...+..
0001D3B0:  1F 9F AD 3B BF 36 D7 FD - C4 2C 36 E7 F7 54 70 9F  ...;.6...,6..Tp.
0001D3C0:  CB 58 BD 7F 90 AA 19 51 - 89 7D 26 4D EE 91 1B B8  .X.....Q.}&M....
0001D3D0:  F2 C8 08 56 A7 BB F0 9E - 1F C1 95 9B D8 59 4D BC  ...V.........YM.
0001D3E0:  1F E7 D1 76 6B 54 08 B0 - 32 91 EC CF 70 77 0B 9D  ...vkT..2...pw..
0001D3F0:  40 B5 09 85 98 69 24 D6 - 35 46 33 02 CF 3B 7B 72  @....i$.5F3..;{r
0001D400:  62 E3 E9 53 83 CB C0 6E - 3E E8 02 7F AD 2D E2 0D  b..S...n>....-..
0001D410:  6C D4 10 58 84 CA 3D C2 - 92 24 87 F7 67 7C 45 B3  l..X..=..$..g|E.
0001D420:  E6 1F ED 5F D2 8A A0 F4 - C1 73 66 59 41 9D 8B E3  ..._.....sfYA...
0001D430:  59 0F 45 B4 F8 21 AE DE - 2B 67 28 8A 83 2F 80 85  Y.E..!..+g(../..
0001D440:  C5 C5 91 39 C1 ED F0 54 - 96 0F 70 6A 47 4B 8F B0  ...9...T..pjGK..
0001D450:  AE 92 95 54 CC CF 93 69 - 6D 7A 39 AA 92 61 EB 13  ...T...imz9..a..
0001D460:  7F 41 F9 CF 71 1B 69 FC - C1 C3 8B DC 85 D8 73 6A  .A..q.i.......sj
0001D470:  BE 39 23 74 9B 8A 83 2D - 73 68 16 94 93 BA 28 FB  .9#t...-sh....(.
0001D480:  BB F3 64 01 A9 B7 CE D0 - 5E 42 DB D2 CC 27 EB 6A  ..d.....^B...'.j
0001D490:  EE 42 46 24 6A D9 CA 80 - 74 10 41 5A 84 30 E2 3F  .BF$j...t.AZ.0.?
0001D4A0:  41 16 AC 44 A4 C3 87 54 - 8F 93 77 E5 E3 78 D5 99  A..D...T..w..x..
0001D4B0:  EF FA 22 05 5B 10 74 FA - 71 80 63 81 99 E6 48 EF  ..".[.t.q.c...H.
0001D4C0:  CD ED B3 F1 FB 73 34 78 - E1 84 2B D5 2F 2C 08 15  .....s4x..+./,..
0001D4D0:  29 3B 7B A2 A2 84 A6 B7 - D2 BE 26 F7 05 20 CB FD  );{.......&.....
0001D4E0:  E4 DB 5A 15 39 BA 24 CD - 81 BB 55 E9 C4 95 92 FD  ..Z.9.$...U.....
0001D4F0:  FD 5D D0 11 3B FB A2 0C - 36 C2 12 60 07 E3 CD 41  .]..;...6..`...A
0001D500:  4B 23 10 23 B2 63 03 7C - 92 B0 88 D9 77 4D 1B B2  K#.#.c.|....wM..
0001D510:  D2 63 05 85 D4 F9 11 11 - 8B BE 0B 5E B6 29 48 9F  .c.........^.)H.
0001D520:  2A A7 85 C6 10 88 BC F0 - 34 6D DC 7C 28 17 91 B2  *.......4m.|(...
0001D530:  C7 43 2D 59 32 D9 05 B9 - 3D 92 8A CE 20 76 20 CD  .C-Y2...=....v..
0001D540:  ED 07 90 79 E5 C8 0E 83 - 14 B0 08 98 6F B1 C3 1B  ...y........o...
0001D550:  AC F1 E6 50 E9 E0 CE 52 - DD 6D EE F4 07 0B 52 35  ...P...R.m....R5
0001D560:  E1 EE A3 1D BE 13 70 3C - B8 21 E9 07 FD 66 A3 0B  ......p<.!...f..
0001D570:  8E 4A 5C AC F4 AB 53 B3 - 0A 69 5C 7D AA 6C F5 5E  .J\...S..i\}.l.^
0001D580:  CE 23 D6 74 32 A9 E5 8F - 35 72 D3 C2 9D EC 3A 0F  .#.t2...5r....:.
0001D590:  D1 0C FD 8A EE 01 D6 C3 - D3 2C 18 C5 AF 01 39 EC  .........,....9.
0001D5A0:  F7 38 2B 26 5C DB 8E 4A - 70 C9 52 4D B5 2E E8 99  .8+&\..Jp.RM....
0001D5B0:  21 F6 13 A1 15 E1 31 0E - 06 C0 A2 C4 67 1A 44 86  !.....1.....g.D.
0001D5C0:  44 F2 11 DA 52 5F 77 C3 - 2D 57 F4 B5 79 0B CD 88  D...R_w.-W..y...
0001D5D0:  E0 9C 32 CB CF 9A 52 60 - FF F8 6D 2A 15 22 3F 01  ..2...R`..m*."?.
0001D5E0:  1D 9C 26 14 3E 47 A5 3D - 90 17 23 05 62 5C 9E AC  ..&.>G.=..#.b\..
0001D5F0:  E0 C3 DF E4 3C D6 26 DA - 9E A7 D1 40 A1 69 3A 24  ....<.&....@.i:$
0001D600:  25 A2 54 DD F4 FB DB C6 - 69 00 69 1B 64 51 68 C2  %.T.....i.i.dQh.
0001D610:  EA 35 22 EE 75 0B 62 83 - 18 8D 01 EB E0 A9 0D 0A  .5".u.b.........
0001D620:  65 6E 64 73 74 72 65 61 - 6D 0D 65 6E 64 6F 62 6A  endstream.endobj
0001D630:  0D 34 33 20 30 20 6F 62 - 6A 0D 3C 3C 2F 42 69 74  .43.0.obj.<</Bit
0001D640:  73 50 65 72 43 6F 6D 70 - 6F 6E 65 6E 74 20 38 2F  sPerComponent.8/
0001D650:  43 6F 6C 6F 72 53 70 61 - 63 65 2F 44 65 76 69 63  ColorSpace/Devic
0001D660:  65 52 47 42 2F 46 69 6C - 74 65 72 2F 46 6C 61 74  eRGB/Filter/Flat
0001D670:  65 44 65 63 6F 64 65 2F - 48 65 69 67 68 74 20 32  eDecode/Height.2
0001D680:  34 33 2F 4C 65 6E 67 74 - 68 20 31 31 35 36 38 2F  43/Length.11568/
0001D690:  53 75 62 74 79 70 65 2F - 49 6D 61 67 65 2F 54 79  Subtype/Image/Ty
0001D6A0:  70 65 2F 58 4F 62 6A 65 - 63 74 2F 57 69 64 74 68  pe/XObject/Width
0001D6B0:  20 36 33 36 3E 3E 73 74 - 72 65 61 6D 0D 0A 69 BF  .636>>stream..i.
0001D6C0:  12 68 73 1B 55 07 4F 1A - D0 16 5F 7F C4 BC 33 E3  .hs.U.O..._...3.
0001D6D0:  6A 20 1B 8A 54 E6 37 6E - 6C 92 FD 51 B9 CA 5C BB  j...T.7nl..Q..\.
0001D6E0:  EA E0 51 80 DC 07 4C D0 - 22 91 26 E0 CE F8 E5 08  ..Q...L.".&.....
0001D6F0:  E4 82 A9 F6 1E 86 20 ED - 91 1F 4A 96 CE 72 51 F0  ..........J..rQ.
0001D700:  16 22 92 F3 12 3D 61 4E - 82 F2 FF 32 2E 02 F2 C2  ."...=aN...2....
0001D710:  31 D5 74 2D 33 F6 4E F8 - DC 51 D8 60 35 3F 26 2B  1.t-3.N..Q.`5?&+
0001D720:  3F D2 AC E6 8E 17 3D BE - D2 40 6C E3 2A AD 42 0C  ?.....=..@l.*.B.
0001D730:  2E 5B 6A D4 B7 65 D6 78 - 55 63 E5 6A 63 56 28 04  .[j..e.xUc.jcV(.
0001D740:  08 68 7D 98 D1 6D F0 66 - E8 63 DA 89 8F 89 B7 E2  .h}..m.f.c......
0001D750:  C7 92 64 44 88 91 A2 07 - 92 3B 4A A2 98 C4 C8 B3  ..dD.....;J.....
0001D760:  27 D6 19 CE D3 92 F9 3B - 73 90 85 73 56 0E 2E 3C  '......;s..sV..<
0001D770:  CE 97 B1 F2 EA 1B 52 4E - 1E 75 20 9D 62 9F 28 A3  ......RN.u..b.(.
0001D780:  06 08 23 87 A8 0A DB C6 - 00 B2 6F 73 4E 53 9B 05  ..#.......osNS..
0001D790:  2A AD 31 36 71 FA F4 54 - 77 0C EC BE 82 CF 10 D1  *.16q..Tw.......
0001D7A0:  BE DA B6 96 45 B0 C5 2B - 2B 42 9A 55 A8 B8 9E 4C  ....E..++B.U...L
0001D7B0:  03 16 D9 F4 58 8A F0 A1 - 71 D3 38 90 35 16 F5 4F  ....X...q.8.5..O
0001D7C0:  4D C1 3E F1 01 45 CA 1A - FC 9D 11 D4 6D 8E 64 55  M.>..E......m.dU
0001D7D0:  C5 8F A7 FC BF 4F 73 70 - 64 F6 68 CA 5B A0 11 67  .....Ospd.h.[..g
0001D7E0:  A5 E4 08 BB 67 ED D1 0E - FA 54 B9 7C B2 63 67 CE  ....g....T.|.cg.
0001D7F0:  37 79 5D E2 D5 C5 7E EA - 4C 4C 96 7B 48 3C 60 90  7y]...~.LL.{H<`.
0001D800:  F6 DC 06 00 29 40 1B 7D - 6C 15 79 42 E2 C9 2D 58  ....)@.}l.yB..-X
0001D810:  B5 7C 7B AE 3B C3 DF FC - 63 DA A1 AB C1 39 EA AE  .|{.;...c....9..
0001D820:  CF AC 67 B2 38 AA B5 29 - D2 37 CC 51 04 62 6F DE  ..g.8..).7.Q.bo.
0001D830:  5E 43 4A BA 89 A2 AA 16 - 4F BE C0 1A E6 E3 71 15  ^CJ.....O.....q.
0001D840:  0C 1A C6 81 5B 0B 9C EE - CC 32 58 4B 91 9D 67 3E  ....[....2XK..g>
0001D850:  32 A1 FD DB 01 A1 12 A5 - 72 E4 70 FC 6C AF F5 A7  2.......r.p.l...
0001D860:  F5 8D A0 47 7C F5 F0 91 - E7 A2 4E 59 29 5D CA 23  ...G|.....NY)].#
0001D870:  58 6B 3F 70 AC 08 72 CA - CA E5 A2 D7 AF 27 89 CE  Xk?p..r......'..
0001D880:  0C 4E D0 B5 32 4B AF 6F - 99 75 0B E7 00 40 7A 57  .N..2K.o.u...@zW
0001D890:  A2 14 B5 F4 0F 3F 9D 3F - 7E F6 F2 84 D3 B7 32 22  .....?.?~.....2"
0001D8A0:  BC B8 8F D5 75 0C E7 7B - F5 C3 B5 E8 1D 6A 40 22  ....u..{.....j@"
0001D8B0:  40 C0 23 AA B0 9C E6 46 - D1 23 BA 48 0D F9 27 FA  @.#....F.#.H..'.
0001D8C0:  D0 49 05 3C 32 8D 68 43 - 58 98 0B B2 7C C4 9D 7C  .I.<2.hCX...|..|
0001D8D0:  9B 66 AC DA CB 6F 61 28 - 76 28 A2 F6 3A 10 6E D3  .f...oa(v(..:.n.
0001D8E0:  C6 44 6F C5 85 A0 08 0D - F0 55 CF AE 61 49 32 2E  .Do......U..aI2.
0001D8F0:  A5 CF 29 75 CF 2F AA 5A - E8 E6 23 13 56 02 7D 6B  ..)u./.Z..#.V.}k
0001D900:  63 AF AE 4C 79 1D 6D 6B - E9 A6 CF CF D5 25 62 C0  c..Ly.mk.....%b.
0001D910:  DE 75 EE 6B C4 2D 6A 1C - FE 23 C3 F4 24 8B 40 5F  .u.k.-j..#..$.@_
0001D920:  CA 9D 34 6C B3 6D AA 39 - B1 3E FA 87 C3 9A 35 A5  ..4l.m.9.>....5.
0001D930:  05 43 AD EC 7F 6A B2 B0 - A8 56 DF DD 82 1E 97 25  .C...j...V.....%
0001D940:  91 31 F0 F3 21 4F 2E 2F - 63 94 3D 5B 53 26 35 61  .1..!O./c.=[S&5a
0001D950:  54 0A 71 74 87 67 2D 9B - 61 46 CF D8 AD BA 02 6C  T.qt.g-.aF.....l
0001D960:  07 DF BE 9F 42 E6 8D 39 - BC 06 E2 34 AA F8 FE ED  ....B..9...4....
0001D970:  20 82 0E DD 5F D1 72 65 - 6C D9 64 33 D1 1B E6 FB  ...._.rel.d3....
0001D980:  95 E0 83 65 0B F9 4E DF - 55 8F 60 FF 87 24 6E 5A  ...e..N.U.`..$nZ
0001D990:  72 80 F5 87 12 56 2E F9 - 76 E2 BA 0F E5 36 C9 97  r....V..v....6..
0001D9A0:  DD D9 1B 2D 72 A0 07 BA - C5 A4 E2 17 88 ED 50 25  ...-r.........P%
0001D9B0:  D6 92 D7 FB 7E 6C D4 3C - CF 58 19 04 C9 F6 64 65  ....~l.<.X....de
0001D9C0:  C0 D2 C3 AC DC 79 EB 73 - 56 BC 79 8F 35 D0 3D E6  .....y.sV.y.5.=.
0001D9D0:  24 45 DA 18 72 A1 C2 DC - 08 76 1A EC 74 05 B6 96  $E..r....v..t...
0001D9E0:  D7 6E 9E 25 E9 9E 76 89 - 28 30 44 C4 37 4D 54 F6  .n.%..v.(0D.7MT.
0001D9F0:  13 27 E4 87 3C 54 D7 7B - 30 E2 9F E3 8F 65 28 33  .'..<T.{0....e(3
0001DA00:  94 7A FC 78 24 3F BA 61 - 97 C9 41 5E A2 6B FA 48  .z.x$?.a..A^.k.H
0001DA10:  89 E2 36 13 0C 39 68 F9 - AF 2C 87 92 53 0E EC D2  ..6..9h..,..S...
0001DA20:  B9 E2 FA 07 05 D2 3E 47 - 46 0D 8D B2 C9 88 F9 34  ......>GF......4
0001DA30:  BC E9 58 7F CD 57 A3 68 - EA 39 6F FD B4 7B 75 D9  ..X..W.h.9o..{u.
0001DA40:  B3 5F BF 4A 46 F2 11 C3 - CC C1 13 F6 76 E4 76 B2  ._.JF.......v.v.
0001DA50:  8C 8A F9 C5 7E 65 60 9C - FC CC A3 F0 12 9D AC 35  ....~e`........5
0001DA60:  B2 64 29 E1 C2 06 F0 C8 - FC DA 89 27 D3 E8 A9 2D  .d)........'...-
0001DA70:  E7 4E 7E DE EB 78 D5 0F - E8 7F 31 EC B1 E3 54 2A  .N~..x....1...T*
0001DA80:  8A 2A 30 63 D0 DA EA A0 - CF 97 98 63 EA 54 41 49  .*0c.......c.TAI
0001DA90:  91 1A 1B B5 82 F8 5B 58 - EA 87 D3 CD 1A 15 DF 8C  ......[X........
0001DAA0:  5D A4 23 D4 BF 8C 29 B3 - 34 72 AA EA 3F 91 86 65  ].#...).4r..?..e
0001DAB0:  11 D7 E8 15 A5 E8 CB B5 - 0F 27 39 8F E6 99 FE 29  .........'9....)
0001DAC0:  25 4D B9 06 D0 3C A6 BB - 94 EF 4E B4 D4 A0 D3 AA  %M...<....N.....
0001DAD0:  B5 E5 8C BA 28 73 C1 CB - 1C 01 91 48 AA C9 89 99  ....(s.....H....
0001DAE0:  D1 B4 AE 2B 72 B5 EC CC - B8 85 DD 1E 2C 9F 5A 93  ...+r.......,.Z.
0001DAF0:  D0 17 F3 8B 94 3D 17 A6 - F3 08 32 50 C6 6E 5A 84  .....=....2P.nZ.
0001DB00:  CD 93 D5 6E D2 93 86 7A - 38 0C 34 0D 23 41 66 41  ...n...z8.4.#AfA
0001DB10:  C8 F8 36 3E 7A 0C 9A F2 - 40 81 10 09 DC 08 C9 85  ..6>z...@.......
0001DB20:  99 D0 24 66 29 5C DC 95 - 26 94 84 D1 1A 1A FD DD  ..$f)\..&.......
0001DB30:  6C 42 0A 80 A6 04 89 26 - 3A BC E9 34 3D 38 C6 E7  lB.....&:..4=8..
0001DB40:  24 58 F8 98 D2 70 DA 28 - C6 1A DB BE 3C C8 F8 32  $X...p.(....<..2
0001DB50:  D1 DA C8 75 32 AD 6F 38 - 81 D3 41 35 68 8D 91 6C  ...u2.o8..A5h..l
0001DB60:  77 82 2C BB 70 F1 18 81 - 19 17 4F 5E F2 5F 2A 14  w.,.p.....O^._*.
0001DB70:  29 5D 7C DA 57 87 52 E0 - B1 31 40 4C 93 0B 15 E1  )]|.W.R..1@L....
0001DB80:  BB 71 0E 28 EA 95 96 33 - 21 6B F7 7D 15 87 A5 BA  .q.(...3!k.}....
0001DB90:  30 E5 70 F8 B6 D2 E4 26 - A7 CE CC BB E9 0C 9A AA  0.p....&........
0001DBA0:  0C DB C7 B4 83 5D 1D C7 - 71 9B 8A B8 B8 E3 BA 32  .....]..q......2
0001DBB0:  D2 6D 7C 36 1C 50 AF 32 - 9A 8A 4F A5 6F D5 64 5A  .m|6.P.2..O.o.dZ
0001DBC0:  81 B7 07 6C 76 9B EA 67 - 25 88 3D DA B5 97 05 9D  ...lv..g%.=.....
0001DBD0:  B6 C8 0F 94 06 1A 66 EE - 25 7B C2 54 63 1B CC B0  ......f.%{.Tc...
0001DBE0:  58 B1 5A F9 99 73 FE 38 - 49 66 87 89 99 79 DF 77  X.Z..s.8If...y.w
0001DBF0:  4F 92 86 AC 67 35 F9 AA - 78 B5 00 14 8B DE 35 33  O...g5..x.....53
0001DC00:  EC 33 98 24 DA 00 11 DF - 4D A3 1B FB FC 4D E7 FF  .3.$....M....M..
0001DC10:  FE C2 DA 90 9B 58 61 4E - 95 B7 B6 36 7C 06 EE 48  .....XaN...6|..H
0001DC20:  6F 90 CD E3 7F 57 FE FA - 7E 30 9B B6 FD 56 9C 8E  o....W..~0...V..
0001DC30:  98 80 6D DB 04 96 99 FA - 1D 44 65 B7 40 02 A6 6D  ..m......De.@..m
0001DC40:  96 46 1D FC D2 C8 83 DF - 9C 56 A5 1C BB ED E7 48  .F.......V.....H
0001DC50:  26 1F 24 30 70 55 D9 EC - CB 7C 0A B6 FF D5 D3 6E  &.$0pU...|.....n
0001DC60:  F1 EC B7 B7 15 03 97 B5 - 4A 6F FB 87 20 AF 72 E5  ........Jo....r.
0001DC70:  3B 17 57 96 F8 F9 4A 90 - 25 BE D3 57 A7 28 37 7F  ;.W...J.%..W.(7.
0001DC80:  DF 4D 04 F3 D2 14 C9 19 - A7 E6 A0 0D 18 0D 4F A2  .M............O.
0001DC90:  C4 2F B7 F9 99 AD C9 55 - 29 20 58 7B D8 31 13 0D  ./.....U).X{.1..
0001DCA0:  57 3F AC 5D 51 A2 11 73 - 6E A6 45 FF AD 1D 40 52  W?.]Q..sn.E...@R
0001DCB0:  27 08 A7 21 1B DC 5C DE - 19 2F B1 4D 08 22 73 85  '..!..\../.M."s.
0001DCC0:  E3 F9 AA 63 5B 22 D0 7A - 1B 90 6C B7 F6 51 95 9E  ...c[".z..l..Q..
0001DCD0:  13 D4 56 7B 33 C3 A8 03 - 24 28 05 9F 99 0B 7F 5F  ..V{3...$(....._
0001DCE0:  0E F6 65 F3 A9 8F F7 A7 - D2 21 6D 59 3D D0 49 56  ..e......!mY=.IV
0001DCF0:  1B 57 BD DF 16 9B 7E 8D - AB 00 24 7C E3 A9 DB 6A  .W....~...$|...j
0001DD00:  5D F7 67 C7 C6 A0 D9 D8 - B4 2B B4 7E 83 90 C1 D7  ].g......+.~....
0001DD10:  51 61 2D 4A 97 E2 F0 E4 - 01 39 B4 87 E2 67 1D E4  Qa-J.....9...g..
0001DD20:  42 CF 77 45 80 67 EA BE - 9B 8A 7F 5D F0 9E 0B B5  B.wE.g.....]....
0001DD30:  9C E4 F7 3D 04 CA 84 3B - 4C 2F 30 C4 95 39 1C 60  ...=...;L/0..9.`
0001DD40:  8D 4D 89 A2 B9 3D 83 6B - 1F 17 27 CA 3C 45 ED 12  .M...=.k..'.<E..
0001DD50:  A3 E2 61 58 30 C5 88 0E - 8C CA 3E 19 54 5D 9E 66  ..aX0.....>.T].f
0001DD60:  32 2C E6 74 23 B3 B7 20 - 22 0E 71 14 7C BC 5F BB  2,.t#...".q.|._.
0001DD70:  11 A5 55 7E 28 DB 10 A6 - 39 B0 D6 34 49 41 22 8E  ..U~(...9..4IA".
0001DD80:  00 72 CB A9 ED 60 9B A3 - BE CC 22 9B 7B A9 B1 89  .r...`....".{...
0001DD90:  81 C3 27 91 40 08 1E A9 - 58 EB 2F 34 CF 8F 54 0C  ..'.@...X./4..T.
0001DDA0:  35 AF 71 A6 93 3B FF 17 - 5A 8B 47 58 78 ED AD 9F  5.q..;..Z.GXx...
0001DDB0:  02 07 EF C6 2F FB C5 F8 - 43 F3 C5 15 13 72 8D 4A  ..../...C....r.J
0001DDC0:  E6 7A 56 17 27 BC 55 AA - CE EF BF 6F 40 D3 A5 C8  .zV.'.U....o@...
0001DDD0:  40 5A 40 63 A2 98 27 ED - 33 4E D7 29 66 37 16 3F  @Z@c..'.3N.)f7.?
0001DDE0:  82 D5 52 0C B2 77 A8 74 - F0 D0 54 73 00 9D 55 BD  ..R..w.t..Ts..U.
0001DDF0:  C0 F4 32 16 09 8C 85 D7 - 1A 0D 40 DA 62 DE 35 64  ..2.......@.b.5d
0001DE00:  6E D4 86 3D B0 5B 50 9A - 2F 59 18 EB 7B 4E A5 EB  n..=.[P./Y..{N..
0001DE10:  60 35 09 88 86 6A 33 B0 - 1E 3F 9F 8C 59 31 2F 3B  `5...j3..?..Y1/;
0001DE20:  FB 0F EB DE 4D 18 3F 18 - 2A F9 3C A3 EB D5 87 B3  ....M.?.*.<.....
0001DE30:  E6 E2 39 92 1E C7 06 01 - 54 46 DA 05 92 0D 6C 8C  ..9.....TF....l.
0001DE40:  B9 93 C7 BF 93 F2 12 FD - 34 E9 A9 11 B9 A1 04 A9  ........4.......
0001DE50:  0B A4 C9 EA E0 6E CC 3C - F0 E1 A9 3C 03 11 EE 3B  .....n.<...<...;
0001DE60:  C7 F3 54 6B A6 CB 5C C8 - EB 87 37 00 7B B8 36 14  ..Tk..\...7.{.6.
0001DE70:  9F 57 67 4F D2 10 D3 EA - E4 12 2C 39 70 76 CB 04  .WgO......,9pv..
0001DE80:  F9 A9 8D 5E 1B 73 7C 41 - E3 40 08 93 1D B6 F8 67  ...^.s|A.@.....g
0001DE90:  AF 4B 75 F2 D0 D0 48 AB - 26 34 A6 16 1E F6 3D 71  .Ku...H.&4....=q
0001DEA0:  A9 0D 16 68 3D 9B F3 B6 - 0B AD AB 52 8F 8B 62 76  ...h=......R..bv
0001DEB0:  23 48 C4 CA 65 DC 5B 86 - 43 C8 2C A4 CD 2D 02 0F  #H..e.[.C.,..-..
0001DEC0:  C6 EF 7A B6 B4 86 3F 03 - 37 BE 3A E0 6A CD 4C 47  ..z...?.7.:.j.LG
0001DED0:  32 04 B2 C9 08 D1 14 0F - 04 85 E6 D6 10 96 9B A9  2...............
0001DEE0:  A2 16 38 2B FD 6E B5 DA - 30 86 D5 7B D5 5D 75 38  ..8+.n..0..{.]u8
0001DEF0:  73 9F 8A DF 2D FA CB DD - FA DB BB 72 61 C4 F3 07  s...-......ra...
0001DF00:  F1 04 DA 19 E0 0A BE F2 - 04 8D 5E 25 68 E8 FD C3  ..........^%h...
0001DF10:  1A 31 EF D9 E7 32 DB E1 - 70 56 61 C0 CE 47 17 88  .1...2..pVa..G..
0001DF20:  7B 08 9E 79 58 95 1F 59 - 37 2E F5 8B ED 78 71 5D  {..yX..Y7....xq]
0001DF30:  58 5B 9F 75 0D C5 E9 78 - D4 A0 77 CE 7E 77 45 86  X[.u...x..w.~wE.
0001DF40:  1B 5F 0E 7C 78 17 83 98 - 7E BE 77 ED FE F9 25 9E  ._.|x...~.w...%.
0001DF50:  9B 38 5B 34 C3 F5 08 95 - 24 48 FD F1 83 73 AC 8F  .8[4....$H...s..
0001DF60:  F7 02 5B 4B A9 7B 31 13 - 5B 6C C5 7C 6E 7E B6 A1  ..[K.{1.[l.|n~..
0001DF70:  CC 53 6E FA D8 50 89 A8 - 29 9C B8 B4 D3 94 18 0D  .Sn..P..).......
0001DF80:  A8 3C 5A A0 D8 71 A6 18 - 33 64 30 78 23 A6 A0 97  .<Z..q..3d0x#...
0001DF90:  A7 A1 2E 0E 40 59 2C F7 - AC 59 4E 8A AF 14 A6 40  ....@Y,..YN....@
0001DFA0:  BB C2 1B A7 65 ED 4A F4 - 89 A8 CE 86 2E A7 41 10  ....e.J.......A.
0001DFB0:  E5 F9 A8 78 63 ED 93 97 - 12 E3 D7 5C 04 B0 29 3A  ...xc......\..):
0001DFC0:  37 B7 F8 B6 CC 27 10 A5 - 44 1A FE C0 4C 5D D0 BC  7....'..D...L]..
0001DFD0:  A5 53 61 0E 90 80 F4 DD - 2C A9 C0 EA C2 B7 4E 54  .Sa.....,.....NT
0001DFE0:  A9 35 EA 41 63 97 00 AB - 52 4D CF D0 45 1C 06 DD  .5.Ac...RM..E...
0001DFF0:  9B FF 23 04 29 BE DD 7E - 3D 5C E8 B8 8A 1D 0E 76  ..#.)..~=\.....v
0001E000:  7D D5 7C 2F E3 7F ED BF - 1F 7B CD E0 78 B9 23 17  }.|/.....{..x.#.
0001E010:  18 CC 31 4E D3 8C B4 0D - AA FF 6F EB 85 BE F6 56  ..1N......o....V
0001E020:  4C B6 D0 EE 8A 9E C2 C3 - 0B EF 20 50 0C 12 4C 65  L..........P..Le
0001E030:  5B 16 EF C0 F5 FB 10 46 - 7D 3A AC D0 DC BB E9 4C  [......F}:.....L
0001E040:  42 59 DE 25 B0 01 C2 A4 - EF 9A 49 ED 50 78 79 C3  BY.%......I.Pxy.
0001E050:  C3 4B FE 86 A2 27 86 B4 - 6A 4D 38 6E C5 D9 84 1B  .K...'..jM8n....
0001E060:  67 EB C7 37 4C 6A 57 E2 - 74 72 B2 E4 C7 71 A9 D3  g..7LjW.tr...q..
0001E070:  9E A6 B5 9D 69 AD 52 90 - 7B 75 BC 0D 7D 44 3F 97  ....i.R.{u..}D?.
0001E080:  BF 8C CF 7E 76 E7 F1 C8 - 22 9F A2 4B D0 FD 11 C3  ...~v..."..K....
0001E090:  5D 7D 5B 2A CF 9A B4 33 - 8B 6B 25 E3 6A 54 9C 67  ]}[*...3.k%.jT.g
0001E0A0:  C4 A5 99 EB FE 28 E2 C1 - 9E B9 93 E4 C7 A5 E2 12  .....(..........
0001E0B0:  20 31 77 60 8F 0A FE D1 - 84 DE B6 D9 66 E3 A0 73  .1w`........f..s
0001E0C0:  ED CA 05 1C 9C 03 A6 B6 - 28 F0 28 03 DE 25 A0 3D  ........(.(..%.=
0001E0D0:  51 0D 9E 37 F1 4C BE 5B - 1D 36 01 1D FB 07 65 4B  Q..7.L.[.6....eK
0001E0E0:  ED D4 EC EC 4C 14 CB FD - 03 67 84 BD BF 7D 84 AB  ....L....g...}..
0001E0F0:  AE 8A 31 4D 4E 8A AF 7E - CF E9 CC 11 8D 6F 36 6F  ..1MN..~.....o6o
0001E100:  93 03 C6 31 30 86 77 73 - 4F EF 06 1D 95 FF DD 5F  ...10.wsO......_
0001E110:  A1 8C 10 02 AB 1B 55 14 - F9 08 10 27 33 D5 BC 81  ......U....'3...
0001E120:  3F AB BC 71 D6 D1 1F 21 - 51 B1 AC C1 45 43 6C 2B  ?..q...!Q...ECl+
0001E130:  7B 8B B7 7D 76 8F 0E 96 - DE 64 92 95 A0 6E 92 98  {..}v....d...n..
0001E140:  CE 79 77 D9 12 54 BE 6A - 08 20 49 4D 8F 48 F6 1F  .yw..T.j..IM.H..
0001E150:  F5 56 6E 10 0E B4 E5 A3 - B2 E4 36 EA 2F D9 C8 74  .Vn.......6./..t
0001E160:  6C 21 BF 4D BD A0 DE B9 - FB A9 C6 83 4B A8 FF 78  l!.M........K..x
0001E170:  75 8F DF 5A 9D 32 A8 64 - EB 0C 9E 5E 31 3D C8 A9  u..Z.2.d...^1=..
0001E180:  CD 5F 12 CC 2B C7 FD FB - F8 62 58 BE F0 C8 59 25  ._..+....bX...Y%
0001E190:  DD 62 58 DC F1 09 2F 02 - D8 F0 09 C1 01 C1 47 76  .bX.../.......Gv
0001E1A0:  1B DE 41 CA 3C 34 A6 01 - 04 5B 1B 35 FD 43 FF 57  ..A.<4...[.5.C.W
0001E1B0:  FC 76 25 38 84 21 18 5E - C4 74 CA D6 BB AB 6E B4  .v%8.!.^.t....n.
0001E1C0:  0F 2F FE 77 59 E4 E1 FC - 15 10 AA 6C 02 D3 65 B1  ./.wY......l..e.
0001E1D0:  49 7A 2C 76 BE E4 4A 62 - 64 66 08 98 5D 70 96 05  Iz,v..Jbdf..]p..
0001E1E0:  C4 FD 34 E4 63 26 BB 91 - 8E 55 23 4A 73 AC 1B 36  ..4.c&...U#Js..6
0001E1F0:  5B 96 6D 1E 1E 9F B4 05 - 5A 05 E8 6D 11 D7 2B C5  [.m.....Z..m..+.
0001E200:  A9 74 27 1E 3D 99 B3 1D - AE 34 FA 28 82 3E DC E0  .t'.=....4.(.>..
0001E210:  93 2B 5E C3 5F FE 89 7D - 5E BB EA BC B5 3A 85 6D  .+^._..}^....:.m
0001E220:  61 9D 2F D8 06 D0 BA C6 - BF 2A 52 B8 D8 EA 7E ED  a./......*R...~.
0001E230:  4D 47 B5 E1 10 EC 4E 16 - E7 56 1E 33 78 1F 30 64  MG....N..V.3x.0d
0001E240:  CD 7D 60 20 30 80 11 CE - 3A 6C 92 E2 73 4C FA 92  .}`.0...:l..sL..
0001E250:  58 2A DD 06 AE F9 49 26 - 4F 78 AA 40 1E 86 ED 44  X*....I&Ox.@...D
0001E260:  1D AD DA 0A D8 3A 2C 11 - B2 B0 1C 86 ED C3 4A 93  .....:,.......J.
0001E270:  2B F0 8B 28 B9 8C 86 D3 - 4C EE 5B 45 4D 52 D2 65  +..(....L.[EMR.e
0001E280:  D8 C9 DA 08 9B B5 6B FF - 98 7B AE 5D B0 29 9B 58  ......k..{.].).X
0001E290:  93 2F 2D A7 A4 21 6E DA - 17 FB 79 0E B9 2F A1 95  ./-..!n...y../..
0001E2A0:  14 1D 14 76 73 CD D6 18 - 61 A2 19 28 AC FF 58 25  ...vs...a..(..X%
0001E2B0:  DF E8 CB 2C C5 E3 B6 F6 - 0C 75 67 04 D1 3C 31 06  ...,.....ug..<1.
0001E2C0:  95 83 CA 64 62 3F 01 AB - A5 F1 ED DD BA 26 6C F7  ...db?.......&l.
0001E2D0:  C1 54 B1 D6 F8 8D 8C 80 - 85 B7 B4 57 BD 76 CB 8D  .T.........W.v..
0001E2E0:  2C 7D 41 2E C0 92 F6 5D - 44 F2 EA 6C 18 89 64 57  ,}A....]D..l..dW
0001E2F0:  A3 8D A4 AE E8 B0 84 02 - E2 D9 0B FF 9A 28 7F F4  .............(..
0001E300:  10 EB 74 1D 28 19 4B 30 - 07 DB 45 5B 2A 92 C8 77  ..t.(.K0..E[*..w
0001E310:  32 41 29 95 A1 BA 7F 0C - D2 64 2A B2 B7 B8 2F 00  2A)......d*.../.
0001E320:  1C D8 EC FC E2 80 6E 8C - 2E F3 0A C7 DE C3 62 92  ......n.......b.
0001E330:  2B EA 11 31 CD 33 BF E1 - 0E 2C CB D5 AA 31 35 11  +..1.3...,...15.
0001E340:  57 E3 CE 00 24 01 D9 62 - 61 8C 13 E2 15 A8 AC 95  W...$..ba.......
0001E350:  27 0F F9 D9 23 3F 30 43 - 5A E9 38 22 2B AF 3F E8  '...#?0CZ.8"+.?.
0001E360:  EB 11 94 0E B9 67 31 11 - 3B 38 35 62 B7 8C 72 23  .....g1.;85b..r#
0001E370:  00 91 41 71 5A E9 D9 A3 - 42 FD C6 FB E4 74 38 12  ..AqZ...B....t8.
0001E380:  66 31 5A 8F 5B 55 02 0F - 7B 6A 99 CE 2E 16 C9 C7  f1Z.[U..{j......
0001E390:  8E 50 A0 73 44 7E 7B EE - BD C2 38 7D 69 BF 41 A4  .P.sD~{...8}i.A.
0001E3A0:  BF 17 69 15 01 D9 F8 EE - 38 A5 0E 44 36 DA 24 37  ..i.....8..D6.$7
0001E3B0:  85 F7 7D AD 1B 6B 4A 19 - CC 27 B5 29 36 6D 4A 6F  ..}..kJ..'.)6mJo
0001E3C0:  4F 06 D9 F4 F8 FB EC A8 - 48 D5 9D 75 82 2C 27 C5  O.......H..u.,'.
0001E3D0:  5F 2E 4D FF 56 FE 8B 8B - CD 15 C8 F0 9A FB 9F F1  _.M.V...........
0001E3E0:  15 A4 AF E0 29 C4 D5 F4 - 54 24 DF 8C 05 19 D7 30  ....)...T$.....0
0001E3F0:  06 6D F1 16 E2 F1 F5 AE - 03 26 5A 28 07 E2 1A 6B  .m.......&Z(...k
0001E400:  62 95 AC A1 68 28 87 0F - 61 9E AD 2B 1B 07 76 87  b...h(..a..+..v.
0001E410:  F9 FE 3F D9 49 87 5C DB - EC B4 8D A1 FC E5 62 11  ..?.I.\.......b.
0001E420:  CD E8 8F 4C 0D D7 FF 04 - 53 57 7B 83 F5 4B 23 CB  ...L....SW{..K#.
0001E430:  90 7D 71 7F 25 EF A2 56 - 5F C8 9D 69 97 D6 5E 67  .}q.%..V_..i..^g
0001E440:  6A 06 01 A2 20 07 EE EB - 2B 40 C0 00 BF D9 FF 7F  j.......+@......
0001E450:  AD AA 4C F8 71 D2 1C EC - C8 8B 12 81 9F 70 6D EE  ..L.q........pm.
0001E460:  6A 45 6C 5E B6 1D DB 98 - A5 91 8F C2 35 81 4D E6  jEl^........5.M.
0001E470:  30 BD 10 D3 4C 7C 2B 95 - 78 7A FA 92 2C B5 52 38  0...L|+.xz..,.R8
0001E480:  9E E6 E0 EE 54 27 89 67 - 79 83 13 CC 6D DC F8 A5  ....T'.gy...m...
0001E490:  AB E6 A3 46 4E 91 A7 56 - 21 F1 A6 C5 EB 2E B3 C3  ...FN..V!.......
0001E4A0:  30 7A FC 68 CC DE CE 56 - 40 72 DD D1 CE DB 6C 72  0z.h...V@r....lr
0001E4B0:  98 40 71 60 0A E5 13 8A - 3A 97 0A 42 73 A7 CF 04  .@q`....:..Bs...
0001E4C0:  4B A4 57 7A 2E 63 0F B1 - B8 34 FF F7 18 A5 CB E0  K.Wz.c...4......
0001E4D0:  D9 ED 15 BA 40 C7 6A B1 - EE D5 D1 6A 85 8D C9 95  ....@.j....j....
0001E4E0:  BC E8 C4 3D 45 15 23 1C - CB 1E 02 7F 1F FB 16 2A  ...=E.#........*
0001E4F0:  07 5A 82 F7 95 AC 89 94 - 87 05 B2 EB B2 96 18 E1  .Z..............
0001E500:  9F 2B 27 DA BF 35 B1 54 - 4F 60 AD 53 9C 24 64 E7  .+'..5.TO`.S.$d.
0001E510:  44 79 67 CD 38 65 74 6F - B5 ED DC 5F A8 07 62 91  Dyg.8eto..._..b.
0001E520:  ED BF 57 42 C1 9F 40 C9 - 4A 59 91 89 B9 B9 CF 9F  ..WB..@.JY......
0001E530:  58 F9 A8 C9 6F 3F 8D C9 - 5A E1 FA 5B EC AE ED B8  X...o?..Z..[....
0001E540:  CF 4E FB C2 87 9A E8 B7 - 5D 4A 86 FE DD 92 FF 61  .N......]J.....a
0001E550:  71 DD 89 91 0C 2A FD 7E - 66 01 E2 21 78 7A A9 C3  q....*.~f..!xz..
0001E560:  79 D1 B5 3B 47 EC 88 E4 - 66 AB C2 79 04 CB C8 59  y..;G...f..y...Y
0001E570:  FF A8 7E 9E 59 77 5E 35 - 20 6B 43 E8 9A FF E8 F6  ..~.Yw^5.kC.....
0001E580:  49 76 31 3D AE AB 8A 3D - 30 C0 F0 A1 4D A7 AD A5  Iv1=...=0...M...
0001E590:  E7 52 C1 D9 FE 78 E9 3E - 9A 78 F8 E7 60 01 F0 3F  .R...x.>.x..`..?
0001E5A0:  5F DB A0 6C 0E 6C 7D 26 - FD B6 F7 CF C9 B3 9E A7  _..l.l}&........
0001E5B0:  30 2D 32 32 22 08 0B 8B - B3 D3 8C E5 FB B1 8A 06  0-22"...........
0001E5C0:  BE B9 79 A4 B8 0E B6 1F - 3C 63 A4 9F 41 56 5F 21  ..y.....<c..AV_!
0001E5D0:  0C 45 4B AA 63 12 4D 12 - DD 47 F5 BC 10 32 A1 61  .EK.c.M..G...2.a
0001E5E0:  BF 2B CA D2 91 5D 41 6D - CF 76 7B CA 6B FC 05 3E  .+...]Am.v{.k..>
0001E5F0:  DD B0 C6 B3 ED 2F 93 0A - B9 75 4A 42 77 3B 6D 93  ...../...uJBw;m.
0001E600:  81 30 69 6B 65 8A B6 C5 - F5 97 77 66 A8 83 F4 FF  .0ike.....wf....
0001E610:  46 6D F9 56 ED B8 23 E9 - E4 28 4F 03 C7 B1 8C D5  Fm.V..#..(O.....
0001E620:  EA 68 6B 6F 8A BE DE DE - EC F6 AC 47 23 8E EB 0B  .hko.......G#...
0001E630:  12 CC 2B FB 3F 74 24 68 - 5C 50 BF 67 F8 70 C1 D6  ..+.?t$h\P.g.p..
0001E640:  52 3F 49 BA 93 B8 C5 22 - C8 BD 86 AB 91 C1 08 60  R?I....".......`
0001E650:  00 3E D1 1F 0D 28 82 94 - 84 8B AF 9E 71 09 B1 BA  .>...(......q...
0001E660:  6D E4 EE 87 45 53 9A 62 - 45 8C E6 BD E5 8A 65 8F  m...ES.bE.....e.
0001E670:  C2 72 18 04 08 80 AB 8E - 97 62 0E FC 43 7D 00 2C  .r.......b..C}.,
0001E680:  9C 0D 27 EA C7 AE C6 EE - 55 B7 D6 84 16 09 23 3A  ..'.....U.....#:
0001E690:  65 67 4E 6D 3A C5 35 85 - 38 28 33 9D ED D6 76 BE  egNm:.5.8(3...v.
0001E6A0:  AA 83 9F 4A 8D E5 1F E7 - E4 03 82 4E F8 10 DD AF  ...J.......N....
0001E6B0:  3B 6E BD 94 2E 06 20 CD - 48 ED EC 96 FA F1 52 61  ;n......H.....Ra
0001E6C0:  F8 77 B2 B5 1A ED 0E 62 - C7 71 38 D7 8F B7 BD FF  .w.....b.q8.....
0001E6D0:  50 13 0C 1F 39 B5 13 54 - 27 1E D4 D7 18 13 78 04  P...9..T'.....x.
0001E6E0:  DA 93 CA 58 A7 E4 EF 02 - 62 2A 06 78 FE E8 33 C3  ...X....b*.x..3.
0001E6F0:  A4 6A 84 15 B5 D5 75 F4 - A7 39 9F 2B 40 02 58 8F  .j....u..9.+@.X.
0001E700:  EF 65 01 A0 7F AB 71 25 - C0 70 BF D7 E9 F5 A0 B8  .e....q%.p......
0001E710:  94 F4 1A 53 A3 39 D6 14 - 49 38 3D 9D 26 8E 7C D5  ...S.9..I8=.&.|.
0001E720:  98 DD 8E 36 64 53 CC 29 - 43 A9 D6 4F 12 8D BE F7  ...6dS.)C..O....
0001E730:  47 40 10 20 DF 2E 99 66 - FE 9E EE 4E 0C 6F 99 CB  G@.....f...N.o..
0001E740:  46 29 6B 7A FF 6D 51 1B - 68 42 30 4B F9 39 8E 33  F)kz.mQ.hB0K.9.3
0001E750:  CB 9E 8B FD 8F 69 61 E5 - F7 D3 01 60 C0 A8 06 CF  .....ia....`....
0001E760:  29 20 65 CB 5D 6F 80 DE - DE 7A 84 C7 69 37 5E F4  ).e.]o...z..i7^.
0001E770:  29 50 C7 D8 38 3A 2D 8C - 5B CB 34 33 49 1A DB F8  )P..8:-.[.43I...
0001E780:  86 F2 FC B2 7D 2D 4A A9 - 09 27 54 6E 1B F5 EC 19  ....}-J..'Tn....
0001E790:  F0 B4 CF 7F 52 69 E1 43 - F7 0F A7 07 ED 58 72 16  ....Ri.C.....Xr.
0001E7A0:  5E A3 0D 20 1E EF 3A 1A - 3C 94 50 EC 26 86 69 7F  ^.....:.<.P.&.i.
0001E7B0:  4D D5 CD CB 55 04 2E F2 - B4 9A CF 4A 43 12 E7 6D  M...U......JC..m
0001E7C0:  71 50 D7 5B EB F4 4F CA - 47 F6 EA 0F E1 2D D0 BD  qP.[..O.G....-..
0001E7D0:  80 02 F6 B1 4F E5 64 45 - 77 FB 6D 99 65 66 4A B7  ....O.dEw.m.efJ.
0001E7E0:  57 3F 86 49 56 DA 23 B3 - C4 89 23 67 9D 6B 15 71  W?.IV.#...#g.k.q
0001E7F0:  8D 57 2D 4D 81 D5 55 90 - 6A 94 BF 6F 59 F5 84 93  .W-M..U.j..oY...
0001E800:  2F 9C 0A 8F E0 E9 68 4D - 25 18 2F 0E 67 44 C7 12  /.....hM%./.gD..
0001E810:  CF C9 D9 85 3E BC EA 72 - A6 26 BF D8 62 7E 04 26  ....>..r.&..b~.&
0001E820:  40 AD 4B 39 69 A2 FA 5F - B1 D8 1A 5C 35 B4 B0 16  @.K9i.._...\5...
0001E830:  48 27 7D BB F9 F3 8E 0A - BE CF 58 12 04 B0 63 A2  H'}.......X...c.
0001E840:  5B F1 1B 7D 20 64 2D 96 - 33 16 7F D7 F3 49 F4 4C  [..}.d-.3....I.L
0001E850:  03 63 75 81 41 79 55 4A - 9E B0 70 1C A8 6A 9C 4D  .cu.AyUJ..p..j.M
0001E860:  DA 42 6F A7 1F A6 29 63 - 6D 1D B5 00 A1 60 02 66  .Bo...)cm....`.f
0001E870:  D0 7E 56 77 5D 66 E1 D1 - 2A C3 83 FD 29 D6 A7 0C  .~Vw]f..*...)...
0001E880:  17 C5 E6 71 C8 2E 14 EB - 6E D2 C6 5D A7 2A F9 ED  ...q....n..].*..
0001E890:  87 82 5E 76 44 42 01 FB - AA FC 50 7B 53 7E 5F BB  ..^vDB....P{S~_.
0001E8A0:  0C 01 C7 46 92 9E C7 B1 - 87 05 C9 58 C6 09 F7 AC  ...F.......X....
0001E8B0:  76 0D A7 D1 54 40 F1 6B - 32 C4 41 64 0F 72 B3 63  v...T@.k2.Ad.r.c
0001E8C0:  48 F6 E7 0C 4B BA C3 83 - F5 CE 62 58 BC 97 49 59  H...K.....bX..IY
0001E8D0:  6E F8 25 4B 16 55 FB AE - A9 A1 D3 53 12 47 04 FF  n.%K.U.....S.G..
0001E8E0:  0F 3A 64 A5 02 EF 2D BE - 0D 54 5F 77 8D AB 4A EB  .:d...-..T_w..J.
0001E8F0:  F7 F2 D5 D0 09 3B 9B 68 - 3F 78 B8 68 0A 0F 05 FD  .....;.h?x.h....
0001E900:  8E 49 28 C8 A0 CB 95 55 - 11 D5 19 C1 5D 34 E8 B8  .I(....U....]4..
0001E910:  33 D5 6F 12 62 7F 88 38 - 7E 52 EE 7E FA 31 AE DD  3.o.b..8~R.~.1..
0001E920:  7C 5A 69 8A 78 F0 49 4A - A8 7D B8 E2 2E DE 3E 2C  |Zi.x.IJ.}....>,
0001E930:  E4 8F 19 B3 AD CC FB E8 - FF 40 72 58 1E C3 49 16  .........@rX..I.
0001E940:  D8 DE 8A EA 74 B2 FB 81 - 83 BE 22 18 3B A2 0B 8F  ....t.....".;...
0001E950:  65 9D 22 79 6E 2A D6 3F - 1A ED 12 8C 85 49 74 A4  e."yn*.?.....It.
0001E960:  12 67 6C 30 64 92 84 2E - F1 63 5C BB F7 2A 23 7F  .gl0d....c\..*#.
0001E970:  D0 59 C1 84 EE C0 80 64 - 23 AA A3 79 80 FF 66 38  .Y.....d#..y..f8
0001E980:  40 C9 90 DB 14 19 4F F8 - B5 29 47 7E B2 A3 12 5A  @.....O..)G~...Z
0001E990:  9F 61 38 89 7A EF C1 48 - 87 CD 86 02 C7 9C BF E1  .a8.z..H........
0001E9A0:  3B 44 1C 2D 01 88 7C B2 - CB 38 9D 4E AA BD 47 E9  ;D.-..|..8.N..G.
0001E9B0:  A4 2C C7 98 7E 5B 4E 60 - CB FC 25 F8 9D BA F4 FB  .,..~[N`..%.....
0001E9C0:  37 9B B2 1D F1 F9 6B 5E - 95 B6 DC DD 85 32 FC 19  7.....k^.....2..
0001E9D0:  08 32 4F 6F 84 6C 91 72 - 2E 84 87 91 67 AA 5E 1C  .2Oo.l.r....g.^.
0001E9E0:  46 E5 DD E1 FE B7 75 02 - 16 67 4E 89 57 FE 5E 8E  F.....u..gN.W.^.
0001E9F0:  83 D1 0D 97 40 D6 C2 80 - 12 5E A1 04 0B B8 FE 20  ....@....^......
0001EA00:  E5 16 2A 94 49 9F B0 55 - 24 F6 92 47 8B 3B 62 0F  ..*.I..U$..G.;b.
0001EA10:  E3 24 86 0B C1 56 04 76 - 7D 56 59 BE 08 F5 57 D8  .$...V.v}VY...W.
0001EA20:  EE 91 BE 20 F9 40 B5 DE - 6C 38 AA DB 91 2A 33 2D  .....@..l8...*3-
0001EA30:  95 FA E4 53 B4 8F B0 25 - 2E F1 1A B2 7D 85 DC 1F  ...S...%....}...
0001EA40:  04 AD D3 5C 41 AB 6B 1F - 1D 30 BE 2B 19 00 C9 C0  ...\A.k..0.+....
0001EA50:  CB 89 F4 E1 AA C5 D2 85 - BC 97 6C 45 94 99 23 3E  ..........lE..#>
0001EA60:  0A EA 77 D2 2C 5E 1C D7 - 79 D6 5B 32 57 F7 4A 05  ..w.,^..y.[2W.J.
0001EA70:  4F 69 A6 40 9D 17 22 78 - 06 FA 74 8D F9 72 F4 CA  Oi.@.."x..t..r..
0001EA80:  27 B7 B3 E5 3F B8 DB B8 - 69 CA C6 62 D7 A9 53 C2  '...?...i..b..S.
0001EA90:  DE 81 08 D4 C0 F6 81 77 - E7 EA 6C 2F D7 7E E2 FF  .......w..l/.~..
0001EAA0:  95 9C 91 88 26 E8 DE 25 - 98 D8 E7 EC E7 AB E4 F6  ....&..%........
0001EAB0:  50 28 43 4D B4 22 91 C2 - CE F9 5C 0E F0 27 28 0F  P(CM."....\..'(.
0001EAC0:  7D D5 82 69 DE 8A 0C 3B - 07 E7 01 3F 49 6E C2 CE  }..i...;...?In..
0001EAD0:  00 D9 92 83 C9 67 29 5C - 5A EE E3 70 D8 04 FE B1  .....g)\Z..p....
0001EAE0:  DF 34 04 49 BC B6 90 6A - 44 27 DC 06 A2 BB 09 16  .4.I...jD'......
0001EAF0:  42 78 B9 57 CC 42 DB A3 - 6E 03 99 B7 55 80 F0 C1  Bx.W.B..n...U...
0001EB00:  78 61 F3 4E 07 30 34 61 - 1C 7B F8 C3 11 CD C6 D9  xa.N.04a.{......
0001EB10:  DD CD D5 E1 36 9A 21 48 - E6 B6 EE 5C 18 AF 4B FD  ....6.!H...\..K.
0001EB20:  A6 B4 2C E7 43 88 69 BB - AD 50 9A 36 9A 18 34 61  ..,.C.i..P.6..4a
0001EB30:  3C 6B B1 41 5C 1A 13 FC - 6E 1C 13 76 CF 01 6F EF  <k.A\...n..v..o.
0001EB40:  09 D8 11 7E 78 9F C2 88 - 4C 3C 8E 23 76 45 38 58  ...~x...L<.#vE8X
0001EB50:  8A 78 63 29 20 8E 56 64 - 1E E3 6D 06 D6 CC 04 A3  .xc)..Vd..m.....
0001EB60:  1E 56 3A 9B 60 A9 38 DF - 9E FC 13 C4 FE 95 F5 9A  .V:.`.8.........
0001EB70:  52 BF 84 1D 95 29 CB 0B - 69 FA 0E D4 66 A0 12 9C  R....)..i...f...
0001EB80:  B7 A7 24 1D 7F 86 34 C4 - 6F 47 3B A2 3F 6F E3 27  ..$...4.oG;.?o.'
0001EB90:  5A 84 09 F3 2D 60 B7 88 - F2 C7 CF 07 CB 11 A0 22  Z...-`........."
0001EBA0:  9E 52 1A 2A 6F B5 E7 68 - 0B FD 8A 75 D6 92 D9 70  .R.*o..h...u...p
0001EBB0:  F4 F4 FA A0 3F 5E 83 4F - 30 B9 8B 52 0A 94 64 89  ....?^.O0..R..d.
0001EBC0:  85 9F A4 75 57 0B A8 3E - 9D 9F 39 1A 1D 75 36 38  ...uW..>..9..u68
0001EBD0:  C8 0A 7E F2 25 DA 7B F0 - A1 AC 40 B7 81 AE 78 24  ..~.%.{...@...x$
0001EBE0:  C5 F4 4A D5 64 D1 5E 74 - 64 A8 BE CA BD 8D 2D B9  ..J.d.^td.....-.
0001EBF0:  FF F6 B4 DB 73 3D B8 2F - 9C AA 50 8A 9C F2 26 14  ....s=./..P...&.
0001EC00:  4A F3 52 A6 6B 82 FA 10 - B3 33 33 A1 32 A5 B8 36  J.R.k....33.2..6
0001EC10:  91 0B DB 60 F3 EB A4 EE - 3F C3 26 B4 36 8A 3B DF  ...`....?.&.6.;.
0001EC20:  A4 90 7E 6C 2C 44 0A 77 - EA B6 36 DB 65 36 6A 8A  ..~l,D.w..6.e6j.
0001EC30:  90 34 A2 9D A1 CF 64 1F - 67 25 E7 7C 73 AC 13 72  .4....d.g%.|s..r
0001EC40:  AD C8 AF BC 0B 40 04 9D - 04 BE 4B FF DC 54 F3 72  .....@....K..T.r
0001EC50:  89 90 24 9F 00 27 4A B9 - 66 BC 2F 5D 67 0F BA 42  ..$..'J.f./]g..B
0001EC60:  9F 36 53 E2 E7 B1 3B EA - D5 F0 A6 36 54 FE 5B F0  .6S...;....6T.[.
0001EC70:  CC 8B 28 41 0A 66 EB 43 - 04 49 C2 71 45 E1 B8 A6  ..(A.f.C.I.qE...
0001EC80:  FF 2C F3 51 08 11 5F DE - 48 9E 02 31 A6 7E E4 15  .,.Q.._.H..1.~..
0001EC90:  B4 16 2E A4 10 42 43 D3 - 74 93 3A 1D 65 95 A3 5F  .....BC.t.:.e.._
0001ECA0:  A1 DE 16 05 36 6A E8 05 - 37 49 09 88 F6 68 A2 34  ....6j..7I...h.4
0001ECB0:  E2 44 B6 D5 65 E7 CD E5 - AA FA B1 BB 7E A1 4D D8  .D..e.......~.M.
0001ECC0:  D0 29 50 BB 85 03 18 11 - 4C 2A 57 62 6C 2A BB 45  .)P.....L*Wbl*.E
0001ECD0:  94 69 09 13 3B 37 87 BA - 5E 3B C9 8D E4 1E D5 41  .i..;7..^;.....A
0001ECE0:  37 EF 33 29 FF 9D A3 23 - 2A 0F 25 0C 75 13 84 5A  7.3)...#*.%.u..Z
0001ECF0:  CE F4 2F D5 28 C2 D3 33 - B2 E3 1D 28 94 84 B0 8E  ../.(..3...(....
0001ED00:  DF 3A 62 17 33 68 6B AC - FD 72 37 F7 C1 5A 86 23  .:b.3hk..r7..Z.#
0001ED10:  B3 85 D8 86 FD F2 CF 6D - 15 63 90 EA 53 06 B9 33  .......m.c..S..3
0001ED20:  7F 08 41 CC 89 EA 70 CE - 6E B6 17 E3 23 B6 A5 D6  ..A...p.n...#...
0001ED30:  A0 FD 0E B0 6E 22 08 4C - 63 87 09 07 3C BF 3E 47  ....n".Lc...<.>G
0001ED40:  55 E0 43 E5 3E 92 C8 83 - 64 B0 5A 02 99 60 A5 FC  U.C.>...d.Z..`..
0001ED50:  C4 78 23 F0 44 90 74 FF - 89 8E 04 01 91 F2 9B 74  .x#.D.t........t
0001ED60:  35 3C 31 2F CE 1A AE 73 - 63 3B C2 14 57 20 C3 0A  5<1/...sc;..W...
0001ED70:  7D E8 DB 35 32 05 1E A6 - CE C5 21 C0 E2 B8 13 C5  }..52.....!.....
0001ED80:  B8 C8 56 38 83 72 5C 19 - BB 79 F1 96 3B 53 71 E3  ..V8.r\..y..;Sq.
0001ED90:  7E D1 EC 19 D4 07 C9 41 - 1C 1C 53 67 BF F9 E1 5E  ~......A..Sg...^
0001EDA0:  54 C8 70 D5 E9 18 14 E8 - 2A 88 8F 81 AB C9 01 0D  T.p.....*.......
0001EDB0:  F2 9D A4 66 51 2E 44 9A - 44 6E 5C 03 6D 74 3C BD  ...fQ.D.Dn\.mt<.
0001EDC0:  8E 49 3A 07 75 3B 2E 22 - 70 BA 6D BB 60 D7 24 7C  .I:.u;."p.m.`.$|
0001EDD0:  DA 76 A0 72 96 4D 93 61 - 12 9A 7C C4 DB 91 83 BA  .v.r.M.a..|.....
0001EDE0:  19 40 16 30 30 75 06 A4 - 75 3D E6 BE 15 5D F8 B0  .@.00u..u=...]..
0001EDF0:  4C 43 C9 A0 A3 91 D5 AE - DD D6 8C 1E 90 02 32 26  LC............2&
0001EE00:  52 60 24 59 7C BD DC A4 - CD 9C 78 09 33 1F D0 D5  R`$Y|.....x.3...
0001EE10:  4E 35 1A 5A 71 76 F2 FA - 50 9A 33 79 F1 EB 4D 3C  N5.Zqv..P.3y..M<
0001EE20:  B8 BA 34 BF 8E 15 56 89 - 78 10 4E 3B A0 57 B0 B1  ..4...V.x.N;.W..
0001EE30:  96 16 1F D1 7D 14 75 6C - B6 B7 FD 6A C4 2A BD 1B  ....}.ul...j.*..
0001EE40:  65 BF 01 14 CE 65 9B F4 - 9C 96 59 73 92 A1 6E 1D  e....e....Ys..n.
0001EE50:  77 B1 6F D1 26 74 AD CA - C4 E6 79 82 2B EC A3 2C  w.o.&t....y.+..,
0001EE60:  64 98 38 B2 42 2D 71 60 - BE 4E 8C 62 8C 60 C4 53  d.8.B-q`.N.b.`.S
0001EE70:  7C F5 34 4B 7C 8F 0C CF - 95 78 2B F2 F4 5B D2 7A  |.4K|....x+..[.z
0001EE80:  63 52 8E D5 C7 84 0E 2F - 81 DB 0A F0 F5 2D F1 80  cR...../.....-..
0001EE90:  7E 0C 10 10 D6 B5 43 FC - B4 D6 5D C2 B5 A8 73 DB  ~.....C...]...s.
0001EEA0:  85 CA 63 68 E3 1A F9 CD - A3 E5 CD 32 2B 97 1A 9F  ..ch.......2+...
0001EEB0:  8A 2C BA B7 4C B3 0A C3 - A8 55 F6 A7 06 97 6C 9D  .,..L....U....l.
0001EEC0:  5B B0 F8 C4 ED D4 6D E3 - 78 0B 1A B8 94 2E 4A 84  [.....m.x.....J.
0001EED0:  34 64 2F 96 89 F0 FD B9 - 41 02 CA 30 1A 3E 00 33  4d/.....A..0.>.3
0001EEE0:  61 8D 32 FA 23 FE D3 86 - 13 9F 19 B5 AA 9E 61 01  a.2.#.........a.
0001EEF0:  C4 F0 59 28 C2 F3 3A E5 - 4F EB 7D 9F 00 E9 D9 FD  ..Y(..:.O.}.....
0001EF00:  48 EB AB 9C 05 61 29 09 - 5F D5 96 A1 C8 1F 59 AD  H....a)._.....Y.
0001EF10:  86 2B 02 65 DE 62 34 9E - 5D F4 68 86 BE 6E 2B 71  .+.e.b4.].h..n+q
0001EF20:  99 11 ED 0B D8 92 D6 B2 - 13 D4 E6 7A 10 EE 3C 67  ...........z..<g
0001EF30:  7E 13 02 67 A8 92 2B B8 - C3 AE B1 72 8A 67 79 7A  ~..g..+....r.gyz
0001EF40:  DC C5 FC C2 3A 06 EC C9 - 11 F5 25 D0 51 F9 76 99  ....:.....%.Q.v.
0001EF50:  70 AF 07 D0 05 B3 7B E6 - B9 0F F2 71 12 A2 0D 68  p.....{....q...h
0001EF60:  C0 2D DC AB 61 49 7A 09 - C0 07 81 F2 45 74 84 92  .-..aIz.....Et..
0001EF70:  B3 B8 4F 4F D3 3B 43 48 - 2C 65 3C 9C B9 08 31 12  ..OO.;CH,e<...1.
0001EF80:  32 0E 2C 88 33 A9 3E C3 - AC 87 E2 3A 3F 5A CA 93  2.,.3.>....:?Z..
0001EF90:  4C D4 CB 84 FD A7 01 89 - 7F DE 64 16 EC 74 13 FE  L.........d..t..
0001EFA0:  D1 BA 16 88 7A 05 3B 72 - 84 F5 BD 6C 90 BD 4B F9  ....z.;r...l..K.
0001EFB0:  B9 8D 8B AF 3F 88 58 D8 - AC 50 C6 BC 57 76 3B 3E  ....?.X..P..Wv;>
0001EFC0:  5B D7 8C A6 35 F4 73 49 - 64 6F 5C 9A DF 8B 54 2B  [...5.sIdo\...T+
0001EFD0:  09 47 00 61 AF E3 16 70 - 6C FE 2F FE 2C 83 EE 56  .G.a...pl./.,..V
0001EFE0:  C6 7D 18 7C BD 54 1C 88 - 3F 7B 98 1A 4B 20 7C 13  .}.|.T..?{..K.|.
0001EFF0:  A0 68 2B 37 35 1C 80 B9 - 2B 27 E9 C9 61 64 52 D1  .h+75...+'..adR.
0001F000:  6D C0 0F 7E A2 E2 3D 32 - 34 C1 C7 68 B5 FB 53 BC  m..~..=24..h..S.
0001F010:  3E B4 46 77 F5 93 3B 65 - CB F1 04 AB 5F C0 42 17  >.Fw..;e...._.B.
0001F020:  9E C0 3D 25 76 0B 79 FB - DC F4 3F 69 3E 90 F6 7C  ..=%v.y...?i>..|
0001F030:  97 EB 74 2E 21 56 47 C4 - F1 1C 0E 81 64 F9 3D 66  ..t.!VG.....d.=f
0001F040:  CA B2 A7 5A 05 EB A1 41 - 15 C5 65 7E 0D A3 F3 F1  ...Z...A..e~....
0001F050:  04 F1 CA AA D1 C6 96 77 - 38 36 54 1B F7 20 C0 F3  .......w86T.....
0001F060:  09 9C 92 45 4E 66 29 8F - A7 17 D6 09 2A D2 45 9E  ...ENf).....*.E.
0001F070:  E6 71 11 83 63 92 F4 5B - 48 9F 73 E6 D0 EF 6A 18  .q..c..[H.s...j.
0001F080:  19 B0 F5 C6 1F 43 48 52 - 56 54 E3 45 85 49 8B 5B  .....CHRVT.E.I.[
0001F090:  50 06 63 0D 54 F8 E5 7F - 48 A6 08 47 A5 E4 12 2B  P.c.T...H..G...+
0001F0A0:  E1 01 DF 29 3D A4 2A 01 - 0B DA D5 75 28 B5 A7 39  ...)=.*....u(..9
0001F0B0:  4E 4D 06 D7 56 97 2D DA - 76 B3 21 C3 93 61 9C C0  NM..V.-.v.!..a..
0001F0C0:  AF 4D E1 E0 49 48 DF 7E - 3D E5 96 9F 27 17 7F 9D  .M..IH.~=...'...
0001F0D0:  D0 59 0C E8 B4 B2 45 C9 - 70 03 EA 80 42 3D DE 6B  .Y....E.p...B=.k
0001F0E0:  C7 6D D0 06 D7 AD AE E7 - C5 0D E8 4F D8 6E 7A F7  .m.........O.nz.
0001F0F0:  0F D9 08 F5 87 91 AE 97 - 3C A5 8F 16 51 B5 D3 4A  ........<...Q..J
0001F100:  48 4E 64 2A F9 F0 B3 28 - 2E 16 0A 53 05 00 30 0C  HNd*...(...S..0.
0001F110:  D2 46 C9 92 3A B1 64 73 - E3 DB CD 37 A5 8C 45 B7  .F..:.ds...7..E.
0001F120:  14 B8 B8 FE 09 2D 4F C3 - 52 F6 04 A3 0C 93 BC 85  .....-O.R.......
0001F130:  C7 2F BB 54 51 24 50 C2 - BC 1B A8 52 7B A9 CC D2  ./.TQ$P....R{...
0001F140:  E1 FC 41 8D E5 CD D1 68 - 3A 46 E9 CF 7C C7 7E EB  ..A....h:F..|.~.
0001F150:  A5 4D 44 57 B3 53 D6 83 - F2 44 BC 02 1B 29 28 A1  .MDW.S...D...)(.
0001F160:  71 ED 49 02 78 ED A8 BB - BE 34 34 9F 77 21 7F 38  q.I.x....44.w!.8
0001F170:  74 36 A0 AB E5 20 26 13 - F6 9D 6D CB DA 4B 2F 8F  t6....&...m..K/.
0001F180:  B4 4B 1F 72 B8 FD 62 3B - A3 A0 F4 54 1C 55 3C 5B  .K.r..b;...T.U<[
0001F190:  09 36 15 2C BA DA 35 D9 - 15 D3 BB CD F2 46 45 22  .6.,..5......FE"
0001F1A0:  EC 2F 26 A3 7C F8 39 37 - C0 40 15 23 F7 54 94 92  ./&.|.97.@.#.T..
0001F1B0:  A8 51 0D CA 2B F1 D3 01 - C3 6F 16 DD 25 20 04 99  .Q..+....o..%...
0001F1C0:  91 79 0F F8 D4 9C 79 57 - B6 28 2A FA 38 0E 83 94  .y....yW.(*.8...
0001F1D0:  CB A6 F9 76 86 A0 EE 76 - 1D 3D 3B 42 D0 48 30 90  ...v...v.=;B.H0.
0001F1E0:  D3 75 FD 4F 50 B5 66 EE - EC CE 26 A5 74 3B BB 0D  .u.OP.f...&.t;..
0001F1F0:  0A 56 32 85 9C E9 3F E5 - 44 17 37 67 2E 90 97 B5  .V2...?.D.7g....
0001F200:  99 2D 1A 85 21 9E C3 2A - 9F 87 50 97 C0 D0 E5 0C  .-..!..*..P.....
0001F210:  C4 88 99 6D A8 FE 26 60 - FD E7 E5 06 B1 1A C0 FF  ...m..&`........
0001F220:  8C B3 25 25 B2 82 ED 14 - 3F 2C 45 83 97 DE 70 5F  ..%%....?,E...p_
0001F230:  5A 69 C1 5F BF DA 0D E1 - B8 42 B1 9C A5 F2 4F E6  Zi._.....B....O.
0001F240:  78 C0 B2 F2 DF 31 B6 36 - 79 FA 53 6C 55 8A 72 E7  x....1.6y.SlU.r.
0001F250:  26 EC 80 85 B8 57 12 1E - 7B 70 EC D5 4C 52 59 60  &....W..{p..LRY`
0001F260:  1C 12 8C F8 06 B1 C7 02 - 1D DF CD 0D C3 4E 5F B3  .............N_.
0001F270:  6C F8 4E 1F A4 B8 4B 62 - EC C1 16 2A 4E D8 02 E8  l.N...Kb...*N...
0001F280:  1E B6 1C 04 60 31 99 6E - F2 F9 29 7C 17 E1 88 EC  ....`1.n..)|....
0001F290:  9E A2 2E F1 54 EA FA 1C - DE 6F 9F 29 FF 16 24 22  ....T....o.)..$"
0001F2A0:  20 1B 7B 26 3C 08 C9 DB - 7E 22 6C F6 8C D8 04 22  ..{&<...~"l...."
0001F2B0:  10 BA B7 D4 24 24 CC C0 - 1A 77 C2 D5 98 E1 EF 89  ....$$...w......
0001F2C0:  68 66 A7 D9 B7 3E 39 EC - AA 32 1D 28 BE AD 6F B2  hf...>9..2.(..o.
0001F2D0:  E3 8A 03 3A 02 D0 8E DF - A1 EF 70 38 E3 FC D0 2B  ...:......p8...+
0001F2E0:  67 AA 97 DF B1 40 31 32 - 03 33 B6 E7 13 0D 7A 28  g....@12.3....z(
0001F2F0:  C6 8C 2F 7E 78 3C 7D FC - E3 CB 33 F6 46 2B AA 43  ../~x<}...3.F+.C
0001F300:  D4 B2 FC 4D CF E0 2E C9 - 0B 89 C2 48 53 E8 C1 40  ...M.......HS..@
0001F310:  FB 03 A3 E0 A5 F9 D2 F2 - 6B F3 DC 82 1D 87 87 FF  ........k.......
0001F320:  6E 9F 14 5B E4 C5 AB BC - 31 F7 8F F8 89 43 40 54  n..[....1....C@T
0001F330:  1A AA 7F 1A D8 13 1A CA - 0D 89 E3 B4 4C B1 71 CC  ............L.q.
0001F340:  84 58 88 D1 5F 15 1E E1 - 7F B7 DE 93 17 F0 4B AA  .X.._.........K.
0001F350:  62 1D EE 76 AE E7 8F D8 - 22 31 7F A8 5D C0 1B CA  b..v...."1..]...
0001F360:  59 B4 34 16 9A D5 F9 E0 - 2E 7A 48 F1 D7 C7 53 9C  Y.4......zH...S.
0001F370:  AF 92 5D F4 69 1C FB 1C - 36 F9 F3 B9 A7 0F E2 3F  ..].i...6......?
0001F380:  F4 6D CA 93 DE 43 58 09 - 43 DC BC 14 C7 B8 78 84  .m...CX.C.....x.
0001F390:  48 E7 73 E6 EA 72 BE 97 - 92 7F CE AF 8E 67 31 57  H.s..r.......g1W
0001F3A0:  06 EA 93 56 F9 34 32 FC - B0 93 EF F7 19 FD 46 11  ...V.42.......F.
0001F3B0:  7C A8 DC B6 46 36 C1 48 - 18 0D 5E DC 44 2B 7E 79  |...F6.H..^.D+~y
0001F3C0:  30 C0 CE 6F 69 B7 A4 8D - 0A DE A1 24 1C 97 5D 67  0..oi......$..]g
0001F3D0:  9D 8C 7F F3 E6 17 E9 6E - E8 2E 67 46 85 02 7F A2  .......n..gF....
0001F3E0:  E7 B2 9B EA F9 23 F8 85 - A9 E5 1B 22 D5 9F 69 A4  .....#....."..i.
0001F3F0:  54 95 AC 64 05 A5 AC 03 - 31 A2 5F A2 C9 95 D9 22  T..d....1._...."
0001F400:  5D 9E 79 F4 9B E5 59 61 - DA A1 F2 DF 8F 8B 72 C3  ].y...Ya......r.
0001F410:  B7 96 CB 27 1F 1C B9 7E - 8B 8E 71 2E 1C 29 6F FC  ...'...~..q..)o.
0001F420:  31 AE 45 02 5E FE F1 5D - 93 D1 8A 22 EC 72 61 55  1.E.^..]...".raU
0001F430:  97 4D C7 62 7E B4 A7 4C - 93 BC 07 15 04 FF 19 23  .M.b~..L.......#
0001F440:  FA 21 19 FB 98 13 8C 00 - C7 2D 11 E7 96 4F 98 84  .!.......-...O..
0001F450:  9F 81 26 D5 5F 7B 78 E7 - 5C D7 D8 F8 14 B4 CA 24  ..&._{x.\......$
0001F460:  A8 6D B0 ED A2 0C B3 8D - BC 3F A4 E4 B5 58 35 E9  .m.......?...X5.
0001F470:  4B 7B BA 41 9E 22 5F C0 - 23 26 6B 9C F1 F4 C1 1B  K{.A."_.#&k.....
0001F480:  7D 87 13 FA 87 0B AF AA - DB 78 D4 88 45 70 D0 71  }........x..Ep.q
0001F490:  AF 75 46 76 D2 27 22 A0 - 5A 00 57 6C 38 F1 06 B9  .uFv.'".Z.Wl8...
0001F4A0:  8D 4C 4F 01 C3 B0 CC 30 - CF 75 AD A3 C1 22 56 9E  .LO....0.u..."V.
0001F4B0:  01 18 24 C0 75 77 8F FF - 2B C7 9E 3B 2F 1B FD 5A  ..$.uw..+..;/..Z
0001F4C0:  00 57 10 27 04 56 6D 36 - 1A D9 58 F5 BA 44 96 1B  .W.'.Vm6..X..D..
0001F4D0:  7A F9 52 91 F9 CE 55 DA - FA 64 70 C2 4A 02 93 61  z.R...U..dp.J..a
0001F4E0:  46 7F 27 EF 43 B7 49 B3 - 77 0F 52 96 7E CB 1F 35  F.'.C.I.w.R.~..5
0001F4F0:  5C 82 3B CF 71 01 80 4E - F1 15 4B 4F A3 61 30 B7  \.;.q..N..KO.a0.
0001F500:  A1 67 C2 BC 2F CB F2 D2 - 15 16 C1 9D 97 5A B8 14  .g../........Z..
0001F510:  03 0A D3 3B 57 25 A1 22 - 09 2D 8E 84 D4 94 CC 4F  ...;W%.".-.....O
0001F520:  D0 F7 C4 EB 4A A4 1F 45 - 26 00 F4 46 5B 1B 7B 74  ....J..E&..F[.{t
0001F530:  BE 5A B5 4B 63 64 0D D4 - 12 7E DF E9 F2 A2 20 5B  .Z.Kcd...~.....[
0001F540:  DE 08 05 A9 32 19 BB 99 - 74 CA 70 7F 54 80 96 56  ....2...t.p.T..V
0001F550:  8D A5 53 93 E6 63 9D AB - CB B3 E1 6A 75 58 6D D1  ..S..c.....juXm.
0001F560:  B9 99 8C 22 C7 4D E8 99 - 73 27 83 2B 58 39 70 AB  ...".M..s'.+X9p.
0001F570:  5D 95 02 A7 09 53 4A 11 - BC D4 47 CA 75 F3 4E 7D  ]....SJ...G.u.N}
0001F580:  10 B5 73 F2 21 3B F6 73 - 87 C7 06 FB 92 C3 6E 49  ..s.!;.s......nI
0001F590:  60 5F A8 7B 59 80 6A C4 - 36 99 75 BB D3 5E 68 D0  `_.{Y.j.6.u..^h.
0001F5A0:  43 90 E7 30 E3 37 B3 3C - 2B 1B 89 95 A3 F7 EB A8  C..0.7.<+.......
0001F5B0:  27 C4 B4 07 09 DF 22 6A - 64 F6 DD 88 6A 3A FE 74  '....."jd...j:.t
0001F5C0:  B7 D2 FE B9 0F 64 99 F3 - 1C CC BD 44 92 70 4D 60  .....d.....D.pM`
0001F5D0:  AE 0F 09 0E FD 62 D3 32 - 55 E7 76 FD 03 F5 E2 9B  .....b.2U.v.....
0001F5E0:  29 77 7D 93 66 2F 4D 98 - C4 33 6B 34 2E E6 42 38  )w}.f/M..3k4..B8
0001F5F0:  B5 3D 41 48 B1 42 06 71 - 82 7D C8 02 01 C4 62 06  .=AH.B.q.}....b.
0001F600:  95 49 E3 13 A4 5E 75 9E - 36 0B 9F FC FD 9E 4D 40  .I...^u.6.....M@
0001F610:  59 5A 70 B6 5C E3 86 C0 - 98 F9 E1 45 CC 78 D5 52  YZp.\......E.x.R
0001F620:  D7 76 53 2F 11 77 29 5E - A2 B2 6D 8B D3 69 46 3A  .vS/.w)^..m..iF:
0001F630:  D4 2F 61 D5 18 60 2A E3 - BA BC 3C 98 98 5E 47 1A  ./a..`*...<..^G.
0001F640:  07 2F B3 BB 03 75 E9 70 - 9C 46 EC 73 F3 8F 93 9F  ./...u.p.F.s....
0001F650:  85 87 D9 99 A5 D0 58 31 - 03 3D 93 10 2B 81 12 5B  ......X1.=..+..[
0001F660:  EC 8E FF 00 23 AB 46 F9 - 05 B2 F7 41 1B 11 00 EB  ....#.F....A....
0001F670:  5B D7 6C 5A 07 46 0F C1 - E9 43 D4 21 E9 2B B5 49  [.lZ.F...C.!.+.I
0001F680:  DA C6 4B 0D 7B 97 CB F2 - 5B A0 41 72 70 FC F6 48  ..K.{...[.Arp..H
0001F690:  3C 08 4C 2F 92 6E 5B CA - 80 FC F8 9B 63 7E 73 CE  <.L/.n[.....c~s.
0001F6A0:  0F 64 BF 85 A3 20 65 CB - ED 70 A4 E1 9C F0 21 D4  .d....e..p....!.
0001F6B0:  7E 53 5E 8E 1C 58 39 2F - BA C6 99 46 77 E6 76 F8  ~S^..X9/...Fw.v.
0001F6C0:  3B C3 BE 48 4A 0B 21 7E - C4 BA 16 BD 47 B3 4A 92  ;..HJ.!~....G.J.
0001F6D0:  EC 14 27 B7 0A DD C6 2E - 7C 39 92 4E 94 C9 66 0A  ..'.....|9.N..f.
0001F6E0:  54 A9 64 E1 12 64 39 71 - 7A 59 CC 88 DD 0B AD 26  T.d..d9qzY.....&
0001F6F0:  18 CB BE E6 31 9A 56 30 - B1 3F EB 2E 47 7D 72 D0  ....1.V0.?..G}r.
0001F700:  C5 FE DB 82 93 AB 8B BC - 36 BA F7 7F F7 0F 95 04  ........6.......
0001F710:  95 9F 3D 7F EB 7D D8 38 - D0 86 EC DB DD 90 78 09  ..=..}.8......x.
0001F720:  28 F4 DB 55 4A 38 AA B8 - 87 9E 7D 8C 25 52 C6 E1  (..UJ8....}.%R..
0001F730:  42 AE 77 4F 04 B2 1B EC - 70 B9 35 AF 57 BB C4 F1  B.wO....p.5.W...
0001F740:  A5 B4 91 6A FD E6 0F FB - 54 BB 1F 5F 60 0C 4F 02  ...j....T.._`.O.
0001F750:  40 2D 15 B2 62 E6 88 18 - E1 CA 51 7D 4C 09 47 B5  @-..b.....Q}L.G.
0001F760:  54 85 C9 E2 62 C6 1B 6B - F3 B4 F6 9B 8C 6F 68 11  T...b..k.....oh.
0001F770:  78 E2 FF 5F A3 55 18 38 - 46 40 40 F6 79 14 A8 DC  x.._.U.8F@@.y...
0001F780:  54 1A 4D 47 9F 22 6A 39 - A3 71 5F D2 D8 88 5D CF  T.MG."j9.q_...].
0001F790:  49 20 84 A8 DC 88 C5 AB - E2 89 93 4D 4D 55 03 4A  I..........MMU.J
0001F7A0:  CF 5C 65 01 FC F8 1E 6E - A5 2A 93 65 E5 A3 15 6F  .\e....n.*.e...o
0001F7B0:  A9 9A 90 FD 4C E9 BF 64 - EE E8 58 9E 0D 01 D7 61  ....L..d..X....a
0001F7C0:  8B 97 B9 48 08 87 E6 3F - 55 3B A0 45 CC E1 77 04  ...H...?U;.E..w.
0001F7D0:  C9 D1 F4 AF 1D E3 F3 2E - E1 6F F6 6E BA 8F 11 E8  .........o.n....
0001F7E0:  3A 75 B1 BE DE 47 EC 18 - 20 F4 C0 AD 01 60 AE FB  :u...G.......`..
0001F7F0:  A0 9F D1 2C 5B 5A ED A6 - 3A 57 B4 73 97 FC FD C9  ...,[Z..:W.s....
0001F800:  25 A5 D7 C4 B8 AE 62 62 - 48 CD 69 91 3A D3 1D 55  %.....bbH.i.:..U
0001F810:  81 68 31 C9 0D 5A 30 1C - 8B 27 50 E5 A2 D6 0D 66  .h1..Z0..'P....f
0001F820:  2E 7F 4E 26 76 00 DA A0 - 6A 1C 04 52 B0 68 C8 47  ..N&v...j..R.h.G
0001F830:  49 01 04 D0 33 69 89 38 - 70 6E 0A F9 B0 6B A3 25  I...3i.8pn...k.%
0001F840:  EE 16 1D 10 36 61 FD EE - 82 57 85 F6 76 07 6A 32  ....6a...W..v.j2
0001F850:  2E 24 BF F5 D7 32 1D 68 - 19 81 E4 3E A8 56 74 E0  .$...2.h...>.Vt.
0001F860:  FF BF 54 7D 1D A4 4D FE - 70 89 66 10 F5 D2 07 74  ..T}..M.p.f....t
0001F870:  52 A8 4F 9E 92 E7 F8 E4 - 21 9C 47 25 02 11 AA 7F  R.O.....!.G%....
0001F880:  75 E8 2F DF DE FB 87 8D - 5E 9B 03 17 C9 68 66 99  u./.....^....hf.
0001F890:  F2 72 57 82 B2 28 F1 D5 - 4E 46 A8 F3 48 17 7E D2  .rW..(..NF..H.~.
0001F8A0:  F3 B5 8B 4A 34 F6 CB 95 - 71 91 1E C6 6F 5B CB BF  ...J4...q...o[..
0001F8B0:  AA 40 58 AE AF 61 62 48 - 23 71 BD D1 B6 F6 6E C8  .@X..abH#q....n.
0001F8C0:  8D DE 83 72 CD C7 EF E2 - 6D 2E 8F A5 7B 8C 62 3C  ...r....m...{.b<
0001F8D0:  96 AD E2 7D 1D 40 D3 E2 - 9E 5F 6E 46 A6 20 79 E9  ...}.@..._nF..y.
0001F8E0:  FB 0D 7A A4 53 12 19 F8 - 1A C9 24 41 C2 B4 A9 E0  ..z.S.....$A....
0001F8F0:  0E 87 79 DF 0E 94 A2 4D - D9 AC 9D 36 B2 39 F4 CD  ..y....M...6.9..
0001F900:  B5 BC 52 C0 BE 98 F4 49 - 47 70 48 4B 2F BC FE 26  ..R....IGpHK/..&
0001F910:  C9 F9 DB E2 A6 97 4C 3A - 13 2B A5 E2 A8 3E F5 FF  ......L:.+...>..
0001F920:  D1 9B B2 31 EB B0 E4 32 - 04 F5 51 E7 AD 8A 00 F2  ...1...2..Q.....
0001F930:  20 16 CE 80 0E 66 8C C8 - 9C F3 E5 1B F2 BE 8B 2D  .....f.........-
0001F940:  57 3C 8F BB BF D7 16 7A - 69 AD D5 10 10 85 D1 EE  W<.....zi.......
0001F950:  45 5F 2A 6D C9 E4 9C E7 - 5B 6B 54 45 F8 D4 67 8A  E_*m....[kTE..g.
0001F960:  1F 52 D2 51 5A 10 9C 91 - 26 0C 58 A6 F5 32 E4 F0  .R.QZ...&.X..2..
0001F970:  50 1E 53 AB 63 E6 33 28 - 39 1F 24 8C 8F 22 1A B4  P.S.c.3(9.$.."..
0001F980:  7E B9 17 3D C9 CD 19 28 - 10 97 75 73 93 42 15 14  ~..=...(..us.B..
0001F990:  BC 4F 80 11 C2 29 68 5D - 7E 5A A8 92 12 3E 02 73  .O...)h]~Z...>.s
0001F9A0:  CC E1 F5 75 E0 45 D9 18 - 32 7F DB 54 8C 52 A1 45  ...u.E..2..T.R.E
0001F9B0:  38 37 35 12 B4 99 71 B7 - D4 7E 20 19 0F 8C 29 03  875...q..~....).
0001F9C0:  BE 24 48 0A 39 08 AF B3 - 3F 7C A4 00 B1 2B 25 CC  .$H.9...?|...+%.
0001F9D0:  8D 9A E5 F1 14 3A 42 B2 - B0 50 70 E6 C8 C0 37 A0  .....:B..Pp...7.
0001F9E0:  B9 52 F2 3E 6A 9C EA C6 - 76 3C 0C C5 DE 1F 13 15  .R.>j...v<......
0001F9F0:  41 89 88 AF F6 93 4A 5C - C8 6D 66 87 94 F0 60 CB  A.....J\.mf...`.
0001FA00:  F8 55 32 D8 91 83 FA 6B - 1F 4D 89 B4 7B 93 3B 60  .U2....k.M..{.;`
0001FA10:  48 F7 A5 DB 5B 24 0E B2 - D5 3B F0 58 BF AE 80 78  H...[$...;.X...x
0001FA20:  49 20 5D 6E 48 C9 30 A0 - E2 A1 8B 06 88 44 71 18  I.]nH.0......Dq.
0001FA30:  47 1C 52 C1 1E 26 9F 16 - 7F 25 29 CD D0 F0 9A C2  G.R..&...%).....
0001FA40:  86 C1 42 F6 EE 66 D6 F4 - CF 8B 4A F8 C0 A1 94 01  ..B..f....J.....
0001FA50:  12 39 56 B8 47 D3 C3 F0 - 2A 49 30 00 B9 83 2F DA  .9V.G...*I0.../.
0001FA60:  13 F5 B1 A4 4A 7F 31 3F - B8 97 0A 55 FF 9B EF 86  ....J.1?...U....
0001FA70:  66 65 25 7A 0D F7 36 93 - 52 2E 67 54 A5 44 F4 EF  fe%z..6.R.gT.D..
0001FA80:  B8 50 E0 9C 3E C2 26 92 - E1 73 E2 EE 58 22 82 F0  .P..>.&..s..X"..
0001FA90:  F4 9F B1 27 15 36 3E D9 - E1 E6 4B BC 8D 37 BB 5D  ...'.6>...K..7.]
0001FAA0:  AA B9 1C 38 CD E4 4C 1A - FE FC 50 B4 D5 54 53 37  ...8..L...P..TS7
0001FAB0:  4A BE F0 EB 59 AD 67 02 - B4 D1 6B ED F5 6C 27 BB  J...Y.g...k..l'.
0001FAC0:  A1 6F 0A 00 EA F6 4D B5 - 16 62 4C 5D 5B DE 6C CD  .o....M..bL][.l.
0001FAD0:  AD 78 6F 4F 00 5A BB 07 - BE 5D FF A7 A6 11 EF 64  .xoO.Z...].....d
0001FAE0:  09 1B 59 E7 90 9C FD B6 - 38 23 3B 9C C8 98 31 7F  ..Y.....8#;...1.
0001FAF0:  6B 80 86 92 86 3A B4 06 - 94 AB 99 66 F0 23 23 5C  k....:.....f.##\
0001FB00:  B9 5D F2 C4 82 16 DE 0D - 5C 4D 6E 3A 11 40 C7 7A  .]......\Mn:.@.z
0001FB10:  3F 4D 2D E5 52 8A 32 90 - CA FE 82 BD 32 7B 8F C5  ?M-.R.2.....2{..
0001FB20:  AE F0 59 B8 55 CF 2D 4C - D2 32 DD E4 37 26 81 D1  ..Y.U.-L.2..7&..
0001FB30:  FA 09 AB 1F E6 F2 A3 1F - 99 26 0D B7 6B A3 CC 92  .........&..k...
0001FB40:  EA B7 FE 35 C4 5E 01 F8 - F0 C7 68 B7 98 64 11 1C  ...5.^....h..d..
0001FB50:  43 A5 D8 5A 3E 59 36 C0 - 43 BD CE CD C7 A1 A2 9E  C..Z>Y6.C.......
0001FB60:  D5 D8 EB 2B 1A F2 FC 30 - D4 67 99 F8 9A DB 83 7B  ...+...0.g.....{
0001FB70:  D7 9E 56 BD 2A 36 48 57 - 40 00 2E 4F 4A 13 46 85  ..V.*6HW@..OJ.F.
0001FB80:  67 1E 58 51 03 CD 2F 05 - BE 1B 34 6A 96 15 1C 41  g.XQ../...4j...A
0001FB90:  9E C2 30 72 B2 EF 5F 79 - BC 98 12 56 BD 08 11 CA  ..0r.._y...V....
0001FBA0:  5B BA 08 DA 38 E5 EB C6 - 93 CA B8 CF 70 25 89 67  [...8.......p%.g
0001FBB0:  1B A5 27 31 26 55 38 E0 - 85 53 39 06 2A 81 E2 38  ..'1&U8..S9.*..8
0001FBC0:  8D B7 AD D8 0F 4F 25 41 - A9 F1 C1 70 0B A6 7A F9  .....O%A...p..z.
0001FBD0:  C0 77 22 DE F2 C7 EB 28 - 5B 46 C4 40 B6 82 DF 2C  .w"....([F.@...,
0001FBE0:  C9 1B 31 B1 65 8A 7B 68 - 69 BA 6C AB 03 26 AB DC  ..1.e.{hi.l..&..
0001FBF0:  32 67 F4 3F 3D 80 2C 91 - 9C F5 3F 3A A0 CE BC 07  2g.?=.,...?:....
0001FC00:  11 C1 31 57 B0 A4 AD 49 - 47 D8 F1 35 F1 D6 CB 84  ..1W...IG..5....
0001FC10:  AD 06 64 63 CE 5E 1F 63 - EB 31 14 49 FD CB 6C 1D  ..dc.^.c.1.I..l.
0001FC20:  B2 E3 5A E5 95 B9 8C 17 - F4 2C D8 0F 63 B5 10 AD  ..Z......,..c...
0001FC30:  72 EA 33 C4 58 09 68 E6 - D4 E8 6F 2B 77 E4 6F CC  r.3.X.h...o+w.o.
0001FC40:  57 89 55 FE 08 09 19 75 - E1 A9 D0 ED 0F 81 73 F8  W.U....u......s.
0001FC50:  79 7B E2 C0 FB F4 D2 CB - 31 6B 58 2A 54 E1 AE 45  y{......1kX*T..E
0001FC60:  EF 93 61 96 3E 28 D7 5D - 1B C1 C8 B3 9D 13 1B 79  ..a.>(.].......y
0001FC70:  45 C5 C6 84 84 B8 1C 37 - 32 B3 F0 2D C7 BD 17 FA  E......72..-....
0001FC80:  C8 AB D0 71 F2 16 87 8B - AA 3D D8 FB C4 3A AD 09  ...q.....=...:..
0001FC90:  7C 45 E0 8E 4F C8 3C 6C - 45 6B 7B 26 AC 58 72 38  |E..O.<lEk{&.Xr8
0001FCA0:  49 1B B8 8E 53 8D C8 93 - B2 AA 7C CA 46 16 EC 8B  I...S.....|.F...
0001FCB0:  B5 66 60 86 13 4F E7 B8 - BE E0 28 F7 C1 EE 8F A2  .f`..O....(.....
0001FCC0:  46 44 74 D3 DD 68 0B EB - 0D 5B 27 09 95 5E E7 98  FDt..h...['..^..
0001FCD0:  05 B6 7B C4 19 AC 4A F5 - A0 5F 69 18 8D A2 E1 09  ..{...J.._i.....
0001FCE0:  09 63 E8 A4 FC 31 4A 79 - FA 1E E6 57 B4 22 F3 66  .c...1Jy...W.".f
0001FCF0:  A4 84 13 D7 81 4B E8 9F - A1 4B 2D 22 3D AC 08 F3  .....K...K-"=...
0001FD00:  9A EA 64 5C 8E D9 47 E0 - 0C 10 01 AF 84 89 AB 5D  ..d\..G........]
0001FD10:  7E 9E F9 39 40 76 11 13 - FD 17 93 18 4C 79 DA CF  ~..9@v......Ly..
0001FD20:  B7 E3 90 10 57 8E 35 AE - 78 2C F1 DA 5E D6 B0 60  ....W.5.x,..^..`
0001FD30:  5C FA 36 41 31 44 DB 20 - C4 59 90 DE EF B1 5F FD  \.6A1D...Y...._.
0001FD40:  0D 1E 36 19 10 3E C7 BC - DB B8 BB 6D 7A 2A 7B 90  ..6..>.....mz*{.
0001FD50:  23 6D DD 67 2C 4D 0D E8 - A2 A7 51 B2 D2 F7 69 EA  #m.g,M....Q...i.
0001FD60:  AC E1 B2 B1 CA 01 BD 95 - 28 30 4A 3F 4C B3 ED CF  ........(0J?L...
0001FD70:  F4 C2 DD 15 65 11 F6 A5 - 8A 1E 14 5E 5D AE 90 76  ....e......^]..v
0001FD80:  8B 96 93 E8 E8 D8 55 A3 - 56 70 5F 99 16 28 B0 D3  ......U.Vp_..(..
0001FD90:  4F 9B 25 3D 68 72 78 FB - 7B C5 6C 1E FB 77 B0 C4  O.%=hrx.{.l..w..
0001FDA0:  D7 B7 FA AE AF D9 AF 8E - FC 63 57 1F 40 30 4E 16  .........cW.@0N.
0001FDB0:  41 AE 54 8F 9B D6 D3 2A - D0 B9 18 CF 03 D5 5E 27  A.T....*......^'
0001FDC0:  FB B2 D6 A2 6A 5E A1 5E - 90 F1 01 F8 98 9A 68 39  ....j^.^......h9
0001FDD0:  CD 55 B9 D2 2F 08 9D 7A - 2B 6A 94 37 39 A2 EC B5  .U../..z+j.79...
0001FDE0:  A1 68 7F 0A AA 74 08 5D - 98 12 27 0F 69 55 81 54  .h...t.]..'.iU.T
0001FDF0:  66 71 3C 20 88 58 20 C5 - F7 5A FE B7 C2 F2 96 71  fq<..X...Z.....q
0001FE00:  69 D7 74 08 B5 BD 8E 73 - 8D A8 6E 6F BF 11 5F 54  i.t....s..no.._T
0001FE10:  35 01 65 9A DC 67 BC 87 - 85 B5 01 E9 FB 5A 05 E1  5.e..g.......Z..
0001FE20:  37 1E FF 9B 49 9E AC FF - 2D 42 CB 80 A1 F7 6E 57  7...I...-B....nW
0001FE30:  71 DE 4E E6 81 A2 61 55 - D5 87 37 17 74 CD C9 30  q.N...aU..7.t..0
0001FE40:  F8 25 0F D5 64 B8 F7 13 - 69 57 F2 E5 73 F6 3F 39  .%..d...iW..s.?9
0001FE50:  28 0D 0D F1 CA A4 1F 9F - 5E 2B AF F8 97 D0 C6 70  (.......^+.....p
0001FE60:  71 28 DA 7C 09 FD B5 CC - 14 B5 EC DC C3 98 9B 4D  q(.|...........M
0001FE70:  56 C5 36 EE D5 28 B9 08 - DE 3E 38 2C 03 56 0C C8  V.6..(...>8,.V..
0001FE80:  69 FF 36 B8 83 36 BF CB - 0D EF 9C 26 E8 49 91 C3  i.6..6.....&.I..
0001FE90:  50 B2 9E 9B 99 30 88 7D - 31 7D EE 48 D5 01 F0 36  P....0.}1}.H...6
0001FEA0:  6D F7 94 B1 71 20 79 52 - 30 AD A4 3E B2 7C E7 58  m...q.yR0..>.|.X
0001FEB0:  CC 4E E7 37 6B FC 52 C1 - 5E D6 8B AB E4 FA E2 12  .N.7k.R.^.......
0001FEC0:  82 A7 98 01 96 72 5B AD - 3A 69 8A 23 DE EB AC 4F  .....r[.:i.#...O
0001FED0:  A4 39 E0 0B 1F 2C D2 02 - F6 28 B5 91 6B 41 C2 2E  .9...,...(..kA..
0001FEE0:  2D C2 9D DE 19 4E 5A B1 - D2 E1 B0 A2 D5 BF 32 36  -....NZ.......26
0001FEF0:  CD DE D1 C9 16 DC 3B 95 - 57 C9 58 5A 27 A9 58 85  ......;.W.XZ'.X.
0001FF00:  C7 9D C6 4F 45 29 74 E0 - 56 F3 D2 FF 8E DD 40 8C  ...OE)t.V.....@.
0001FF10:  BD 0C 15 C0 A3 AB 64 BC - 59 BA 39 01 70 0F B3 04  ......d.Y.9.p...
0001FF20:  2C B8 2E AF 5E E6 8D 6D - 0B 92 B2 BF 43 7B 15 10  ,...^..m....C{..
0001FF30:  16 EA 9F BC 21 5A 5D 73 - 35 71 E1 3E 8D CD 19 04  ....!Z]s5q.>....
0001FF40:  DE 4B 76 AF 20 03 85 E1 - 5D 8F 07 D1 AC DE 02 4C  .Kv.....]......L
0001FF50:  F4 98 09 D9 D5 17 9F A2 - F5 9D 68 9B C4 20 AD 77  ..........h....w
0001FF60:  F0 3B 7B 4C 65 FB E4 DA - 77 58 CB 38 F9 B3 83 12  .;{Le...wX.8....
0001FF70:  65 1C 00 9E B8 20 17 33 - 4D D3 D0 B8 8F 57 D3 2D  e......3M....W.-
0001FF80:  7F 9A B3 FC 18 CF 56 77 - 45 C7 6B 25 8A 73 7E A7  ......VwE.k%.s~.
0001FF90:  F8 21 75 55 08 BF 02 B7 - 29 4F F5 AD A7 F2 23 6E  .!uU....)O....#n
0001FFA0:  F6 DB 74 54 EA 2C B5 E8 - 6A 7E 25 81 7A 30 DF D1  ..tT.,..j~%.z0..
0001FFB0:  48 51 5D 4C B5 D6 23 96 - D7 CD 06 9B 36 22 33 47  HQ]L..#.....6"3G
0001FFC0:  D3 70 8A 15 E5 9E EE 46 - 95 7A D7 40 6E FA 76 42  .p.....F.z.@n.vB
0001FFD0:  42 06 FD 62 A6 15 A2 B5 - 7C B6 92 E6 82 37 43 1D  B..b....|....7C.
0001FFE0:  B7 03 93 16 F6 90 D0 49 - 4E 5A 44 CA 9C 15 F4 20  .......INZD.....
0001FFF0:  F4 31 AD EB 58 5F 2D B3 - 5D 6C 5A 60 2A A1 F9 C8  .1..X_-.]lZ`*...
00020000:  32 D4 32 B7 12 8D 13 A1 - 8F 62 3A 04 12 1F 76 39  2.2......b:...v9
00020010:  30 BC 23 18 49 E8 FA 9B - 5E 7B 6A 95 57 7D 1F A9  0.#.I...^{j.W}..
00020020:  8C A2 91 BD A9 EC 25 D0 - 64 D8 D8 1B 46 81 D1 15  ......%.d...F...
00020030:  17 3F D5 96 73 26 AB 5E - 24 C6 12 A6 BF F7 79 2A  .?..s&.^$.....y*
00020040:  BF F9 9D 95 96 AC D5 2A - 59 05 9F 4B D6 92 A2 BC  .......*Y..K....
00020050:  E0 69 18 24 02 47 F8 44 - CF E2 9E 8C 49 F4 82 F8  .i.$.G.D....I...
00020060:  43 F2 B5 6F AE 63 38 53 - EF 0E 94 30 11 9B 87 79  C..o.c8S...0...y
00020070:  10 E8 CE 26 A2 C7 7C F7 - F4 9D EB 6A 9C 07 50 18  ...&..|....j..P.
00020080:  04 75 61 5C CC 24 B4 48 - FE B1 26 5D 9E D0 CD 8E  .ua\.$.H..&]....
00020090:  0B 4C 2A A0 82 5F D6 F1 - 01 C0 EE 6C C7 22 68 45  .L*.._.....l."hE
000200A0:  A9 64 E1 9B 49 F7 E9 62 - E7 15 6A 0E E7 0A EF FD  .d..I..b..j.....
000200B0:  AD 0D 24 D4 D1 FF 15 B9 - B3 33 A0 74 4B 39 E7 BE  ..$......3.tK9..
000200C0:  02 67 3B 81 81 4F F1 C3 - A7 C6 FC 05 9E 7B 84 4A  .g;..O.......{.J
000200D0:  BC 5D D7 14 76 D0 5C C7 - E7 7F 0C F1 CD 56 FE 47  .]..v.\......V.G
000200E0:  04 C5 98 11 86 1C 78 88 - 73 47 7F BF D2 42 9C E0  ......x.sG...B..
000200F0:  88 CF 35 15 0D 24 3C 83 - AE A9 FF 97 0F D5 53 BF  ..5..$<.......S.
00020100:  AF 78 0D E8 0E F1 A6 06 - AD 7E B3 A9 16 5C C6 67  .x.......~...\.g
00020110:  8C FB EB 32 66 E1 E4 80 - 02 1B E4 F1 17 5D 41 7E  ...2f........]A~
00020120:  76 66 42 05 51 67 6E AF - 4D 00 6A AD 36 5B 06 08  vfB.Qgn.M.j.6[..
00020130:  41 F6 C0 6A 21 50 5E F0 - 40 CC 95 2D 94 DD 21 D7  A..j!P^.@..-..!.
00020140:  95 6D 58 62 AA 5A 53 5A - 95 34 CE 36 04 15 BA 26  .mXb.ZSZ.4.6...&
00020150:  34 02 A8 87 EC 67 7B 55 - 2F 00 56 38 75 D2 10 D6  4....g{U/.V8u...
00020160:  5A E8 00 15 CD 3C F6 4D - 7E 1D ED DB FE 06 E2 73  Z....<.M~......s
00020170:  E5 5D 3E DD 7F FD 61 00 - F7 1B F2 86 D9 DC 29 43  .]>...a.......)C
00020180:  02 84 22 FE 37 A8 E2 44 - AA C9 77 E6 C6 BA 0E 26  ..".7..D..w....&
00020190:  15 AC 68 74 27 6B 0D B2 - 48 DE 5A B5 44 3D F5 7F  ..ht'k..H.Z.D=..
000201A0:  24 AF 3F 2B 44 43 0A 39 - 14 D8 59 AF 06 9C 33 2D  $.?+DC.9..Y...3-
000201B0:  E5 A5 DB 8A 6C E3 28 9D - 5C 41 E2 0A 21 90 A0 F5  ....l.(.\A..!...
000201C0:  47 04 50 A6 57 39 3C 75 - D4 40 D6 31 86 A3 A6 FC  G.P.W9<u.@.1....
000201D0:  AA 4C 84 D9 5A 28 59 09 - 6C 14 FA 84 11 A5 DC 5B  .L..Z(Y.l......[
000201E0:  33 20 92 85 22 44 2D 64 - DE F2 8F CD 87 A2 A6 A5  3..."D-d........
000201F0:  80 D3 C6 2E FA 6E AC DB - 9B 12 08 67 2E FA E4 59  .....n.....g...Y
00020200:  40 3B A9 DB D9 98 F1 08 - 3E 1B B9 1E 91 6A 52 17  @;......>....jR.
00020210:  98 A6 7A 6C 64 F5 DC BD - 1F 76 63 D8 25 85 3E D7  ..zld....vc.%.>.
00020220:  E2 B5 5C 0F FB AE B4 68 - 84 6F 33 F5 92 08 DD E8  ..\....h.o3.....
00020230:  69 28 4C 8E 0B D2 77 35 - 32 4D 85 97 04 36 98 E7  i(L...w52M...6..
00020240:  2F B8 0F 58 DD 05 49 62 - 24 73 28 49 BF 45 53 C5  /..X..Ib$s(I.ES.
00020250:  25 3F 88 6D D8 12 A0 43 - 86 68 60 0E 08 98 1C 31  %?.m...C.h`....1
00020260:  8A 8A D8 F5 46 22 0D E1 - 0D B7 38 9E DD 5D 28 DC  ....F"....8..](.
00020270:  03 A7 FC 6F 46 E0 C7 D4 - F5 04 7F A7 02 00 70 C0  ...oF.........p.
00020280:  EB 9E 9E 1A 5D 52 EF 79 - 36 72 B0 9A 60 3D 27 77  ....]R.y6r..`='w
00020290:  9F 67 AA C9 90 38 FB FA - A4 31 EF B4 0C DE 62 E3  .g...8...1....b.
000202A0:  9A 3A 70 30 15 98 5A D2 - 97 C0 3F E6 6B ED 8A 4C  .:p0..Z...?.k..L
000202B0:  B2 5C A7 DF 33 8A 21 5F - 44 96 6C 60 69 06 95 89  .\..3.!_D.l`i...
000202C0:  60 7F 39 D7 FA 6F 42 39 - B2 E4 4F E5 15 10 3F CD  `.9..oB9..O...?.
000202D0:  9D 8D CC 7E 57 52 0F FD - 5A 66 CC 67 19 8D 4F AD  ...~WR..Zf.g..O.
000202E0:  D5 76 01 C5 9D B0 50 32 - CE DE F5 F8 EC 79 18 0B  .v....P2.....y..
000202F0:  D4 5A C6 E8 FA AE 8A D8 - CF FB 0B D3 BD EC 5A 23  .Z............Z#
00020300:  B0 7C 48 FB 0A 90 38 24 - D5 03 D8 CA C8 12 AA 16  .|H...8$........
00020310:  DC B6 02 7F 60 3D 99 E9 - 27 F6 9F FC 59 65 C9 26  ....`=..'...Ye.&
00020320:  2A 3D 6B 9B C2 FA 0A C8 - 55 00 57 3A B0 27 65 E1  *=k.....U.W:.'e.
00020330:  66 F8 26 B6 CD 87 88 56 - DA 66 5E E3 26 8E 31 62  f.&....V.f^.&.1b
00020340:  BD A3 EB 31 5A 02 67 B4 - C8 8A BF 51 7C 39 E1 81  ...1Z.g....Q|9..
00020350:  92 9B 4E F7 95 3B 2A 43 - 6A 43 8D A3 83 03 FB 1D  ..N..;*CjC......
00020360:  6C 0A 54 70 83 87 C9 B6 - 3A D1 42 48 F8 BE 88 C0  l.Tp....:.BH....
00020370:  CE 8A 6F AE D7 B4 5F D4 - 31 5D E6 1D 5E 40 A4 4B  ..o..._.1]..^@.K
00020380:  4D 4B C5 6C 6B 12 5C 47 - 99 1C DC E3 23 01 44 9D  MK.lk.\G....#.D.
00020390:  0E 84 7A CE 10 68 F8 67 - CC 90 8E 4F 19 04 2C FA  ..z..h.g...O..,.
000203A0:  72 68 37 EF 09 B0 BE 30 - A0 6C 98 86 33 B0 9F 66  rh7....0.l..3..f
000203B0:  6E 26 77 9A 59 F8 B9 D0 - C6 9C 99 24 2C 07 96 F1  n&w.Y......$,...
000203C0:  35 6D DD A7 23 7A F8 5C - DD 69 49 50 45 2A A1 2E  5m..#z.\.iIPE*..
000203D0:  33 57 61 B0 F6 64 E8 F4 - ED 10 01 FE DE 27 5E E4  3Wa..d.......'^.
000203E0:  2F C3 1D 9F 6A 8D 59 D3 - E7 F6 53 7C 04 FC 0D 0A  /...j.Y...S|....
000203F0:  65 6E 64 73 74 72 65 61 - 6D 0D 65 6E 64 6F 62 6A  endstream.endobj
00020400:  0D 31 20 30 20 6F 62 6A - 0D 3C 3C 2F 43 6F 6E 74  .1.0.obj.<</Cont
00020410:  65 6E 74 73 20 32 20 30 - 20 52 2F 43 72 6F 70 42  ents.2.0.R/CropB
00020420:  6F 78 5B 30 20 30 20 36 - 31 32 20 37 39 32 5D 2F  ox[0.0.612.792]/
00020430:  4D 65 64 69 61 42 6F 78 - 5B 30 20 30 20 36 31 32  MediaBox[0.0.612
00020440:  20 37 39 32 5D 2F 50 61 - 72 65 6E 74 20 32 33 20  .792]/Parent.23.
00020450:  30 20 52 2F 52 65 73 6F - 75 72 63 65 73 20 31 37  0.R/Resources.17
00020460:  20 30 20 52 2F 52 6F 74 - 61 74 65 20 30 2F 54 79  .0.R/Rotate.0/Ty
00020470:  70 65 2F 50 61 67 65 3E - 3E 0D 65 6E 64 6F 62 6A  pe/Page>>.endobj
00020480:  0D 32 20 30 20 6F 62 6A - 0D 3C 3C 2F 46 69 6C 74  .2.0.obj.<</Filt
00020490:  65 72 2F 46 6C 61 74 65 - 44 65 63 6F 64 65 2F 4C  er/FlateDecode/L
000204A0:  65 6E 67 74 68 20 32 33 - 38 34 3E 3E 73 74 72 65  ength.2384>>stre
000204B0:  61 6D 0D 0A 4D 19 EA 97 - D5 8C BA 8F 24 5C C5 71  am..M.......$\.q
000204C0:  93 95 E0 F0 33 C1 CA 71 - 2A 31 F4 A7 63 77 A6 12  ....3..q*1..cw..
000204D0:  AD 07 28 53 8C C2 64 0B - BB 28 FB BB F7 FA 34 80  ..(S..d..(....4.
000204E0:  E6 46 6A E0 BB E3 09 CB - C9 AF 26 3D 21 4C 41 E2  .Fj.......&=!LA.
000204F0:  00 34 35 E4 04 BF 09 7C - 5D F5 AE 55 41 28 A1 D9  .45....|]..UA(..
00020500:  9B EC 0A 32 B0 BE D9 4C - 3C 5C 10 6D 0E 65 50 0E  ...2...L<\.m.eP.
00020510:  C4 62 B9 9F 0F 82 73 10 - 17 8C 78 67 B5 24 6B 87  .b....s...xg.$k.
00020520:  F7 96 DB E3 BE FF 51 08 - 43 2B 25 60 8D 51 2E 26  ......Q.C+%`.Q.&
00020530:  05 FD D7 55 94 67 41 EF - 20 5D FE FB F7 14 62 B2  ...U.gA..]....b.
00020540:  84 B0 FF F2 6D DF 1D 1A - 27 43 35 0F 5D 69 4B A4  ....m...'C5.]iK.
00020550:  A3 71 4E 9F C5 E7 8A 53 - 10 EB 3C 07 C0 BE BB 54  .qN....S..<....T
00020560:  BB B0 A2 D2 32 06 B2 0A - 6E A5 D7 0B B4 7E BE 21  ....2...n....~.!
00020570:  09 9D E2 01 A8 0C 6F 7E - 90 5C C9 28 71 E7 3B 0E  ......o~.\.(q.;.
00020580:  4C 03 CD D0 59 EF F6 55 - 94 97 50 E7 84 4D EE FA  L...Y..U..P..M..
00020590:  1F 4D F2 7D DA 79 B9 E1 - 7A D7 62 01 3E BC D7 F9  .M.}.y..z.b.>...
000205A0:  04 59 FD 34 3E 7E BC C7 - 73 48 71 DF B8 08 A9 0A  .Y.4>~..sHq.....
000205B0:  6B 0B AC 83 7C 29 CB 65 - 25 22 81 AA 97 C3 DF 21  k...|).e%".....!
000205C0:  86 0F 83 49 E7 FE 1D 8D - 2C 44 66 BC 4D AF 9D C1  ...I....,Df.M...
000205D0:  A0 4A 6E D2 C0 4C E9 92 - 7F 21 D8 D5 3A 1B A5 F8  .Jn..L...!..:...
000205E0:  21 52 DB A9 DE 73 F5 CD - 0D FB 3E 58 FE 99 67 98  !R...s....>X..g.
000205F0:  15 16 F0 5A 48 67 B5 5E - 86 2B 11 3B B9 EE 75 0F  ...ZHg.^.+.;..u.
00020600:  0B 79 26 83 A2 35 8F 3E - 31 CB 64 4E BB 76 AC BF  .y&..5.>1.dN.v..
00020610:  5E 32 F8 63 18 BA CA 40 - 09 F9 95 F5 AA E8 EB BA  ^2.c...@........
00020620:  09 3F B1 27 2F 0F 0C C7 - 78 35 A9 10 93 B3 25 DA  .?.'/...x5....%.
00020630:  15 80 04 9C F3 97 10 63 - 1B E0 C2 09 68 B6 DD E0  .......c....h...
00020640:  E4 73 D7 C0 80 25 16 20 - EC 06 FC 4F 50 63 CE C6  .s...%.....OPc..
00020650:  6C 7E 84 91 A6 18 23 CA - 66 79 6F CF C3 F3 7D 8D  l~....#.fyo...}.
00020660:  AA 4A 21 0E 10 39 6B DC - 8E 7E 5E DC FB 38 73 EA  .J!..9k..~^..8s.
00020670:  02 56 E9 BE 38 33 F6 C1 - CB 83 3D EC 01 37 C3 00  .V..83....=..7..
00020680:  A6 C8 C4 98 7B CE 31 3C - D0 69 13 2C ED EB 41 1A  ....{.1<.i.,..A.
00020690:  6D 0C 67 6D D5 59 F9 8E - 62 AC 36 8D 61 74 11 3F  m.gm.Y..b.6.at.?
000206A0:  21 89 50 E9 7A B3 C1 E5 - 19 7E BE 61 5D D9 83 5E  !.P.z....~.a]..^
000206B0:  7A DB E8 82 C6 CA F7 2D - 4B EB 4C D7 E0 54 5D 9D  z......-K.L..T].
000206C0:  E6 C5 F6 7A 4E 71 0B 0B - A5 9D CD 26 2A 44 91 E0  ...zNq.....&*D..
000206D0:  7D 1A E4 63 98 DA 73 4C - 0C 9F 11 CF 8E 62 6B 72  }..c..sL.....bkr
000206E0:  33 BD 85 B2 A8 77 82 6D - D0 61 BF 9A 16 E2 BD A6  3....w.m.a......
000206F0:  37 82 7B E9 1B C3 7E 45 - C2 8B 13 91 8A 6D 5E CC  7.{...~E.....m^.
00020700:  FB BC 7D F6 FB 61 0E DD - 88 7F DB 85 3D 38 5B 73  ..}..a......=8[s
00020710:  9C D5 7B 38 A9 9D 0F 87 - 2E 1C 85 79 42 DC 2B 67  ..{8.......yB.+g
00020720:  DB 68 AE 03 5C C3 5C 2F - A0 EF 32 2D 95 25 48 65  .h..\.\/..2-.%He
00020730:  F8 ED 8A 1B E1 E1 84 66 - 93 FC 6B 22 82 6C 5F 04  .......f..k".l_.
00020740:  13 AA D1 0C D8 F6 5F D0 - 48 26 37 D3 EF 48 D0 E0  ......_.H&7..H..
00020750:  AC D0 FD A0 56 21 55 6E - B7 DE 14 CB 4C 54 0D 5E  ....V!Un....LT.^
00020760:  F3 66 8A 52 B2 1D 06 66 - 71 41 87 BF FB E3 E6 AC  .f.R...fqA......
00020770:  CD 94 6B 2B E1 5E 35 40 - BC A7 ED 81 12 87 B1 EF  ..k+.^5@........
00020780:  B0 A0 80 F5 A2 B8 92 58 - 8C 14 4A 4D 75 41 74 46  .......X..JMuAtF
00020790:  60 81 A3 B4 EA FF 45 8C - 8E 02 4E 43 9D 74 26 44  `.....E...NC.t&D
000207A0:  42 DA 58 07 F2 04 5E C4 - 8A C7 17 E7 3A FD 5E 25  B.X...^.....:.^%
000207B0:  39 C0 A2 E1 01 0A DF 41 - B5 BD FE 0C 21 6C F5 91  9......A....!l..
000207C0:  91 7B 06 DA F2 53 15 94 - EB 48 3A B7 DE 2C 7D 30  .{...S...H:..,}0
000207D0:  11 59 5C 9D 3E 5B A1 63 - 52 99 FA 2C 09 33 F6 D9  .Y\.>[.cR..,.3..
000207E0:  37 BF 6C FF 8B F6 65 12 - 64 36 79 C7 09 E2 1D C0  7.l...e.d6y.....
000207F0:  9B 51 A8 53 9A 59 C7 49 - CF 82 0C 94 B6 96 82 FC  .Q.S.Y.I........
00020800:  BD 77 09 F3 05 A1 18 97 - 94 3A 88 3F 9E B6 37 75  .w.......:.?..7u
00020810:  AE 92 8B D1 7A 49 0B 28 - 11 D0 87 7A FE C5 FF 51  ....zI.(...z...Q
00020820:  CB 4B 4D 8D DC 52 FC 28 - EF 3F C0 5C 47 68 20 96  .KM..R.(.?.\Gh..
00020830:  61 14 FF EC AA 16 21 16 - 47 E1 6A AB DC AF A5 29  a.....!.G.j....)
00020840:  0E 9B 85 D3 8B CC CC F4 - 5C C2 51 77 19 E0 94 39  ........\.Qw...9
00020850:  AE 1A 7A 3B 76 F4 3F 24 - 57 30 5B 64 5C 19 52 7F  ..z;v.?$W0[d\.R.
00020860:  2F 1B 52 E7 70 C7 9A DC - 2F 50 17 10 75 52 24 41  /.R.p.../P..uR$A
00020870:  CF 45 C3 F2 D8 A9 FA 69 - 5E 76 D6 0A 65 D0 CB 06  .E.....i^v..e...
00020880:  52 F7 0A 93 F7 35 3A 18 - 84 B5 10 D4 6C 45 88 45  R....5:.....lE.E
00020890:  40 26 17 41 87 68 84 60 - 40 C8 6F E3 55 66 A3 3D  @&.A.h.`@.o.Uf.=
000208A0:  25 14 71 3E DA D7 E4 B2 - 56 AB 76 67 72 AA 52 33  %.q>....V.vgr.R3
000208B0:  A7 24 88 96 12 15 1A 8C - D8 17 1F 8E 43 1D BF 37  .$..........C..7
000208C0:  17 EE 6D B9 CB AA 65 67 - D4 35 99 4C E6 86 BA 3F  ..m...eg.5.L...?
000208D0:  4D 32 43 CE 64 46 96 34 - 3D 5A 65 D8 74 91 47 55  M2C.dF.4=Ze.t.GU
000208E0:  47 28 3F 49 74 B2 FC 18 - 6C AB DA 10 F9 B3 1B 95  G(?It...l.......
000208F0:  A6 0F 92 28 16 B5 6A EC - 86 B8 DC B6 81 D1 05 F3  ...(..j.........
00020900:  5F 7F 4E B5 07 32 8B F5 - E8 EE 7C F7 7A AF F0 DC  _.N..2....|.z...
00020910:  17 41 6C E4 A2 9C 37 EC - 26 B4 57 A1 15 D8 F7 E6  .Al...7.&.W.....
00020920:  AC 88 1D FB 6A BA 36 7A - F9 DA 2F D7 4A 4E 99 F4  ....j.6z../.JN..
00020930:  74 66 47 8C F3 CD 60 8C - 96 F3 6D CB CE 58 DF E3  tfG...`...m..X..
00020940:  C8 35 1B 7B ED F8 3F 01 - 56 03 F0 93 2E 44 88 70  .5.{..?.V....D.p
00020950:  2F A5 BA E5 BB 75 ED B6 - E1 A0 4C 50 2F 58 5E E9  /....u....LP/X^.
00020960:  06 66 31 8B 06 0A D2 FD - 67 93 17 18 AA 44 AD 26  .f1.....g....D.&
00020970:  13 EF 33 A0 F5 7B DF C4 - E2 BB 3F 41 AB 06 95 69  ..3..{....?A...i
00020980:  41 3B 87 29 B8 37 13 57 - C8 23 72 1D 32 79 08 C2  A;.).7.W.#r.2y..
00020990:  D5 39 C2 60 62 14 3F DC - 1E 86 0A 13 CD 60 25 A0  .9.`b.?......`%.
000209A0:  4D 41 34 76 50 30 C0 C9 - 40 55 6D E7 BC 56 30 71  MA4vP0..@Um..V0q
000209B0:  76 BF 97 3F A2 0D F1 0D - DC 53 C7 37 FF 37 14 0C  v..?.....S.7.7..
000209C0:  58 C8 10 B9 6D 47 07 DB - 36 2C F8 61 B1 89 FF 27  X...mG..6,.a...'
000209D0:  7B 73 5B 13 C6 4C 13 1F - E7 FA 6D 93 99 3F 35 58  {s[..L....m..?5X
000209E0:  05 E3 0A 0A FD 56 54 A9 - 3A 54 77 81 B5 E8 71 A0  .....VT.:Tw...q.
000209F0:  FC A1 D7 71 53 F6 1D 42 - 56 5C 74 24 A5 5F 93 2B  ...qS..BV\t$._.+
00020A00:  3B C9 AF 00 69 AC E1 A7 - 44 37 79 97 63 3F 44 7E  ;...i...D7y.c?D~
00020A10:  B0 51 B8 DC 46 46 38 3D - 69 32 B5 C1 93 37 AB 25  .Q..FF8=i2...7.%
00020A20:  FF 60 8B 41 2A F0 28 A0 - D3 8D C6 8C 74 EE CD DC  .`.A*.(.....t...
00020A30:  8A 97 16 60 4E 44 DD E8 - B0 E0 EF C3 86 D5 5C 36  ...`ND........\6
00020A40:  68 8D 36 79 08 90 4C 9D - DD 68 C6 D1 19 4C D4 DE  h.6y..L..h...L..
00020A50:  63 7C CD 3B 4C C4 34 ED - 9E 2E 06 4D BA D0 1C FB  c|.;L.4....M....
00020A60:  7D 0C B4 88 83 64 F6 F8 - 49 22 78 5F 2E F9 6E 58  }....d..I"x_..nX
00020A70:  98 0A F1 1A 2E 86 7A 80 - 08 DE 60 D3 CA 3F 8F 8A  ......z...`..?..
00020A80:  25 F4 05 2F 0F 47 3C AC - 12 A4 3E AA 01 D4 1D 67  %../.G<...>....g
00020A90:  BF 4C 88 11 D6 9E A4 7F - 7E CC 15 EF E5 18 D2 6B  .L......~......k
00020AA0:  CF FF D8 38 E6 C3 FB 07 - 17 C9 73 F1 41 3B 75 06  ...8......s.A;u.
00020AB0:  05 82 2E 48 9A 18 EC 7C - FA 74 34 EE 4D F9 77 CA  ...H...|.t4.M.w.
00020AC0:  43 D9 3B D6 11 4E 2C 96 - 1C 4E 75 DB 63 12 18 CD  C.;..N,..Nu.c...
00020AD0:  35 71 0D 67 50 7E 6E 65 - D1 7E 9D 6B ED 00 2E A3  5q.gP~ne.~.k....
00020AE0:  85 B5 79 46 CD 68 D0 03 - 75 E3 A0 76 FE 2A 32 C3  ..yF.h..u..v.*2.
00020AF0:  3E D7 98 27 78 18 F3 74 - C6 BE 0F 0C D3 19 E9 47  >..'x..t.......G
00020B00:  02 E4 8D 68 2F CD A0 1F - D9 C3 87 AD 39 EC 90 76  ...h/.......9..v
00020B10:  B5 70 38 65 4C 1A DF CD - D4 C8 7B 91 39 BC 64 3C  .p8eL.....{.9.d<
00020B20:  37 6F B2 FA 81 94 AA 33 - 84 F3 0D 31 04 C7 E7 09  7o.....3...1....
00020B30:  BA E6 5F 2B B0 DF 78 8E - 69 D8 1C 3C FC C6 EC 55  .._+..x.i..<...U
00020B40:  7F 13 9D F3 7F C0 1A A7 - 8B 42 21 50 1C 25 0D 33  .........B!P.%.3
00020B50:  35 E7 8E 94 80 79 93 44 - 34 39 21 48 B4 B0 53 1E  5....y.D49!H..S.
00020B60:  5A 2B 86 10 92 0B 2C E4 - 85 C2 02 B6 0E 27 3A C3  Z+....,......':.
00020B70:  0B FD C8 8C 4F 05 B6 B8 - 9F 8F A9 BB C4 AC 9C A0  ....O...........
00020B80:  58 51 A2 AC 97 B8 65 2E - BC 5D F4 58 B4 04 7D 1F  XQ....e..].X..}.
00020B90:  2C 93 37 E8 7C DB CF 2E - 11 97 8E A6 6A 8B 59 AA  ,.7.|.......j.Y.
00020BA0:  4E FD F0 BC 9C E2 37 05 - 15 67 A0 F4 3B 22 4A E6  N.....7..g..;"J.
00020BB0:  4E 37 E2 C5 CA 91 87 AD - 29 7E 14 63 D9 3E F4 95  N7......)~.c.>..
00020BC0:  EC 8C 99 9A 58 B1 F1 50 - D8 3C 38 2C 2B 37 74 6C  ....X..P.<8,+7tl
00020BD0:  8A 82 41 32 0A 48 8D 14 - 6B E7 CE AB 7C D7 CB C7  ..A2.H..k...|...
00020BE0:  B4 22 35 79 D7 F2 D8 62 - DE CA 33 AF 42 96 6A 54  ."5y...b..3.B.jT
00020BF0:  F8 74 1D 53 4C 4E 98 4B - FC 06 61 94 AA 9B 23 77  .t.SLN.K..a...#w
00020C00:  2F DB 7B 1C 0D C5 F2 66 - 64 51 23 D0 EE 1A E4 A6  /.{....fdQ#.....
00020C10:  11 CD 95 0D 31 85 CB 2C - 2C 1F AD 9F 4D 3E B0 E8  ....1..,,...M>..
00020C20:  DD B4 07 20 3F CB BE 9B - 04 FE 43 4F 07 35 51 9B  ....?.....CO.5Q.
00020C30:  B6 6E 35 00 94 CF CE 32 - 94 FD 25 BE 43 59 E3 84  .n5....2..%.CY..
00020C40:  A0 BA 77 74 5D 7D BF E3 - B8 6C B9 18 AE F0 44 3C  ..wt]}...l....D<
00020C50:  EF 6B 23 CE 5E 88 1F A5 - 65 33 C3 0E 44 8D 0D 5A  .k#.^...e3..D..Z
00020C60:  09 A2 FA 2E A7 DA 12 6B - 9E 87 7D 6C 5D BE 7D F0  .......k..}l].}.
00020C70:  FD 8E B7 63 F4 93 E8 5E - B1 05 4C 67 DB DB 25 74  ...c...^..Lg..%t
00020C80:  D2 72 7B 58 02 D5 DD 22 - 75 09 9F B0 EA 51 50 B2  .r{X..."u....QP.
00020C90:  77 39 D7 C3 84 21 C9 BB - 57 87 F3 66 B9 FC E0 85  w9...!..W..f....
00020CA0:  2E DF 73 A4 1F B0 39 C5 - 72 5E 2E D2 BA 73 C8 CB  ..s...9.r^...s..
00020CB0:  AA 16 9D 19 79 A7 90 50 - 06 BB 24 51 8D 6A 5C F5  ....y..P..$Q.j\.
00020CC0:  65 C4 2F 5F 07 73 65 63 - E9 72 DD 0C F4 DD A4 F8  e./_.sec.r......
00020CD0:  2F 1B 6B EC 3B AB 05 96 - B8 B9 00 E1 A2 82 5D 46  /.k.;.........]F
00020CE0:  73 AD BB 1A 53 C5 73 66 - CB 1E 1A C8 CA 1E 22 E8  s...S.sf......".
00020CF0:  53 07 55 D1 AE 42 63 3F - CE E1 B7 B5 59 B8 AC 29  S.U..Bc?....Y..)
00020D00:  3D 36 14 4C EC 19 69 60 - 21 7C BD E3 2B E5 C7 C9  =6.L..i`!|..+...
00020D10:  EC 5E 74 AC 60 54 4B 5D - BD B4 58 A0 79 B0 C5 03  .^t.`TK]..X.y...
00020D20:  ED 01 5B D9 39 C1 6D AB - 0C A6 6C 5E 41 31 61 4E  ..[.9.m...l^A1aN
00020D30:  30 47 D3 99 33 EC 1B DC - 3A C0 99 5B 1C 60 46 E4  0G..3...:..[.`F.
00020D40:  4D 4E D7 88 A4 42 A6 61 - ED 03 09 39 A5 58 E5 FE  MN...B.a...9.X..
00020D50:  D9 EE FF 6D 82 83 02 A7 - A7 3D AF 7C 2F E7 73 8E  ...m.....=.|/.s.
00020D60:  BC BB A1 E9 6D 4F A8 4F - D9 B0 27 CC ED BE A4 8A  ....mO.O..'.....
00020D70:  7A C1 7D 26 CD 1F EF 5E - FD A6 80 D0 2D 42 22 48  z.}&...^....-B"H
00020D80:  81 86 F0 7D 8C E8 3F 2E - A3 C2 14 BD AB 18 31 C3  ...}..?.......1.
00020D90:  07 F2 D2 31 F5 C9 F4 55 - DE 7C B0 72 0D C8 95 45  ...1...U.|.r...E
00020DA0:  57 4B 72 FD 4B C1 E2 CF - AB 2B E2 BC E2 F1 CC E2  WKr.K....+......
00020DB0:  3B 72 54 48 76 D1 DF 2B - 92 C7 A1 01 77 C5 93 C4  ;rTHv..+....w...
00020DC0:  7C 20 D8 F2 49 45 30 27 - 93 03 48 71 9D 7E 5B 87  |...IE0'..Hq.~[.
00020DD0:  93 F6 88 A5 A1 4F E4 11 - 5E D0 56 F6 02 03 6E 2B  .....O..^.V...n+
00020DE0:  BA 84 D9 A0 2A DA A7 CF - F6 01 63 37 09 4D 49 D7  ....*.....c7.MI.
00020DF0:  43 1C 8E 27 C7 89 EE 08 - FA 1C EB F6 EB 6E A9 D5  C..'.........n..
00020E00:  8A 80 E8 85 0D 0A 65 6E - 64 73 74 72 65 61 6D 0D  ......endstream.
00020E10:  65 6E 64 6F 62 6A 0D 33 - 20 30 20 6F 62 6A 0D 3C  endobj.3.0.obj.<
00020E20:  3C 2F 46 69 6C 74 65 72 - 2F 46 6C 61 74 65 44 65  </Filter/FlateDe
00020E30:  63 6F 64 65 2F 4C 65 6E - 67 74 68 20 31 36 30 3E  code/Length.160>
00020E40:  3E 73 74 72 65 61 6D 0D - 0A 63 D5 A9 B7 D6 8F 88  >stream..c......
00020E50:  D6 49 7C E4 24 80 F2 6C - 1F B2 25 76 57 EE BC 87  .I|.$..l..%vW...
00020E60:  BA 3C C8 A6 16 8A CA 84 - 92 08 4E 56 1B 9D D3 AD  .<........NV....
00020E70:  62 51 13 6E 80 F7 55 B3 - 85 D9 65 83 E0 65 EE E7  bQ.n..U...e..e..
00020E80:  52 8B 47 68 FA B9 95 43 - 44 03 11 CD 96 2B 68 8B  R.Gh...CD....+h.
00020E90:  B2 C7 46 4C 87 04 F5 4B - B1 66 20 2C BC 3F EC FF  ..FL...K.f.,.?..
00020EA0:  21 0B 66 E1 5D 04 AE 2F - D3 E0 BB E2 0C 85 C8 E2  !.f.]../........
00020EB0:  2D 1F C7 6A 62 EA 32 0B - 28 36 2C 68 17 59 5B 7F  -..jb.2.(6,h.Y[.
00020EC0:  E0 C9 22 E0 CD 59 05 95 - 93 5B 4A D3 DB CE F3 72  .."..Y...[J....r
00020ED0:  BE A0 3B 3E 9A A9 2E 53 - F6 1C 53 EC 52 E8 E7 3F  ..;>...S..S.R..?
00020EE0:  72 0A BA 04 D4 26 2B 56 - 73 0D 0A 65 6E 64 73 74  r....&+Vs..endst
00020EF0:  72 65 61 6D 0D 65 6E 64 - 6F 62 6A 0D 34 20 30 20  ream.endobj.4.0.
00020F00:  6F 62 6A 0D 3C 3C 2F 42 - 69 74 73 50 65 72 43 6F  obj.<</BitsPerCo
00020F10:  6D 70 6F 6E 65 6E 74 20 - 38 2F 43 6F 6C 6F 72 53  mponent.8/ColorS
00020F20:  70 61 63 65 20 31 39 20 - 30 20 52 2F 46 69 6C 74  pace.19.0.R/Filt
00020F30:  65 72 2F 46 6C 61 74 65 - 44 65 63 6F 64 65 2F 48  er/FlateDecode/H
00020F40:  65 69 67 68 74 20 33 32 - 30 2F 4C 65 6E 67 74 68  eight.320/Length
00020F50:  20 36 30 33 32 2F 53 75 - 62 74 79 70 65 2F 49 6D  .6032/Subtype/Im
00020F60:  61 67 65 2F 54 79 70 65 - 2F 58 4F 62 6A 65 63 74  age/Type/XObject
00020F70:  2F 57 69 64 74 68 20 34 - 35 38 3E 3E 73 74 72 65  /Width.458>>stre
00020F80:  61 6D 0D 0A E8 F6 9C 1D - 11 6B 92 00 FA 1B FE 51  am.......k.....Q
00020F90:  44 89 E3 BE 62 5C 62 2F - 05 7C FF B3 11 F1 84 A7  D...b\b/.|......
00020FA0:  F5 AE 0A 9B E0 40 3E 63 - BA 2C 6F E2 3C AD E5 DE  .....@>c.,o.<...
00020FB0:  8F 50 CC B6 81 92 68 EF - E1 E3 93 2E 1B 24 9B B4  .P....h......$..
00020FC0:  92 BD C9 13 74 F6 3A DF - A8 62 B6 09 90 58 EE 82  ....t.:..b...X..
00020FD0:  02 5D E0 80 EA C8 5B 1F - 0A 73 E3 AD 09 F0 A1 89  .]....[..s......
00020FE0:  C9 7F D5 07 7C 40 63 C6 - 04 6B B1 A4 86 BC EA 2E  ....|@c..k......
00020FF0:  81 C3 B0 05 30 43 BC A4 - 99 22 96 30 0F 3D 01 68  ....0C...".0.=.h
00021000:  AE CF 29 76 93 DB 39 08 - 02 50 AF BB F4 49 EF 3D  ..)v..9..P...I.=
00021010:  81 EA 59 BE 7D AF F7 A6 - EB D4 C5 B8 F8 A8 1F 40  ..Y.}..........@
00021020:  A2 7A 71 52 54 B5 08 C3 - 4F EB 44 E5 7F 17 48 F6  .zqRT...O.D...H.
00021030:  C4 AD 18 CC 1F EE FA C6 - 0F CB 69 A7 26 E0 BC 50  ..........i.&..P
00021040:  91 1A 39 F5 EF 6F EB C8 - 42 FC D1 B8 C0 40 EF 52  ..9..o..B....@.R
00021050:  E8 8D 83 AB 75 5D C1 15 - F0 AD CD 02 84 70 22 A6  ....u].......p".
00021060:  E8 67 9E C1 8A B0 2A E1 - 84 DB B3 AC D9 B1 85 3C  .g....*........<
00021070:  3C 05 00 34 EE 47 10 61 - EC F8 F6 78 DB 26 34 AF  <..4.G.a...x.&4.
00021080:  08 7B E6 67 8A 11 1C CF - 67 2C 02 23 2A 48 B6 4A  .{.g....g,.#*H.J
00021090:  ED C4 71 3A 61 3F 46 C0 - C3 69 56 F0 FC C3 80 1D  ..q:a?F..iV.....
000210A0:  91 14 C7 E4 1A 67 6C 88 - B2 E2 C8 BA BF C9 68 03  .....gl.......h.
000210B0:  FD 27 98 82 E8 86 C2 8A - FB 2F 6A A7 93 2F C9 AA  .'......./j../..
000210C0:  11 D2 D6 C5 09 29 E8 AD - CF 53 BE A1 71 43 C3 7F  .....)...S..qC..
000210D0:  D5 75 08 8D 3D 63 5E 67 - 4E B5 85 78 5B AF 09 40  .u..=c^gN..x[..@
000210E0:  D9 CC DC 39 C5 43 71 2A - FD 12 B2 24 75 3A 10 7D  ...9.Cq*...$u:.}
000210F0:  91 47 92 46 2E C6 E9 FD - F0 75 2E 1B B5 4E D0 CA  .G.F.....u...N..
00021100:  E1 17 00 7E 81 8D C6 25 - CF C7 81 67 75 E3 08 03  ...~...%...gu...
00021110:  49 1A 59 95 34 38 F0 EB - 11 2B D7 90 6B E7 B8 56  I.Y.48...+..k..V
00021120:  B4 5F E1 5D A8 3B 41 2F - 10 3E 4F 6B 12 E2 0A 09  ._.].;A/.>Ok....
00021130:  CD B9 05 FF 7B 70 C1 AF - CE F4 F2 38 38 76 97 02  ....{p.....88v..
00021140:  8E 20 F3 77 34 E5 F8 E6 - 49 C5 C1 EB 0A DD 50 BC  ...w4...I.....P.
00021150:  B9 E4 6C 65 1E 9E BC A1 - CE E4 07 DA F8 53 C5 B0  ..le.........S..
00021160:  93 8C 2E 7D 2B 15 66 B8 - 73 D8 1F E9 8C 79 CD D7  ...}+.f.s....y..
00021170:  B7 CC 0F DC 47 D4 DF D0 - 4F 20 39 A3 1A FD 7A 55  ....G...O.9...zU
00021180:  43 D0 14 B0 35 33 06 DB - 24 AF 9A 24 E1 DC 1B 07  C...53..$..$....
00021190:  11 20 A0 00 05 00 74 E0 - CE 75 11 FB 95 BB 7E A9  ......t..u....~.
000211A0:  AF 0F 1C 9F 92 7E A4 94 - 6A 85 B6 DC 08 D8 4A 0B  .....~..j.....J.
000211B0:  45 13 56 03 DC D5 34 1F - 9E 95 34 37 B1 4D 69 7F  E.V...4...47.Mi.
000211C0:  1E E9 E2 CC 35 03 B8 3A - 85 DE C0 2D 5C 52 38 6C  ....5..:...-\R8l
000211D0:  1D D8 9D 07 79 32 FB 8D - 50 87 51 7B DA D1 6C E9  ....y2..P.Q{..l.
000211E0:  D1 03 9C AB 60 0A 93 DC - B9 DD E0 07 68 51 7C 6E  ....`.......hQ|n
000211F0:  6B 27 8D 67 4F C1 D4 2F - 82 93 D8 1A CD 0B E3 6A  k'.gO../.......j
00021200:  DE F1 5B 69 E3 4F AE 6F - FD F7 13 6A 8D F1 67 BC  ..[i.O.o...j..g.
00021210:  85 13 5D 4D 6C 67 32 48 - CF 4F 52 78 CD 70 67 E9  ..]Mlg2H.ORx.pg.
00021220:  99 D3 A5 58 94 DE 7E 40 - 4B 30 36 6A A9 0A 39 2A  ...X..~@K06j..9*
00021230:  4D C1 49 C3 3C BD 18 50 - FC B8 59 7D F4 3A D3 6A  M.I.<..P..Y}.:.j
00021240:  82 20 F7 BD 84 C5 83 88 - DF CD A7 21 23 9D 28 E5  ...........!#.(.
00021250:  9D 92 3F CA 64 67 8D AE - 06 C3 0C 5B A0 5D 6B 6A  ..?.dg.....[.]kj
00021260:  EB FB DC 31 47 C2 F8 E7 - 56 9A 55 5E 3A 79 58 D2  ...1G...V.U^:yX.
00021270:  E5 D1 7E 79 22 A4 8A B3 - F5 61 BB A0 B2 84 CB 12  ..~y"....a......
00021280:  C4 38 18 18 0A 78 39 06 - 3C 28 1D F0 D3 35 73 67  .8...x9.<(...5sg
00021290:  6B 12 68 E3 FC 39 B8 E3 - 91 86 7A 55 B4 91 DE E9  k.h..9....zU....
000212A0:  C7 AD F2 A2 A7 16 41 17 - 83 3C 96 99 C0 FC 4D 03  ......A..<....M.
000212B0:  70 6E 33 8B EF 57 A7 EB - 95 92 4C D1 F2 7D 57 34  pn3..W....L..}W4
000212C0:  72 1D 7E 78 31 67 5F 07 - F7 EA D8 23 57 18 16 B5  r.~x1g_....#W...
000212D0:  D5 51 E6 65 36 98 17 0D - B8 C3 F8 27 07 29 F9 C9  .Q.e6......'.)..
000212E0:  88 C5 9F 40 3F F2 81 DA - D7 01 31 00 66 27 1E 9E  ...@?.....1.f'..
000212F0:  22 5A ED 06 14 7F 73 AD - 74 DD FA 20 C3 82 AA E6  "Z....s.t.......
00021300:  CC 6B EF F2 E7 61 60 07 - 76 75 EA 88 C7 B7 1B EB  .k...a`.vu......
00021310:  79 AE ED 64 C3 AC 77 59 - 67 2B F1 41 47 0E 8B 9E  y..d..wYg+.AG...
00021320:  D1 41 D2 6E 8A 46 CE F9 - 98 C8 76 9D E8 CA F3 FB  .A.n.F....v.....
00021330:  48 7D EE 79 6E 8C 9E BF - 40 5C FD 71 A8 C9 B6 C6  H}.yn...@\.q....
00021340:  71 C2 55 F5 B1 56 BE DC - 4F FA 51 D0 E2 08 20 35  q.U..V..O.Q....5
00021350:  99 82 27 BD ED E5 2E 77 - 80 8B 97 67 22 A2 F8 28  ..'....w...g"..(
00021360:  BA DF 3E 0A 10 9B 1E D0 - 91 4D 86 ED BE 64 15 70  ..>......M...d.p
00021370:  8E 4B B7 52 95 C2 57 B8 - D3 A8 C6 65 DC 52 70 7E  .K.R..W....e.Rp~
00021380:  42 57 51 18 98 87 66 60 - 2C 1B AE 55 54 65 8C 4B  BWQ...f`,..UTe.K
00021390:  B1 44 C1 05 DA D6 57 9B - C3 0F 65 25 A5 8F A2 CF  .D....W...e%....
000213A0:  28 BF 3E 76 43 9F 29 80 - E3 DC F0 93 8E 7E FE CC  (.>vC.)......~..
000213B0:  9A 04 A2 9F F8 5E 5E 06 - 2B B9 6B 6C 5A 41 F0 15  .....^^.+.klZA..
000213C0:  25 96 94 C4 50 73 64 49 - D6 1B 2D AD 00 39 DC EA  %...PsdI..-..9..
000213D0:  67 3C 55 B8 39 13 37 34 - F0 BE 84 1E 8F 98 80 AC  g<U.9.74........
000213E0:  81 28 09 65 58 67 4D 61 - B2 9B E8 2D 88 EA 0D 65  .(.eXgMa...-...e
000213F0:  C0 F8 2D 7B C0 BB 04 EB - D8 90 80 F2 D5 97 B6 D3  ..-{............
00021400:  1E EE 61 45 20 FB E5 56 - 17 12 33 93 56 6B EE F7  ..aE...V..3.Vk..
00021410:  ED 09 A2 1E 30 EA 5B EC - 38 9B 1F 66 8D FF 2A 28  ....0.[.8..f..*(
00021420:  42 6A FF CE 9E C8 FA 83 - EC 1D E0 06 84 C0 81 E7  Bj..............
00021430:  96 C4 58 48 DA 97 4C 13 - E0 1F 8F 1D 42 53 25 63  ..XH..L.....BS%c
00021440:  DC 86 0F B2 F5 69 B8 F7 - AD 02 C2 E3 F0 1E A9 B3  .....i..........
00021450:  A4 08 15 66 CC 77 40 1E - BB B4 C6 C1 6C 81 64 13  ...f.w@.....l.d.
00021460:  AD 31 FA 60 FC FA A3 A6 - AB 54 6F A4 94 15 C7 3A  .1.`.....To....:
00021470:  92 0F 0A 7A 30 60 1A 4F - DC 69 62 C7 3B F3 2A 06  ...z0`.O.ib.;.*.
00021480:  C2 F1 9A 28 4E 65 6F 40 - 1D 57 B2 AD C9 60 B3 DD  ...(Neo@.W...`..
00021490:  04 7C 06 86 27 58 6C E3 - 11 7C 3F DF E7 A2 25 15  .|..'Xl..|?...%.
000214A0:  5A 74 30 D7 B7 8C 6D 52 - 8E 85 B5 34 34 7D 54 54  Zt0...mR...44}TT
000214B0:  C8 1F AE D3 BB 3F 6C 3F - 88 F1 BC 60 F9 A0 82 6B  .....?l?...`...k
000214C0:  A0 EA BC CD 56 0E 89 57 - 8F 0B 51 30 F5 E7 88 FD  ....V..W..Q0....
000214D0:  5B 5F CF A4 98 FC 0D F2 - C9 34 2A 2F 43 F6 D5 04  [_.......4*/C...
000214E0:  CD AD A2 CE BF 8D B8 42 - 33 F4 0D 16 F6 C6 8D 9B  .......B3.......
000214F0:  CD C2 05 44 44 C6 7D F3 - A2 26 74 33 8D AD 31 C5  ...DD.}..&t3..1.
00021500:  B2 45 F2 D7 BD 6A BE 30 - 6B A9 D3 F1 EF 79 B8 45  .E...j.0k....y.E
00021510:  00 A2 95 D6 FE 8A 07 BE - EC 8D D6 19 B3 62 91 4D  .............b.M
00021520:  53 DF 2C 88 9A 37 1E 45 - 61 96 63 67 0D 58 0C 1C  S.,..7.Ea.cg.X..
00021530:  CF 69 8E 49 D3 1C 9E 82 - 76 89 73 8F 0F A4 EC F9  .i.I....v.s.....
00021540:  D9 DE F9 11 D7 4A 8C 2B - 94 9D FE 6E C0 F4 24 5C  .....J.+...n..$\
00021550:  E3 35 B4 ED D2 7B 22 1C - E6 51 95 9F 3E A7 1C DE  .5...{"..Q..>...
00021560:  ED AB EE 4F DA F2 11 9A - 4B 5F 45 AE 16 95 46 23  ...O....K_E...F#
00021570:  F9 4D 53 C6 12 36 38 FB - 11 ED 09 57 8B C7 09 61  .MS..68....W...a
00021580:  52 1C A4 D3 28 87 87 99 - 14 2F D7 51 42 AF 24 ED  R...(..../.QB.$.
00021590:  FD 13 50 2B 35 13 76 72 - 34 72 6B E4 6A 20 98 E0  ..P+5.vr4rk.j...
000215A0:  28 44 B2 5E C9 F4 12 DC - 17 DC F8 A4 10 4B 06 7B  (D.^.........K.{
000215B0:  12 0A 00 03 31 8B 7D DC - 13 3F A1 0C 12 6A DD DA  ....1.}..?...j..
000215C0:  DD 36 2C C4 67 37 E9 04 - D9 E4 6A B8 8B 74 B8 D6  .6,.g7....j..t..
000215D0:  24 CC A5 76 69 18 A9 DA - 98 2E 59 D0 B3 EB BD BB  $..vi.....Y.....
000215E0:  40 C8 58 1C 0F 10 31 6A - ED 22 31 0B 7F 37 3B 33  @.X...1j."1..7;3
000215F0:  38 14 72 CB 26 92 7A 4E - 62 AF 92 1B F4 53 2C 0F  8.r.&.zNb....S,.
00021600:  F8 9E 97 9A B9 84 F0 32 - 5C A0 DE C5 5F 81 36 90  .......2\..._.6.
00021610:  5E 96 32 9C 9B 08 A5 EA - 11 AD 34 B0 A5 BE E3 B2  ^.2.......4.....
00021620:  6C 36 9A 21 96 D3 A8 9A - 26 22 5B B2 0F B9 62 0D  l6.!....&"[...b.
00021630:  5C 4D A1 98 22 A5 0D 83 - 44 2C 78 BE A6 FC 93 97  \M.."...D,x.....
00021640:  4D 36 F8 1D FB BB 87 37 - 62 AC D7 5B A8 1C BB 7F  M6.....7b..[....
00021650:  9B C7 96 C6 99 F4 1E 16 - D4 94 D7 55 36 CF CA C3  ...........U6...
00021660:  DF E5 C8 A3 86 EF 2C 50 - 59 1B 87 DD 7B A2 39 57  ......,PY...{.9W
00021670:  97 9A E6 2E 9A 6D E3 B7 - 02 20 6C 88 AA EA 3C E6  .....m....l...<.
00021680:  19 0C BF 50 EC 30 C5 EF - A7 3C 37 39 B0 3D 12 9B  ...P.0...<79.=..
00021690:  7C B4 1F EE 53 0D C8 07 - DA 70 D8 27 E2 B7 E2 3A  |...S....p.'...:
000216A0:  A4 F5 A4 81 36 BD E3 35 - BF 6B 52 3A 46 A5 74 13  ....6..5.kR:F.t.
000216B0:  25 6B 8B 32 E5 89 EB CD - 0C 99 98 E9 2F 2B 82 A6  %k.2......../+..
000216C0:  13 7E 6B 2C F0 E8 7C F5 - 28 60 32 61 FB EC 65 29  .~k,..|.(`2a..e)
000216D0:  D0 B5 BC 20 E0 AE 8D 67 - 02 E6 D2 68 74 47 3B 59  .......g...htG;Y
000216E0:  0C 97 CA 09 80 10 AD 74 - 2B 41 EB C0 AD C4 24 CC  .......t+A....$.
000216F0:  A0 1D 76 8E 4C 00 46 E7 - 8F 83 5C 8B 3C 9E 3B B9  ..v.L.F...\.<.;.
00021700:  E1 5C 95 35 8B 1A 14 33 - AB B5 06 5A 48 5E E3 00  .\.5...3...ZH^..
00021710:  CD 00 77 A8 FD 7A 78 05 - 79 9A 20 73 2F 1D 64 79  ..w..zx.y..s/.dy
00021720:  EF 98 6C 5D EA EA CF 9B - 7B 70 93 96 E3 47 52 EF  ..l]....{p...GR.
00021730:  5C 22 E4 AA 01 5A A6 EB - 9C F7 91 7E 13 19 83 89  \"...Z.....~....
00021740:  E5 32 A8 4C 6A 49 00 93 - C2 36 FF 6C 61 10 13 7D  .2.LjI...6.la..}
00021750:  5F 9E A7 0D AD A8 68 2B - 2C 72 C2 B7 DE 4D C2 01  _.....h+,r...M..
00021760:  19 C3 03 AD C9 CD 8C C8 - C3 64 F7 C3 63 EE 46 25  .........d..c.F%
00021770:  B3 4A A7 57 B6 72 0F 10 - 94 9A 6D 80 30 66 34 6F  .J.W.r....m.0f4o
00021780:  91 9E 35 40 9F 09 CE 81 - 92 97 1E C2 24 DE B6 FC  ..5@........$...
00021790:  F0 85 D3 75 AC 58 75 FF - 7C 4C EA 6A 59 67 87 30  ...u.Xu.|L.jYg.0
000217A0:  3E 00 3C 3D F7 4C 60 A8 - DC BB 09 F7 24 B2 74 0D  >.<=.L`.....$.t.
000217B0:  23 8C 2E A5 E3 FC DC 98 - 5C 1D 87 7C D3 6B EC 04  #.......\..|.k..
000217C0:  6D D0 78 81 5E 91 74 10 - 10 F9 1C E6 5E EA 80 A4  m.x.^.t.....^...
000217D0:  2E FF D9 4E 2D 6B A0 D2 - DD 1A 75 D1 02 E0 B9 0D  ...N-k....u.....
000217E0:  2A A5 0C 18 C4 76 1E A3 - 3A D0 E2 76 0B 35 19 6A  *....v..:..v.5.j
000217F0:  56 A0 30 21 C8 91 08 F0 - C6 C6 1F 4F BF FE 14 E1  V.0!.......O....
00021800:  57 FC C9 6D 92 60 60 A4 - 0B 02 3E 22 C1 B7 39 C5  W..m.``...>"..9.
00021810:  03 91 BB B0 DB 39 98 20 - 48 5F 6D D9 16 44 3C 11  .....9..H_m..D<.
00021820:  55 2F 2C 23 56 9E 47 05 - E3 B1 73 E0 94 03 C9 DD  U/,#V.G...s.....
00021830:  4D 7A E0 A1 C8 6E 18 2D - D9 95 49 D5 3B 87 63 43  Mz...n.-..I.;.cC
00021840:  40 9D 11 40 9B 61 3F 12 - C5 F2 52 C2 AD C6 EF D0  @..@.a?...R.....
00021850:  4C 78 CB 1A 97 67 DC D0 - 32 90 EF 5A 7D CE AF 27  Lx...g..2..Z}..'
00021860:  BB F4 23 56 61 CC 9B 4E - 00 88 99 D5 84 E1 9C 80  ..#Va..N........
00021870:  E7 85 DE 69 E2 1E F7 BE - 66 08 2A 5D 73 4A 42 6F  ...i....f.*]sJBo
00021880:  12 55 E0 D3 62 CE 25 14 - 45 21 52 D9 41 87 14 CC  .U..b.%.E!R.A...
00021890:  A1 2A 2C 75 33 27 10 E6 - 45 93 1D AF 78 79 B7 D2  .*,u3'..E...xy..
000218A0:  DF DB A5 3C CC 91 76 63 - 1F BE BA F5 37 A0 57 77  ...<..vc....7.Ww
000218B0:  18 CF 82 E0 B3 0F 06 BE - F7 3F 27 4B F2 71 ED 98  .........?'K.q..
000218C0:  D7 F6 52 FE 66 6E 72 A1 - D2 18 AA B3 C2 DD 2D 86  ..R.fnr.......-.
000218D0:  09 EE 96 F0 81 71 1B 63 - 3C F4 B9 77 25 87 D5 33  .....q.c<..w%..3
000218E0:  E7 B2 4B EA EC 68 D8 B0 - 42 E3 CA 25 F8 F8 A6 FD  ..K..h..B..%....
000218F0:  5C 2B EB 4F 88 F5 37 D9 - 90 1D A0 A6 6A 33 F9 EE  \+.O..7.....j3..
00021900:  DA D5 9D F9 EA 0E 77 FF - D8 84 33 42 67 A5 97 FB  ......w...3Bg...
00021910:  AA BF 98 96 F9 5E C8 46 - 81 F3 B8 45 04 F4 FB 09  .....^.F...E....
00021920:  76 14 DC BC B8 2F 91 0B - 5F 94 5E 26 58 7D 81 5C  v..../.._.^&X}.\
00021930:  A0 EE 86 2D 72 E6 90 CD - D3 C1 26 7C F4 EB 83 4A  ...-r.....&|...J
00021940:  B9 8A 05 3C 2D 6A 14 48 - 98 9B 44 77 D4 98 44 3E  ...<-j.H..Dw..D>
00021950:  5E 59 E3 79 2E 50 63 87 - 91 E4 95 90 10 E7 3F 99  ^Y.y.Pc.......?.
00021960:  99 03 12 F7 14 93 E9 99 - F9 47 85 1D 80 D3 09 75  .........G.....u
00021970:  DA 34 9F F2 31 EE C6 05 - 5E F8 55 1A E0 13 F4 5B  .4..1...^.U....[
00021980:  3D 7C B7 00 F9 FB 9E 63 - D3 87 D4 72 69 FF E3 EF  =|.....c...ri...
00021990:  71 8E 6D EA 55 1F 4B D2 - FB FA 40 3B F6 2C 12 5E  q.m.U.K...@;.,.^
000219A0:  4A B9 96 96 95 32 BC 58 - DC FA F4 DC 2F 7F C0 BE  J....2.X..../...
000219B0:  22 F6 60 6F 01 63 D1 06 - 5B A9 5A 09 C1 18 AE 77  ".`o.c..[.Z....w
000219C0:  DC 13 86 94 B9 C3 7B 40 - DB 0C 56 26 1E 6F C4 89  ......{@..V&.o..
000219D0:  43 9B 8D EF DE B6 C4 B8 - 55 FC B2 99 BF D8 E1 B1  C.......U.......
000219E0:  B7 CE D0 0B FC 6C EA 55 - 94 87 E4 0D C0 EB 5B 07  .....l.U......[.
000219F0:  98 72 64 47 82 2B 9F 8B - 76 84 1D 9C 5E 9D D6 74  .rdG.+..v...^..t
00021A00:  24 59 D1 DB A1 58 FC E3 - D5 65 3E 31 ED 4C 51 26  $Y...X...e>1.LQ&
00021A10:  9A 06 03 A8 6B 00 9F 44 - 1E 67 74 80 6B 9B 0A 72  ....k..D.gt.k..r
00021A20:  02 C0 D6 77 D5 A4 F8 33 - 25 30 12 3C 2C D6 85 70  ...w...3%0.<,..p
00021A30:  5B 05 89 38 0D 7D 68 A8 - 84 91 FC AF 40 54 31 89  [..8.}h.....@T1.
00021A40:  2F 95 80 8D 6D 53 93 19 - 0A 79 DE 21 69 9E B1 98  /...mS...y.!i...
00021A50:  30 E2 23 38 87 66 15 FB - A6 E0 6B 28 FC 4B 68 2C  0.#8.f....k(.Kh,
00021A60:  8D BA 14 6C C8 7B 97 CE - B7 4F 1F A5 BE 56 E7 A3  ...l.{...O...V..
00021A70:  A8 C0 F9 86 1F 43 8A 1C - 9D 9D 2E 65 65 A1 11 09  .....C.....ee...
00021A80:  45 F7 6E EA 26 46 A2 62 - 68 C6 25 4D 39 E9 FB 82  E.n.&F.bh.%M9...
00021A90:  B3 F9 ED BE 55 9A 89 C9 - 4B 26 4F DD CF 26 60 B0  ....U...K&O..&`.
00021AA0:  04 B6 E1 E1 FA 47 6B A7 - 0C D4 F9 2B 10 B5 55 90  .....Gk....+..U.
00021AB0:  64 EB 94 CE 7A 99 95 76 - 57 80 79 F5 28 8B A7 CA  d...z..vW.y.(...
00021AC0:  B5 91 5A F5 6D EA 4C B8 - 1B 6B 34 ED D5 D6 87 34  ..Z.m.L..k4....4
00021AD0:  38 09 B3 B6 BF B0 77 38 - 17 DD D9 F6 A9 5E BC 7B  8.....w8.....^.{
00021AE0:  C9 71 DC 6A 32 76 C7 9C - 3D A6 D8 98 98 79 5F 16  .q.j2v..=....y_.
00021AF0:  9B 68 EB 96 2A 57 5F A6 - 9C A7 2D 08 76 D9 FE DD  .h..*W_...-.v...
00021B00:  B1 4D C1 C7 B6 2E 2A 75 - E2 18 05 4C 4B 87 20 AE  .M....*u...LK...
00021B10:  9E E8 EC BC BA 6C F0 B6 - 68 63 34 5A 89 7A AE 70  .....l..hc4Z.z.p
00021B20:  D4 69 70 77 B9 01 35 07 - FE 20 BF 1A 93 D6 B0 6D  .ipw..5........m
00021B30:  DB 8B E5 E3 22 5D B3 42 - 5A 09 1F 34 69 61 4B 97  ...."].BZ..4iaK.
00021B40:  97 86 94 E2 FD A9 B6 F1 - 72 BE AF 68 CC 2B 96 04  ........r..h.+..
00021B50:  AB 99 EA AC B0 80 DC 80 - 54 1C 51 FA B4 F2 B5 A3  ........T.Q.....
00021B60:  42 E6 0B 14 AC 39 FF F5 - 0B 6A F7 43 94 8E CB F1  B....9...j.C....
00021B70:  97 70 88 76 A7 02 70 8A - 21 3F 7A 23 51 FF 87 D5  .p.v..p.!?z#Q...
00021B80:  06 15 38 B7 DD D0 14 35 - A2 2C 60 19 59 8F 97 AD  ..8....5.,`.Y...
00021B90:  CC E6 0A 70 8F FE 39 17 - A5 C1 A9 BF 91 D9 D6 7E  ...p..9........~
00021BA0:  69 25 D5 C5 FB 57 56 2E - A5 33 4B 51 7D D5 B9 7A  i%...WV..3KQ}..z
00021BB0:  B7 64 1C 4B AD 61 44 B5 - FC 75 C7 09 D0 22 E6 51  .d.K.aD..u...".Q
00021BC0:  7F 2E 65 BD 33 B9 AE 9B - 45 72 A1 75 1A C7 BD FC  ..e.3...Er.u....
00021BD0:  24 45 CD 48 7F BA 19 F8 - 3D 83 AB 2A 9F C8 C6 22  $E.H....=..*..."
00021BE0:  F8 F7 D0 5D C3 35 50 22 - C5 B1 0C 90 F9 1F C4 F6  ...].5P"........
00021BF0:  47 9F D5 48 C9 9D D9 95 - 07 3A E3 B2 31 2C 85 5B  G..H.....:..1,.[
00021C00:  00 42 B7 90 C2 C3 3D 5E - 28 1A 63 61 D7 93 93 86  .B....=^(.ca....
00021C10:  A7 D5 E6 76 41 BA 37 37 - AD 00 78 30 D9 69 EA DB  ...vA.77..x0.i..
00021C20:  44 00 DE 32 42 4F B7 D3 - 97 78 9E FD 79 B8 E2 58  D..2BO...x..y..X
00021C30:  D5 32 C3 6A 27 E9 4D 8E - 99 1F CC FD 68 0B E3 58  .2.j'.M.....h..X
00021C40:  4C 6C DC 2D 9C 81 0C 18 - 2C 89 7C CB C3 EB 23 74  Ll.-....,.|...#t
00021C50:  A4 9C 17 82 8C 06 8C 6D - DF 56 A4 34 9E 4B FC FE  .......m.V.4.K..
00021C60:  9C D9 2E 0C B8 17 D1 11 - 94 65 46 0C F2 18 37 77  .........eF...7w
00021C70:  B4 99 CE 2B 10 62 13 67 - 41 44 9B 7C 72 80 0F 59  ...+.b.gAD.|r..Y
00021C80:  97 D3 1E EB 19 99 59 F4 - C6 1F FD 16 B2 39 DE 1E  ......Y......9..
00021C90:  3E 34 8E F2 49 C6 87 D2 - 9F 24 96 FE EB 45 20 85  >4..I....$...E..
00021CA0:  78 BA CF 7B 05 0E EF 5F - C2 00 2C 5F 19 C7 68 0F  x..{..._..,_..h.
00021CB0:  A7 93 75 06 46 10 14 DF - F1 72 1B 8C D6 19 83 34  ..u.F....r.....4
00021CC0:  BA 85 7B 75 68 57 70 0D - 27 F0 C5 39 54 10 57 19  ..{uhWp.'..9T.W.
00021CD0:  C5 44 2E FA C8 AE BE FE - 29 82 B2 DE 4B 22 03 75  .D......)...K".u
00021CE0:  DB E7 EF 1B 48 89 D3 F9 - F8 A0 E9 BC 6E 65 E5 79  ....H.......ne.y
00021CF0:  BC 55 39 E6 57 28 7F 42 - 51 A8 D2 20 B8 6D 33 EB  .U9.W(.BQ....m3.
00021D00:  20 F5 A8 66 1D A2 35 50 - E5 F4 CE F4 7F FE B1 DC  ...f..5P........
00021D10:  41 FB 97 4A 49 CE B5 85 - 36 FA 66 73 91 E8 94 48  A..JI...6.fs...H
00021D20:  22 E6 D9 05 C2 ED 76 A8 - 75 97 17 56 49 D2 86 38  ".....v.u..VI..8
00021D30:  96 D5 DA 34 7D 19 6F 42 - 65 3D 47 32 94 E4 4A 37  ...4}.oBe=G2..J7
00021D40:  6D C5 84 28 41 0F C8 FF - E0 05 35 7E F6 15 00 E2  m..(A.....5~....
00021D50:  64 3B DA 3A 91 80 27 D8 - AA E7 AE 3A F1 8F 0C FE  d;.:..'....:....
00021D60:  E4 B8 59 52 2C D0 CE B5 - C3 6E A9 E4 3D 18 54 53  ..YR,....n..=.TS
00021D70:  9E FF FC F1 5C 75 C1 2C - 1A 1E AB D7 F6 41 28 D4  ....\u.,.....A(.
00021D80:  F5 81 47 F3 39 C6 97 32 - C1 13 94 63 80 CA 05 BD  ..G.9..2...c....
00021D90:  1E 1B 72 D2 0C C5 9E 43 - B6 50 93 58 6F FE C1 E6  ..r....C.P.Xo...
00021DA0:  44 29 5F CF B3 2D 84 DD - 82 77 04 EB 98 CE A4 5F  D)_..-...w....._
00021DB0:  FF 6A E1 61 19 91 17 17 - 15 97 AE BF 26 5D 26 B6  .j.a........&]&.
00021DC0:  6B 64 A0 C8 02 1C 72 6D - 31 5C 6A DD 9C 06 75 D6  kd....rm1\j...u.
00021DD0:  29 A8 F1 2E 2C 61 22 36 - 1E F8 01 17 AC 78 D2 AB  )...,a"6.....x..
00021DE0:  E9 01 B2 7E 30 80 7D 0A - 1C 5D 85 86 9C 47 3B 00  ...~0.}..]...G;.
00021DF0:  AE A6 9F 39 EC D7 DA 19 - EB 92 7E 9D FC 6E DA 1A  ...9......~..n..
00021E00:  D5 0A 5B F9 FB B0 6F 7C - B9 43 44 E9 1F 5B AA D8  ..[...o|.CD..[..
00021E10:  3B AF 78 01 A5 B1 43 9F - 10 E4 85 34 07 B9 55 3C  ;.x...C....4..U<
00021E20:  64 F9 75 A0 41 E7 27 3D - 9E 42 6F D3 B2 EA FF 83  d.u.A.'=.Bo.....
00021E30:  11 17 22 15 38 19 70 3F - AA B0 05 E4 66 93 D7 F7  ..".8.p?....f...
00021E40:  67 03 C9 BE 47 91 31 63 - 4B F3 5A 09 05 60 1E 87  g...G.1cK.Z..`..
00021E50:  FD 13 2B FC DA BF 1D BD - 0C 1E 05 A5 59 F1 52 EF  ..+.........Y.R.
00021E60:  3F 26 01 1C F5 B6 E2 96 - F1 96 5A 52 80 3D BB A2  ?&........ZR.=..
00021E70:  0A BA B3 9B FE DF 6A 14 - 73 08 07 EE DB 07 42 B8  ......j.s.....B.
00021E80:  55 A8 F6 A7 1E CF 6D 70 - 4B 8E 0F 86 D4 E4 6F DB  U.....mpK.....o.
00021E90:  C5 46 8A F2 9C EB F0 B5 - 39 E9 4B 43 F3 AE 9C 66  .F......9.KC...f
00021EA0:  9E 52 18 23 D8 E7 72 26 - B3 8F A8 63 40 B9 B1 E5  .R.#..r&...c@...
00021EB0:  F8 81 4E B6 D5 BC EB 1A - FA FB CC 2B 25 A5 1E 3D  ..N........+%..=
00021EC0:  B0 73 FE 17 D3 79 8E 21 - 06 98 65 AE AB 02 F6 1D  .s...y.!..e.....
00021ED0:  F5 6A 2E E8 30 CB AC 1B - 2F 5E 63 E8 06 33 39 54  .j..0.../^c..39T
00021EE0:  98 D9 C9 77 1D E2 7C F2 - F7 A1 D0 83 BB 2B C7 76  ...w..|......+.v
00021EF0:  F2 28 27 86 0F B4 9B FD - 0F AD 33 A5 F8 80 23 4C  .('.......3...#L
00021F00:  4D 89 72 91 0E 20 14 E8 - 55 28 BA EF 6A 99 98 D6  M.r.....U(..j...
00021F10:  EE 0B 7B E5 B1 09 1C E6 - 67 CF 2A 4B DC 7C 27 33  ..{.....g.*K.|'3
00021F20:  BB 42 67 32 0C A5 E1 31 - 26 BF 17 96 1C 89 C4 6B  .Bg2...1&......k
00021F30:  EF 53 FB 1B 5C 5A AD 5A - 74 93 CD B9 82 5A 22 97  .S..\Z.Zt....Z".
00021F40:  7A 6F 1D 2C BB AD 6E 22 - D5 0A 34 A3 83 AE 0B E4  zo.,..n"..4.....
00021F50:  B8 C4 57 9B DD F3 F8 EC - C8 8A CD EF 7E AF FE 6A  ..W.........~..j
00021F60:  7C 23 2B 46 D0 3F DE 07 - 98 DC 87 64 EC 36 CD 55  |#+F.?.....d.6.U
00021F70:  D2 AC 2F 45 D7 D4 D3 04 - DF 9F D0 73 8F 9F C4 9C  ../E.......s....
00021F80:  BE 90 05 F5 63 AA 5E 03 - 4D F0 C8 B6 B2 9E 84 93  ....c.^.M.......
00021F90:  04 A6 20 BC 06 D9 EC 39 - A6 F7 C0 84 E3 27 7D 17  .......9.....'}.
00021FA0:  4A 97 0F E8 EF 42 4E 7F - 36 78 8A 6E 74 DD 5B 6A  J....BN.6x.nt.[j
00021FB0:  9B 4F 2B ED CF 6D 6D 99 - 9F F3 99 D5 62 47 88 46  .O+..mm.....bG.F
00021FC0:  74 3E 6F 0A 4A 99 99 D3 - BB 52 EA 8C B5 7E E1 4F  t>o.J....R...~.O
00021FD0:  C5 49 97 6A 4A 81 0B 70 - 69 E8 45 33 CE 98 EE 50  .I.jJ..pi.E3...P
00021FE0:  61 45 6B A2 23 50 45 8C - C2 7C 32 FE 57 C4 62 92  aEk.#PE..|2.W.b.
00021FF0:  CA 1F 8C 2B 5B 34 8F 0E - 83 13 E2 0F 12 43 91 36  ...+[4.......C.6
00022000:  91 4D 03 F3 5A AB 78 6F - D6 DC 55 99 E8 96 F6 25  .M..Z.xo..U....%
00022010:  B8 4D 7D 83 3B 48 C6 A9 - CA DC 29 2E 05 3D AF 38  .M}.;H....)..=.8
00022020:  8B 99 8A 07 D4 56 DE 82 - AF 8B 84 89 AD 62 B5 D4  .....V.......b..
00022030:  E4 02 55 7F 75 B8 22 79 - 12 DD A0 4E DB 06 A9 91  ..U.u."y...N....
00022040:  48 48 BF 7A 35 34 90 79 - C6 B1 31 5E 0F 87 7D 4A  HH.z54.y..1^..}J
00022050:  DD 39 83 BF 85 79 25 9F - C8 C6 F2 D4 CB C5 4F 0A  .9...y%.......O.
00022060:  E2 93 C9 B6 D4 7F F5 8B - 09 F7 6E 91 5B 58 60 8A  ..........n.[X`.
00022070:  62 3C FD B8 18 75 75 B9 - 8E AE C2 5F ED 0B B1 48  b<...uu...._...H
00022080:  5B 73 BF 93 49 10 08 F9 - F5 6C 09 A5 EF 02 17 29  [s..I....l.....)
00022090:  AD 88 E4 03 7E A9 DF 7D - 0B 74 A0 CD A4 40 E5 77  ....~..}.t...@.w
000220A0:  30 FC 1A 12 B7 78 A9 68 - B6 2B 85 2A F1 DD 37 ED  0....x.h.+.*..7.
000220B0:  C0 6C 65 D5 D7 1E 25 58 - E1 DF DE 47 68 02 0D 76  .le...%X...Gh..v
000220C0:  FE 4A 75 70 49 60 57 A1 - EF 8E 3E B9 1E D8 1B 14  .JupI`W...>.....
000220D0:  76 A7 E7 17 CB 41 9A 67 - EC B4 63 D7 1C 36 41 A2  v....A.g..c..6A.
000220E0:  98 9A D7 C5 EC 52 E4 BC - 27 52 FD 1B 3A A5 D3 DD  .....R..'R..:...
000220F0:  EE 31 C6 6C 03 71 21 C5 - E6 5B 7B B0 F7 15 5F 95  .1.l.q!..[{..._.
00022100:  7D 91 2C 2B DC E1 86 AC - 29 8E 6A 02 DF 8D 1D 55  }.,+....).j....U
00022110:  DE 80 83 15 EC E0 26 10 - F9 8D D2 5E 0F 8D 58 8E  ......&....^..X.
00022120:  E4 48 48 89 BA A1 8F A9 - DD 4F E6 D3 31 1E 99 E5  .HH......O..1...
00022130:  4D 50 98 1A 04 ED F6 C8 - 3D DA 21 75 54 F0 BF FE  MP......=.!uT...
00022140:  46 75 E0 71 67 A2 C3 1C - DC 5D 2C 9D 90 EE 85 DB  Fu.qg....],.....
00022150:  5A 4B 9C 62 16 C1 D1 E4 - E1 05 73 9C 9F D8 6A 75  ZK.b......s...ju
00022160:  BC A1 C2 1B B3 F2 94 6A - 77 8E DB BA C2 F9 C3 15  .......jw.......
00022170:  CF 25 6D 09 76 A4 65 4F - 32 77 CA 60 28 46 94 3F  .%m.v.eO2w.`(F.?
00022180:  35 65 CD 60 DA F5 C4 35 - FF B4 43 F6 71 8D 81 73  5e.`...5..C.q..s
00022190:  87 E1 B0 FA 6D CD F7 17 - 0A EE CE BC 9D 53 9C 0C  ....m........S..
000221A0:  FC C7 93 37 FE EA 7C 48 - F5 4D 7E CF 29 BE C3 CD  ...7..|H.M~.)...
000221B0:  3D AA 1A 48 FB 12 A4 D1 - BF CD 06 23 A4 5A 22 1D  =..H.......#.Z".
000221C0:  C7 43 79 4B 04 3D F1 63 - C3 D7 98 B7 F4 52 B2 6E  .CyK.=.c.....R.n
000221D0:  E3 94 96 BF 2E A8 B3 E4 - 02 69 5C 26 BD 5E 99 A4  .........i\&.^..
000221E0:  7F FB 30 A7 21 BF FB 97 - 67 73 1A 30 54 6D 2B 3B  ..0.!...gs.0Tm+;
000221F0:  0E 7A FB 65 1F 7F B9 63 - D5 F9 5A DC C5 F6 1F A8  .z.e...c..Z.....
00022200:  D5 AD 2B 97 0A EE 73 94 - C8 10 52 81 54 D4 D4 66  ..+...s...R.T..f
00022210:  C8 72 8E FC D2 C8 98 C9 - 15 43 DA 05 ED 9A F5 47  .r.......C.....G
00022220:  9A B1 09 A0 6C 9F E9 48 - 5D FA 40 AF B5 6E 9E 6F  ....l..H].@..n.o
00022230:  C0 64 CB AF 30 08 C0 03 - 82 07 91 8F 8B 82 63 09  .d..0.........c.
00022240:  28 0B 6D A2 25 FA 9E B5 - EF 8B AA 20 7E 54 C4 FD  (.m.%.......~T..
00022250:  91 24 AC 88 C1 06 4E 28 - F6 14 7C 28 3F 06 A0 D5  .$....N(..|(?...
00022260:  E9 D8 55 9F C7 D2 AC 17 - 06 5E A3 92 B2 48 85 9E  ..U......^...H..
00022270:  2B 41 64 5C 3D 0E D6 40 - 2C 10 3F 7B E0 10 89 1D  +Ad\=..@,.?{....
00022280:  CF 29 1C 3A D2 51 BB CA - EC 6B 1A E2 A9 EA FC 00  .).:.Q...k......
00022290:  10 BC E5 00 7E C2 58 7B - 7A FB 65 59 88 84 13 B4  ....~.X{z.eY....
000222A0:  73 F9 87 37 A5 EA E2 1B - 45 24 90 47 C6 75 EB DB  s..7....E$.G.u..
000222B0:  88 94 A4 5E 05 C5 3E 43 - C7 27 82 D0 BC 9F B7 8E  ...^..>C.'......
000222C0:  97 A8 D1 33 36 55 C8 9D - 21 C7 12 F7 08 97 61 5A  ...36U..!.....aZ
000222D0:  43 81 8F 22 02 FB F7 0E - 2F F8 F7 69 2E 11 65 94  C.."..../..i..e.
000222E0:  CE 0C 3C 62 87 ED A8 80 - 7C 06 86 4D CC 75 99 12  ..<b....|..M.u..
000222F0:  75 EB CC 83 70 A5 AA 4B - BF 7F A3 2A C9 A8 C1 C5  u...p..K...*....
00022300:  91 BA 02 99 CD EC 8D 97 - A7 44 5F AE 38 33 3B C4  .........D_.83;.
00022310:  42 81 66 31 60 01 1E 36 - 3F 8F 6D 21 FD FB F6 43  B.f1`..6?.m!...C
00022320:  E6 2F 06 D0 A1 09 EB 14 - B8 4C F1 5E AD 77 F2 92  ./.......L.^.w..
00022330:  CA D2 A8 89 21 50 D1 5B - BE 09 C2 5A 4C 74 4C 08  ....!P.[...ZLtL.
00022340:  8F C2 7D 17 5F F9 3D 14 - 60 71 CC BE B0 C2 91 C8  ..}._.=.`q......
00022350:  0C 3A 12 10 6D 5F 6B AF - 24 C0 6E 28 4D F1 C3 E7  .:..m_k.$.n(M...
00022360:  55 55 41 A6 52 E5 A6 26 - 8D A3 BD 34 D2 23 D2 3D  UUA.R..&...4.#.=
00022370:  55 5D 4C 60 12 4A 35 63 - 1D F6 A4 C1 99 C6 19 76  U]L`.J5c.......v
00022380:  1C 87 3F B6 D7 7A 42 D9 - 9F 0C E2 B1 B6 5C AB D2  ..?..zB......\..
00022390:  A9 9C 81 50 DC 47 F4 C7 - 84 07 9E B8 FD CB 59 CB  ...P.G........Y.
000223A0:  09 7D DB AC 4E 29 50 42 - F6 07 F7 EF A4 A1 BB 0B  .}..N)PB........
000223B0:  43 9D CC 1C 35 FA 87 EE - 37 86 50 A3 94 C9 99 F6  C...5...7.P.....
000223C0:  3F 8C 60 33 02 34 EF 1D - 72 DF 5A F7 B1 7B B8 A5  ?.`3.4..r.Z..{..
000223D0:  10 3E 08 65 7E 1D B9 43 - 72 71 4D D6 C7 D8 8B DB  .>.e~..CrqM.....
000223E0:  68 7B 7C C5 75 5F 96 D6 - AA FF 02 17 02 23 44 F3  h{|.u_.......#D.
000223F0:  16 35 04 95 01 38 64 0A - 4C 11 3D 3B BB 9F 4A F9  .5...8d.L.=;..J.
00022400:  51 0F 4C F6 D0 94 6F 94 - 4D 74 99 69 88 A5 63 C8  Q.L...o.Mt.i..c.
00022410:  1C BB CA AC AF F8 17 FB - 8F F8 44 C1 1B AA B5 6C  ..........D....l
00022420:  44 7E FF E9 97 6C 28 29 - BD 08 D1 FD 40 CF BC 80  D~...l()....@...
00022430:  94 77 EC 7C 66 C2 B1 B6 - B6 35 EF C9 71 CD A2 34  .w.|f....5..q..4
00022440:  CC 02 A1 30 D3 AC C0 5D - B8 F9 6F 51 F8 B5 7B 55  ...0...]..oQ..{U
00022450:  53 F4 D8 D2 89 41 15 4B - AE 54 7A 07 59 C5 CE 10  S....A.K.Tz.Y...
00022460:  64 31 3E 98 77 53 AE 6F - 7A 1E 67 04 05 1C E4 90  d1>.wS.oz.g.....
00022470:  76 61 1D F4 AB F8 E3 1B - 46 BB 3F 23 C0 3C 6E E9  va......F.?#.<n.
00022480:  63 D6 0E 71 78 B6 49 C2 - 5E B1 E4 55 C8 B2 DC 31  c..qx.I.^..U...1
00022490:  D3 73 B1 87 40 FE 52 AD - 73 45 DB F4 05 F8 E4 58  .s..@.R.sE.....X
000224A0:  29 8B E6 52 FE 49 BA 3B - C2 17 62 91 C7 92 2C C5  )..R.I.;..b...,.
000224B0:  0E C0 5B 73 56 CF FF A3 - 47 D4 D5 68 BF F4 9A A4  ..[sV...G..h....
000224C0:  4B D3 31 6F A1 9F 64 5E - 01 6C F1 3F B3 B1 E7 B8  K.1o..d^.l.?....
000224D0:  9D 39 27 78 8F F3 8A 83 - 50 9F BF D7 92 3C BB D9  .9'x....P....<..
000224E0:  84 79 8F 5F 52 3C 7E BB - A7 78 ED 9A EA 74 70 13  .y._R<~..x...tp.
000224F0:  65 B0 1F CF 06 B6 BB A2 - 46 CA 27 98 F9 FC C3 55  e.......F.'....U
00022500:  AF FD D4 D4 D4 8C 77 05 - 9E 07 36 84 21 D9 EA 15  ......w...6.!...
00022510:  CA C2 68 F7 CB 6F 46 73 - 3B EE E3 5A 56 CB 4D 12  ..h..oFs;..ZV.M.
00022520:  F0 A0 50 F7 82 27 9C 44 - 8B E5 C4 8A 4F 5E CA 14  ..P..'.D....O^..
00022530:  79 29 FA 5C 4F 4F B3 4D - 1B C8 7D ED 23 E4 6D 02  y).\OO.M..}.#.m.
00022540:  F0 AE A2 25 3C 2A 45 3E - 3B FF 4B 35 B7 1D 71 16  ...%<*E>;.K5..q.
00022550:  EB 70 2F FE 9E 8A 56 89 - 6C 57 CB D8 64 F8 56 BD  .p/...V.lW..d.V.
00022560:  C0 75 E3 27 EC 27 B5 6E - A0 3C A8 AF 42 19 7C B6  .u.'.'.n.<..B.|.
00022570:  87 13 83 07 49 E0 C3 93 - CA 11 46 BF 9D CE 47 5A  ....I.....F...GZ
00022580:  29 81 67 31 80 F1 6E C3 - 6D EE 20 FD 19 9B 95 07  ).g1..n.m.......
00022590:  C5 73 98 75 EC 5F EA 8E - F7 7A 39 99 79 A5 3E 8E  .s.u._...z9.y.>.
000225A0:  E2 01 BE EF 6E 0A FC 40 - DA 28 4E D1 48 B3 22 CA  ....n..@.(N.H.".
000225B0:  31 3F 8C 59 0B B1 6E B6 - 0D 80 A4 57 6B FB 61 6B  1?.Y..n....Wk.ak
000225C0:  F6 70 F1 41 E6 14 F0 46 - EF 28 FC 69 77 FC 61 A6  .p.A...F.(.iw.a.
000225D0:  D8 29 0F 64 8E 5F 85 82 - B0 8B B0 FF EC 49 3E A7  .).d._.......I>.
000225E0:  47 F0 3C 43 64 E6 43 55 - 71 25 BF 42 F4 F7 99 ED  G.<Cd.CUq%.B....
000225F0:  C0 45 E8 E6 9A 0A A7 97 - 85 9A 34 9B 56 61 82 47  .E........4.Va.G
00022600:  CC 12 7C C1 9E 78 B5 89 - 87 8F 40 00 59 AF 0D EA  ..|..x....@.Y...
00022610:  99 B0 AB 3D 37 CA 7E EC - 51 97 56 C2 B8 D6 44 9E  ...=7.~.Q.V...D.
00022620:  E6 4C 99 73 B7 68 5B 1F - 64 A0 28 95 1C EA AF A4  .L.s.h[.d.(.....
00022630:  A3 AD 8A 29 E6 6C E0 C5 - A0 43 89 8D C8 5B AC 62  ...).l...C...[.b
00022640:  A8 E9 EF 8D 36 BB E6 17 - 34 E3 30 D9 23 B5 1A 0A  ....6...4.0.#...
00022650:  9E 16 83 C0 84 26 8B B9 - DE 43 D0 6C BE 9A 53 45  .....&...C.l..SE
00022660:  6C 64 CB B2 0B 83 D5 23 - F0 35 97 58 41 74 84 79  ld.....#.5.XAt.y
00022670:  F6 FB CC F1 62 69 70 96 - BD 09 5A 3C B8 B9 55 B6  ....bip...Z<..U.
00022680:  27 F8 74 3F FE A7 A6 9F - 4C E5 87 A1 3E D7 3E 0C  '.t?....L...>.>.
00022690:  0F 8E 72 89 55 6D AC 40 - 73 97 81 E7 69 1C 93 82  ..r.Um.@s...i...
000226A0:  30 44 03 E1 52 CE A0 E9 - 6C A2 C3 22 30 A7 EF 4A  0D..R...l.."0..J
000226B0:  EE 3E 41 F1 A2 AE 97 45 - 14 C2 7A 75 44 FA 5A B6  .>A....E..zuD.Z.
000226C0:  ED 24 F5 13 9F CE F5 97 - 4A 14 E4 C8 15 E9 5E 16  .$......J.....^.
000226D0:  FA E1 B5 55 A9 06 D3 C4 - 74 AB 68 46 98 00 A1 65  ...U....t.hF...e
000226E0:  5E 6E CD 00 0A 16 94 44 - 5C D5 03 D3 0A DF B4 0E  ^n.....D\.......
000226F0:  8E CC 9B CB 8A 42 FD 41 - B4 27 D2 A6 EE 57 75 9D  .....B.A.'...Wu.
00022700:  47 E7 AA 20 E7 93 E2 B0 - 24 E7 23 B2 CE 46 47 5B  G.......$.#..FG[
00022710:  CC 57 8F BC 0D 0A 65 6E - 64 73 74 72 65 61 6D 0D  .W....endstream.
00022720:  65 6E 64 6F 62 6A 0D 35 - 20 30 20 6F 62 6A 0D 3C  endobj.5.0.obj.<
00022730:  3C 2F 46 69 6C 74 65 72 - 2F 46 6C 61 74 65 44 65  </Filter/FlateDe
00022740:  63 6F 64 65 2F 46 69 72 - 73 74 20 35 2F 4C 65 6E  code/First.5/Len
00022750:  67 74 68 20 31 34 34 2F - 4E 20 31 2F 54 79 70 65  gth.144/N.1/Type
00022760:  2F 4F 62 6A 53 74 6D 3E - 3E 73 74 72 65 61 6D 0D  /ObjStm>>stream.
00022770:  0A 6C FA 88 26 9D 30 07 - 29 44 DF 82 28 8F 08 3D  .l..&.0.)D..(..=
00022780:  81 01 DB A8 B6 9A 82 C4 - F8 66 09 07 E4 E7 EC DF  .........f......
00022790:  AD DE 0D 8C 80 85 DE C9 - B1 0B D6 61 06 17 F7 C2  ...........a....
000227A0:  9B 00 42 C5 CA BD 41 F9 - 8B 00 12 28 C7 17 CE B6  ..B...A....(....
000227B0:  B6 6D 6B 09 92 61 24 91 - 33 29 7C 22 D1 B4 73 62  .mk..a$.3)|"..sb
000227C0:  B4 7E BA 30 3F 17 A3 52 - 13 9F B9 69 E2 9F D8 D8  .~.0?..R...i....
000227D0:  FD 32 D6 69 5A 70 3C 6E - 6D 25 5E F1 B6 1F 35 E8  .2.iZp<nm%^...5.
000227E0:  07 59 45 DD 41 AE 02 19 - 31 9B 2B 18 77 F9 86 AD  .YE.A...1.+.w...
000227F0:  4C 65 00 10 F4 1F 84 C6 - CD DA 47 BB 4B 96 51 73  Le........G.K.Qs
00022800:  FD 0D 0A 65 6E 64 73 74 - 72 65 61 6D 0D 65 6E 64  ...endstream.end
00022810:  6F 62 6A 0D 36 20 30 20 - 6F 62 6A 0D 3C 3C 2F 43  obj.6.0.obj.<</C
00022820:  6F 6E 74 65 6E 74 73 20 - 37 20 30 20 52 2F 43 72  ontents.7.0.R/Cr
00022830:  6F 70 42 6F 78 5B 30 20 - 30 20 36 31 32 20 37 39  opBox[0.0.612.79
00022840:  32 5D 2F 4D 65 64 69 61 - 42 6F 78 5B 30 20 30 20  2]/MediaBox[0.0.
00022850:  36 31 32 20 37 39 32 5D - 2F 50 61 72 65 6E 74 20  612.792]/Parent.
00022860:  32 33 20 30 20 52 2F 52 - 65 73 6F 75 72 63 65 73  23.0.R/Resources
00022870:  20 31 38 20 30 20 52 2F - 52 6F 74 61 74 65 20 30  .18.0.R/Rotate.0
00022880:  2F 54 79 70 65 2F 50 61 - 67 65 3E 3E 0D 65 6E 64  /Type/Page>>.end
00022890:  6F 62 6A 0D 37 20 30 20 - 6F 62 6A 0D 3C 3C 2F 46  obj.7.0.obj.<</F
000228A0:  69 6C 74 65 72 2F 46 6C - 61 74 65 44 65 63 6F 64  ilter/FlateDecod
000228B0:  65 2F 4C 65 6E 67 74 68 - 20 32 32 32 34 3E 3E 73  e/Length.2224>>s
000228C0:  74 72 65 61 6D 0D 0A 38 - DB 40 C6 13 32 A5 58 17  tream..8.@..2.X.
000228D0:  A5 80 C8 86 86 7D C0 93 - 70 07 D5 D3 FC 8A F4 40  .....}..p......@
000228E0:  D6 A1 8B 0F 70 B1 B9 1E - 41 AC 19 B6 A0 9A F9 15  ....p...A.......
000228F0:  1D 6E F8 4D 7F D5 84 0A - 69 07 42 C0 02 F6 71 88  .n.M....i.B...q.
00022900:  00 18 D0 32 46 F7 F9 86 - 1C EA 11 2A FA 43 FF 1C  ...2F......*.C..
00022910:  08 18 22 F5 C1 1A 2B 1A - A9 D1 B9 30 AD 3C B9 66  .."...+....0.<.f
00022920:  C9 A2 57 4B 6D 0A 66 71 - 78 EB FA AA 4E E7 4D EC  ..WKm.fqx...N.M.
00022930:  0F 9D 74 F5 11 E8 9E 3B - 25 D7 F4 FE 8D C8 80 C2  ..t....;%.......
00022940:  FB 28 C3 F6 B9 5D B5 AE - EE 48 01 7C 72 89 0C 67  .(...]...H.|r..g
00022950:  4C D8 5D 6C 48 0A 45 CF - A4 6F 10 F3 D7 B6 44 2A  L.]lH.E..o....D*
00022960:  04 B5 60 76 2A 2A 1B 9C - B2 93 42 21 7A 83 6E C8  ..`v**....B!z.n.
00022970:  B4 4D 78 AA 8E 1F 2B 3C - 7C C9 FE C5 A9 B3 4C 62  .Mx...+<|.....Lb
00022980:  44 18 70 37 35 61 6D 68 - 85 DA 4F 26 1F EA 3C 51  D.p75amh..O&..<Q
00022990:  89 6A C5 07 CD 41 46 15 - 41 3A 0D 9A 84 9D B2 9A  .j...AF.A:......
000229A0:  70 35 FF CF CA 26 1A BF - 4C 37 D6 D4 3C 27 88 CB  p5...&..L7..<'..
000229B0:  A0 9F 20 15 79 4C D0 AA - 1F 9A 76 08 90 E1 4B A4  ....yL....v...K.
000229C0:  E6 57 25 15 39 AA C9 94 - 01 74 19 D6 01 88 55 51  .W%.9....t....UQ
000229D0:  1E 56 A5 80 EA 97 4C 05 - 59 3A 05 43 57 D1 0A 55  .V....L.Y:.CW..U
000229E0:  BE 90 39 1A 1B CC B7 EE - 8A 53 D4 B6 EC BE C8 D4  ..9......S......
000229F0:  78 8E 55 68 D9 90 8F 5A - E6 11 83 9E 83 9C D7 92  x.Uh...Z........
00022A00:  EA 94 D5 63 0D C5 AD 39 - 09 55 8E 67 88 F4 22 CD  ...c...9.U.g..".
00022A10:  7D FB E0 E4 0C 38 C2 04 - A8 49 41 D8 E4 43 A9 75  }....8...IA..C.u
00022A20:  C6 4D 03 F7 39 8F 52 DB - B9 B6 70 9A 79 A7 74 8B  .M..9.R...p.y.t.
00022A30:  C9 17 2E CC BC D6 10 17 - 5A CD 93 30 DA 2A 9B 77  ........Z..0.*.w
00022A40:  E9 AB 78 06 30 31 42 29 - 29 60 9A 75 1B 49 1C B3  ..x.01B))`.u.I..
00022A50:  DB 9D 3C F5 0A 08 F7 D2 - 30 51 8B 2C 84 70 4A B0  ..<.....0Q.,.pJ.
00022A60:  8F ED 28 FA B3 74 ED 76 - B7 65 43 63 A0 2E 1E 60  ..(..t.v.eCc...`
00022A70:  27 C0 4E 8F A9 F2 E2 24 - C7 9A 7C 4F 7F 4C 88 2C  '.N....$..|O.L.,
00022A80:  C7 7D 1D 1D 0E C6 0D 47 - BD C7 11 31 2D A2 58 9A  .}.....G...1-.X.
00022A90:  9E 36 6D 36 E6 65 8D 90 - FF 55 8C B8 F8 4F C3 70  .6m6.e...U...O.p
00022AA0:  C9 E8 70 DF CA 58 AD B7 - 13 3D 71 8E AA 8A AF 9B  ..p..X...=q.....
00022AB0:  32 9A E3 E6 0C 16 A0 02 - 02 A0 B4 32 82 29 C0 AD  2..........2.)..
00022AC0:  E7 D6 7E 44 A4 96 55 46 - 22 3A 40 29 8A 07 7F B5  ..~D..UF":@)....
00022AD0:  35 48 3E A0 64 BE FA B1 - 02 16 D8 73 CA 22 4A 17  5H>.d......s."J.
00022AE0:  ED B1 3F 38 DE F6 B3 59 - B6 5C 1C FA 3C FB D7 C0  ..?8...Y.\..<...
00022AF0:  14 81 FE 1B 41 C3 B1 B2 - 54 DC B1 B2 DD AB 6F A8  ....A...T.....o.
00022B00:  98 45 4C A2 21 EB 38 05 - AF 61 C6 C5 98 85 B1 6C  .EL.!.8..a.....l
00022B10:  F6 A3 B5 43 79 6D B1 64 - 80 46 76 4F BC 11 68 07  ...Cym.d.FvO..h.
00022B20:  2B 24 36 A5 9B 7B C6 04 - 6C E6 66 A9 D6 E8 30 DC  +$6..{..l.f...0.
00022B30:  91 FB 0B 1B 7E B6 73 68 - CC 23 DB 08 3F 74 88 20  ....~.sh.#..?t..
00022B40:  A9 D6 0E 2F EC 5C 5B E1 - 58 F4 88 60 DF 9E E2 14  .../.\[.X..`....
00022B50:  99 87 FD F9 44 8F CC 90 - EF 3F DB 07 83 AA BC 83  ....D....?......
00022B60:  24 44 3E 0D 7B 86 54 83 - 5C DD D4 7F 6F 3C 38 DD  $D>.{.T.\...o<8.
00022B70:  7C EC A4 F4 40 63 27 36 - 67 8D 95 B9 8A CB 58 D8  |...@c'6g.....X.
00022B80:  64 B2 0E C2 26 F3 D9 7C - 3F 82 F1 78 64 F7 F7 5C  d...&..|?..xd..\
00022B90:  9F 1E 1B 3C BC AD EE AA - 52 B1 AF EE 13 49 AC 4A  ...<....R....I.J
00022BA0:  0B E1 2A 5C 03 FB 1C DB - 62 61 E2 74 DA 6A 7C 12  ..*\....ba.t.j|.
00022BB0:  0E A3 98 4D 7D 91 AE D4 - 49 60 BF 01 9E 82 94 45  ...M}...I`.....E
00022BC0:  A5 CF D3 3D 23 A3 A8 40 - A2 B2 56 57 99 7D 50 B5  ...=#..@..VW.}P.
00022BD0:  F9 81 C2 F4 D6 5F 70 B3 - 7A CE 99 33 AF 59 A7 55  ....._p.z..3.Y.U
00022BE0:  44 AB 82 5B 76 28 F1 CC - 3C FC 8F 6F 87 5C D1 38  D..[v(..<..o.\.8
00022BF0:  6B ED 8A 7A BD 9F 41 00 - 5E 1E F9 43 AC 4C 5F BC  k..z..A.^..C.L_.
00022C00:  D2 A3 85 9B 33 FE A3 46 - CD B7 5C D2 E0 F4 01 66  ....3..F..\....f
00022C10:  B2 78 66 0B 66 15 74 8A - 07 9E D9 4D AB 50 58 C3  .xf.f.t....M.PX.
00022C20:  2B D1 E9 EB F9 DC B7 56 - A6 2A ED 40 68 6F 34 53  +......V.*.@ho4S
00022C30:  E3 9F 39 5B 04 CE 5F 19 - E3 66 92 55 A4 7E 72 80  ..9[.._..f.U.~r.
00022C40:  8D 55 40 D5 88 7B 2E 02 - BE 05 1B 67 89 4F 17 20  .U@..{.....g.O..
00022C50:  CA 52 F9 A3 98 0A 50 07 - 80 FE D7 9F D9 52 C3 7C  .R....P......R.|
00022C60:  DB 35 69 DF 87 2F 07 72 - 03 7F 73 0A 85 00 2D 8C  .5i../.r..s...-.
00022C70:  C4 95 38 D3 66 FA 6B AB - C3 96 2B 08 15 98 B3 16  ..8.f.k...+.....
00022C80:  79 6E 6B 20 B2 73 19 59 - D8 D7 50 40 4A 17 70 DA  ynk..s.Y..P@J.p.
00022C90:  27 06 E6 A6 90 65 18 15 - 6C C6 DB 1C A5 C3 43 1E  '....e..l.....C.
00022CA0:  8E 5D A4 EC 07 8C 80 B4 - BC 9A 71 24 0C 70 53 89  .]........q$.pS.
00022CB0:  32 74 B0 B7 8C 99 62 C7 - 9C 72 49 FF D2 80 80 5D  2t....b..rI....]
00022CC0:  B2 C2 C6 C3 B5 A7 CD 81 - A3 1C 06 8D 88 0F 2F 13  ............../.
00022CD0:  D2 2D 6C 79 72 71 0C 72 - 04 34 A0 4F 96 D3 C6 55  .-lyrq.r.4.O...U
00022CE0:  6E C3 0C E7 89 CF AF 61 - A3 02 68 4F 04 9F 59 CE  n......a..hO..Y.
00022CF0:  62 C8 35 68 F9 B0 B9 51 - 98 8E 33 19 06 F5 1A 51  b.5h...Q..3....Q
00022D00:  94 0D 95 9D 0F F4 21 92 - CC 97 8D 64 6A E4 38 66  ......!....dj.8f
00022D10:  26 4B B6 45 D1 B5 AB 0A - AC E1 8C 8C 46 E9 3E 9D  &K.E........F.>.
00022D20:  69 26 24 BE 0E AB A0 BD - 3C 4C 87 69 82 05 74 6C  i&$.....<L.i..tl
00022D30:  4B 1B 54 59 BF 83 95 49 - 4A CD 5A C9 9B 9D D9 3D  K.TY...IJ.Z....=
00022D40:  97 E6 42 0B BD CC 52 99 - B2 25 AF F7 D3 A7 CF E0  ..B...R..%......
00022D50:  15 44 A9 F3 BB 9D 07 33 - A1 02 14 C7 5E E6 AC 9D  .D.....3....^...
00022D60:  60 DD 48 6C E3 5C 9D D8 - ED 93 92 A4 BE 79 49 BE  `.Hl.\.......yI.
00022D70:  D3 23 DB 20 5D 42 FF B6 - DD F8 55 CC 41 A5 84 E8  .#..]B....U.A...
00022D80:  87 8A 7F 45 91 6B 30 29 - 1F E8 F6 7C 3E FC 07 03  ...E.k0)...|>...
00022D90:  66 01 46 94 2E 45 7E 53 - 34 07 C3 C4 9D 1E 8E 5D  f.F..E~S4......]
00022DA0:  21 F9 D4 7B 9D 23 B3 0F - 2E CB 8B 82 A7 89 AE 29  !..{.#.........)
00022DB0:  A2 EF 20 A6 B8 D0 5E 6E - 95 8D 55 87 56 03 15 A6  ......^n..U.V...
00022DC0:  64 98 4D B4 19 8E BB 9A - 45 6D D2 F3 B6 5B 7A 9C  d.M.....Em...[z.
00022DD0:  D1 BE 55 B7 47 8F A4 27 - 65 DD 9D 20 F2 96 F2 56  ..U.G..'e......V
00022DE0:  EF 5E F1 45 BC 0E 55 28 - 9C 3E 28 77 D4 E4 4B AD  .^.E..U(.>(w..K.
00022DF0:  B3 29 4C 5C 94 B0 4B 89 - 9F 99 08 A4 40 D8 46 A3  .)L\..K.....@.F.
00022E00:  5F 62 4A 7C A0 AB D9 27 - D8 A0 E5 09 F0 FE 27 B3  _bJ|...'......'.
00022E10:  9E DD AB 8A 17 B9 FE E9 - BC 53 BA 8B BF FC 19 AE  .........S......
00022E20:  F4 A5 63 CE 6C BD 60 CC - 4A 7D CB 5F 44 8C 0E 3E  ..c.l.`.J}._D..>
00022E30:  58 D8 C0 D4 C3 F5 7A F0 - 02 32 76 E6 97 EF FD 8B  X.....z..2v.....
00022E40:  E2 6A F5 7C 79 91 D3 C4 - 02 B4 FD 8A D4 EE 2E 9C  .j.|y...........
00022E50:  FE 04 DC 61 F4 73 BC E5 - 27 A1 A4 BB BF D2 1B F6  ...a.s..'.......
00022E60:  77 23 D6 F8 07 6C 06 17 - 54 30 47 29 E2 05 F3 13  w#...l..T0G)....
00022E70:  3B 69 7A AD 28 E2 EF 44 - 81 D2 13 BF EA 9E 99 21  ;iz.(..D.......!
00022E80:  2F 51 30 3C AD 3B AA 72 - 03 F6 18 17 FB EF A0 09  /Q0<.;.r........
00022E90:  6F 8C BE F9 F1 B5 B6 3F - 25 04 7D C3 CD 5F B2 39  o......?%.}.._.9
00022EA0:  14 05 3F AE 4F 4A 02 58 - 24 0F ED 28 E8 8F 3E 0C  ..?.OJ.X$..(..>.
00022EB0:  21 49 0A 2B F4 DC 76 A8 - 24 2D F8 9B 9B D8 84 7A  !I.+..v.$-.....z
00022EC0:  BA CC D2 D5 A6 61 34 73 - DB 92 92 19 28 5B 84 EC  .....a4s....([..
00022ED0:  03 C2 81 B8 3E 29 E0 01 - EB BC 84 21 5B E7 DD 0F  ....>).....![...
00022EE0:  1F 80 11 61 22 1F 76 E4 - C4 AB C3 6D 67 69 D4 61  ...a".v....mgi.a
00022EF0:  39 02 23 EB 09 16 18 C1 - 51 BF 19 35 27 33 F1 61  9.#.....Q..5'3.a
00022F00:  1C 10 3D F5 25 93 14 1A - AE 3A 4D 0E 26 A3 79 48  ..=.%....:M.&.yH
00022F10:  7B 78 97 87 A9 84 A0 E4 - 26 C1 DE 06 78 7C 1F C2  {x......&...x|..
00022F20:  A5 0B 0D 69 4A 0D DA A7 - FC 98 82 49 A5 96 CB C7  ...iJ......I....
00022F30:  ED A0 F5 B0 83 FD B5 1B - 9E 6D B3 BF 20 DC 69 1C  .........m....i.
00022F40:  04 35 E9 97 E5 1E 16 F5 - 6A 5A 5B 20 70 C5 64 18  .5......jZ[.p.d.
00022F50:  6F E2 07 E4 B7 6E 37 F3 - F4 0B 8B 33 41 86 80 E2  o....n7....3A...
00022F60:  1C D7 79 E0 A1 29 17 E0 - DF B9 95 50 03 C9 D4 96  ..y..).....P....
00022F70:  BA FB 88 D7 14 16 34 3D - DE AC 3E C5 B3 1B B0 23  ......4=..>....#
00022F80:  5F 17 5E 13 F3 4D 8B DB - 3F BF F6 8A FD E1 D9 DA  _.^..M..?.......
00022F90:  11 BE E3 98 9A D5 90 54 - B8 8D 7E 1F D0 62 71 6A  .......T..~..bqj
00022FA0:  C9 F4 69 FB C6 E9 D6 A1 - 3E 29 7B 4B D2 87 18 76  ..i.....>){K...v
00022FB0:  94 07 F2 E0 16 3B 68 6F - BC BE 34 20 32 4B ED 05  .....;ho..4.2K..
00022FC0:  4B 2F 39 E4 22 A5 AC 23 - 8D AA 7B 45 A6 FB E3 63  K/9."..#..{E...c
00022FD0:  9D 15 8F FD D0 64 B8 28 - 85 2B AA 99 05 40 58 51  .....d.(.+...@XQ
00022FE0:  C6 D4 98 52 12 A5 41 5A - 24 B7 D2 EA EC B9 07 91  ...R..AZ$.......
00022FF0:  74 22 1C 29 6F 20 3F 90 - 3F BB 22 B4 0D 3A BB 81  t".)o.?.?."..:..
00023000:  C2 AC EF D9 5B C3 1C 11 - 95 4B 71 CF D2 C9 DD 09  ....[....Kq.....
00023010:  54 20 76 43 87 59 9E ED - 46 35 BC 0C 62 DA 8C E6  T.vC.Y..F5..b...
00023020:  75 C2 8C 5E 67 A1 E4 EC - DA 9F 72 CB D7 CA DE F4  u..^g.....r.....
00023030:  8F DC AA F6 A1 65 B3 69 - 48 C9 4C D7 B6 26 DF A7  .....e.iH.L..&..
00023040:  D1 41 AB F5 3F F6 26 7B - 7D 3A 72 72 58 05 5F A4  .A..?.&{}:rrX._.
00023050:  CA 69 CB B9 91 72 AF 93 - EA D8 6A AE 35 1B 8F E6  .i...r....j.5...
00023060:  21 CA 7E B1 38 38 C7 53 - EB C9 FE 7F B4 5B DE 4A  !.~.88.S.....[.J
00023070:  85 EC C7 25 55 22 61 79 - 11 09 92 52 13 12 B0 DF  ...%U"ay...R....
00023080:  75 EF 0D 4F B1 E3 C2 86 - 81 B8 7E 7F F9 C7 63 CF  u..O......~...c.
00023090:  EF FA 51 03 1C E9 CA A4 - 68 5A 01 21 E4 25 C6 66  ..Q.....hZ.!.%.f
000230A0:  5F 4B 61 F8 98 76 C8 4D - 23 5B FA 41 58 C1 F9 92  _Ka..v.M#[.AX...
000230B0:  75 75 AE FB 60 7D D7 BA - E6 B2 6A 2F 73 5B 6F 9A  uu..`}....j/s[o.
000230C0:  92 EB 6B 24 97 D6 E7 32 - E5 2B 7B 09 5D EF A1 54  ..k$...2.+{.]..T
000230D0:  52 BA 75 1F F4 F7 A5 66 - DC 93 D4 A5 9F 9C DB 88  R.u....f........
000230E0:  5F 28 6C E2 F9 D6 79 11 - 8C 48 DD 47 28 80 B8 E3  _(l...y..H.G(...
000230F0:  34 11 99 CB 86 1A AF B2 - 02 67 DE 64 60 8C 4F FE  4........g.d`.O.
00023100:  F3 BE CE 2A F7 F3 69 9D - 4B 0E 9B 33 FE 6C 57 36  ...*..i.K..3.lW6
00023110:  96 21 C0 5F D5 C4 3B BD - CE 05 FD 47 8D 55 E0 28  .!._..;....G.U.(
00023120:  7E 81 0A AC F5 42 58 C0 - 99 46 CB AA DA 55 60 12  ~....BX..F...U`.
00023130:  55 30 53 A5 11 42 44 7B - B6 25 07 C6 D6 8B 1D 39  U0S..BD{.%.....9
00023140:  0E A0 56 D9 A1 8F CD F7 - AC C5 49 DF 48 C5 3C 6F  ..V.......I.H.<o
00023150:  8B 4D CB EF F6 43 EE E9 - DF 4E 79 CF 03 A5 4F 14  .M...C...Ny...O.
00023160:  AC 6B 02 62 A5 1A CD 5E - 82 1A 6E 0B E6 97 C4 9F  .k.b...^..n.....
00023170:  AE 36 17 E7 79 AF F6 0D - 0A 65 6E 64 73 74 72 65  .6..y....endstre
00023180:  61 6D 0D 65 6E 64 6F 62 - 6A 0D 38 20 30 20 6F 62  am.endobj.8.0.ob
00023190:  6A 0D 3C 3C 2F 46 69 6C - 74 65 72 2F 46 6C 61 74  j.<</Filter/Flat
000231A0:  65 44 65 63 6F 64 65 2F - 4C 65 6E 67 74 68 20 31  eDecode/Length.1
000231B0:  31 32 3E 3E 73 74 72 65 - 61 6D 0D 0A D7 05 E3 CE  12>>stream......
000231C0:  B7 AA 0A BD 6B C8 4A 8C - A8 F1 D3 70 9D 46 22 30  ....k.J....p.F"0
000231D0:  F6 79 EA 82 59 B8 84 9A - 55 28 03 F9 1C 44 0E 89  .y..Y...U(...D..
000231E0:  02 7D 31 B7 D2 E6 97 D2 - 1B 56 D0 6C 7C 2D 2A 75  .}1......V.l|-*u
000231F0:  A7 54 D1 DB 55 02 7E 23 - EB 35 CF 70 EB 7A EB 35  .T..U.~#.5.p.z.5
00023200:  4E 8B 95 6C 5E 1A 9D 4E - 70 E7 66 1B BE E9 DF 60  N..l^..Np.f....`
00023210:  67 51 3D 21 18 D9 5B 4D - 42 04 1E 2A 18 C2 7A D6  gQ=!..[MB..*..z.
00023220:  1D 6E 4E 1B 19 C4 E1 91 - 0E A6 77 E0 0D 0A 65 6E  .nN.......w...en
00023230:  64 73 74 72 65 61 6D 0D - 65 6E 64 6F 62 6A 0D 39  dstream.endobj.9
00023240:  20 30 20 6F 62 6A 0D 3C - 3C 2F 42 69 74 73 50 65  .0.obj.<</BitsPe
00023250:  72 43 6F 6D 70 6F 6E 65 - 6E 74 20 38 2F 43 6F 6C  rComponent.8/Col
00023260:  6F 72 53 70 61 63 65 20 - 32 30 20 30 20 52 2F 46  orSpace.20.0.R/F
00023270:  69 6C 74 65 72 2F 46 6C - 61 74 65 44 65 63 6F 64  ilter/FlateDecod
00023280:  65 2F 48 65 69 67 68 74 - 20 33 32 38 2F 4C 65 6E  e/Height.328/Len
00023290:  67 74 68 20 36 32 38 38 - 2F 53 75 62 74 79 70 65  gth.6288/Subtype
000232A0:  2F 49 6D 61 67 65 2F 54 - 79 70 65 2F 58 4F 62 6A  /Image/Type/XObj
000232B0:  65 63 74 2F 57 69 64 74 - 68 20 34 36 33 3E 3E 73  ect/Width.463>>s
000232C0:  74 72 65 61 6D 0D 0A 3B - FB E7 E8 B3 48 7D E9 2C  tream..;....H}.,
000232D0:  ED 00 71 E1 C2 E9 B1 2E - D9 82 78 42 DA EA 82 60  ..q.......xB...`
000232E0:  12 E6 2E 23 01 DB D9 FB - DF 41 15 E8 25 A0 C6 FE  ...#.....A..%...
000232F0:  0E 46 B8 F4 81 D9 2B 8B - BC 37 2F 22 F9 60 30 7D  .F....+..7/".`0}
00023300:  DC CB 92 5D D4 D5 71 B3 - AF 39 83 69 10 D0 68 24  ...]..q..9.i..h$
00023310:  87 35 00 37 69 70 D5 60 - E2 91 F4 EB 3A B2 B7 BE  .5.7ip.`....:...
00023320:  2D 45 D7 2E 6D BB 28 78 - F2 F3 BF 59 70 A5 35 D8  -E..m.(x...Yp.5.
00023330:  9D 91 CE 97 DA 9C 8A 58 - 6B 8C A5 0A E7 6A 1E 49  .......Xk....j.I
00023340:  98 C7 C3 88 D9 3A A8 81 - 34 27 FD A3 16 6F FA FC  .....:..4'...o..
00023350:  12 11 A3 42 70 D1 5A 64 - 91 35 69 CF 62 48 9B B8  ...Bp.Zd.5i.bH..
00023360:  6E B4 0F 79 2B E0 15 B1 - 4D DF 4A 02 F0 34 5D A5  n..y+...M.J..4].
00023370:  29 99 08 43 92 90 57 86 - 56 55 37 20 83 23 2A C8  )..C..W.VU7..#*.
00023380:  ED E3 75 7E FD 86 18 58 - 68 0D 1E F7 34 28 86 CF  ..u~...Xh...4(..
00023390:  93 CA F2 90 19 12 98 18 - 80 C5 9C 15 DC 00 57 57  ..............WW
000233A0:  A7 DA 9B FD 4B E8 FB 0A - 75 83 F8 04 B0 16 A3 7E  ....K...u......~
000233B0:  F4 A8 46 02 DD 50 06 14 - 47 05 09 A2 A2 E0 36 C7  ..F..P..G.....6.
000233C0:  50 82 41 F7 5B 12 D9 FA - 57 A4 EE EE CA 5B 73 AF  P.A.[...W....[s.
000233D0:  7C 62 7D 73 D7 5A 36 29 - 60 67 D8 61 55 4F 34 A7  |b}s.Z6)`g.aUO4.
000233E0:  33 E5 BA E0 DD 3D 1A FE - 7D D2 92 A8 E1 0A 95 F7  3....=..}.......
000233F0:  AA EE 2A 4A F2 D2 03 5C - F8 FC A5 46 A1 93 17 F1  ..*J...\...F....
00023400:  06 B1 92 05 F4 C8 6B F6 - 48 F4 0E F1 46 C1 A6 EF  ......k.H...F...
00023410:  39 8C DF 5B BB 60 2A 7F - E7 E8 62 7D 4A 20 F8 2C  9..[.`*...b}J..,
00023420:  15 87 90 2E 2E FB 32 93 - F6 EE 09 F8 1C 19 F2 65  ......2........e
00023430:  B2 7A 6B 9B 46 B0 AB D5 - 8A B9 15 96 4A BB 37 F8  .zk.F.......J.7.
00023440:  8B 29 E6 3A 0E AF BE AA - 52 43 81 13 EE 10 91 04  .).:....RC......
00023450:  33 59 93 34 6C 07 93 0C - FE F0 2C 24 2E 3F B0 36  3Y.4l.....,$.?.6
00023460:  6A E8 22 9A 7D 1D 57 30 - 7B 8C D3 4D 06 96 1D 14  j.".}.W0{..M....
00023470:  AB FE 41 97 AF F5 C5 3E - 5E 59 FC 06 BE C9 6F F2  ..A....>^Y....o.
00023480:  92 A8 EF E1 81 5A 3A 97 - 96 EA A9 07 0D 9A FF 5A  .....Z:........Z
00023490:  70 9D A0 DD 05 11 09 D7 - 52 2F 7F DF C7 D0 F3 D7  p.......R/......
000234A0:  91 A6 4D D6 78 F8 9A 71 - 3F 27 B0 60 E7 6D 68 9B  ..M.x..q?'.`.mh.
000234B0:  B8 D5 9E B9 A9 D8 3B D0 - 43 59 37 47 B5 5A AD 57  ......;.CY7G.Z.W
000234C0:  DA 6E 62 AA 63 B7 9A 5C - BC DC C0 1F D0 73 AF 64  .nb.c..\.....s.d
000234D0:  16 42 2F 0C 66 CA 7A 3D - 9D 51 C1 83 8F ED 7A D7  .B/.f.z=.Q....z.
000234E0:  EC 17 4C D3 40 0E 52 8C - 8F FF 11 8F EE B4 88 4F  ..L.@.R........O
000234F0:  54 B1 46 08 9F B6 01 63 - F7 C2 5B C5 0E AB B4 CA  T.F....c..[.....
00023500:  C7 39 7C DC E1 22 43 44 - AE B9 6B 41 AD 4F 58 30  .9|.."CD..kA.OX0
00023510:  38 C6 A0 82 6E 3C 44 9E - CA EB D6 28 84 F9 F2 38  8...n<D....(...8
00023520:  75 7A 12 0B 30 FF B4 92 - DB B8 BA B8 08 23 52 41  uz..0........#RA
00023530:  DE FA C7 DA 54 84 36 46 - A2 A4 2A B8 DC C9 19 7A  ....T.6F..*....z
00023540:  ED 28 1E A2 BA 65 96 FE - 5D 2E 17 35 0F F6 A1 0B  .(...e..]..5....
00023550:  6E 85 AB 95 E9 A7 F3 55 - 31 C8 C8 6A 93 44 86 BB  n......U1..j.D..
00023560:  DE 30 2E 9D 64 C6 64 68 - FB F9 52 DC 80 4B 29 CF  .0..d.dh..R..K).
00023570:  78 44 19 9B 8C 59 82 E7 - 97 91 B1 E9 FB 4D CD 24  xD...Y.......M.$
00023580:  78 75 68 D0 DE 01 E6 E4 - D9 9F 95 51 C8 50 24 C8  xuh........Q.P$.
00023590:  D7 B1 DA 7B B0 CB B9 7A - 1E 15 B1 FE 7D 9F 0F 2D  ...{...z....}..-
000235A0:  B8 FB 5F 03 B3 1B 31 45 - 13 24 AE 85 F2 FA A2 D9  .._...1E.$......
000235B0:  70 84 B5 50 21 9C F6 80 - E2 D0 13 8A 08 CD 68 20  p..P!.........h.
000235C0:  DD 7B C4 AB 1C 31 80 1C - BA E1 E4 12 0D 85 12 65  .{...1.........e
000235D0:  B6 BD BA 40 EE FC 3D 5A - 33 E0 CC 61 52 0E 11 DB  ...@..=Z3..aR...
000235E0:  02 55 45 D3 D9 F9 FA 4B - 8F A8 CD 13 D2 68 C5 24  .UE....K.....h.$
000235F0:  F7 4C 01 1E EC BD 11 DB - 19 F9 6E DF 28 16 17 C4  .L........n.(...
00023600:  9D B1 B2 A7 82 AB A7 6E - AD 4B 38 FB AE 32 20 47  .......n.K8..2.G
00023610:  9B 76 3F F9 F3 7D C6 DC - 3E FC 6D 16 5B C7 C9 F6  .v?..}..>.m.[...
00023620:  64 E0 FD 5F 56 AB 01 6A - 34 FE 90 94 0A 8B EE C4  d.._V..j4.......
00023630:  C1 2C 7B 17 13 C1 0A A5 - E4 1A 62 BE F8 8E C0 FA  .,{.......b.....
00023640:  23 3B AC B4 2D 77 D4 50 - 55 A9 73 C7 F9 4F E9 11  #;..-w.PU.s..O..
00023650:  6D 0A DD 4D BB E1 22 55 - 2D 98 31 9A 04 C8 56 B7  m..M.."U-.1...V.
00023660:  97 83 48 FC 99 89 FE FB - 83 4A AF BB EC A6 0E 66  ..H......J.....f
00023670:  CD B4 48 6D 86 73 EA 8A - 8F 29 23 79 C9 18 B4 E9  ..Hm.s...)#y....
00023680:  9F 0A DE A4 00 1C C1 A6 - 4B EA 32 C8 80 67 65 42  ........K.2..geB
00023690:  E6 FF 5A 60 33 96 4A E9 - 14 C7 CD BA 7C 26 C6 05  ..Z`3.J.....|&..
000236A0:  F7 4D 98 72 19 01 A0 7B - 48 57 18 4D 04 7E 0D A0  .M.r...{HW.M.~..
000236B0:  B6 9B 9C 40 0B 78 F5 78 - 49 E0 C0 C9 37 F6 7A EC  ...@.x.xI...7.z.
000236C0:  9D 73 A0 B9 2A 8D B9 F9 - 87 75 45 DC 52 E8 6D E0  .s..*....uE.R.m.
000236D0:  33 58 2D 13 23 8A C5 60 - E4 95 ED 61 21 EF 43 9E  3X-.#..`...a!.C.
000236E0:  B3 E2 AC 95 E5 78 18 23 - 6E 96 25 BF 29 5D 2F AE  .....x.#n.%.)]/.
000236F0:  75 CA 43 8E C0 6C C5 F2 - 1F D3 D4 18 2C 02 73 23  u.C..l......,.s#
00023700:  D5 F4 A9 4C 13 CE 95 C0 - 38 4E B7 E1 B4 70 36 DC  ...L....8N...p6.
00023710:  B5 9C 27 C1 24 6A 0C 16 - 64 68 3E C6 5E 08 21 6C  ..'.$j..dh>.^.!l
00023720:  D7 C3 79 63 D4 73 76 64 - 36 C2 38 E8 40 BE 51 95  ..yc.svd6.8.@.Q.
00023730:  E7 0B EE FB C8 1B 80 96 - 86 CC 50 42 68 BE 5B D4  ..........PBh.[.
00023740:  7A 4A C5 8C 4F 04 D3 A8 - 3D 97 5E 9F 17 83 49 15  zJ..O...=.^...I.
00023750:  CE 34 E1 8B 1C 5C EB B9 - 39 8F FA 6D 27 20 03 96  .4...\..9..m'...
00023760:  74 60 17 F0 E1 87 B4 13 - 0F C2 1C 4C 44 ED 93 71  t`.........LD..q
00023770:  CF 42 81 12 CA 27 55 9C - 39 29 54 62 9C 80 93 CA  .B...'U.9)Tb....
00023780:  22 37 E0 DE 86 11 82 64 - 41 30 D2 5C 12 EF E3 2F  "7.....dA0.\.../
00023790:  68 DB AC 34 3C 5E A6 B0 - 73 C1 5C 30 C3 71 1F 24  h..4<^..s.\0.q.$
000237A0:  DD B2 AA B3 84 DB AE D7 - 1E 64 46 C3 4B 43 41 A9  .........dF.KCA.
000237B0:  76 C2 51 E3 C3 13 3A 92 - E4 03 01 B8 49 D5 DC 54  v.Q...:.....I..T
000237C0:  A2 4C BB 42 61 6A FD 7C - EA 4C 7A B8 6F E4 14 AD  .L.Baj.|.Lz.o...
000237D0:  DB C8 EC 4D A5 A0 0C 6A - 43 D7 69 B5 B6 5B 50 8C  ...M...jC.i..[P.
000237E0:  AD B9 66 9D A6 B5 15 D4 - 0F BA F9 3D 96 6E C4 EE  ..f........=.n..
000237F0:  31 2C 19 3F FC 99 CF 80 - 38 2D 48 2B C5 42 36 18  1,.?....8-H+.B6.
00023800:  00 AB 42 0D EC 55 BB AA - B2 79 F0 50 D9 58 DC 7E  ..B..U...y.P.X.~
00023810:  54 63 C0 5E 97 17 3B 9F - 54 43 0C 9D A7 A5 5B 1C  Tc.^..;.TC....[.
00023820:  4E 22 F4 08 88 0A 1F 65 - 8B A0 EB DA 46 6C 14 3B  N".....e....Fl.;
00023830:  00 72 A5 79 C4 FF 06 F8 - B8 84 33 8C 13 FB 75 F2  .r.y......3...u.
00023840:  A3 08 A2 93 F5 EA 2E 62 - B4 5D 14 6F C0 DA 45 84  .......b.].o..E.
00023850:  ED 53 92 27 5D BB 08 DF - E2 57 67 AA 41 E3 09 5A  .S.']....Wg.A..Z
00023860:  2F 8B DC 59 BC AB A6 21 - 44 26 AB 4D FA A6 FF 1D  /..Y...!D&.M....
00023870:  FC 5F 73 71 A5 21 2B F6 - 64 DB A0 0B D2 44 5B 93  ._sq.!+.d....D[.
00023880:  0C 19 AE EF 97 8D B3 C6 - 75 2E C3 37 D9 68 0F 32  ........u..7.h.2
00023890:  DF DE BC 29 07 84 3B F5 - 88 C3 99 F9 8A 9E 4F 2B  ...)..;.......O+
000238A0:  52 D8 B6 FF B8 89 F5 26 - 4F 8E DC 98 04 70 E1 24  R......&O....p.$
000238B0:  06 DD 26 35 8D 42 CD 65 - BD 2C 64 23 6E 5E 8C 19  ..&5.B.e.,d#n^..
000238C0:  9A F5 35 49 F6 D6 47 19 - 9B 8C A0 1D A9 69 30 69  ..5I..G......i0i
000238D0:  A0 60 04 69 91 9C 44 3B - DE 3E EE 8C 6F AE C4 7C  .`.i..D;.>..o..|
000238E0:  8F D4 6E 3F 06 99 9D 72 - 9D 95 3F CD C9 6F 1A 63  ..n?...r..?..o.c
000238F0:  C7 A1 B3 DD 37 75 C5 A8 - 14 D2 03 BD C5 68 EC FB  ....7u.......h..
00023900:  9E CC 8D 45 4C 02 B9 0A - 29 34 48 F2 5F 9B 87 47  ...EL...)4H._..G
00023910:  13 65 90 4F 92 93 D1 5B - 85 32 06 4D 5E DB 68 0F  .e.O...[.2.M^.h.
00023920:  D9 60 D2 1E 05 1C 84 B6 - 15 F4 2E E6 15 12 70 B9  .`............p.
00023930:  FD C3 9D 9B 76 90 36 6C - AF 62 B3 DD 24 2C CD 6B  ....v.6l.b..$,.k
00023940:  AD D1 AC BE B5 D9 B0 64 - 6B 02 3B 11 6A 2F 76 6B  .......dk.;.j/vk
00023950:  DA 23 EC AD 9D AE 20 B7 - 82 76 3F 51 15 6D 6A DB  .#.......v?Q.mj.
00023960:  FA 0D A1 2E 93 A9 F4 61 - 8F C9 02 12 95 C7 D8 54  .......a.......T
00023970:  56 59 BF 52 AE 3C A6 BB - 3B 26 4F EE A7 D6 6D 61  VY.R.<..;&O...ma
00023980:  67 00 74 51 CB 8A AE D2 - 03 31 E1 E2 A1 8C F4 DE  g.tQ.....1......
00023990:  29 DF A1 B4 9D 64 D8 84 - 62 BE 01 63 AC 99 CD 4B  )....d..b..c...K
000239A0:  C6 BB 64 73 1B 3D A2 F0 - 98 49 4A 9F E3 D6 D2 2D  ..ds.=...IJ....-
000239B0:  94 E1 52 4E 35 3D A0 BB - A0 5D 12 D0 6F 80 34 2C  ..RN5=...]..o.4,
000239C0:  F9 E4 0B B3 9B 3F E2 6B - 8A 7C 46 2C CA 1B 4F 54  .....?.k.|F,..OT
000239D0:  D2 06 4C 4E 40 35 2F FC - BA 27 4E BB EC B6 60 66  ..LN@5/..'N...`f
000239E0:  4F 2F 88 99 58 DE 91 28 - 2D 89 99 49 06 71 92 82  O/..X..(-..I.q..
000239F0:  BB 60 DC 76 C0 CA BD 30 - 69 A6 36 39 CB 7F 21 56  .`.v...0i.69..!V
00023A00:  CF D5 22 D9 D6 01 CA FB - 72 E8 32 04 9A 08 47 55  ..".....r.2...GU
00023A10:  A7 E4 8C BB 3C DE 0C 74 - AF B7 10 18 C0 79 16 89  ....<..t.....y..
00023A20:  C9 62 2E 89 C8 47 57 4D - 87 05 F7 5A CC 21 5C 54  .b...GWM...Z.!\T
00023A30:  65 42 8D 3E 3A DD 05 BA - 3C FC 4D FE 7C 35 46 64  eB.>:...<.M.|5Fd
00023A40:  64 55 59 14 EC A6 C2 56 - 73 4E 7B B0 B2 E0 BC 8E  dUY....VsN{.....
00023A50:  0D 1F 00 21 B8 91 FE F9 - AA A1 A3 54 7E 9D 93 B3  ...!.......T~...
00023A60:  5A 0A 25 5A E9 DF 3E F7 - 44 B5 08 FC 31 6F E2 9A  Z.%Z..>.D...1o..
00023A70:  22 42 9F 1D AB 60 D4 4A - B6 05 DD AF B0 C7 87 BE  "B...`.J........
00023A80:  F8 5F CD 78 3B BC D5 FD - 42 6D 96 EB D7 5B 76 6B  ._.x;...Bm...[vk
00023A90:  71 8C 80 96 FC 61 E3 13 - 91 9A 56 34 77 41 24 0A  q....a....V4wA$.
00023AA0:  DE 61 A0 AF 8D CC B3 BC - EF 4A 14 94 6D 2A 6F 58  .a.......J..m*oX
00023AB0:  28 4E D3 C5 55 FA F7 03 - BA 2E B2 E9 F2 47 77 5A  (N..U........GwZ
00023AC0:  A5 CD CA 3C 79 B2 2D 14 - F8 D3 AE AF 7B 4A 74 F7  ...<y.-.....{Jt.
00023AD0:  53 93 7A 71 87 C6 24 BE - 46 9B C9 F9 53 CD 07 2A  S.zq..$.F...S..*
00023AE0:  AC 2C CE C5 F2 AA 0E 67 - 8F 83 2D 39 5B 88 EE A4  .,.....g..-9[...
00023AF0:  BD E2 5B 87 7C 65 A5 22 - B9 FA 34 7F EE 13 2D 3C  ..[.|e."..4...-<
00023B00:  C0 31 91 CF 37 E5 A1 A3 - 68 5A F3 E1 83 54 46 8E  .1..7...hZ...TF.
00023B10:  69 87 AE 6B 95 79 4A F9 - 04 40 E9 75 3E D8 32 5B  i..k.yJ..@.u>.2[
00023B20:  A2 A1 74 B4 7A D3 6E BD - C6 66 EF 70 2D 14 5D F9  ..t.z.n..f.p-.].
00023B30:  CE 94 82 22 C3 31 FD D1 - B5 71 A4 F0 87 AD DF 4F  ...".1...q.....O
00023B40:  0E BD 7F F1 8E 7F AB A5 - D1 E8 F2 09 49 42 F4 EF  ............IB..
00023B50:  D0 9A BC 60 5B 62 65 5A - 32 54 4E 9B 25 E4 12 AF  ...`[beZ2TN.%...
00023B60:  29 89 57 4F BF 91 BA 36 - A2 AA 1A 41 58 F3 02 F8  ).WO...6...AX...
00023B70:  87 69 8F FE EE CF 72 08 - CB D0 77 8F 8E 95 49 FE  .i....r...w...I.
00023B80:  05 7E 8E 49 C7 10 10 28 - 0F 78 97 DB 1D 7A 7A 12  .~.I...(.x...zz.
00023B90:  48 76 08 9C 42 D1 FE B6 - FF 07 BC 2B 09 8A 8E 92  Hv..B......+....
00023BA0:  99 3D 82 11 5C A1 58 B4 - 40 3A 43 E8 75 BB BB BC  .=..\.X.@:C.u...
00023BB0:  F2 36 17 01 59 17 BE 43 - 4F 2F F7 C6 BB BA 96 57  .6..Y..CO/.....W
00023BC0:  97 BC 26 04 77 8C A0 62 - B6 CB F0 80 7A B6 B1 A7  ..&.w..b....z...
00023BD0:  7B D6 07 EA 49 19 8F 9A - E3 C9 04 5A E5 C4 C7 8C  {...I......Z....
00023BE0:  05 B7 7F 25 81 56 5F 1C - F7 24 D7 70 17 6E 35 B6  ...%.V_..$.p.n5.
00023BF0:  5A 51 E4 77 45 BA 5E 2C - 53 74 48 8B 69 8B A4 56  ZQ.wE.^,StH.i..V
00023C00:  2B B6 26 9F 92 8C 88 34 - C2 CE 0B 34 C9 F6 44 EE  +.&....4...4..D.
00023C10:  A4 7D C2 DD 35 E9 35 CC - 78 05 15 AF D5 D5 55 72  .}..5.5.x.....Ur
00023C20:  AD D5 FD FE BA 5A 00 46 - DB AA 97 59 55 AF 79 7A  .....Z.F...YU.yz
00023C30:  17 DB A0 F8 A5 D6 0D 7E - 34 3C EE A5 8D 8C 46 82  .......~4<....F.
00023C40:  D1 66 9A 6C BF C3 78 7C - 06 20 82 D7 E0 B3 03 61  .f.l..x|.......a
00023C50:  45 DE 92 E8 34 4B B0 66 - 14 42 61 87 61 F0 98 72  E...4K.f.Ba.a..r
00023C60:  8E EA 5B C2 FB 35 5F F8 - 15 27 AF 3E 6B 3E 8C D1  ..[..5_..'.>k>..
00023C70:  B0 79 8F D4 22 69 FB 9B - B1 30 2C 0B C3 70 E0 BB  .y.."i...0,..p..
00023C80:  24 CD CA 88 03 DC 95 AF - 44 1A 8A FC 78 04 83 E8  $.......D...x...
00023C90:  47 C8 F4 56 60 87 D1 38 - A4 00 D1 86 E9 09 CE F1  G..V`..8........
00023CA0:  05 69 99 1E B3 BC A3 8A - E0 D0 C7 B1 D7 6F 1B 04  .i...........o..
00023CB0:  CF D8 15 16 4C C9 C9 8D - 56 F5 F9 B8 2A 3B B6 65  ....L...V...*;.e
00023CC0:  83 C3 55 55 53 C9 18 67 - 22 E4 BC CC F2 30 33 42  ..UUS..g"....03B
00023CD0:  5D 04 57 22 F8 F9 81 3E - F4 40 86 55 0B 3F F4 57  ].W"...>.@.U.?.W
00023CE0:  81 1D F3 D5 F7 0A 04 B9 - C6 57 6C 2E 6A FE E9 3C  .........Wl.j..<
00023CF0:  9E 73 0A 00 A0 68 22 5D - 32 A7 AD AA 37 C4 2F DE  .s...h"]2...7./.
00023D00:  67 3C 32 FB 56 28 C6 CD - 26 61 7A B5 5C 3E 18 C8  g<2.V(..&az.\>..
00023D10:  67 A7 D5 1B FB 43 78 85 - 71 C3 59 F5 C9 7B 4B AA  g....Cx.q.Y..{K.
00023D20:  04 9F 81 AC 95 06 E6 25 - 06 1D 72 4F 76 43 C9 63  .......%..rOvC.c
00023D30:  A6 2F F0 71 FC F0 81 B5 - 46 51 47 EF 6B 2B D9 55  ./.q....FQG.k+.U
00023D40:  76 13 92 34 06 BC 97 8F - 64 EB 00 B8 3D CF 00 E8  v..4....d...=...
00023D50:  EA 4A 07 D0 42 3C 5F 8E - 3A 4A 7D DB E6 2C 31 D9  .J..B<_.:J}..,1.
00023D60:  3C 45 CA D2 25 B4 08 D4 - 95 37 45 18 81 39 07 1F  <E..%....7E..9..
00023D70:  BF FC 9D 17 07 E4 28 42 - 03 4E E1 C8 53 8C 2C B6  ......(B.N..S.,.
00023D80:  8A 44 DB E4 06 82 9B 28 - 9B F0 A7 32 2C CA 51 B4  .D.....(...2,.Q.
00023D90:  54 DA FF E7 76 50 BD CD - 05 B8 FF 9F 5E 04 E4 1A  T...vP......^...
00023DA0:  A7 0B 1C E2 72 32 57 E9 - EB 44 52 7C 46 92 EB DA  ....r2W..DR|F...
00023DB0:  E2 67 26 74 16 36 4D 71 - 3F 98 92 2C 38 05 B8 42  .g&t.6Mq?..,8..B
00023DC0:  4F 2F 7A 41 50 47 03 19 - E7 98 3F 4A 1B 82 B9 E0  O/zAPG....?J....
00023DD0:  CE 89 B4 2A 68 43 96 E2 - CD 1E 57 B7 EA 77 04 25  ...*hC....W..w.%
00023DE0:  75 DF 39 AF A7 6B E9 98 - 59 65 99 E3 AD FA 04 EB  u.9..k..Ye......
00023DF0:  59 89 3C EE 22 E5 2A 37 - 6D CB E3 AF 39 41 A3 46  Y.<.".*7m...9A.F
00023E00:  51 46 86 13 BE 78 94 19 - CC 3D B8 A4 6F E1 A7 2C  QF...x...=..o..,
00023E10:  92 5F 92 76 A8 6E 2E 28 - F3 8F 9F 0E 4C 1F 40 A0  ._.v.n.(....L.@.
00023E20:  B4 8E E8 0A AD EF 10 25 - F9 1B 6E 09 BF D8 79 E4  .......%..n...y.
00023E30:  F9 1C 00 B0 DF B3 1D 6B - DF DB 28 84 C1 F1 1A 28  .......k..(....(
00023E40:  07 64 14 05 28 24 B9 DD - 1F F9 1F 43 58 19 E2 9C  .d..($.....CX...
00023E50:  C2 1C D8 DE E9 F3 76 B7 - FD 4B 95 48 67 43 4E 9B  ......v..K.HgCN.
00023E60:  1E 5C B4 6A EF 9F 33 C1 - CC 5E 1A 9C CF FE 11 E5  .\.j..3..^......
00023E70:  5B 52 20 E2 6A A7 CB 90 - 5D E0 FF 60 9C 92 CA 3C  [R..j...]..`...<
00023E80:  B0 46 2A 10 0D 7F DE A8 - B4 22 9D 67 40 FF 87 ED  .F*......".g@...
00023E90:  DC 49 58 2A 90 68 BF 9F - 17 58 00 EB A5 0D 58 72  .IX*.h...X....Xr
00023EA0:  A8 79 75 B6 2B 20 08 F6 - 61 7C 15 1A 8B EF B9 6E  .yu.+...a|.....n
00023EB0:  1B 71 D1 D6 8F AB F6 E0 - 47 55 4C 01 C0 CC 72 47  .q......GUL...rG
00023EC0:  18 F4 B0 80 68 DA A5 B5 - 85 3F 87 C5 5E E5 8B AD  ....h....?..^...
00023ED0:  7E 22 5A 59 8F 15 1F 92 - 4A 16 11 B8 EF 18 F4 2C  ~"ZY....J......,
00023EE0:  74 91 1C 60 20 0B CB D4 - 2F 80 0F 50 AB D1 91 44  t..`..../..P...D
00023EF0:  73 D0 64 88 7A E5 98 87 - CB F2 56 6F 68 D5 BF EA  s.d.z.....Voh...
00023F00:  C8 35 9C 25 B9 11 24 34 - 6C 9B 27 AA FF 75 A1 29  .5.%..$4l.'..u.)
00023F10:  54 66 D6 FD 18 FD 70 55 - F6 78 67 60 F9 DB 35 EA  Tf....pU.xg`..5.
00023F20:  F4 C8 0D 9D 70 D6 08 32 - 04 FA AF 37 03 6E AC F8  ....p..2...7.n..
00023F30:  E0 00 DB 66 24 03 74 14 - 44 7E E0 A3 17 EC 24 B8  ...f$.t.D~....$.
00023F40:  DC E1 B3 E3 49 C4 6F EB - B8 78 AB 3C A4 CC 48 AE  ....I.o..x.<..H.
00023F50:  6C F9 5C 4C 6B 17 B1 00 - 30 B3 64 4A FA A0 C9 EC  l.\Lk...0.dJ....
00023F60:  60 45 E7 D9 75 3E 08 AD - 53 44 48 DD BF 7B 70 6B  `E..u>..SDH..{pk
00023F70:  5F 70 D1 C4 41 48 B3 67 - 0C BD DC 7F 61 83 00 E0  _p..AH.g....a...
00023F80:  75 95 EB B6 5B 11 BD AA - AD 8B BD B6 F4 F6 AA E3  u...[...........
00023F90:  95 7A FA E4 F8 6B 03 16 - B4 85 C9 D0 E5 71 C1 67  .z...k.......q.g
00023FA0:  93 D9 B5 96 7E 5D D6 2A - 23 EC 3B F4 8C 03 C7 1A  ....~].*#.;.....
00023FB0:  EE 2E CB C3 4B 4F D9 B0 - BD 0E D9 13 F1 5E 47 DD  ....KO.......^G.
00023FC0:  B2 07 58 E5 6B 0E 8F 3A - 9F 32 1C 92 A5 0D 94 59  ..X.k..:.2.....Y
00023FD0:  9A 0A C6 08 AB 7D 01 00 - F6 78 02 ED 76 64 95 99  .....}...x..vd..
00023FE0:  5C BB B9 DE 2B 8D 74 B3 - 21 77 0C 56 42 19 23 65  \...+.t.!w.VB.#e
00023FF0:  73 C1 E8 EC A6 A0 39 D6 - 22 07 9A EC FE B7 A4 C5  s.....9.".......
00024000:  37 30 CA 18 1D C3 90 FF - 30 3C 2B CB 1F 5E 38 8D  70......0<+..^8.
00024010:  2B 40 24 91 6E 99 9F 22 - F1 5D A9 7E 96 D4 78 47  +@$.n..".].~..xG
00024020:  9E A6 90 91 06 9D 2F AE - 01 64 23 43 17 DA 92 E1  ....../..d#C....
00024030:  F2 5B B6 8C C8 53 4F E1 - 9B 7F 32 5F 20 0C E3 BB  .[...SO...2_....
00024040:  54 B3 EB 9A D0 18 DB A4 - 77 B6 5D 5C 88 39 4B A4  T.......w.]\.9K.
00024050:  54 46 75 85 79 54 5A 9F - B5 F7 53 73 7E 6B AF F6  TFu.yTZ...Ss~k..
00024060:  40 60 B3 27 28 AC 77 F5 - EA 04 CE 58 27 32 20 37  @`.'(.w....X'2.7
00024070:  10 4D 3A D7 BF 6A DA 07 - 58 6E 28 D5 2A DA 46 63  .M:..j..Xn(.*.Fc
00024080:  FA C8 59 A9 6C 53 0E 85 - E7 A3 B9 31 A3 0B 3B B1  ..Y.lS.....1..;.
00024090:  27 AF 15 5B 69 19 BD 00 - CB B5 39 5C E4 3C 62 09  '..[i.....9\.<b.
000240A0:  68 80 03 7F 67 BB 54 9D - E5 F0 87 79 C7 67 2B 6A  h...g.T....y.g+j
000240B0:  76 7B 86 15 17 53 9F 50 - B7 0B 00 A7 9A 23 7B 80  v{...S.P.....#{.
000240C0:  68 3E 81 3D C8 47 65 9D - 72 B6 24 DE A0 92 2C F0  h>.=.Ge.r.$...,.
000240D0:  35 56 FC AB 9A B5 D7 18 - B1 FB 7A E6 8C 74 C9 A7  5V........z..t..
000240E0:  94 33 49 CB BD 9E BF 77 - 3D 8B C2 A5 6F BA D2 A2  .3I....w=...o...
000240F0:  CA A1 7E CA AD 2B CA 2B - 4F CC 85 60 33 CA 3A 6F  ..~..+.+O..`3.:o
00024100:  3E 26 07 4C 94 11 D0 7A - B1 94 12 5D D4 96 2D 3E  >&.L...z...]..->
00024110:  66 CB 85 55 F9 CC 05 E4 - 91 47 88 47 27 1E DC D2  f..U.....G.G'...
00024120:  2E DD 83 CD 1E CF E8 5E - 40 D9 67 16 7D 5B 82 32  .......^@.g.}[.2
00024130:  B1 D7 55 3B C1 CC 35 DA - 64 A5 D6 59 5D 9E 0D C8  ..U;..5.d..Y]...
00024140:  81 C0 6D 1C 0E 63 53 6A - DE 4E C2 D4 CB 5F FA 47  ..m..cSj.N..._.G
00024150:  AB 01 C5 11 DD 5A 34 2E - B8 A0 0D FE C1 72 2F 0A  .....Z4......r/.
00024160:  E8 B1 EF B1 CF B0 93 43 - 40 DC 82 1C 01 8C 54 74  .......C@.....Tt
00024170:  6E 55 7C 8F 6C 12 28 68 - 2D 33 24 A1 F3 1D F1 04  nU|.l.(h-3$.....
00024180:  6C 54 58 E9 C4 F9 B0 DA - CF 03 4C 80 82 4D 89 59  lTX.......L..M.Y
00024190:  B8 DB 8B 0D 06 1A 3A 8D - 78 89 C0 87 A2 08 5C 42  ......:.x.....\B
000241A0:  C4 3F 86 C6 3B 5F F8 5D - 1E 92 19 F0 48 BC DE 29  .?..;_.]....H..)
000241B0:  29 F6 A5 0C 0E 73 AD D5 - 1E D6 EB 14 79 A5 C1 53  )....s......y..S
000241C0:  56 C3 D9 CF CD A1 AB 17 - DE 90 98 67 FD 8B 9F 92  V..........g....
000241D0:  A6 D8 38 FB D9 4F 2C 9A - 96 31 39 72 6A 5E A1 79  ..8..O,..19rj^.y
000241E0:  BF 8D 03 C0 5B 44 07 E8 - 33 FD C1 CA 42 4D CB 1E  ....[D..3...BM..
000241F0:  5D A9 C6 77 CC 08 42 C6 - 0E DD C3 CC BD 83 D0 86  ]..w..B.........
00024200:  08 8C 43 58 8F 6E 3E 61 - 48 F6 F8 01 7B 60 75 12  ..CX.n>aH...{`u.
00024210:  14 D1 EA 74 8E 0F FB 84 - DC F5 7C 8C 38 A6 4F 0A  ...t......|.8.O.
00024220:  8C 6A 9E 76 5A 7F D5 A4 - D3 1B 23 3F 15 B2 77 D9  .j.vZ.....#?..w.
00024230:  9C 47 CC BC 38 14 12 B7 - B4 62 47 22 22 A7 AB 29  .G..8....bG""..)
00024240:  5B BC 22 DB CD D2 48 6E - 22 C7 D4 DF 0B F0 B2 5D  [."...Hn"......]
00024250:  7C 12 BD 25 3A 7A EF 9D - 1C E0 27 40 6D A6 D1 50  |..%:z....'@m..P
00024260:  D9 5B 6B 8D 0A C4 C8 C9 - 8E 8D 2C AD 5F BC 50 DA  .[k.......,._.P.
00024270:  35 EF 57 1A A5 F8 C0 A0 - B2 3F 76 C8 A6 CD 28 7E  5.W......?v...(~
00024280:  7A 29 3B 0F AE E6 E4 D2 - 82 1F 5A 2C AC E3 B8 8A  z);.......Z,....
00024290:  EC 7B 46 90 73 24 D7 A7 - 28 55 4D 56 FA 24 0D 20  .{F.s$..(UMV.$..
000242A0:  1A E8 A6 B6 FD 7E D1 93 - 01 E8 7C C2 7B 26 B9 63  .....~....|.{&.c
000242B0:  50 D3 F9 EF CC A5 C2 16 - C5 B9 40 E5 8E A5 6D C6  P.........@...m.
000242C0:  49 24 AA BC 5B 0E B7 73 - 59 0F 16 F5 7C 57 16 70  I$..[..sY...|W.p
000242D0:  B7 09 3E 10 A2 39 3B 63 - 50 8F D5 67 FF 48 DF 18  ..>..9;cP..g.H..
000242E0:  12 83 6D D5 8D 2C 6A BA - BB 12 D1 3B 36 C6 30 01  ..m..,j....;6.0.
000242F0:  DD 32 F4 4D 44 8C 1C 7F - 5C 6A 5E 56 C2 14 9E F1  .2.MD...\j^V....
00024300:  68 58 24 65 BF 26 25 CF - EF A5 76 0C BC 78 27 7C  hX$e.&%...v..x'|
00024310:  60 80 95 18 C0 86 43 8A - 77 C9 C1 00 F5 C9 87 BD  `.....C.w.......
00024320:  43 3B A5 7A 2B 27 B3 87 - 2D 7B 79 6B 83 A0 CA 78  C;.z+'..-{yk...x
00024330:  3F C2 AA B7 C3 46 97 82 - 6E 60 FF 86 63 B8 73 95  ?....F..n`..c.s.
00024340:  80 B0 EC 59 7B 92 C4 8A - 1E 54 BE 4B 37 EB A7 CA  ...Y{....T.K7...
00024350:  08 19 F7 62 3A 8D 44 D6 - 74 7D 3F 19 67 0D 34 FA  ...b:.D.t}?.g.4.
00024360:  EF DD EB 74 D1 5A B5 F7 - A9 AE CA 9A 5B B7 9D F2  ...t.Z......[...
00024370:  F6 C5 21 68 74 37 4F 86 - 88 0F F3 79 CD 64 B0 26  ..!ht7O....y.d.&
00024380:  34 09 C9 EC FC FE 40 C1 - B6 43 BA 44 11 83 F3 9C  4.....@..C.D....
00024390:  CE 66 F9 ED 6E 5C C1 2D - 09 24 DF 68 D4 B9 25 44  .f..n\.-.$.h..%D
000243A0:  91 08 A8 96 B7 E0 27 C5 - 0B 21 5E 61 B3 E2 E3 48  ......'..!^a...H
000243B0:  2F 00 59 5C E3 88 A5 F0 - 6D 9E 79 40 EC 92 07 85  /.Y\....m.y@....
000243C0:  CF 17 7F 36 4F 38 E8 F9 - E3 76 08 32 3B 67 74 0C  ...6O8...v.2;gt.
000243D0:  8E 77 D0 AE 15 59 18 89 - D5 CC 14 0A 29 81 F5 9B  .w...Y......)...
000243E0:  C4 D3 71 E9 59 73 BA 84 - 15 F4 E4 A1 E8 20 34 DC  ..q.Ys........4.
000243F0:  D6 B2 10 20 24 1C 44 69 - 00 CB 21 A5 75 EF A2 C8  ....$.Di..!.u...
00024400:  CC 70 B5 52 5D 96 C7 4D - 04 FD A2 98 DE 31 5F 36  .p.R]..M.....1_6
00024410:  EA 59 E3 0E 89 97 81 1C - CF A8 ED EF 91 06 F0 34  .Y.............4
00024420:  5B D5 D5 68 FB 76 EE 5F - 52 E6 AC 10 0C 5A 70 EF  [..h.v._R....Zp.
00024430:  1F 3C 3D AC C7 01 3C 11 - E5 A5 A4 34 1F 5D E1 64  .<=...<....4.].d
00024440:  89 1F 29 93 3C 71 F8 DC - 4B 81 52 64 A1 9D F2 BC  ..).<q..K.Rd....
00024450:  C0 20 D0 69 B7 74 96 E3 - B3 72 18 04 AA E4 B3 B6  ...i.t...r......
00024460:  E8 DF B0 EF 1F 40 F0 2D - 5F C7 D2 9E 0F 68 3F BB  .....@.-_....h?.
00024470:  CD C0 3F 98 2E C4 BA 73 - 5E 18 13 80 8E A9 9F 57  ..?....s^......W
00024480:  06 32 E4 56 87 05 D3 BA - CB 99 48 ED 99 C0 E6 D5  .2.V......H.....
00024490:  4E 92 02 39 5E 7D 9A 7D - A1 19 F1 BC 5B BA A9 8C  N..9^}.}....[...
000244A0:  D2 FD 59 30 FE 1D E6 80 - DF 16 D7 A9 E9 D6 EB 8E  ..Y0............
000244B0:  3C 0A C7 EE 6E 9C 5D 08 - 73 C8 EE 8E 98 B4 8E 90  <...n.].s.......
000244C0:  CF 04 78 90 A6 47 1D 23 - AA 83 10 B7 55 F6 26 6C  ..x..G.#....U.&l
000244D0:  AC A2 89 3A E4 CE EF 30 - CB 6F AA DF 5B 23 8E 32  ...:...0.o..[#.2
000244E0:  9B A7 64 27 C7 35 F8 38 - E6 05 77 AB D1 DA 2B D6  ..d'.5.8..w...+.
000244F0:  D7 EE 9E BA FF 09 2B C8 - ED 35 D1 4A 2E 56 CA 7F  ......+..5.J.V..
00024500:  AA 65 19 27 78 85 F1 55 - 75 61 28 FE FA 74 6E 27  .e.'x..Uua(..tn'
00024510:  8B 2F 5D 71 0A AE 78 B8 - 75 93 D5 AB AE FA CA 4F  ./]q..x.u......O
00024520:  F4 23 A7 D1 53 C2 10 7D - 43 B8 F2 21 D2 C1 EA EA  .#..S..}C..!....
00024530:  E9 EB C1 1E 9E C7 E1 18 - 37 78 5E 93 9E 7B 81 5C  ........7x^..{.\
00024540:  3A 1B 30 CE E6 BE 63 1D - 97 AD 3B AD 4A 43 86 26  :.0...c...;.JC.&
00024550:  2D A1 DC 8A 34 6A 1C 7A - 81 56 5C F8 9F 6D CE CF  -...4j.z.V\..m..
00024560:  AE 5C 6A C8 38 D4 DF 71 - E9 6C 03 6A 04 FA 63 A1  .\j.8..q.l.j..c.
00024570:  92 A1 AB 17 C9 0E C4 64 - 95 92 28 F5 13 66 AC F8  .......d..(..f..
00024580:  F8 ED A5 9A 73 52 92 01 - 61 52 EE E1 12 42 14 49  ....sR..aR...B.I
00024590:  9B D8 AC 69 87 30 9F FD - 1D B9 BB CA 46 CE 1E B5  ...i.0......F...
000245A0:  C8 01 A1 49 A4 87 08 58 - 59 8B 1E 24 97 C4 3C E9  ...I...XY..$..<.
000245B0:  7E 0F 0D 30 05 D5 27 A3 - B5 EC AE CB 64 86 F0 63  ~..0..'.....d..c
000245C0:  4F E1 76 95 63 C5 5C C7 - 36 B4 0C 10 52 22 BF BF  O.v.c.\.6...R"..
000245D0:  D2 5D DA BD 7D 90 C8 24 - 0F AF BF A5 1A 4D 91 5C  .]..}..$.....M.\
000245E0:  AD D2 00 66 80 5F 30 39 - 87 77 67 35 AA 9C FC 36  ...f._09.wg5...6
000245F0:  AA E2 C3 3B DD 22 DA 91 - 96 EA 4E 1A 67 6E 88 F3  ...;."....N.gn..
00024600:  A8 CD 98 B4 68 67 31 73 - 4A 32 45 38 86 5F 7B 04  ....hg1sJ2E8._{.
00024610:  43 36 C6 64 2B C8 0B 2C - 5B 20 8D 97 90 9D 6B 03  C6.d+..,[.....k.
00024620:  53 31 2A 1B FD DC A9 7F - 51 5E A2 B5 BC 4A 24 D0  S1*.....Q^...J$.
00024630:  E5 B8 B3 A4 AB 74 DF E3 - E7 4F 98 39 DD 62 BD A3  .....t...O.9.b..
00024640:  CD A4 02 75 7F 14 BB 54 - F4 0E 14 22 23 F7 44 47  ...u...T..."#.DG
00024650:  B6 B2 EF 2C D2 20 77 E0 - 3D 1B 6C C4 D6 EB 10 43  ...,..w.=.l....C
00024660:  FA 69 BE 05 3C 9C D6 A2 - 55 E4 E3 84 44 20 51 96  .i..<...U...D.Q.
00024670:  46 F2 54 A0 7C E9 1C 3D - 45 39 16 88 4E 80 7A 51  F.T.|..=E9..N.zQ
00024680:  8A 8E BF 7E D7 0F 2C B8 - 8A 10 4F 77 80 83 E5 D1  ...~..,...Ow....
00024690:  FD 95 0D 83 63 59 BB AD - 4E D2 DA 09 8C 90 A6 77  ....cY..N......w
000246A0:  C7 71 FB 57 48 08 23 1F - 66 82 34 A4 B2 62 37 FA  .q.WH.#.f.4..b7.
000246B0:  3D 36 46 82 25 DE 66 DD - 96 B7 BE F5 3F C4 46 2F  =6F.%.f.....?.F/
000246C0:  06 43 4A 50 85 3A C3 35 - 71 F7 CA D6 85 8B F5 C6  .CJP.:.5q.......
000246D0:  74 73 C2 A9 A1 FC 52 9C - 09 49 11 6D 63 9D 3B 7A  ts....R..I.mc.;z
000246E0:  D0 A0 81 BE 72 78 B7 86 - C4 59 65 A1 79 5B 4B 64  ....rx...Ye.y[Kd
000246F0:  2C E0 D4 68 89 0D 01 63 - C1 52 05 59 3D DB 4D 6B  ,..h...c.R.Y=.Mk
00024700:  89 EB 26 7A 9D 02 4A 3F - EC ED 45 E8 36 2A 8B A4  ..&z..J?..E.6*..
00024710:  E2 DC FD 9C E3 DC 74 FB - FA D1 EB B2 DB 92 78 E9  ......t.......x.
00024720:  21 38 96 43 7B 59 38 91 - CA 76 90 27 B5 BD CE E9  !8.C{Y8..v.'....
00024730:  A0 AF 7B 9F D1 7B 4E 64 - E0 21 1B EE F2 B2 EB FD  ..{..{Nd.!......
00024740:  DD F9 DA B8 89 01 4B 46 - A1 7C 18 AA 69 54 5E 49  ......KF.|..iT^I
00024750:  5B F1 F5 0B 6A 20 96 A5 - 5B 5D 52 12 96 35 69 72  [...j...[]R..5ir
00024760:  D5 F5 EE 55 32 62 68 16 - D6 E0 30 BD 81 03 0E 4A  ...U2bh...0....J
00024770:  B6 6D 9F 29 2E 53 D8 01 - 24 56 B6 FD F3 69 26 D0  .m.).S..$V...i&.
00024780:  3D A7 0F D4 BE 1A 34 1F - 84 1D 25 43 D3 2D CD 53  =.....4...%C.-.S
00024790:  77 29 D2 6A 8A 75 83 E3 - 00 16 71 63 17 DD A9 44  w).j.u....qc...D
000247A0:  48 71 2F EF 7F 55 46 F2 - D4 D9 F9 FE 22 C2 1F 0D  Hq/..UF....."...
000247B0:  3A 04 28 35 0C 90 95 73 - 1D 6C AB DD 98 A8 B3 53  :.(5...s.l.....S
000247C0:  CC 84 A2 6C 35 10 8D 3F - AE 82 D9 E1 67 6E F0 A6  ...l5..?....gn..
000247D0:  8D 20 F2 B1 6C D9 09 02 - 4E 8A E4 1E 80 DC 4D E5  ....l...N.....M.
000247E0:  A4 DD F0 92 87 67 10 96 - 33 82 59 AD 8B 27 AA 39  .....g..3.Y..'.9
000247F0:  FF E8 1A EB F6 78 D9 66 - BB 48 54 2D E2 24 40 FD  .....x.f.HT-.$@.
00024800:  E7 1C 05 B4 43 D7 3B EF - FF B2 BC 41 D7 39 6A F1  ....C.;....A.9j.
00024810:  D0 49 B5 6F C8 A2 E2 C9 - 9A 22 89 2F 77 0C 6F 81  .I.o....."./w.o.
00024820:  7F A7 FD 75 A6 93 ED E3 - 3D 46 05 ED 7F F5 20 37  ...u....=F.....7
00024830:  8B B5 C8 77 28 B7 37 67 - 23 9D B7 D4 90 52 16 70  ...w(.7g#....R.p
00024840:  7E A7 28 4F 81 7A 66 A3 - F0 80 61 BB 08 F1 81 CC  ~.(O.zf...a.....
00024850:  10 30 1C 36 6C 89 E4 CD - 4E 49 85 0C B2 DC 32 19  .0.6l...NI....2.
00024860:  F3 0C 58 76 0B 81 2A C8 - F0 48 2D D9 78 CD 0B AF  ..Xv..*..H-.x...
00024870:  48 21 98 FB 69 A1 F3 B2 - 7A 54 DB 57 DE 8F C1 AE  H!..i...zT.W....
00024880:  75 14 5B 2A 77 26 60 A3 - B8 1C D4 F4 00 F3 3B C2  u.[*w&`.......;.
00024890:  0B 7F 24 25 AC 06 4D 1D - 22 8B 7E 23 EE 5A 1B 3C  ..$%..M.".~#.Z.<
000248A0:  6E 63 04 7E 8E 73 C5 B6 - BA 76 08 7E D4 E8 C4 73  nc.~.s...v.~...s
000248B0:  58 59 B6 BF A5 77 31 5D - 0D E5 CD 4C DC C3 91 D1  XY...w1]...L....
000248C0:  36 49 9E C1 01 87 1D 8A - E1 1E 5E 63 BC 6D 76 FB  6I........^c.mv.
000248D0:  A3 55 68 E8 D1 63 8A 13 - 84 39 E0 A5 52 5D 1A 77  .Uh..c...9..R].w
000248E0:  9C B8 0A A1 54 80 75 68 - 29 42 29 55 4C AE 8A D1  ....T.uh)B)UL...
000248F0:  43 61 A2 25 21 31 AF 0B - 7A 80 7B FA 80 21 F8 52  Ca.%!1..z.{..!.R
00024900:  58 32 F4 03 04 FC 37 5C - 08 43 7E 78 B3 66 55 3E  X2....7\.C~x.fU>
00024910:  34 59 FA 88 95 E9 B8 78 - D1 50 06 F4 CD DF CF 24  4Y.....x.P.....$
00024920:  F9 E6 7F E5 77 28 99 06 - 98 BA 2D 7A 6F D9 7C 52  ....w(....-zo.|R
00024930:  2A 58 00 54 2F 32 39 1A - AA B6 A3 61 1C EE 08 FD  *X.T/29....a....
00024940:  F6 D1 E7 E0 AC A2 D4 16 - EE 57 20 6B 0B AC F2 A5  .........W.k....
00024950:  91 50 9D BF 61 E9 C0 0E - B1 D4 88 DD 5C FC 5C 7D  .P..a.......\.\}
00024960:  4A BA 94 D8 1A 20 35 BC - 75 49 96 55 00 D7 AA 4F  J.....5.uI.U...O
00024970:  F4 71 B2 E5 35 82 E1 ED - 22 4C C4 5E AD C2 F2 C5  .q..5..."L.^....
00024980:  8E B3 F6 62 97 0B D3 83 - AF F4 62 46 68 B3 D3 90  ...b......bFh...
00024990:  59 87 73 65 A2 6F 8A F7 - F6 F1 BB 58 B1 C4 40 84  Y.se.o.....X..@.
000249A0:  1D 32 8B E0 5A 1A 15 15 - 07 5B 3F 7B 05 D3 95 B5  .2..Z....[?{....
000249B0:  E4 17 F1 D5 F8 98 B9 46 - 50 92 7B 08 45 D8 67 C5  .......FP.{.E.g.
000249C0:  8A 79 70 36 2C A0 29 5F - 7E 11 B4 13 C0 52 D7 98  .yp6,.)_~....R..
000249D0:  E7 B4 C5 D3 C4 DA 97 C4 - AC 0B EB EE 62 8A D3 5A  ............b..Z
000249E0:  72 10 AF CC 26 C0 B5 17 - 04 46 0A 32 66 0C 16 AC  r...&....F.2f...
000249F0:  76 3C 66 FC 5E C3 8A AD - 6E 88 BA A6 E7 71 6F BF  v<f.^...n....qo.
00024A00:  DC BF 28 A2 AC C0 F0 CF - 19 B1 D1 47 28 F7 C6 F9  ..(........G(...
00024A10:  C7 50 1E F3 22 BC 6A 17 - 6B 8C 39 7C E4 A3 19 21  .P..".j.k.9|...!
00024A20:  8B 53 0B 63 81 2C A8 F4 - 89 C8 C7 22 2D 6F 39 1E  .S.c.,....."-o9.
00024A30:  B7 74 DB D3 63 9E 87 1D - FF C4 8A 8C 97 E8 52 DA  .t..c.........R.
00024A40:  54 7A 1E C3 D2 22 9C 6C - C2 8E 43 AF B6 A8 E8 8C  Tz...".l..C.....
00024A50:  2A E2 56 55 8C 75 CF 31 - 89 E7 82 32 05 93 88 41  *.VU.u.1...2...A
00024A60:  9F 0C 7E D4 51 BD 91 32 - E3 38 E6 02 34 C8 18 40  ..~.Q..2.8..4..@
00024A70:  DD 05 8A 86 95 D3 6E F3 - 04 72 29 C2 58 CE 5A 9D  ......n..r).X.Z.
00024A80:  60 CA 0D 9C F4 D5 01 1A - 88 14 42 A0 3E A5 CA C4  `.........B.>...
00024A90:  CC 82 45 17 75 8B B1 F0 - 24 B8 1E 09 50 CD A7 3E  ..E.u...$...P..>
00024AA0:  92 AC 66 B2 84 DD EB 6E - D1 E4 BD 54 71 1E 54 4C  ..f....n...Tq.TL
00024AB0:  47 FB 8D A6 B4 6F 0E 3B - D5 5C D3 C0 0C 7B 1F A6  G....o.;.\...{..
00024AC0:  C7 B9 C6 89 EF 3D 6C 09 - 3F 17 7F 19 78 2C D1 2D  .....=l.?...x,.-
00024AD0:  8A D9 C8 24 60 0E D8 AB - 89 50 BD 83 90 9C 8B D3  ...$`....P......
00024AE0:  24 C5 B6 2B 52 C4 7F B6 - F9 CF 74 AE 73 CC 69 6C  $..+R.....t.s.il
00024AF0:  5A E9 5C EF AC 6B 9E E9 - 8C E1 34 28 DE E7 54 B6  Z.\..k....4(..T.
00024B00:  5D 54 22 23 D4 85 CC 74 - FA 02 14 DF 05 63 31 A3  ]T"#...t.....c1.
00024B10:  6C A0 F2 FE 88 64 3E 74 - 28 6A D2 8A B5 93 D5 18  l....d>t(j......
00024B20:  26 98 88 8F 9B B8 41 13 - D0 A5 82 E5 EE 60 B1 AA  &.....A......`..
00024B30:  3A 90 25 3B E4 6A 51 9D - E8 66 F4 6A 4F DC 22 EA  :.%;.jQ..f.jO.".
00024B40:  DF 43 D8 C8 52 BE 21 4E - CF 5A F8 C3 F4 A8 12 51  .C..R.!N.Z.....Q
00024B50:  79 19 C3 FA A3 C6 AF 0D - 0A 65 6E 64 73 74 72 65  y........endstre
00024B60:  61 6D 0D 65 6E 64 6F 62 - 6A 0D 31 30 20 30 20 6F  am.endobj.10.0.o
00024B70:  62 6A 0D 3C 3C 2F 46 69 - 6C 74 65 72 2F 46 6C 61  bj.<</Filter/Fla
00024B80:  74 65 44 65 63 6F 64 65 - 2F 46 69 72 73 74 20 35  teDecode/First.5
00024B90:  2F 4C 65 6E 67 74 68 20 - 31 34 34 2F 4E 20 31 2F  /Length.144/N.1/
00024BA0:  54 79 70 65 2F 4F 62 6A - 53 74 6D 3E 3E 73 74 72  Type/ObjStm>>str
00024BB0:  65 61 6D 0D 0A 86 33 97 - 85 74 23 EA C4 B1 7D 18  eam...3..t#...}.
00024BC0:  D4 17 E4 2E F2 02 89 6D - 02 FD 2B B5 25 C1 A9 7D  .......m..+.%..}
00024BD0:  5A 5C B9 B8 88 72 E2 1B - D0 7D A3 9E 78 72 01 F8  Z\...r...}..xr..
00024BE0:  6C 13 6C 29 E5 26 1E 90 - 52 C4 AD 36 96 FD 0B 3A  l.l).&..R..6...:
00024BF0:  42 03 F4 BF AB 64 DF FA - DE DE 1B 8A CC B6 39 4D  B....d........9M
00024C00:  9B ED 03 1D DF 28 96 FC - 68 42 6D DE 91 CB 55 3E  .....(..hBm...U>
00024C10:  96 92 0F 47 77 EE 47 79 - 54 5A 60 DC AB 36 B3 F9  ...Gw.GyTZ`..6..
00024C20:  D0 F5 84 34 55 DD 7B D7 - 5B EF 14 65 82 66 D0 5A  ...4U.{.[..e.f.Z
00024C30:  D6 F9 6C BE 03 AB DF D7 - 40 E1 10 53 DF 94 E2 93  ..l.....@..S....
00024C40:  86 01 D3 0D 36 0D 0A 65 - 6E 64 73 74 72 65 61 6D  ....6..endstream
00024C50:  0D 65 6E 64 6F 62 6A 0D - 31 31 20 30 20 6F 62 6A  .endobj.11.0.obj
00024C60:  0D 3C 3C 2F 46 69 6C 74 - 65 72 2F 46 6C 61 74 65  .<</Filter/Flate
00024C70:  44 65 63 6F 64 65 2F 46 - 69 72 73 74 20 31 31 2F  Decode/First.11/
00024C80:  4C 65 6E 67 74 68 20 38 - 30 2F 4E 20 32 2F 54 79  Length.80/N.2/Ty
00024C90:  70 65 2F 4F 62 6A 53 74 - 6D 3E 3E 73 74 72 65 61  pe/ObjStm>>strea
00024CA0:  6D 0D 0A 5C DB 1D 25 85 - 8F B2 F7 01 A8 A3 27 A3  m..\..%.......'.
00024CB0:  98 34 3E DE 2B 9B 37 95 - 29 CF F3 84 F0 DE 73 4D  .4>.+.7.).....sM
00024CC0:  74 95 79 05 35 45 79 5E - CD EE 29 00 D8 9C F7 88  t.y.5Ey^..).....
00024CD0:  EF C8 62 1D 4C DB 61 4F - 61 4E 50 91 B7 53 08 62  ..b.L.aOaNP..S.b
00024CE0:  09 FB 9B 47 A5 5C D5 DE - C4 89 00 54 01 BB A7 FF  ...G.\.....T....
00024CF0:  FF AA 76 0D 0A 65 6E 64 - 73 74 72 65 61 6D 0D 65  ..v..endstream.e
00024D00:  6E 64 6F 62 6A 0D 31 32 - 20 30 20 6F 62 6A 0D 3C  ndobj.12.0.obj.<
00024D10:  3C 2F 46 69 6C 74 65 72 - 2F 46 6C 61 74 65 44 65  </Filter/FlateDe
00024D20:  63 6F 64 65 2F 46 69 72 - 73 74 20 31 31 2F 4C 65  code/First.11/Le
00024D30:  6E 67 74 68 20 36 34 2F - 4E 20 32 2F 54 79 70 65  ngth.64/N.2/Type
00024D40:  2F 4F 62 6A 53 74 6D 3E - 3E 73 74 72 65 61 6D 0D  /ObjStm>>stream.
00024D50:  0A 73 52 E7 AF E2 1F 64 - AA 17 AA E2 44 F7 2A C0  .sR....d....D.*.
00024D60:  C6 76 5A B4 19 E0 D0 44 - B9 72 CB 72 B4 B9 58 C8  .vZ....D.r.r..X.
00024D70:  A5 28 F9 D6 B6 92 77 2C - 46 76 DA 9A 68 BD 3E 03  .(....w,Fv..h.>.
00024D80:  ED 22 02 61 E9 19 F2 73 - 40 A2 CA 7F 9A 4B 64 EE  .".a...s@....Kd.
00024D90:  CB 0D 0A 65 6E 64 73 74 - 72 65 61 6D 0D 65 6E 64  ...endstream.end
00024DA0:  6F 62 6A 0D 31 33 20 30 - 20 6F 62 6A 0D 3C 3C 2F  obj.13.0.obj.<</
00024DB0:  4C 65 6E 67 74 68 20 33 - 34 38 38 2F 53 75 62 74  Length.3488/Subt
00024DC0:  79 70 65 2F 58 4D 4C 2F - 54 79 70 65 2F 4D 65 74  ype/XML/Type/Met
00024DD0:  61 64 61 74 61 3E 3E 73 - 74 72 65 61 6D 0D 0A 3C  adata>>stream..<
00024DE0:  FD 54 8E D9 65 DD A7 49 - B5 32 96 13 E0 A8 25 8B  .T..e..I.2....%.
00024DF0:  D2 31 C7 4F 17 EA 7C E2 - E1 A6 59 28 5A 47 EE F4  .1.O..|...Y(ZG..
00024E00:  89 C3 AC DB F1 33 7A 43 - 0A 3E D7 7F EB A9 2D 3C  .....3zC.>....-<
00024E10:  96 EC C9 4E 34 0C 49 28 - FB CC C4 AD C7 B4 0E 38  ...N4.I(.......8
00024E20:  0C 24 E3 EB 98 F3 45 57 - 4F 25 77 C3 9F 91 83 CB  .$....EWO%w.....
00024E30:  0B DB C1 8D 6F 4B D7 7B - 08 62 42 D2 42 53 86 D0  ....oK.{.bB.BS..
00024E40:  53 69 E1 96 F7 7D 51 35 - F1 C7 BF 1D 4A 20 BE E1  Si...}Q5....J...
00024E50:  4A A3 5F AF 88 6D 66 AE - 8A DA 51 B9 59 22 29 58  J._..mf...Q.Y")X
00024E60:  72 96 7D 6E F5 29 C6 D1 - 6A 9A 1B BA D7 57 52 25  r.}n.)..j....WR%
00024E70:  F1 62 C4 D8 AC 72 0C 88 - D9 CD 38 9C 36 0B A1 E9  .b...r....8.6...
00024E80:  5C 6D DE 25 8F AA 74 06 - A7 EA 9A 34 AE 7B 73 4D  \m.%..t....4.{sM
00024E90:  1F E0 8D 60 83 00 12 C8 - 24 DB 33 8B A8 E0 2E 70  ...`....$.3....p
00024EA0:  4C 76 11 F6 5C EC E6 53 - D7 9D 9B 8D 77 46 75 8A  Lv..\..S....wFu.
00024EB0:  CF A4 10 11 49 84 02 BD - A6 4E 13 6B E3 78 3E B2  ....I....N.k.x>.
00024EC0:  EB 16 9A 75 4C D3 15 E1 - F3 BF B1 2B BE C8 B4 F4  ...uL......+....
00024ED0:  E9 BE B7 C9 DF 7B 91 EF - 96 EF 59 D9 C7 91 2B 7E  .....{....Y...+~
00024EE0:  D7 EB F9 9A A6 EC 20 F1 - 08 8F 7D C7 B5 CB F5 A3  ..........}.....
00024EF0:  F1 79 6C 0F 15 54 87 1D - 4D 8F B2 8F 9E 4E 94 45  .yl..T..M....N.E
00024F00:  8F BD 43 DC 18 11 C6 6A - 70 F2 71 5B DF 00 CD 16  ..C....jp.q[....
00024F10:  38 BE 27 1A AC 59 B5 13 - CE 93 46 4E 36 F3 9B C9  8.'..Y....FN6...
00024F20:  B1 8B 1E 96 F5 2F BB 26 - 85 E3 F2 4A 53 36 43 0C  ...../.&...JS6C.
00024F30:  9D DC AA DA 68 91 76 F2 - BA B3 CA 7B F3 5A 65 D5  ....h.v....{.Ze.
00024F40:  11 BA 9F DD B9 18 54 4D - 58 95 93 C7 77 7F 3D 82  ......TMX...w.=.
00024F50:  0F 4D C1 33 05 19 C6 22 - E0 2D A1 B4 CD 65 82 8D  .M.3...".-...e..
00024F60:  59 F0 9F D0 1C AD 3B 54 - C4 9D 13 BD DD D4 49 17  Y.....;T......I.
00024F70:  D4 E8 19 98 16 13 17 24 - 07 3E E4 3B 03 1D 54 9E  .......$.>.;..T.
00024F80:  83 A1 7C DE 30 6D 94 1D - CD ED 85 D9 AC 9E E2 5C  ..|.0m.........\
00024F90:  D2 A3 CD A4 10 34 7F 2B - 08 94 67 8A 6A BF B0 30  .....4.+..g.j..0
00024FA0:  AC 47 43 B8 A3 E5 95 66 - BE 22 73 A2 8C 01 EA E3  .GC....f."s.....
00024FB0:  63 09 9F 0D 71 44 76 A3 - FF 12 1A A3 7A 21 F8 AA  c...qDv.....z!..
00024FC0:  60 45 44 69 05 6E 0F 78 - 02 82 1D 12 D3 C1 08 13  `EDi.n.x........
00024FD0:  12 E2 C8 23 39 42 E4 D4 - 89 C0 9D C2 CE 18 92 70  ...#9B.........p
00024FE0:  AB E7 B0 55 28 37 24 51 - DF 99 5E 29 96 A4 4A 5B  ...U(7$Q..^)..J[
00024FF0:  37 C7 E3 4F 92 F8 7F DA - 28 44 5D 86 AD 47 D8 6F  7..O....(D]..G.o
00025000:  9F 00 93 0A 30 AE 88 CD - 1E BB 1C 66 66 6C F4 0E  ....0......ffl..
00025010:  0A 14 0B 19 2F FE 00 EC - 88 A0 B3 84 E2 01 A8 1F  ..../...........
00025020:  6E 29 20 E8 54 83 6C BB - 14 95 6C 85 6C AC EF 69  n)..T.l...l.l..i
00025030:  13 DD 44 69 78 13 D1 AD - B9 3B F0 5B 1C 8F 2B 23  ..Dix....;.[..+#
00025040:  5B 75 FE 76 5A 61 F2 C9 - FD 29 61 66 3B A0 72 8B  [u.vZa...)af;.r.
00025050:  E2 D7 9C 68 35 56 0B 26 - DE 6E 0D CE 5B CE 3F 7C  ...h5V.&.n..[.?|
00025060:  62 E6 60 C0 DE B6 43 5A - C2 45 7E A9 0D F4 D6 46  b.`...CZ.E~....F
00025070:  5D 23 C8 F8 12 53 1B D4 - ED 82 25 F4 78 D1 AF 4A  ]#...S....%.x..J
00025080:  F5 2F F5 32 B6 3F E2 D8 - 17 F3 92 1C 79 2E 8B A1  ./.2.?......y...
00025090:  A1 84 B7 C2 CF 9C B5 6E - 7C 9E 1A 98 AF F2 30 3C  .......n|.....0<
000250A0:  15 6B 28 C9 A6 F7 C8 77 - 27 5E 93 0F 71 6B 59 0B  .k(....w'^..qkY.
000250B0:  B1 C3 79 B6 03 EC B3 BF - 70 A6 F9 5B A3 8F ED 4C  ..y.....p..[...L
000250C0:  D1 C8 14 A8 C3 77 1E CC - 41 BE EB 7E EC CC 63 91  .....w..A..~..c.
000250D0:  2A 62 BA D9 10 43 BE 2F - ED 2D 93 2F 64 8E 59 93  *b...C./.-./d.Y.
000250E0:  B7 9B 0B 08 10 60 73 37 - A6 4E E5 5F 0A 64 AE 19  .....`s7.N._.d..
000250F0:  BC 70 39 C3 13 BC D5 A7 - 33 BC C7 E9 83 3A 42 08  .p9.....3....:B.
00025100:  A7 41 FF 19 D0 D0 EE 94 - 41 03 81 90 3A BF AC 8C  .A......A...:...
00025110:  47 06 69 3B F2 12 4E C2 - 29 01 C4 C3 77 E4 57 87  G.i;..N.)...w.W.
00025120:  39 DC 30 70 B5 84 D5 B2 - 9C E4 61 0A CF 16 AE 88  9.0p......a.....
00025130:  88 7D A0 3C 2D 5C 2E 49 - 8F DB C2 06 88 63 05 BF  .}.<-\.I.....c..
00025140:  8E 09 B4 D6 88 7F AD 82 - 17 21 B9 91 7C 31 9D 86  .........!..|1..
00025150:  1F DF AB 51 10 FE A4 15 - 58 A8 74 89 20 BB 16 C6  ...Q....X.t.....
00025160:  B5 F6 92 F9 3B BC 87 AC - BD D4 51 12 09 48 2B 74  ....;.....Q..H+t
00025170:  10 0F F0 70 49 35 85 23 - 34 41 62 2C 8F 22 0E 93  ...pI5.#4Ab,."..
00025180:  89 F0 4F E4 B6 2E 71 9B - DD 78 8B CC 6B 27 3C 17  ..O...q..x..k'<.
00025190:  A8 05 F8 D0 12 7F 18 1E - 64 FB 82 DE FB 12 38 02  ........d.....8.
000251A0:  61 67 D7 83 5F A8 FB 6A - A4 27 FE 65 B1 9E B9 27  ag.._..j.'.e...'
000251B0:  DC 06 93 E2 3D 6B BF 5E - BA C9 A5 9B E4 19 AD 6B  ....=k.^.......k
000251C0:  3E A8 62 63 76 28 BA E8 - 0B 5F 9F 2E F3 59 49 3F  >.bcv(..._...YI?
000251D0:  01 DD 3B 98 EF 0A 70 E4 - 5B DA 86 8F 0E 2E EB E0  ..;...p.[.......
000251E0:  51 21 8A 1D 93 63 B3 E8 - CA 3E 62 14 9A 02 FA 0F  Q!...c...>b.....
000251F0:  38 E8 08 A4 03 0D 04 B1 - 92 EE 82 50 84 3D AB 79  8..........P.=.y
00025200:  2F 84 26 26 35 27 DF 6C - 33 30 AE 95 5E 59 62 95  /.&&5'.l30..^Yb.
00025210:  A7 43 66 1E 0D 0C E6 5E - F1 59 E0 95 E1 BE 3D 57  .Cf....^.Y....=W
00025220:  E2 B9 73 F7 73 6E 03 A8 - E8 B1 E6 9A 72 3D B2 C1  ..s.sn......r=..
00025230:  EA 4B 6C C2 18 1A FE 42 - 0A D8 AC 2A 1A 43 A7 1E  .Kl....B...*.C..
00025240:  13 A7 A1 03 E7 4A 38 2A - 80 E5 1F AD 78 F9 CD 9B  .....J8*....x...
00025250:  01 BF DA F3 00 9A B6 3E - 57 EF DB E4 75 CF 14 71  .......>W...u..q
00025260:  E5 45 B9 9F EE 31 4D 86 - FD 1A 70 C6 51 B3 1F 6D  .E...1M...p.Q..m
00025270:  83 9F D8 85 19 4F E0 CA - 9D 2A 4D B5 B6 A1 89 F1  .....O...*M.....
00025280:  14 78 C4 59 5C 9E 49 43 - FF 4F 74 5B 16 DF 05 01  .x.Y\.IC.Ot[....
00025290:  7A 4F 0A 13 B7 63 10 58 - 20 7B 74 8F 81 CE 8E EE  zO...c.X.{t.....
000252A0:  83 9C 52 85 51 7D 45 6D - 66 FC 7A 68 84 38 DC 35  ..R.Q}Emf.zh.8.5
000252B0:  E0 45 0B EF EC E9 8B 39 - DA 0F 60 89 95 22 AC 2B  .E.....9..`..".+
000252C0:  63 8A AF BC 73 E8 0F 64 - 8E D5 05 7A DF C7 3A 5C  c...s..d...z..:\
000252D0:  F6 31 DE BD DD 32 1B CF - FB E8 A1 73 0A B0 EB CA  .1...2.....s....
000252E0:  9C 44 38 07 E4 B3 28 4E - 95 73 35 A3 B2 84 FC 4C  .D8...(N.s5....L
000252F0:  4F E6 CA A6 B7 3D B7 C6 - 2B 62 DC 2B 6F D8 6D B9  O....=..+b.+o.m.
00025300:  C2 AD CA EE EE B9 E8 EC - FF D9 30 5E 70 75 4A B0  ..........0^puJ.
00025310:  F0 27 C7 7B 61 BD C4 E2 - 8E 8F 99 89 65 28 47 77  .'.{a.......e(Gw
00025320:  6C 67 EC A8 E2 74 4F 7A - A8 52 5A D8 F1 10 B2 6A  lg...tOz.RZ....j
00025330:  2E B5 5B EC 9A 4C B6 D3 - 5E A2 6C 3F 6F F3 D0 1C  ..[..L..^.l?o...
00025340:  4A 39 96 21 31 43 15 F0 - 66 46 D3 F6 07 4F 69 9F  J9.!1C..fF...Oi.
00025350:  DF 7E 74 86 15 CA F6 23 - 8D A8 CB 7D 2B 46 EC 03  .~t....#...}+F..
00025360:  01 4A 91 EB 01 34 76 E1 - 27 82 B8 CC F2 32 A7 67  .J...4v.'....2.g
00025370:  AF EC 12 83 59 E8 45 1F - 23 A0 1E 04 92 9C 2C 4C  ....Y.E.#.....,L
00025380:  1E D1 06 12 C1 3B 0B 9B - B4 B9 7F 5F 2D 1C 02 FE  .....;....._-...
00025390:  F6 AF 6F 8B 19 BE 01 23 - E1 B2 F5 B8 E5 31 86 11  ..o....#.....1..
000253A0:  1B C3 99 3D B3 87 76 C5 - 60 E3 E0 56 98 02 97 25  ...=..v.`..V...%
000253B0:  71 53 64 42 D5 27 1C 3C - 0A 62 D2 16 56 56 90 91  qSdB.'.<.b..VV..
000253C0:  F3 19 AB 9E F6 78 AB 96 - A4 58 B4 10 FC 87 7B BD  .....x...X....{.
000253D0:  2F 12 30 6A 7C CE D8 A5 - 6B 9B B4 0C A6 C6 1E 2E  /.0j|...k.......
000253E0:  28 F8 8F D9 0F 53 07 5C - 11 7D 7F BE B7 4C C0 54  (....S.\.}...L.T
000253F0:  9B 37 10 E6 FA 27 B0 60 - DB 07 BE 84 58 1A 51 2C  .7...'.`....X.Q,
00025400:  E9 25 0F B4 D8 72 08 4F - 1B 6A 46 EF 62 35 67 9F  .%...r.O.jF.b5g.
00025410:  23 9B 2E 8D D0 F3 45 AA - 94 19 A8 38 66 2F 79 D9  #.....E....8f/y.
00025420:  00 BF A1 3F ED F9 EA C6 - BA 35 FA D0 33 8E F0 70  ...?.....5..3..p
00025430:  CD D0 3C A2 13 31 C0 8A - C3 05 D3 A2 2D F5 01 C4  ..<..1......-...
00025440:  13 5C 0A 99 61 4C 8C 66 - B3 70 18 46 C7 2E 4B 05  .\..aL.f.p.F..K.
00025450:  2A 33 70 6B 0A 66 54 F0 - BC 5F 4B F4 7F B1 08 D4  *3pk.fT.._K.....
00025460:  D2 6C F2 F3 51 B2 1F 5E - 90 25 41 46 68 53 35 3D  .l..Q..^.%AFhS5=
00025470:  3A CE EE ED D0 60 A4 AA - 63 6B FF 92 33 A5 E4 70  :....`..ck..3..p
00025480:  B2 51 E0 FC 98 1E 04 59 - 69 CB E6 67 30 22 7A E0  .Q.....Yi..g0"z.
00025490:  EA 11 49 5C 4F 27 F1 B5 - FA 31 89 8E E6 EE 9C 99  ..I\O'...1......
000254A0:  77 37 E5 1C 66 5B 01 46 - 1F 2E 82 F5 BF E2 4D FB  w7..f[.F......M.
000254B0:  1C 99 13 AF 36 DE 9F 43 - E7 71 B1 6C 25 F1 3A 0E  ....6..C.q.l%.:.
000254C0:  97 DE C1 6D 8E 03 87 C1 - A5 AB 59 8B 38 57 FF 7E  ...m......Y.8W.~
000254D0:  F0 6D 38 36 95 63 6F CC - 95 1B E6 18 3D 67 F8 2E  .m86.co.....=g..
000254E0:  87 98 78 42 61 7E EC E7 - 93 8F E6 5D 9D 03 7F 43  ..xBa~.....]...C
000254F0:  93 57 39 DC DA EF 23 52 - ED 98 C1 45 3E 9D 6D DA  .W9...#R...E>.m.
00025500:  C9 B2 C1 F5 15 99 A8 EF - 05 2C 03 FD 61 B1 B3 BA  .........,..a...
00025510:  12 17 BA 74 AD 9E 6B 91 - 6B F0 6D 33 97 F2 8C D4  ...t..k.k.m3....
00025520:  89 EC 93 EE 29 74 57 4C - E1 E8 E4 20 22 5E 06 69  ....)tWL...."^.i
00025530:  57 8E 63 71 9B 48 E2 A2 - E4 BF 3D D8 83 F6 9E 1A  W.cq.H....=.....
00025540:  ED A6 CC 99 79 3B CB 70 - 78 74 7C 5A F5 68 47 B6  ....y;.pxt|Z.hG.
00025550:  7A 62 F9 E0 D9 7E 5A 73 - D7 59 AD EB 29 92 8B 74  zb...~Zs.Y..)..t
00025560:  62 A7 21 C8 A6 73 8F 3A - 50 ED E4 BB 6E 25 68 81  b.!..s.:P...n%h.
00025570:  4E 30 45 C0 67 B4 AC 45 - FD 9F E2 BF 5B 29 27 75  N0E.g..E....[)'u
00025580:  96 9E DD 57 C0 D6 2D E6 - 88 5A 92 6D 4F AC 8D 96  ...W..-..Z.mO...
00025590:  BC A0 CE A7 9A 36 E7 1A - 20 37 BD 0E 24 23 F4 CD  .....6...7..$#..
000255A0:  AD 27 8F C2 8C BA 4D 29 - 14 5C B7 8F 02 D5 59 DF  .'....M).\....Y.
000255B0:  F6 6C 25 1C 75 8C BD F0 - C6 88 23 A3 D2 5A BA 4F  .l%.u.....#..Z.O
000255C0:  8B A4 F2 14 67 77 1F EB - 16 FD FE C0 9D 33 9A 99  ....gw.......3..
000255D0:  BD 1B 09 A3 2D A7 E5 4A - 4B 8B 20 4D B5 EE 76 93  ....-..JK..M..v.
000255E0:  A8 EF 0C 6F 64 65 2E F0 - 86 E1 F1 31 E8 E6 F7 1E  ...ode.....1....
000255F0:  43 E7 34 AF 51 88 75 05 - B6 39 B4 41 31 41 D9 78  C.4.Q.u..9.A1A.x
00025600:  80 1A D6 81 7B 3E 35 57 - 02 E9 D0 37 45 B9 F5 B2  ....{>5W...7E...
00025610:  ED 1A E5 6F C0 AA 75 F1 - CF 3E 96 AA E5 24 8F 0F  ...o..u..>...$..
00025620:  76 6C 7B 56 13 0A 97 64 - 61 94 25 A9 7F 56 E5 40  vl{V...da.%..V.@
00025630:  8E 54 B0 83 3E 15 E5 1B - CD 19 A6 5F D0 38 51 A6  .T..>......_.8Q.
00025640:  FE 78 71 AE DF 5D 4E 36 - A9 CE CD 1D 2B DE E5 56  .xq..]N6....+..V
00025650:  83 D4 32 6A CD 04 44 37 - 6E 16 00 81 AA B9 34 90  ..2j..D7n.....4.
00025660:  3E 68 01 7B 84 03 09 DF - 8D 9D 78 6A 94 C0 91 AE  >h.{......xj....
00025670:  83 68 3B A5 42 0C EF D1 - 9D E1 47 7B FD 06 B6 45  .h;.B.....G{...E
00025680:  5F 03 D5 53 C1 DF D0 2D - 8C D0 38 DD 13 39 DA 18  _..S...-..8..9..
00025690:  C9 1F FC 78 CE 0E 24 53 - 22 B2 77 18 C6 BF 16 03  ...x..$S".w.....
000256A0:  64 34 C7 26 96 36 CE A8 - 34 07 11 C9 A9 A4 0B 5E  d4.&.6..4......^
000256B0:  EF DA 2C F8 AC 8D F8 9E - 02 57 DC 42 24 96 A8 80  ..,......W.B$...
000256C0:  09 53 BE 86 E1 01 54 CB - 81 5D C6 97 5E E0 40 94  .S....T..]..^.@.
000256D0:  84 D9 59 03 61 B7 BF 7C - 96 73 F5 27 79 57 7E 4B  ..Y.a..|.s.'yW~K
000256E0:  C8 D9 1A 43 39 E6 1B 6D - AC 95 F5 04 6D BF F5 6F  ...C9..m....m..o
000256F0:  68 D3 BE 10 B8 A2 BB A3 - EE 34 F0 88 B9 49 44 78  h........4...IDx
00025700:  DD 25 4F A4 14 CB AE 53 - D7 CC AD 62 5F A0 0C A4  .%O....S...b_...
00025710:  42 33 53 C9 3F 4B 46 C0 - F9 B1 67 20 1E 13 27 C5  B3S.?KF...g...'.
00025720:  62 DA 52 BA 31 CC A7 B5 - E3 AC FE 5B C8 EC 0A 65  b.R.1......[...e
00025730:  BA 0B BC EF BD A3 08 51 - CE 05 EC 71 6D 7A 15 4D  .......Q...qmz.M
00025740:  66 73 A7 40 37 02 1D C9 - A8 EB 25 15 8F 11 42 3E  fs.@7.....%...B>
00025750:  92 F4 CF 3A 62 9E E5 E6 - F8 F7 B2 30 18 9D C6 F0  ...:b......0....
00025760:  C6 3C 2D 9F BA 70 99 4D - D1 2D 32 44 32 67 1C D1  .<-..p.M.-2D2g..
00025770:  1F 68 E3 8E A0 A0 AB A9 - 0C 89 37 0F E2 5B 09 EE  .h........7..[..
00025780:  56 14 94 F4 BF 48 CE 82 - D6 93 8E C6 A5 F9 A6 28  V....H.........(
00025790:  8A 0E F7 26 BE 69 62 78 - 5E 40 D4 FF 83 A2 CE 6F  ...&.ibx^@.....o
000257A0:  0D 35 87 92 FB 08 25 F4 - 59 BF 60 F8 52 FC A7 97  .5....%.Y.`.R...
000257B0:  B2 DF 99 49 52 C2 15 08 - 16 DF 74 7B 17 55 EE 5E  ...IR.....t{.U.^
000257C0:  FD 33 A7 0E 68 AD 41 3E - AE AD 6F D8 A8 64 04 8A  .3..h.A>..o..d..
000257D0:  84 D3 F1 E9 B8 F2 55 B3 - D3 23 AA C6 8D 7A 00 6F  ......U..#...z.o
000257E0:  FD 20 C3 04 A2 25 DE CF - 23 92 5B 05 2F FA 12 BB  .....%..#.[./...
000257F0:  AF CF AB 81 4F EA 15 4E - FA 52 B3 E2 72 14 AE 85  ....O..N.R..r...
00025800:  0D AC 82 F6 75 5B 28 63 - 10 89 CB A3 D7 8B 2C 99  ....u[(c......,.
00025810:  CA A7 A5 65 D3 75 D3 B4 - 5E 04 B3 18 F5 8F 14 21  ...e.u..^......!
00025820:  98 8E A4 DE 62 6D FF 80 - 45 C4 0E 6E B9 0F F8 26  ....bm..E..n...&
00025830:  25 C2 2D E6 09 32 45 11 - 83 0B 10 3B D4 FA C8 2A  %.-..2E....;...*
00025840:  F7 2E 17 8F D7 64 FC 9A - 15 44 B1 B1 F6 28 E7 53  .....d...D...(.S
00025850:  F1 DA 9F F0 50 1D 6B A6 - 8E D8 81 45 C6 34 B8 E2  ....P.k....E.4..
00025860:  1A 62 8A B3 8F F8 FA 28 - 72 EF 86 ED B0 7B C3 41  .b.....(r....{.A
00025870:  52 E3 FF D2 97 C2 AB 34 - 7C 71 2E 49 E7 14 4B 2C  R......4|q.I..K,
00025880:  36 A1 AB B8 55 E0 69 E8 - 01 2A 10 F3 30 8E D4 0C  6...U.i..*..0...
00025890:  A6 8B 51 0F 06 1F 59 E5 - 8E 88 87 C9 94 A9 A6 4E  ..Q...Y........N
000258A0:  52 B6 07 48 58 9E 40 0C - 2A C6 64 52 8B 56 E3 DE  R..HX.@.*.dR.V..
000258B0:  85 7E AD 25 F1 84 66 00 - FD E5 5D 80 F1 FE 8B 15  .~.%..f...].....
000258C0:  79 F5 10 BA 3E 7C 3C 0D - 9E A8 6F 50 F8 8B 62 1D  y...>|<...oP..b.
000258D0:  A8 13 E2 08 AE 09 02 25 - 5F 50 C7 C7 44 47 F6 61  .......%_P..DG.a
000258E0:  BA 64 C1 B2 DE 02 72 78 - 56 F5 0F 98 B8 08 38 BC  .d....rxV.....8.
000258F0:  AB 55 B3 5D 2E 44 8A 83 - 42 0A 63 C6 49 0E A5 32  .U.].D..B.c.I..2
00025900:  ED 99 2E F8 27 6C D2 3F - 84 3F 95 B4 42 A9 E8 AE  ....'l.?.?..B...
00025910:  C3 3D 38 B8 5C C6 A3 EF - E1 7D 9E 20 58 B3 68 F8  .=8.\....}..X.h.
00025920:  68 C7 40 B9 74 5A 68 AD - BD AA B1 F3 7E F7 E1 25  h.@.tZh.....~..%
00025930:  2F 45 B7 9F 98 0D 6C A1 - E8 6F DE 08 F6 F6 4A AA  /E....l..o....J.
00025940:  2D 34 80 F0 E8 7D 11 80 - 68 2D ED E1 1A 28 84 8F  -4...}..h-...(..
00025950:  15 42 24 16 2C FA AB 33 - 2C BD 6B E5 62 E0 39 BB  .B$.,..3,.k.b.9.
00025960:  4A AF 4A 6F C1 81 49 2C - FE 33 E2 82 3E B4 F0 6C  J.Jo..I,.3..>..l
00025970:  DE C9 3B 18 FC 94 53 74 - A8 35 1B 83 64 AD E6 E8  ..;...St.5..d...
00025980:  20 15 90 C4 2A 36 78 0C - F6 8C 71 B3 7E F7 12 97  ....*6x...q.~...
00025990:  40 56 A5 20 B0 BD 80 85 - 47 AD 18 60 70 29 AE 34  @V......G..`p).4
000259A0:  41 4A 2F E1 23 20 1E 01 - 3E 1F 4A 52 29 CC 47 3C  AJ/.#...>.JR).G<
000259B0:  84 40 7A 17 5B DB 43 F5 - 52 C4 62 D3 08 08 8D F3  .@z.[.C.R.b.....
000259C0:  FF 5C 5E 05 87 C2 84 EE - 62 22 8F 39 E6 69 3E CA  .\^.....b".9.i>.
000259D0:  F1 75 89 D7 10 B2 7C 79 - 49 89 6E E7 B6 88 92 ED  .u....|yI.n.....
000259E0:  07 3C 6F CC CE A2 3B 64 - 43 5F A8 EE DF 74 F9 71  .<o...;dC_...t.q
000259F0:  71 10 81 75 DB BE 04 C2 - 55 16 9A 08 33 D1 F7 F1  q..u....U...3...
00025A00:  63 56 91 75 54 E9 C8 A6 - D7 81 8C C0 C1 FB 83 A8  cV.uT...........
00025A10:  C4 A0 F5 CD 47 1A 7E C1 - 57 2E 5A EA 85 69 DF 2A  ....G.~.W.Z..i.*
00025A20:  0F ED B2 20 6B D8 12 33 - D5 EC 01 42 F0 22 8B B3  ....k..3...B."..
00025A30:  8A 9A FB E0 17 26 A0 56 - 31 68 C3 A3 CC 5D F8 DA  .....&.V1h...]..
00025A40:  D8 3C 18 C1 E0 FA 34 0B - 9E 16 3D 39 FB D2 79 DA  .<....4...=9..y.
00025A50:  82 7D 5F C7 88 BF 58 48 - 8D C2 8B 00 84 E4 56 76  .}_...XH......Vv
00025A60:  AA FE 59 0E E2 58 3F 8C - 55 E7 90 68 86 F4 E1 B4  ..Y..X?.U..h....
00025A70:  41 95 E2 A5 99 B0 92 01 - 8E 1F 39 A9 A4 55 F3 43  A.........9..U.C
00025A80:  0B 4D 6F CE DE CE 48 7F - 7F DF D4 77 80 A2 27 00  .Mo...H....w..'.
00025A90:  CB 84 40 83 33 35 56 51 - 72 31 CE 7B CA 51 47 DA  ..@.35VQr1.{.QG.
00025AA0:  0E 50 B6 58 46 24 CA 41 - 3A D8 44 70 D3 AB 97 4A  .P.XF$.A:.Dp...J
00025AB0:  0F F1 A8 B2 FB 54 F2 2D - 19 87 63 BD 00 D1 E2 55  .....T.-..c....U
00025AC0:  90 88 C0 4E F3 F5 1D 30 - 83 C6 78 E5 28 8A 71 29  ...N...0..x.(.q)
00025AD0:  27 DC 57 D5 FC B4 9A B0 - A9 2E 58 27 8B 23 8F 86  '.W.......X'.#..
00025AE0:  92 F5 70 E9 1D 1C 2F CB - 6B D8 98 B1 7B 3F 66 FA  ..p.../.k...{?f.
00025AF0:  F1 D2 D1 87 7F 3C C8 56 - 9D E3 C4 29 C8 4C 50 40  .....<.V...).LP@
00025B00:  38 01 B2 C3 87 E6 52 07 - 09 40 14 B1 48 FE 0E 64  8.....R..@..H..d
00025B10:  24 11 C0 79 A1 4F 8F 32 - E0 1B 68 D8 0A FB CF 6C  $..y.O.2..h....l
00025B20:  B1 A1 9D 99 0D 66 71 8D - 37 3A 83 9F D5 16 73 F2  .....fq.7:....s.
00025B30:  49 C8 FB 85 5D 39 39 36 - 50 79 CE 0D 9F 89 0F 47  I...]996Py.....G
00025B40:  D2 13 19 A3 8D B0 4A C5 - EC 67 4E 95 81 ED 30 FE  ......J..gN...0.
00025B50:  18 67 AC 46 F5 4C 15 8A - F9 6C 0A 90 DA B0 9D 18  .g.F.L...l......
00025B60:  48 19 AD 4A 6D 6D 59 8F - 51 34 F3 5A F4 A4 65 D4  H..JmmY.Q4.Z..e.
00025B70:  65 3C 27 88 E0 E9 74 98 - 51 FF CB C7 DE 63 85 0D  e<'...t.Q....c..
00025B80:  0A 65 6E 64 73 74 72 65 - 61 6D 0D 65 6E 64 6F 62  .endstream.endob
00025B90:  6A 0D 31 34 20 30 20 6F - 62 6A 0D 3C 3C 2F 46 69  j.14.0.obj.<</Fi
00025BA0:  6C 74 65 72 2F 46 6C 61 - 74 65 44 65 63 6F 64 65  lter/FlateDecode
00025BB0:  2F 46 69 72 73 74 20 35 - 2F 4C 65 6E 67 74 68 20  /First.5/Length.
00025BC0:  38 30 2F 4E 20 31 2F 54 - 79 70 65 2F 4F 62 6A 53  80/N.1/Type/ObjS
00025BD0:  74 6D 3E 3E 73 74 72 65 - 61 6D 0D 0A 39 B4 6A 31  tm>>stream..9.j1
00025BE0:  19 0C 9C E7 7E 43 4F 4A - 82 01 3B 5C 21 08 A1 DD  ....~COJ..;\!...
00025BF0:  6B B7 59 C5 F7 A8 D4 02 - 58 90 75 1A 1D 4B C4 F2  k.Y.....X.u..K..
00025C00:  17 92 62 E8 C2 D5 08 AD - 40 58 F7 4E 71 F5 14 F5  ..b.....@X.Nq...
00025C10:  59 EF 9A 84 56 CD D4 6A - C2 5C 2A 1C A9 F5 02 39  Y...V..j.\*....9
00025C20:  F5 76 19 52 85 CA 23 79 - 45 0A 9E 7C 0D 0A 65 6E  .v.R..#yE..|..en
00025C30:  64 73 74 72 65 61 6D 0D - 65 6E 64 6F 62 6A 0D 31  dstream.endobj.1
00025C40:  35 20 30 20 6F 62 6A 0D - 3C 3C 2F 46 69 6C 74 65  5.0.obj.<</Filte
00025C50:  72 2F 46 6C 61 74 65 44 - 65 63 6F 64 65 2F 46 69  r/FlateDecode/Fi
00025C60:  72 73 74 20 35 2F 4C 65 - 6E 67 74 68 20 32 37 32  rst.5/Length.272
00025C70:  2F 4E 20 31 2F 54 79 70 - 65 2F 4F 62 6A 53 74 6D  /N.1/Type/ObjStm
00025C80:  3E 3E 73 74 72 65 61 6D - 0D 0A 63 41 7B 12 88 D1  >>stream..cA{...
00025C90:  58 9B 8C 52 E1 69 40 E9 - 75 56 BD A2 1F 8A 3B D9  X..R.i@.uV....;.
00025CA0:  F6 5B C3 8A B3 97 DA 1F - EF BB 8C EF FF 01 FF 57  .[.............W
00025CB0:  F2 2E C4 3A A7 BD 71 17 - C5 00 AB CD FE D4 16 C0  ...:..q.........
00025CC0:  EB 6A 14 C9 09 F8 2D DA - 83 4F A3 A9 B3 45 F5 CA  .j....-..O...E..
00025CD0:  AB 39 42 6F 45 A5 AC 6C - 4A 70 DC 52 03 2F 17 27  .9BoE..lJp.R./.'
00025CE0:  D3 46 9F 61 28 D5 11 21 - E4 CE 06 C1 D6 EB 75 CA  .F.a(..!......u.
00025CF0:  D5 99 F3 E0 15 E8 2A 30 - 32 50 5A B9 EA B2 33 0F  ......*02PZ...3.
00025D00:  13 87 E6 1B 68 F5 4E A4 - B7 A3 73 CF D4 5E D1 68  ....h.N...s..^.h
00025D10:  75 FB BC 6C E4 5D 7C EC - C0 F9 C1 89 08 C4 59 22  u..l.]|.......Y"
00025D20:  1E 9C F7 BC 4F B6 7C 35 - 82 1E 0B DB 3C B7 75 F1  ....O.|5....<.u.
00025D30:  33 CA 5C 9E 73 A2 CB A0 - 91 8E D2 0B 13 0D D5 17  3.\.s...........
00025D40:  E9 C2 FC F6 E8 63 C8 97 - C3 64 69 6D 52 3C 0C B0  .....c...dimR<..
00025D50:  B7 DB FD D4 0A CB 16 49 - 88 F2 EA 09 46 DF A1 14  .......I....F...
00025D60:  D6 84 D1 A9 48 E8 0B 16 - 53 E4 A7 56 BB D9 B1 E6  ....H...S..V....
00025D70:  BB 9F 64 E6 99 81 E4 F4 - E7 58 0D F3 3F E3 57 4A  ..d......X..?.WJ
00025D80:  95 99 5D 0D B1 0C 68 E6 - DD D1 2F E4 14 65 E9 86  ..]...h.../..e..
00025D90:  16 83 48 24 50 C6 10 CB - E9 77 0D 0A 65 6E 64 73  ..H$P....w..ends
00025DA0:  74 72 65 61 6D 0D 65 6E - 64 6F 62 6A 0D 31 36 20  tream.endobj.16.
00025DB0:  30 20 6F 62 6A 0D 3C 3C - 2F 44 65 63 6F 64 65 50  0.obj.<</DecodeP
00025DC0:  61 72 6D 73 3C 3C 2F 43 - 6F 6C 75 6D 6E 73 20 35  arms<</Columns.5
00025DD0:  2F 50 72 65 64 69 63 74 - 6F 72 20 31 32 3E 3E 2F  /Predictor.12>>/
00025DE0:  45 6E 63 72 79 70 74 20 - 32 36 20 30 20 52 2F 46  Encrypt.26.0.R/F
00025DF0:  69 6C 74 65 72 2F 46 6C - 61 74 65 44 65 63 6F 64  ilter/FlateDecod
00025E00:  65 2F 49 44 5B 3C 30 34 - 30 36 38 31 37 45 32 30  e/ID[<0406817E20
00025E10:  42 46 31 39 43 39 30 37 - 39 37 30 43 46 37 35 33  BF19C907970CF753
00025E20:  42 46 33 34 38 33 3E 3C - 34 46 41 43 31 35 39 41  BF3483><4FAC159A
00025E30:  44 43 37 30 33 39 34 46 - 42 33 35 44 45 34 35 34  DC70394FB35DE454
00025E40:  32 31 44 41 36 32 36 34 - 3E 5D 2F 49 6E 66 6F 20  21DA6264>]/Info.
00025E50:  32 34 20 30 20 52 2F 4C - 65 6E 67 74 68 20 38 34  24.0.R/Length.84
00025E60:  2F 52 6F 6F 74 20 32 37 - 20 30 20 52 2F 53 69 7A  /Root.27.0.R/Siz
00025E70:  65 20 32 35 2F 54 79 70 - 65 2F 58 52 65 66 2F 57  e.25/Type/XRef/W
00025E80:  5B 31 20 33 20 31 5D 3E - 3E 73 74 72 65 61 6D 0D  [1.3.1]>>stream.
00025E90:  0A 68 DE 62 62 00 01 26 - 46 26 16 46 06 26 20 AB  .h.bb..&F&.F.&..
00025EA0:  01 44 72 4D 03 B3 9F 82 - 48 49 6D 10 C9 F8 16 21  .DrM....HIm....!
00025EB0:  CB F9 0D 2C B2 15 49 F6 - 1D 98 5C 07 56 33 0F 44  ...,..I...\.V3.D
00025EC0:  F2 41 44 D6 82 C9 3C A0 - F9 FF 16 47 80 65 59 C1  .AD...<....G.eY.
00025ED0:  24 C4 2E 06 46 30 FB 3F - 82 CD F4 1F 22 0B 10 60  $...F0.?...."..`
00025EE0:  00 1C 94 0E 44 0D 0A 65 - 6E 64 73 74 72 65 61 6D  ....D..endstream
00025EF0:  0D 65 6E 64 6F 62 6A 0D - 73 74 61 72 74 78 72 65  .endobj.startxre
00025F00:  66 0D 0A 31 31 36 0D 0A - 25 25 45 4F 46 0D 0A     f..116..%%EOF..
